ticker,status,failed_filters,f_dollar_vol,f_short_float,f_no_earnings_14d,f_history,f_rr,f_rr_computed,f_smooth_streak,f_weekly_reversal,f_daily_reversal,f_near_zone,needs_drawing,current_price,dollar_vol_30d,avg_vol_30d,short_float_pct,inst_own_pct,earnings_date,days_to_earnings,weekly_bars,zone_lo,zone_hi,entry,sl,tp,rr,sl_atr_mult,atr,atrs_from_entry,tv_found,tv_zone_top,tv_zone_bottom,tv_entry,tv_sl,tv_tp,tv_rr,tv_read_date,tv_screenshot,tv_source,f_bot_review,tv_bot_status,tv_bot_note,tv_price,tv_weekly_atr,tv_zone_dist,tv_zone_dist_atr,f_tv_stale,tv_stale,tv_stale_detail,f_technical,tech_new_high_atr,tech_hh,tech_hl,tech_structure,tech_ema30_slope_pct,tech_ema_rising,tech_detail,smooth_streak_weeks,weekly_reversal_kind,weekly_reversal_date,daily_reversal_kind,daily_reversal_date,smooth_pullback,earnings_known,earnings_blackout,filter_notes,tradingview_url,finviz_url,reason
GTX,PASS,,True,True,True,True,True,True,False,True,True,False,False,25.8700008392334,69018288.94431482,2667888.933333333,3.91,95.06,2026-10-22,15,264,17.351736831272113,17.497647987157407,17.42469240921476,16.325718544156615,35.00577926635742,15.997729715085146,0.4999999999999994,2.197947730116293,3.8423609052667502,yes,21.3,20.96,21.1,18.48,34.59,5.1489,2026-10-07,charts/latest/GTX.webp,user,False,,,25.87,2.1979,4.57,2.0792,False,,,True,6.79,4/4,3/3,1.0,57.9,True,"uptrend: new high +6.8 ATR above prior 2.5y high, 4/4 HH and 3/3 HL, 30w EMA +58% in 26w",2,engulfing,2026-10-02,hammer,2026-10-07,False,True,False,,https://www.tradingview.com/chart/?symbol=NASDAQ:GTX,https://finviz.com/quote.ashx?t=GTX,PASS (TV) entry=21.1 SL=18.48 TP=34.59 R:R=5.1489 zone=[20.96-21.3]
SSNC,PASS,,True,True,True,True,True,True,True,True,True,False,False,78.69999694824219,113921021.0691396,1447535.2666666666,2.36,87.19,2026-10-22,15,263,71.56195068359375,72.33602132157533,71.94898600258455,67.85125004305188,83.6500015258789,2.855483037181539,1.0000000000000013,4.097735959532665,1.6474977920313767,yes,63.05,61.45,63.64,59.56,82.86,4.7108,2026-10-07,charts/latest/SSNC.webp,user,False,,,78.7,4.0977,15.65,3.8192,True,far,close 78.70 is 3.82 ATR above zone top 63.05,False,-1.11,1/5,1/5,0.2,-1.8,False,"no new high: recent high 84.96 is -1.11 ATR vs prior 2.5y high 89.50 (needs >= +1); choppy swings: 1/5 higher highs, 1/5 higher lows; 30w EMA falling (-2% in 26w)",16,hammer,2026-10-02,strong_close,2026-10-07,True,True,False,,https://www.tradingview.com/chart/?symbol=NASDAQ:SSNC,https://finviz.com/quote.ashx?t=SSNC,PASS (TV) entry=63.64 SL=59.56 TP=82.86 R:R=4.7108 zone=[61.45-63.05]
AIZ,PASS,,True,True,True,True,True,True,False,True,True,False,False,266.55999755859375,87292570.42182618,327478.13333333336,2.7,101.34,2026-11-03,27,264,240.75289916992188,243.72137027574166,242.23713472283177,231.01696122825294,288.6579895019531,4.137267111025528,1.0,11.22017349457883,2.1677795666451933,yes,244.73,239.39,242.36,231.66,286.63,4.1374,2026-10-07,charts/latest/AIZ.webp,user,False,,,266.56,11.2202,21.83,1.9456,False,,,True,5.28,7/7,4/5,0.9,19.5,True,"uptrend: new high +5.3 ATR above prior 2.5y high, 7/7 HH and 4/5 HL, 30w EMA +19% in 26w",1,hammer,2026-10-02,engulfing,2026-10-06,False,True,False,,https://www.tradingview.com/chart/?symbol=NYSE:AIZ,https://finviz.com/quote.ashx?t=AIZ,PASS (TV) entry=242.36 SL=231.66 TP=286.63 R:R=4.1374 zone=[239.39-244.73]
DGX,PASS,,True,True,True,True,True,True,False,True,True,,False,226.9600067138672,221209490.76242372,974662.8666666667,3.28,97.86,2026-10-27,20,264,210.74019020158403,211.4739831603851,211.10708668098457,198.61031051048997,244.38999938964844,2.663319903836175,1.0000000000000009,12.496776170494588,1.268560772522439,yes,,,189.15,179.08,226.84,3.7428,2026-10-07,charts/latest/DGX.webp,user,False,user drawing (no rectangle),hline 188.86,,,,,True,target hit,close 226.96 >= TP 226.84,True,2.97,4/7,3/6,0.54,16.5,True,"uptrend: new high +3.0 ATR above prior 2.5y high, 4/7 HH and 3/6 HL, 30w EMA +17% in 26w",4,rejection,2026-10-02,rejection,2026-10-06,False,True,False,,https://www.tradingview.com/chart/?symbol=NYSE:DGX,https://finviz.com/quote.ashx?t=DGX,PASS (TV) entry=189.15 SL=179.08 TP=226.84 R:R=3.7428 zone=[-]
FTI,PASS,,True,True,True,True,True,True,False,True,True,True,False,68.4000015258789,179432235.16280493,2623278.2333333334,3.27,99.58,2026-10-29,22,264,40.23847198486328,40.79664885300429,40.51756041893378,37.803262864234135,80.30999755859375,14.660307625728683,0.5000000000000006,5.42859510939929,5.136216745777988,yes,64.55,63.6,64.07,59.83,79.75,3.6981,2026-10-07,charts/latest/FTI.webp,user,False,,,68.4,5.4286,3.85,0.7092,False,,,True,1.21,4/4,4/4,1.0,27.1,True,"uptrend: new high +1.2 ATR above prior 2.5y high, 4/4 HH and 4/4 HL, 30w EMA +27% in 26w",2,strong_close,2026-09-04,rejection,2026-10-06,False,True,False,,https://www.tradingview.com/chart/?symbol=NYSE:FTI,https://finviz.com/quote.ashx?t=FTI,PASS (TV) entry=64.07 SL=59.83 TP=79.75 R:R=3.6981 zone=[63.6-64.55]
WDC,PASS,,True,True,True,True,True,True,False,True,True,True,False,405.4200134277344,2985340499.6941233,7363574.566666666,4.83,92.47,2026-10-22,15,264,285.21746826171875,309.5716191307068,297.39454369621274,241.10422989889253,772.5020143301236,8.440305952896095,0.6505691602101459,86.524719030852,1.2484925804035625,yes,433.33,408.24,442.29,365.23,727.22,3.6975,2026-10-07,charts/latest/WDC.webp,user,False,,,405.42,86.5247,2.82,0.0326,False,,,True,5.2,5/5,0/1,0.5,100.2,True,"uptrend: new high +5.2 ATR above prior 2.5y high, 5/5 HH and 0/1 HL, 30w EMA +100% in 26w",0,strong_close,2026-09-18,hammer,2026-10-07,False,True,False,,https://www.tradingview.com/chart/?symbol=NASDAQ:WDC,https://finviz.com/quote.ashx?t=WDC,PASS (TV) entry=442.29 SL=365.23 TP=727.22 R:R=3.6975 zone=[408.24-433.33]
NTRS,PASS,,True,True,True,True,True,True,False,True,True,False,False,168.17999267578125,161248398.21765137,958784.6666666666,2.19,86.97,2026-10-21,14,264,149.8953399658203,150.3189701451915,150.10715505550593,144.57520863497314,190.51141357421875,7.303805107140106,0.6261028608938558,8.835523307839717,2.045474499992477,yes,154.89,149.22,151.62,141.15,189.78,3.6447,2026-10-07,charts/latest/NTRS.webp,user,False,,,168.18,8.8355,13.29,1.5042,False,,,True,4.48,5/7,3/3,0.86,25.7,True,"uptrend: new high +4.5 ATR above prior 2.5y high, 5/7 HH and 3/3 HL, 30w EMA +26% in 26w",2,hammer,2026-10-02,hammer,2026-10-07,False,True,False,,https://www.tradingview.com/chart/?symbol=NASDAQ:NTRS,https://finviz.com/quote.ashx?t=NTRS,PASS (TV) entry=151.62 SL=141.15 TP=189.78 R:R=3.6447 zone=[149.22-154.89]
BPOP,PASS,,True,True,True,True,True,True,True,True,True,False,False,155.52000427246094,81825849.73592784,526143.5666666667,2.83,93.68,2026-10-28,21,264,145.18597412109375,145.50082762825642,145.34340087467507,139.46928459204034,177.02821362200743,5.393970977557955,0.8457324188249623,6.945596682690807,1.465187781943499,yes,146.69,143.39,145.45,136.59,176.59,3.5147,2026-10-07,charts/latest/BPOP.webp,user,False,,,155.52,6.9456,8.83,1.2713,False,,,True,4.51,3/3,3/4,0.88,24.4,True,"uptrend: new high +4.5 ATR above prior 2.5y high, 3/3 HH and 3/4 HL, 30w EMA +24% in 26w",15,hammer,2026-10-02,hammer,2026-10-05,False,True,False,,https://www.tradingview.com/chart/?symbol=NASDAQ:BPOP,https://finviz.com/quote.ashx?t=BPOP,PASS (TV) entry=145.45 SL=136.59 TP=176.59 R:R=3.5147 zone=[143.39-146.69]
BDX,PASS,,True,True,True,True,True,True,True,True,True,,False,180.1649932861328,306466737.1509852,1701033.7666666666,4.16,99.84,2026-11-05,29,263,148.73347521905285,149.31637529249466,149.02492525577375,141.28477528439376,190.87437438964844,5.4068008098831895,0.7905517762458962,9.790819784297678,3.1805373519693294,yes,,,154.03,145.93,182.3,3.4901,2026-10-07,charts/latest/BDX.webp,user,False,user drawing (no rectangle),hline 153.94,,,,,False,,,False,0.18,3/4,4/6,0.71,7.8,True,no new high: recent high 191.94 is +0.18 ATR vs prior 2.5y high 190.21 (needs >= +1),20,hammer,2026-09-25,hammer,2026-10-07,False,True,False,,https://www.tradingview.com/chart/?symbol=NYSE:BDX,https://finviz.com/quote.ashx?t=BDX,PASS (TV) entry=154.03 SL=145.93 TP=182.3 R:R=3.4901 zone=[-]
ROST,PASS,,True,True,True,True,True,True,True,True,True,False,False,225.52999877929688,455538038.5200226,2019855.6333333333,3.03,96.38,2026-11-12,36,264,191.2069091796875,193.7515609738917,192.47923507678962,184.9943125962721,255.75570326720648,8.453857518914715,0.6102358430790749,12.26562248908677,2.6945851082498162,yes,212.6,205.24,210.04,197.13,253.89,3.3966,2026-10-07,charts/latest/ROST.webp,user,False,,,225.53,12.2656,12.93,1.0542,False,,,True,2.51,3/4,2/4,0.62,20.1,True,"uptrend: new high +2.5 ATR above prior 2.5y high, 3/4 HH and 2/4 HL, 30w EMA +20% in 26w",14,strong_close,2026-09-25,engulfing,2026-10-07,False,True,False,,https://www.tradingview.com/chart/?symbol=NASDAQ:ROST,https://finviz.com/quote.ashx?t=ROST,PASS (TV) entry=210.04 SL=197.13 TP=253.89 R:R=3.3966 zone=[205.24-212.6]
RPRX,PASS,,True,True,True,True,True,True,False,True,True,False,False,56.7599983215332,173640355.2532294,3059202.966666667,2.79,85.15,2026-11-11,35,264,45.822017669677734,45.98067415053724,45.90134591010749,44.46438143973505,63.959999084472656,12.567223161533468,0.499999999999999,2.873928940744881,3.778330165884794,yes,52.75,50.92,53.02,49.82,63.46,3.2625,2026-10-07,charts/latest/RPRX.webp,user,False,,,56.76,2.8739,4.01,1.3953,False,,,True,5.47,3/4,2/2,0.88,31.9,True,"uptrend: new high +5.5 ATR above prior 2.5y high, 3/4 HH and 2/2 HL, 30w EMA +32% in 26w",2,engulfing,2026-09-04,rejection,2026-10-06,False,True,False,,https://www.tradingview.com/chart/?symbol=NASDAQ:RPRX,https://finviz.com/quote.ashx?t=RPRX,PASS (TV) entry=53.02 SL=49.82 TP=63.46 R:R=3.2625 zone=[50.92-52.75]
MDB,PASS,,True,True,True,True,True,False,False,True,True,False,False,363.0299987792969,1062219157.1812449,2925981.7666666666,3.71,93.27,2026-12-07,61,263,354.8800048828125,363.1759948730469,359.0279998779297,304.2812696184431,460.3299865722656,1.8503751039411565,0.9999999999999996,54.746730259486604,0.07310023598484613,yes,297.71,288.09,292.9,242.41,452.39,3.1588,2026-10-07,charts/latest/MDB.webp,user,False,,,363.03,54.7467,65.32,1.1931,False,,,False,0.52,5/7,4/6,0.69,13.8,True,no new high: recent high 473.10 is +0.52 ATR vs prior 2.5y high 444.72 (needs >= +1),4,strong_close,2026-10-02,hammer,2026-10-07,False,True,False,,https://www.tradingview.com/chart/?symbol=NASDAQ:MDB,https://finviz.com/quote.ashx?t=MDB,PASS (TV) entry=292.9 SL=242.41 TP=452.39 R:R=3.1588 zone=[288.09-297.71]
BWA,PASS,,True,True,True,True,True,True,False,True,True,True,False,62.369998931884766,127558338.03250414,2045187.4333333333,3.16,106.87,2026-10-29,22,264,44.466069356964546,45.83957961215685,45.152824484560696,40.46499611642697,68.75734005811681,5.035277258444789,0.9999999999999997,4.687828368133731,3.6727399331341966,yes,62.15,59.77,61.21,56.67,75.26,3.0947,2026-10-07,charts/latest/BWA.webp,user,False,,,62.37,4.6878,0.22,0.0469,False,,,True,1.94,3/4,4/4,0.88,28.6,True,"uptrend: new high +1.9 ATR above prior 2.5y high, 3/4 HH and 4/4 HL, 30w EMA +29% in 26w",2,hammer,2026-09-25,hammer,2026-10-07,False,True,False,,https://www.tradingview.com/chart/?symbol=NYSE:BWA,https://finviz.com/quote.ashx?t=BWA,PASS (TV) entry=61.21 SL=56.67 TP=75.26 R:R=3.0947 zone=[59.77-62.15]
MUSA,PASS,,True,True,True,True,True,True,True,True,True,True,False,511.2200012207031,124003960.3114329,242564.76666666666,4.99,83.87,2026-10-28,21,264,505.08624267578125,506.1238809865399,505.6050618311606,465.11084917639954,622.5089585338304,2.8869285025825797,0.9999999999999997,40.49421265476106,0.138660292951328,yes,520.14,504.85,509.83,473.12,620.64,3.0185,2026-10-07,charts/latest/MUSA.webp,user,False,,,511.22,40.4942,0.0,0.0,False,,,True,1.96,3/7,3/5,0.51,22.2,True,"uptrend: new high +2.0 ATR above prior 2.5y high, 3/7 HH and 3/5 HL, 30w EMA +22% in 26w",8,hammer,2026-10-02,hammer,2026-10-05,False,True,False,,https://www.tradingview.com/chart/?symbol=NYSE:MUSA,https://finviz.com/quote.ashx?t=MUSA,PASS (TV) entry=509.83 SL=473.12 TP=620.64 R:R=3.0185 zone=[504.85-520.14]
IRM,PASS,,True,True,True,True,True,True,True,True,True,True,False,115.7699966430664,180668059.65424475,1560577.5666666667,2.69,88.93,2026-10-29,22,264,108.49203420768968,109.12745642718059,108.80974531743513,102.1426206814936,128.6404567879491,2.9744023928410424,0.8267655077410926,8.064105932717975,0.8631150661590269,yes,116.65,114.84,116.09,108.82,137.81,2.9876,2026-10-08,charts/latest/IRM.webp,user,False,,,115.77,8.0641,0.0,0.0,False,,,True,1.43,4/5,2/4,0.65,19.9,True,"uptrend: new high +1.4 ATR above prior 2.5y high, 4/5 HH and 2/4 HL, 30w EMA +20% in 26w",8,strong_close,2026-10-02,strong_close,2026-10-06,True,True,False,,https://www.tradingview.com/chart/?symbol=NYSE:IRM,https://finviz.com/quote.ashx?t=IRM,PASS (TV) entry=116.09 SL=108.82 TP=137.81 R:R=2.9876 zone=[114.84-116.65]
WTS,PASS,,True,True,True,True,True,True,True,True,True,True,False,348.1400146484375,64881554.80730794,186366.26666666666,2.75,82.48,2026-11-04,28,264,302.1103943028199,311.22603705146736,306.6682156771436,286.6942801970978,391.55438232421875,4.249846843246153,1.0000000000000004,19.97393548004583,2.0762958312709396,yes,343.78,337.04,345.17,330.54,388.28,2.9467,2026-10-08,charts/latest/WTS.webp,user,False,,,348.14,19.9739,4.36,0.2183,False,,,True,2.53,3/5,2/3,0.63,18.2,True,"uptrend: new high +2.5 ATR above prior 2.5y high, 3/5 HH and 2/3 HL, 30w EMA +18% in 26w",22,strong_close,2026-10-02,rejection,2026-10-05,False,True,False,,https://www.tradingview.com/chart/?symbol=NYSE:WTS,https://finviz.com/quote.ashx?t=WTS,PASS (TV) entry=345.17 SL=330.54 TP=388.28 R:R=2.9467 zone=[337.04-343.78]
OVV,PASS,,True,True,True,True,True,False,False,True,True,,False,61.45000076293945,179385962.6655201,2919218.2333333334,4.13,93.64,2026-11-10,34,264,62.84023666381836,64.31344306209049,63.57683986295442,59.37322138826532,65.9757722113199,0.5706827017746678,1.0000000000000004,4.203618474689099,-0.5059543611821886,yes,,,51.6,48.22,61.18,2.8343,2026-10-08,charts/latest/OVV.webp,user,False,user drawing (no rectangle),"hline 51.20, hline 52.74",,,,,True,target hit,close 61.45 >= TP 61.18,True,1.29,7/8,3/4,0.81,24.8,True,"uptrend: new high +1.3 ATR above prior 2.5y high, 7/8 HH and 3/4 HL, 30w EMA +25% in 26w",2,hammer,2026-10-02,strong_close,2026-10-06,False,True,False,,https://www.tradingview.com/chart/?symbol=NYSE:OVV,https://finviz.com/quote.ashx?t=OVV,PASS (TV) entry=51.6 SL=48.22 TP=61.18 R:R=2.8343 zone=[-]
MOG-A,PASS,,True,True,True,True,True,True,True,True,True,True,False,360.1600036621094,88049276.5219523,244472.66666666666,2.57,90.19,2026-10-30,23,264,344.507080078125,345.34571230956607,344.92639619384556,317.66173064387937,443.3500061035156,3.6099327801874352,0.8058842715705843,33.831986194283466,0.4502723363855537,yes,353.61,344.29,349.88,316.8,439.61,2.7125,2026-10-08,charts/latest/MOG-A.webp,user,False,,,360.16,33.832,6.55,0.1936,False,,,True,2.82,3/4,4/4,0.88,34.2,True,"uptrend: new high +2.8 ATR above prior 2.5y high, 3/4 HH and 4/4 HL, 30w EMA +34% in 26w",9,hammer,2026-10-02,rejection,2026-10-06,True,True,False,,https://www.tradingview.com/chart/?symbol=NYSE:MOG.A,https://finviz.com/quote.ashx?t=MOG-A,PASS (TV) entry=349.88 SL=316.8 TP=439.61 R:R=2.7125 zone=[344.29-353.61]
AXTA,PASS,,True,True,True,True,True,True,False,True,True,True,False,32.78499984741211,61930011.20893211,1888973.9666666666,3.74,106.76,2026-11-04,28,264,30.0,31.229999542236328,30.614999771118164,28.43699904850551,38.189998626708984,3.4779597531556883,1.0000000000000007,2.1780007226126537,0.9963266098878466,yes,32.3,31.5,32.29,30.14,38.04,2.6744,2026-10-08,charts/latest/AXTA.webp,user,False,,,32.785,2.178,0.485,0.2227,False,,,False,-1.4,4/7,3/6,0.54,8.5,True,no new high: recent high 38.61 is -1.40 ATR vs prior 2.5y high 41.65 (needs >= +1),2,hammer,2026-10-02,rejection,2026-10-05,False,True,False,,https://www.tradingview.com/chart/?symbol=NYSE:AXTA,https://finviz.com/quote.ashx?t=AXTA,PASS (TV) entry=32.29 SL=30.14 TP=38.04 R:R=2.6744 zone=[31.5-32.3]
UNP,PASS,,True,True,True,True,True,True,True,True,True,True,False,274.69000244140625,579057393.7142477,2108039.566666667,4.63,92.23,2026-10-22,15,264,262.3927820459206,265.5219318602399,263.95735695308025,251.01959255978736,307.0749771113229,3.332694803175993,1.0,12.937764393292895,0.8295595098245832,yes,274.95,271.18,273.25,258.2,313.49,2.6738,2026-10-08,charts/latest/UNP.webp,user,False,,,274.69,12.9378,0.0,0.0,False,,,True,3.79,7/9,5/6,0.81,16.3,True,"uptrend: new high +3.8 ATR above prior 2.5y high, 7/9 HH and 5/6 HL, 30w EMA +16% in 26w",9,hammer,2026-10-02,hammer,2026-10-06,False,True,False,,https://www.tradingview.com/chart/?symbol=NYSE:UNP,https://finviz.com/quote.ashx?t=UNP,PASS (TV) entry=273.25 SL=258.2 TP=313.49 R:R=2.6738 zone=[271.18-274.95]
LH,PASS,,True,True,True,True,True,True,False,True,True,False,False,312.0899963378906,224578577.76576233,719595.5666666667,3.03,101.19,2026-10-22,15,264,272.3859558105469,275.2320022818144,273.80897904618064,260.07239875490035,335.62042236328125,4.499769375376293,0.7927617592135238,17.327501146003762,2.209263584468943,yes,289.97,284.29,288.77,272.04,333.31,2.6623,2026-10-08,charts/latest/LH.webp,user,False,,,312.09,17.3275,22.12,1.2766,False,,,True,2.9,4/6,5/6,0.75,11.1,True,"uptrend: new high +2.9 ATR above prior 2.5y high, 4/6 HH and 5/6 HL, 30w EMA +11% in 26w",1,hammer,2026-10-02,hammer,2026-10-06,False,True,False,,https://www.tradingview.com/chart/?symbol=NYSE:LH,https://finviz.com/quote.ashx?t=LH,PASS (TV) entry=288.77 SL=272.04 TP=333.31 R:R=2.6623 zone=[284.29-289.97]
WELL,PASS,,True,True,True,True,True,True,True,False,True,True,False,221.1699981689453,496653531.1172318,2245573.7,2.44,101.72,2026-10-26,19,264,216.76171204387026,218.92354913493656,217.84263058940343,206.9382147633465,239.85000610351562,2.018207656894735,0.999999999999999,10.90441582605693,0.30513946208754145,yes,220.4,214.72,218.23,206.34,249.6,2.6384,2026-10-08,charts/latest/WELL.webp,user,False,,,221.17,10.9044,0.77,0.0706,False,,,True,3.68,6/8,3/4,0.75,17.5,True,"uptrend: new high +3.7 ATR above prior 2.5y high, 6/8 HH and 3/4 HL, 30w EMA +17% in 26w",9,,,hammer,2026-10-06,True,True,False,,https://www.tradingview.com/chart/?symbol=NYSE:WELL,https://finviz.com/quote.ashx?t=WELL,PASS (TV) entry=218.23 SL=206.34 TP=249.6 R:R=2.6384 zone=[214.72-220.4]
RHP,PASS,,True,True,True,True,True,True,False,True,True,True,False,119.25,62169341.85,521336.2,4.37,94.29,2026-11-02,26,264,102.76312827616329,103.40852128131385,103.08582477873857,96.48832493132646,134.4499969482422,4.753948146252147,1.0,6.597499847412109,2.4500455619717645,yes,117.25,114.4,115.82,108.83,134.08,2.6123,2026-10-08,charts/latest/RHP.webp,user,False,,,119.25,6.5975,2.0,0.3031,False,,,False,3.84,3/5,1/3,0.47,26.1,True,"choppy swings: 3/5 higher highs, 1/3 higher lows",4,hammer,2026-10-02,strong_close,2026-10-01,False,True,False,,https://www.tradingview.com/chart/?symbol=NYSE:RHP,https://finviz.com/quote.ashx?t=RHP,PASS (TV) entry=115.82 SL=108.83 TP=134.08 R:R=2.6123 zone=[114.4-117.25]
ST,PASS,,True,True,True,True,True,True,True,True,True,True,False,42.36000061035156,51489413.82189433,1215519.6666666667,4.59,107.23,2026-10-27,20,264,38.1473274230957,38.18711694284953,38.167222182972615,35.39191506721856,46.8081828406849,3.113515116457491,0.8763363407097134,3.166942858385208,1.323919822638291,yes,41.96,41.31,42.11,38.46,51.55,2.5863,2026-10-08,charts/latest/ST.webp,user,False,,,42.36,3.1669,0.4,0.1263,False,,,True,3.78,5/6,3/5,0.72,26.6,True,"uptrend: new high +3.8 ATR above prior 2.5y high, 5/6 HH and 3/5 HL, 30w EMA +27% in 26w",14,engulfing,2026-10-02,hammer,2026-10-07,True,True,False,,https://www.tradingview.com/chart/?symbol=NYSE:ST,https://finviz.com/quote.ashx?t=ST,PASS (TV) entry=42.11 SL=38.46 TP=51.55 R:R=2.5863 zone=[41.31-41.96]
ATI,PASS,,True,True,True,True,True,True,True,True,True,True,False,189.14999389648438,320652990.04812926,1695231.3,3.22,94.7,2026-11-03,27,264,202.80999755859375,202.85000610351562,202.8300018310547,192.7757170540946,231.25999450683594,2.82764943568438,0.4999999999999994,20.1085695539202,-0.680307363379976,yes,184.47,174.75,186.1,169.21,229.84,2.5897,2026-10-08,charts/latest/ATI.webp,user,False,,,189.15,20.1086,4.68,0.2327,False,,,True,3.75,4/4,3/3,1.0,47.4,True,"uptrend: new high +3.8 ATR above prior 2.5y high, 4/4 HH and 3/3 HL, 30w EMA +47% in 26w",14,engulfing,2026-10-02,hammer,2026-10-07,False,True,False,,https://www.tradingview.com/chart/?symbol=NYSE:ATI,https://finviz.com/quote.ashx?t=ATI,PASS (TV) entry=186.1 SL=169.21 TP=229.84 R:R=2.5897 zone=[174.75-184.47]
ASB,PASS,,True,True,True,True,True,True,True,True,True,True,False,28.424999237060547,52352099.55234668,1841762.5666666667,4.55,80.96,2026-10-22,15,264,28.170221585616805,28.278417871726944,28.224319728671873,26.92094247020819,32.076515197753906,2.9555490891583394,0.9999999999999998,1.3033772584636838,0.1539688582760905,yes,28.78,28.63,28.73,27.42,32.11,2.5802,2026-10-08,charts/latest/ASB.webp,user,False,,,28.425,1.3034,0.205,0.1573,False,,,True,2.63,5/7,5/6,0.77,14.4,True,"uptrend: new high +2.6 ATR above prior 2.5y high, 5/7 HH and 5/6 HL, 30w EMA +14% in 26w",15,hammer,2026-10-02,hammer,2026-10-07,False,True,False,,https://www.tradingview.com/chart/?symbol=NYSE:ASB,https://finviz.com/quote.ashx?t=ASB,PASS (TV) entry=28.73 SL=27.42 TP=32.11 R:R=2.5802 zone=[28.63-28.78]
AIT,PASS,,True,True,True,True,True,True,True,True,True,False,False,334.7799987792969,90313723.02335712,269770.36666666664,2.46,97.27,2026-10-22,15,264,290.3217468261719,293.8246543924392,292.07320060930556,273.5579309715992,361.95001220703125,3.774009936934515,1.0000000000000004,18.515269637706346,2.30657176512401,yes,315.83,308.02,312.94,294.03,360.73,2.5272,2026-10-08,charts/latest/AIT.webp,user,False,,,334.78,18.5153,18.95,1.0235,False,,,True,4.27,6/8,3/5,0.68,20.9,True,"uptrend: new high +4.3 ATR above prior 2.5y high, 6/8 HH and 3/5 HL, 30w EMA +21% in 26w",27,strong_close,2026-10-02,engulfing,2026-10-05,False,True,False,,https://www.tradingview.com/chart/?symbol=NYSE:AIT,https://finviz.com/quote.ashx?t=AIT,PASS (TV) entry=312.94 SL=294.03 TP=360.73 R:R=2.5272 zone=[308.02-315.83]
PFG,PASS,,True,True,True,True,True,True,True,True,True,False,False,108.7300033569336,153260727.79210994,1409553.2333333334,4.45,81.85,2026-10-22,15,263,94.98644256591797,95.51338696573315,95.24991476582557,89.75387486493703,113.26871592747503,3.278506249333525,1.0000000000000004,5.496039900888531,2.4526911802311946,yes,95.45,94.35,94.98,85.81,117.62,2.4689,2026-10-08,charts/latest/PFG.webp,user,False,,,108.73,5.496,13.28,2.4163,False,,,True,4.67,5/5,3/5,0.8,23.9,True,"uptrend: new high +4.7 ATR above prior 2.5y high, 5/5 HH and 3/5 HL, 30w EMA +24% in 26w",10,strong_close,2026-09-18,hammer,2026-10-02,False,True,False,,https://www.tradingview.com/chart/?symbol=NASDAQ:PFG,https://finviz.com/quote.ashx?t=PFG,PASS (TV) entry=94.98 SL=85.81 TP=117.62 R:R=2.4689 zone=[94.35-95.45]
EOG,PASS,,True,True,True,True,True,False,False,True,True,False,False,144.1999969482422,426157437.8010727,2955322.1,2.96,98.31,2026-11-05,29,264,140.17967224121094,144.62666418972194,142.40316821546645,133.5231748992784,153.0500030517578,1.198968789411404,0.999999999999999,8.879993316188072,0.2023457303171782,yes,127.55,125.02,127.52,119.32,147.49,2.4354,2026-10-08,charts/latest/EOG.webp,user,False,,,144.2,8.88,16.65,1.875,False,,,False,0.51,4/7,3/5,0.59,14.9,True,no new high: recent high 154.16 is +0.51 ATR vs prior 2.5y high 149.59 (needs >= +1),2,hammer,2026-10-02,rejection,2026-10-07,False,True,False,,https://www.tradingview.com/chart/?symbol=NYSE:EOG,https://finviz.com/quote.ashx?t=EOG,PASS (TV) entry=127.52 SL=119.32 TP=147.49 R:R=2.4354 zone=[125.02-127.55]
BAX,PASS,,True,True,True,True,True,True,False,False,True,True,False,23.969999313354492,142271438.044487,5935396.0,4.52,109.64,2026-10-29,22,264,18.69306755065918,19.17263462498108,18.93285108782013,16.937730656340698,27.53937530517578,4.313786817858258,0.9999999999999998,1.9951204314794322,2.5247339188437814,yes,22.36,21.76,21.99,19.87,27.15,2.434,2026-10-08,charts/latest/BAX.webp,user,False,,,23.97,1.9951,1.61,0.807,False,,,False,-4.78,2/6,2/5,0.37,12.6,True,"no new high: recent high 29.99 is -4.78 ATR vs prior 2.5y high 39.53 (needs >= +1); choppy swings: 2/6 higher highs, 2/5 higher lows",2,,,hammer,2026-10-06,False,True,False,,https://www.tradingview.com/chart/?symbol=NYSE:BAX,https://finviz.com/quote.ashx?t=BAX,PASS (TV) entry=21.99 SL=19.87 TP=27.15 R:R=2.434 zone=[21.76-22.36]
URI,PASS,,True,True,True,True,True,True,True,True,True,True,False,1037.050048828125,454405153.2400635,438170.9,2.5,95.87,2026-10-28,21,264,970.7264404296875,997.3354913096188,984.0309658696531,898.7513256273322,1160.8367919921875,2.073247795372298,0.9999999999999997,85.27964024232088,0.6217085673417355,yes,994.68,970.68,982.49,906.26,1165.22,2.3971,2026-10-08,charts/latest/URI.webp,user,False,,,1037.05,85.2796,42.37,0.4968,False,,,True,1.92,6/7,3/6,0.68,23.7,True,"uptrend: new high +1.9 ATR above prior 2.5y high, 6/7 HH and 3/6 HL, 30w EMA +24% in 26w",29,hammer,2026-10-02,strong_close,2026-10-02,True,True,False,,https://www.tradingview.com/chart/?symbol=NYSE:URI,https://finviz.com/quote.ashx?t=URI,PASS (TV) entry=982.49 SL=906.26 TP=1165.22 R:R=2.3971 zone=[970.68-994.68]
ARMK,PASS,,True,True,True,True,True,True,False,True,True,True,False,55.40999984741211,110790307.32290599,1999464.1333333333,3.16,100.11,2026-11-17,41,264,41.66974639892578,41.918669624243776,41.79420801158478,38.85265602529341,62.26625061035156,6.959605913535942,0.9999999999999988,2.941551986291369,4.628778243349614,yes,55.8,55.21,55.47,52.77,61.88,2.3741,2026-10-08,charts/latest/ARMK.webp,user,False,,,55.41,2.9416,0.0,0.0,False,,,True,6.31,3/5,3/4,0.68,34.5,True,"uptrend: new high +6.3 ATR above prior 2.5y high, 3/5 HH and 3/4 HL, 30w EMA +35% in 26w",2,hammer,2026-10-02,hammer,2026-10-07,False,True,False,,https://www.tradingview.com/chart/?symbol=NYSE:ARMK,https://finviz.com/quote.ashx?t=ARMK,PASS (TV) entry=55.47 SL=52.77 TP=61.88 R:R=2.3741 zone=[55.21-55.8]
LAMR,PASS,,True,True,True,True,True,True,False,True,True,True,False,143.24000549316406,72138832.37047882,503622.1,3.63,85.41,2026-10-29,22,264,134.6874542236328,135.62618083125926,135.15681752744604,129.01324540132995,162.32000732421875,4.421399999733553,1.000000000000002,6.143572126116071,1.315714668890551,yes,147.28,145.49,146.09,140.13,159.92,2.3205,2026-10-08,charts/latest/LAMR.webp,user,False,,,143.24,6.1436,2.25,0.3662,False,,,True,4.83,6/6,3/4,0.88,16.7,True,"uptrend: new high +4.8 ATR above prior 2.5y high, 6/6 HH and 3/4 HL, 30w EMA +17% in 26w",2,hammer,2026-09-04,engulfing,2026-10-06,False,True,False,,https://www.tradingview.com/chart/?symbol=NASDAQ:LAMR,https://finviz.com/quote.ashx?t=LAMR,PASS (TV) entry=146.09 SL=140.13 TP=159.92 R:R=2.3205 zone=[145.49-147.28]
LNG,FAIL,rr,True,True,True,True,False,True,True,True,True,True,False,272.1619873046875,560742255.3583251,2060325.4,1.89,90.81,2026-10-29,22,264,236.15563938956396,236.6279506683431,236.39179502895354,220.30603664098817,292.0,3.456983726216476,0.9999999999999998,16.085758387965374,2.223718112196412,yes,273.85,268.55,270.56,255.95,296.96,1.807,2026-10-08,charts/latest/LNG.webp,user,False,,,272.162,16.0858,0.0,0.0,False,,,False,-0.02,3/6,1/3,0.42,10.8,True,"no new high: recent high 299.18 is -0.02 ATR vs prior 2.5y high 299.54 (needs >= +1); choppy swings: 3/6 higher highs, 1/3 higher lows",21,hammer,2026-10-02,hammer,2026-10-06,False,True,False,TV R:R 1.807 < 2 (f_rr False),https://www.tradingview.com/chart/?symbol=NYSE:LNG,https://finviz.com/quote.ashx?t=LNG,FAIL: rr (TV R:R 1.807 < 2)
ADM,PASS,,True,True,True,True,True,True,False,True,True,False,False,81.34500122070312,270879306.8854482,3330005.566666667,3.05,89.63,2026-10-27,20,264,72.88384246826172,73.14049830009272,73.01217038417721,67.78983999670302,87.37000274658203,2.749315209325367,1.0000000000000004,5.2223303874741855,1.5956154088818848,yes,75.83,74.83,75.4,70.38,86.58,2.2271,2026-10-08,charts/latest/ADM.webp,user,False,,,81.345,5.2223,5.515,1.056,False,,,True,2.97,6/7,4/5,0.83,22.3,True,"uptrend: new high +3.0 ATR above prior 2.5y high, 6/7 HH and 4/5 HL, 30w EMA +22% in 26w",2,hammer,2026-10-02,hammer,2026-10-06,False,True,False,,https://www.tradingview.com/chart/?symbol=NYSE:ADM,https://finviz.com/quote.ashx?t=ADM,PASS (TV) entry=75.4 SL=70.38 TP=86.58 R:R=2.2271 zone=[74.83-75.83]
CAH,PASS,,True,True,True,True,True,False,False,True,True,False,False,232.10000610351562,354620083.08208317,1527876.2333333334,2.89,92.2,2026-10-30,23,264,236.39999389648438,244.8699951171875,240.63499450683594,226.65088108607702,243.89999389648438,0.23347918394323539,0.9999999999999991,13.984113420758929,-0.6103346094612204,yes,214.79,211,214.24,200.12,245.5,2.2139,2026-10-08,charts/latest/CAH.webp,user,False,,,232.1,13.9841,17.31,1.2378,False,,,True,1.84,5/5,5/6,0.92,11.4,True,"uptrend: new high +1.8 ATR above prior 2.5y high, 5/5 HH and 5/6 HL, 30w EMA +11% in 26w",2,engulfing,2026-10-02,hammer,2026-10-06,False,True,False,,https://www.tradingview.com/chart/?symbol=NYSE:CAH,https://finviz.com/quote.ashx?t=CAH,PASS (TV) entry=214.24 SL=200.12 TP=245.5 R:R=2.2139 zone=[211-214.79]
IESC,PASS,,True,True,True,True,True,True,True,True,True,True,False,308.8299865722656,78942060.8513153,255616.56666666668,3.06,97.45,2026-12-09,63,264,259.8349914550781,265.0,262.41749572753906,238.5349965776716,384.4750061035156,5.110751165949644,0.5000000000000001,47.764998299734934,0.971684130573582,yes,312.68,293.46,304.53,269.85,380.82,2.1998,2026-10-08,charts/latest/IESC.webp,user,False,,,308.83,47.765,0.0,0.0,False,,,True,2.84,5/5,4/4,1.0,46.7,True,"uptrend: new high +2.8 ATR above prior 2.5y high, 5/5 HH and 4/4 HL, 30w EMA +47% in 26w",12,engulfing,2026-10-02,hammer,2026-10-05,True,True,False,,https://www.tradingview.com/chart/?symbol=NASDAQ:IESC,https://finviz.com/quote.ashx?t=IESC,PASS (TV) entry=304.53 SL=269.85 TP=380.82 R:R=2.1998 zone=[293.46-312.68]
GL,PASS,,True,True,True,True,True,True,True,True,True,True,False,163.5399932861328,61780426.945038855,377769.5333333333,2.71,88.06,2026-10-28,21,264,145.89846801757812,152.0726073494638,148.98553768352096,140.43248832351816,186.61000061035156,4.39895309183838,1.0000000000000016,8.55304936000279,1.7016686084700796,yes,173.75,167.97,170.86,163.72,186.21,2.1499,2026-10-08,charts/latest/GL.webp,user,False,,,163.54,8.553,4.43,0.5179,True,broken,close 163.54 < SL 163.72,True,4.62,3/4,4/5,0.78,19.6,True,"uptrend: new high +4.6 ATR above prior 2.5y high, 3/4 HH and 4/5 HL, 30w EMA +20% in 26w",10,hammer,2026-09-11,engulfing,2026-10-05,True,True,False,,https://www.tradingview.com/chart/?symbol=NYSE:GL,https://finviz.com/quote.ashx?t=GL,PASS (TV) entry=170.86 SL=163.72 TP=186.21 R:R=2.1499 zone=[167.97-173.75]
SWK,PASS,,True,True,True,True,True,True,True,True,True,True,False,88.30000305175781,134685277.9482239,1525314.5333333334,4.75,100.12,2026-11-04,28,264,79.62845014666357,79.90309745824958,79.76577380245658,73.78879139801028,102.99365997314453,3.886222946450139,1.0,5.976982404446304,1.4278491505935476,yes,90.29,89,89.86,83.76,102.48,2.0689,2026-10-08,charts/latest/SWK.webp,user,False,,,88.3,5.977,0.7,0.1171,False,,,False,0.33,5/6,3/5,0.72,18.9,True,no new high: recent high 103.78 is +0.33 ATR vs prior 2.5y high 101.83 (needs >= +1),20,hammer,2026-10-02,hammer,2026-10-07,True,True,False,,https://www.tradingview.com/chart/?symbol=NYSE:SWK,https://finviz.com/quote.ashx?t=SWK,PASS (TV) entry=89.86 SL=83.76 TP=102.48 R:R=2.0689 zone=[89-90.29]
DASH,FAIL,rr,True,True,True,True,False,True,True,True,True,True,False,191.24000549316406,758366837.9179407,3965524.033333333,4.31,82.5,2026-11-04,28,264,183.88999938964844,188.44000244140625,186.16500091552734,168.0599365234375,236.74000549316406,2.793417547839989,1.0,18.105064392089844,0.28030856271651833,yes,192.74,183.38,187.19,167.54,224.51,1.8992,2026-10-08,charts/latest/DASH.webp,user,False,user-edited bot drawing,levels changed vs the bot drawing (zone 166.58-172.91 entry 174.87 SL 152.85 TP 235.05 R:R 2.73) -> user-owned,191.24,18.1051,0.0,0.0,False,,,False,-2.58,3/5,2/5,0.5,-0.4,False,no new high: recent high 238.83 is -2.58 ATR vs prior 2.5y high 285.50 (needs >= +1); 30w EMA falling (-0% in 26w),21,hammer,2026-10-02,hammer,2026-10-07,False,True,False,TV R:R 1.8992 < 2 (f_rr False),https://www.tradingview.com/chart/?symbol=NASDAQ:DASH,https://finviz.com/quote.ashx?t=DASH,FAIL: rr (TV R:R 1.8992 < 2)
INCY,PASS,,True,True,True,True,True,True,False,True,True,True,False,113.44000244140625,175374405.72099814,1545966.1666666667,4.97,103.08,2026-11-03,27,263,108.5,109.4800033569336,108.9900016784668,101.14499991280692,127.80999755859375,2.3989791770995135,0.9999999999999994,7.845001765659878,0.567240250017349,yes,112.16,107.48,110.39,102.07,127.46,2.0517,2026-10-08,charts/latest/INCY.webp,user,False,,,113.44,7.845,1.28,0.1632,False,,,True,2.59,4/6,2/4,0.58,18.8,True,"uptrend: new high +2.6 ATR above prior 2.5y high, 4/6 HH and 2/4 HL, 30w EMA +19% in 26w",0,strong_close,2026-09-18,rejection,2026-10-05,False,True,False,,https://www.tradingview.com/chart/?symbol=NASDAQ:INCY,https://finviz.com/quote.ashx?t=INCY,PASS (TV) entry=110.39 SL=102.07 TP=127.46 R:R=2.0517 zone=[107.48-112.16]
CNO,FAIL,"dollar_vol,rr",False,True,True,True,False,True,False,True,True,False,False,53.0099983215332,49011678.55713285,924574.2333333333,2.42,96.52,2026-11-04,28,264,44.1458740234375,44.3436609545763,44.244767489006904,41.82856816607008,56.563594818115234,5.098431744503231,1.0000000000000013,2.4161993229368233,3.6276936051254265,yes,44.36,44.15,44.05,41.79,56.35,5.4425,2026-10-07,charts/latest/CNO.webp,bot,True,bot drawing on chart,bot drawing (review needed): zone 44.15-44.36 entry 44.05 SL 41.79 TP 56.35 R:R 5.44,53.01,2.4162,8.65,3.58,True,far,close 53.01 is 3.58 ATR above zone top 44.36,True,5.4,5/6,3/5,0.72,24.8,True,"uptrend: new high +5.4 ATR above prior 2.5y high, 5/6 HH and 3/5 HL, 30w EMA +25% in 26w",1,hammer,2026-10-02,strong_close,2026-10-02,False,True,False,TV drawing by the bot - review needed (f_rr False until approved); TV drawing by the bot - review needed (f_rr False until approved); TV drawing by the bot - review needed (f_rr False until approved); TV drawing by the bot - review needed (f_rr False until approved); TV drawing by the bot - review needed (f_rr False until approved),https://www.tradingview.com/chart/?symbol=NYSE:CNO,https://finviz.com/quote.ashx?t=CNO,"$vol(30d) $49.0M < $50M | FAIL: dollar_vol, rr (bot drawing - review needed)"
CSX,PASS,,True,True,True,True,True,True,False,True,True,False,False,46.810001373291016,466884759.0029242,9974038.566666666,2.2,82.07,2026-10-21,14,264,42.44334030151367,42.522879890397,42.48311009595534,41.16432207386231,51.858033041478826,7.108741350747689,0.6287249942617962,2.097559400579354,2.0628218090703756,yes,43.16,42.52,42.83,40.51,52.97,4.3707,2026-10-08,charts/latest/CSX.webp,user,False,user-edited bot drawing,levels changed vs the bot drawing (zone 42.44-43.1 entry 42.82 SL 40.75 TP 53.26 R:R 5.06) -> user-owned,46.81,2.0976,3.65,1.7401,False,,,True,4.94,5/6,3/3,0.92,23.7,True,"uptrend: new high +4.9 ATR above prior 2.5y high, 5/6 HH and 3/3 HL, 30w EMA +24% in 26w",2,hammer,2026-10-02,hammer,2026-10-05,False,True,False,TV drawing by the bot - review needed (f_rr False until approved); TV drawing by the bot - review needed (f_rr False until approved); TV drawing by the bot - review needed (f_rr False until approved),https://www.tradingview.com/chart/?symbol=NASDAQ:CSX,https://finviz.com/quote.ashx?t=CSX,PASS (TV) entry=42.83 SL=40.51 TP=52.97 R:R=4.3707 zone=[42.52-43.16]
STLD,FAIL,no_earnings_14d,True,True,False,True,True,True,False,True,True,True,False,234.08999633789062,223712747.78523254,955669.8333333334,2.83,86.01,2026-10-19,12,264,133.47352600097656,137.9203468520754,135.69693642652598,119.05236549628881,262.7099914550781,7.630899922918131,0.9323948005294128,17.851419721330917,5.511777855617465,yes,220.81,216.73,218.36,200.03,285.6,3.67,2026-10-05,charts/latest/STLD.webp,user,False,,,234.09,17.8514,13.28,0.7439,False,,,True,4.52,4/6,2/3,0.67,35.3,True,"uptrend: new high +4.5 ATR above prior 2.5y high, 4/6 HH and 2/3 HL, 30w EMA +35% in 26w",2,hammer,2026-10-02,strong_close,2026-10-05,False,True,True,,https://www.tradingview.com/chart/?symbol=NASDAQ:STLD,https://finviz.com/quote.ashx?t=STLD,FAIL: no_earnings_14d
UNH,FAIL,no_earnings_14d,True,True,False,True,True,True,True,True,True,False,False,375.7799987792969,1631432054.808372,4341455.266666667,1.48,90.13,2026-10-13,6,264,349.3529357910156,350.9317071763275,350.1423214836716,329.5328386038493,424.6352826432401,3.6144992862727694,1.0000000000000013,20.609482879822252,1.243974797675583,yes,354.18,346.7,351.27,330.5,423.15,3.46,2026-09-29,,user,False,,,375.78,20.6095,21.6,1.0481,False,,,False,-6.92,4/7,2/5,0.49,22.5,True,"no new high: recent high 458.79 is -6.92 ATR vs prior 2.5y high 601.33 (needs >= +1); choppy swings: 4/7 higher highs, 2/5 higher lows",28,hammer,2026-10-02,rejection,2026-10-07,True,True,True,,https://www.tradingview.com/chart/?symbol=NYSE:UNH,https://finviz.com/quote.ashx?t=UNH,FAIL: no_earnings_14d
MA,FAIL,rr,True,True,True,True,False,True,True,True,True,False,False,570.030029296875,1332579416.5523438,2337735.466666667,0.89,83.8,2026-10-22,15,264,520.4276123046875,526.5872699856476,523.5074411451676,501.11957075033865,595.2999877929688,3.2067608656687354,1.0000000000000009,22.387870394828933,2.078026508606777,yes,526.59,520.43,523.51,500.74,593.17,3.0593,2026-10-08,charts/latest/MA.webp,bot,True,bot drawing on chart,bot drawing (review needed): zone 520.43-526.59 entry 523.51 SL 500.74 TP 593.17 R:R 3.06,570.03,22.3879,43.44,1.9403,False,,,False,0.14,2/5,0/3,0.2,2.8,True,"no new high: recent high 601.23 is +0.14 ATR vs prior 2.5y high 598.04 (needs >= +1); choppy swings: 2/5 higher highs, 0/3 higher lows",15,hammer,2026-09-25,strong_close,2026-10-06,False,True,False,TV drawing by the bot - review needed (f_rr False until approved); TV drawing by the bot - review needed (f_rr False until approved); TV drawing by the bot - review needed (f_rr False until approved); TV drawing by the bot - review needed (f_rr False until approved); TV drawing by the bot - review needed (f_rr False until approved),https://www.tradingview.com/chart/?symbol=NYSE:MA,https://finviz.com/quote.ashx?t=MA,FAIL: rr (bot drawing - review needed)
PH,FAIL,rr,True,True,True,True,False,False,True,True,True,True,False,952.8900146484375,495378233.12927246,519869.26666666666,1.16,91.27,2026-10-29,22,264,966.9724731445312,1001.7723946354896,984.3724338900104,931.0949952009162,1082.6694406412896,1.845002484539492,0.9999999999999989,53.277438689094254,-0.5909146538611143,yes,951.29,927.47,944.47,895.21,1077.95,2.7097,2026-10-08,charts/latest/PH.webp,bot,True,bot drawing on chart,bot drawing (review needed): zone 927.47-951.29 entry 944.47 SL 895.21 TP 1077.95 R:R 2.71,952.89,53.2774,1.6,0.03,False,,,True,1.26,4/6,3/4,0.71,8.2,True,"uptrend: new high +1.3 ATR above prior 2.5y high, 4/6 HH and 3/4 HL, 30w EMA +8% in 26w",20,hammer,2026-10-02,hammer,2026-10-05,True,True,False,TV drawing by the bot - review needed (f_rr False until approved); TV drawing by the bot - review needed (f_rr False until approved); TV drawing by the bot - review needed (f_rr False until approved); TV drawing by the bot - review needed (f_rr False until approved); TV drawing by the bot - review needed (f_rr False until approved),https://www.tradingview.com/chart/?symbol=NYSE:PH,https://finviz.com/quote.ashx?t=PH,FAIL: rr (bot drawing - review needed)
RS,FAIL,rr,True,True,True,True,False,True,False,True,True,False,False,396.1199951171875,105724228.63677979,266899.5,2.3,83.27,2026-10-21,14,264,349.6131591796875,350.71168485924875,350.1624220194681,326.1513549528699,426.5400085449219,3.1809326221783176,0.9999999999999999,24.011067066598233,1.9140162730064962,yes,369.57,366.66,366.46,343.81,424.39,2.5576,2026-10-08,charts/latest/RS.webp,bot,True,bot drawing on chart,bot drawing (review needed): zone 366.66-369.57 entry 366.46 SL 343.81 TP 424.39 R:R 2.56,396.12,24.0111,26.55,1.1057,False,,,True,2.95,3/4,3/5,0.68,24.8,True,"uptrend: new high +2.9 ATR above prior 2.5y high, 3/4 HH and 3/5 HL, 30w EMA +25% in 26w",2,engulfing,2026-10-02,strong_close,2026-10-02,False,True,False,TV drawing by the bot - review needed (f_rr False until approved); TV drawing by the bot - review needed (f_rr False until approved); TV drawing by the bot - review needed (f_rr False until approved); TV drawing by the bot - review needed (f_rr False until approved); TV drawing by the bot - review needed (f_rr False until approved),https://www.tradingview.com/chart/?symbol=NYSE:RS,https://finviz.com/quote.ashx?t=RS,FAIL: rr (bot drawing - review needed)
STX,FAIL,rr,True,True,True,True,False,True,False,True,True,True,False,807.5700073242188,3341013759.5111694,4137119.6666666665,4.03,85.87,2026-10-28,21,262,427.92401123046875,457.91620030452225,442.9201057674955,344.86492392751313,989.5367754962906,5.5745821839464496,0.6810144990366146,143.98398562540802,2.532572632802405,yes,787.03,712.16,767.56,641.42,1073.88,2.4284,2026-10-08,charts/latest/STX.webp,bot,True,bot drawing on chart,bot drawing (review needed): zone 712.16-787.03 entry 767.56 SL 641.42 TP 1073.88 R:R 2.43,807.57,143.984,20.54,0.1427,False,,,True,4.35,4/5,2/2,0.9,129.7,True,"uptrend: new high +4.4 ATR above prior 2.5y high, 4/5 HH and 2/2 HL, 30w EMA +130% in 26w",0,hammer,2026-09-25,strong_close,2026-10-07,False,True,False,TV drawing by the bot - review needed (f_rr False until approved); TV drawing by the bot - review needed (f_rr False until approved); TV drawing by the bot - review needed (f_rr False until approved); TV drawing by the bot - review needed (f_rr False until approved); TV drawing by the bot - review needed (f_rr False until approved),https://www.tradingview.com/chart/?symbol=NASDAQ:STX,https://finviz.com/quote.ashx?t=STX,FAIL: rr (bot drawing - review needed)
BNY,FAIL,no_earnings_14d,True,True,False,True,True,True,False,True,True,True,False,142.72999572753906,472983721.99910074,3313835.466666667,1.52,87.76,2026-10-15,8,264,134.03237915039062,136.45308434956033,135.24273174997546,127.84414408231642,164.83999633789062,4.00039384777337,1.0000000000000002,7.398587667659042,1.011985572637354,yes,147.25,145,146.4,138.81,164.41,2.37,2026-10-02,charts/latest/BNY.webp,user,False,,,142.73,7.3986,2.27,0.3068,False,,,True,5.15,7/7,3/3,1.0,28.2,True,"uptrend: new high +5.1 ATR above prior 2.5y high, 7/7 HH and 3/3 HL, 30w EMA +28% in 26w",1,rejection,2026-10-02,hammer,2026-10-07,False,True,True,,https://www.tradingview.com/chart/?symbol=NYSE:BNY,https://finviz.com/quote.ashx?t=BNY,FAIL: no_earnings_14d
OXY,FAIL,rr,True,True,True,True,False,True,True,True,True,False,False,58.20000076293945,457128545.9124639,7854442.266666667,2.17,84.95,2026-11-10,34,264,47.308015123332105,48.48458765145014,47.89630138739112,44.29769247784543,62.540000915527344,4.069266735068728,1.0000000000000009,3.5986089095456855,2.863245113470568,yes,51.33,50.15,51.6,47,62.21,2.3065,2026-10-08,charts/latest/OXY.webp,bot,True,bot drawing on chart,bot drawing (review needed): zone 50.15-51.33 entry 51.6 SL 47.0 TP 62.21 R:R 2.31,58.2,3.5986,6.87,1.9091,False,,,False,-0.85,4/6,1/4,0.46,13.3,True,"no new high: recent high 63.77 is -0.85 ATR vs prior 2.5y high 66.83 (needs >= +1); choppy swings: 4/6 higher highs, 1/4 higher lows",21,hammer,2026-10-02,strong_close,2026-10-06,False,True,False,TV drawing by the bot - review needed (f_rr False until approved); TV drawing by the bot - review needed (f_rr False until approved); TV drawing by the bot - review needed (f_rr False until approved); TV drawing by the bot - review needed (f_rr False until approved); TV drawing by the bot - review needed (f_rr False until approved),https://www.tradingview.com/chart/?symbol=NYSE:OXY,https://finviz.com/quote.ashx?t=OXY,FAIL: rr (bot drawing - review needed)
PKG,FAIL,rr,True,True,True,True,False,True,True,True,True,True,False,227.5800018310547,118920336.89680481,522543.0,3.89,98.86,2026-10-21,14,264,222.27140433922395,222.5082841555742,222.38984424739908,209.36222620024242,254.39352416992188,2.456602565923994,0.9999999999999999,13.027618047156666,0.39839651153945055,yes,228.27,222.27,226.57,214.16,253.22,2.1475,2026-10-08,charts/latest/PKG.webp,bot,True,bot drawing on chart,bot drawing (review needed): zone 222.27-228.27 entry 226.57 SL 214.16 TP 253.22 R:R 2.15,227.58,13.0276,0.0,0.0,False,,,True,1.03,5/6,5/5,0.92,9.7,True,"uptrend: new high +1.0 ATR above prior 2.5y high, 5/6 HH and 5/5 HL, 30w EMA +10% in 26w",28,hammer,2026-09-11,hammer,2026-10-06,False,True,False,TV drawing by the bot - review needed (f_rr False until approved); TV drawing by the bot - review needed (f_rr False until approved); TV drawing by the bot - review needed (f_rr False until approved); TV drawing by the bot - review needed (f_rr False until approved); TV drawing by the bot - review needed (f_rr False until approved),https://www.tradingview.com/chart/?symbol=NYSE:PKG,https://finviz.com/quote.ashx?t=PKG,FAIL: rr (bot drawing - review needed)
BMY,FAIL,rr,True,True,True,True,False,True,False,True,True,True,False,59.68000030517578,581513689.1229241,9743862.033333333,2.06,85.12,2026-10-29,22,264,58.954503866693024,59.112717751159956,59.03361080892649,55.685754287320044,67.41000366210938,2.5020166781710023,1.0,3.3478565216064453,0.1930756267712232,yes,61.55,61,61.23,58.11,67.27,1.9359,2026-10-08,charts/latest/BMY.webp,user,False,,,59.68,3.3479,1.32,0.3943,False,,,True,2.12,3/7,4/7,0.5,12.3,True,"uptrend: new high +2.1 ATR above prior 2.5y high, 3/7 HH and 4/7 HL, 30w EMA +12% in 26w",2,hammer,2026-09-25,hammer,2026-10-07,False,True,False,TV R:R 1.9359 < 2 (f_rr False),https://www.tradingview.com/chart/?symbol=NYSE:BMY,https://finviz.com/quote.ashx?t=BMY,FAIL: rr (TV R:R 1.9359 < 2)
EW,FAIL,rr,True,True,True,True,False,False,True,True,True,True,False,85.77999877929688,252711447.7110911,2946041.6333333333,1.6,94.42,2026-10-28,21,264,84.1500015258789,84.73999786376953,84.44499969482422,79.48035757882255,91.5999984741211,1.4411912504700808,0.9999999999999991,4.9646421160016745,0.2689013736095466,yes,85.06,84.15,84.4,79.47,93.91,1.929,2026-10-08,charts/latest/EW.webp,bot,True,bot drawing on chart,bot drawing (review needed): zone 84.15-85.06 entry 84.4 SL 79.47 TP 93.91 R:R 1.93,85.78,4.9646,0.72,0.145,False,,,False,0.21,3/7,3/6,0.46,6.4,True,"no new high: recent high 96.29 is +0.21 ATR vs prior 2.5y high 95.25 (needs >= +1); choppy swings: 3/7 higher highs, 3/6 higher lows",10,strong_close,2026-09-18,strong_close,2026-10-05,True,True,False,TV drawing by the bot - review needed (f_rr False until approved); TV drawing by the bot - review needed (f_rr False until approved); TV drawing by the bot - review needed (f_rr False until approved); TV drawing by the bot - review needed (f_rr False until approved); TV drawing by the bot - review needed (f_rr False until approved),https://www.tradingview.com/chart/?symbol=NYSE:EW,https://finviz.com/quote.ashx?t=EW,FAIL: rr (bot drawing - review needed)
THC,FAIL,rr,True,True,True,True,False,True,True,True,True,True,False,259.9100036621094,184014653.82341713,707993.7333333333,2.53,100.43,2026-11-03,27,263,196.88999938964844,199.0800018310547,197.98500061035156,178.36321367536272,280.7699890136719,4.219034111297028,1.0000000000000004,19.62178693498884,3.155930866894465,yes,245.93,238.6,239.65,218.71,278.39,1.85,2026-10-08,charts/latest/THC.webp,user,False,,,259.91,19.6218,13.98,0.7125,False,,,True,1.83,4/6,3/8,0.52,15.1,True,"uptrend: new high +1.8 ATR above prior 2.5y high, 4/6 HH and 3/8 HL, 30w EMA +15% in 26w",15,hammer,2026-09-25,strong_close,2026-10-07,False,True,False,TV R:R 1.85 < 2 (f_rr False),https://www.tradingview.com/chart/?symbol=NYSE:THC,https://finviz.com/quote.ashx?t=THC,FAIL: rr (TV R:R 1.85 < 2)
MSI,FAIL,rr,True,True,True,True,False,True,False,True,True,True,False,448.3699951171875,359213788.70977783,801154.8333333334,1.93,91.88,2026-10-29,22,263,441.9690493476176,447.498134987632,444.7335921676248,427.0940190996935,484.7465160721933,2.26836124380538,0.8167129892098511,21.598252141180115,0.16836561244830447,yes,447.5,441.97,444.58,423.34,482.73,1.7961,2026-10-07,charts/latest/MSI.webp,bot,True,bot drawing on chart,bot drawing (review needed): zone 441.97-447.5 entry 444.58 SL 423.34 TP 482.73 R:R 1.8,448.37,21.5983,0.87,0.0403,False,,,False,-0.16,4/5,2/4,0.65,3.2,True,no new high: recent high 493.57 is -0.16 ATR vs prior 2.5y high 497.07 (needs >= +1),2,hammer,2026-09-11,rejection,2026-10-06,False,True,False,TV drawing by the bot - review needed (f_rr False until approved); TV drawing by the bot - review needed (f_rr False until approved); TV drawing by the bot - review needed (f_rr False until approved); TV drawing by the bot - review needed (f_rr False until approved); TV drawing by the bot - review needed (f_rr False until approved),https://www.tradingview.com/chart/?symbol=NYSE:MSI,https://finviz.com/quote.ashx?t=MSI,FAIL: rr (bot drawing - review needed)
IVZ,FAIL,rr,True,True,True,True,False,True,True,True,True,True,False,30.489999771118164,115672642.00300382,3793789.533333333,2.98,98.32,2026-10-27,20,264,28.785341262817383,28.853784369721446,28.819562816269414,26.79729990246272,33.06999969482422,2.1018220971840935,1.0000000000000004,2.0222629138066948,0.8260236309750298,yes,29.59,29.39,29.52,27.56,33.03,1.7908,2026-10-07,charts/latest/IVZ.webp,user,False,,,30.49,2.0223,0.9,0.445,False,,,True,2.33,4/4,3/4,0.88,22.1,True,"uptrend: new high +2.3 ATR above prior 2.5y high, 4/4 HH and 3/4 HL, 30w EMA +22% in 26w",14,hammer,2026-10-02,strong_close,2026-10-07,True,True,False,TV R:R 1.7908 < 2 (f_rr False),https://www.tradingview.com/chart/?symbol=NYSE:IVZ,https://finviz.com/quote.ashx?t=IVZ,FAIL: rr (TV R:R 1.7908 < 2)
SJM,FAIL,rr,True,True,True,True,False,True,True,True,True,True,False,115.87000274658203,146363113.54905725,1263166.5666666667,4.53,89.88,2026-12-01,55,264,115.40843200683594,116.64682622654612,116.02762911669103,108.89816035597498,132.33999633789062,2.288020015051059,0.9999999999999993,7.129468760716056,-0.02210913258748448,yes,117.04,113.27,115.15,106,131.43,1.7792,2026-10-07,charts/latest/SJM.webp,user,False,,,115.87,7.1295,0.0,0.0,False,,,True,2.65,3/5,2/5,0.5,12.7,True,"uptrend: new high +2.7 ATR above prior 2.5y high, 3/5 HH and 2/5 HL, 30w EMA +13% in 26w",28,hammer,2026-09-18,strong_close,2026-10-02,True,True,False,TV R:R 1.7792 < 2 (f_rr False),https://www.tradingview.com/chart/?symbol=NYSE:SJM,https://finviz.com/quote.ashx?t=SJM,FAIL: rr (TV R:R 1.7792 < 2)
DXCM,FAIL,rr,True,True,True,True,False,True,True,True,True,True,False,84.30000305175781,312961909.5395838,3712478.033333333,4.65,105.03,2026-10-22,15,262,75.69999694824219,75.85139694213868,75.77569694519043,70.8900015258789,92.33999633789062,3.3903667689203503,0.810231650067172,6.029998234340122,1.413649851176153,yes,83.03,82.29,82.25,76.66,91.8,1.7084,2026-10-07,charts/latest/DXCM.webp,bot,True,bot drawing on chart,bot drawing (review needed): zone 82.29-83.03 entry 82.25 SL 76.66 TP 91.8 R:R 1.71,84.3,6.03,1.27,0.2106,False,,,False,-7.74,4/6,2/5,0.53,14.8,True,no new high: recent high 92.59 is -7.74 ATR vs prior 2.5y high 139.24 (needs >= +1),41,strong_close,2026-09-18,engulfing,2026-10-05,False,True,False,TV drawing by the bot - review needed (f_rr False until approved); TV drawing by the bot - review needed (f_rr False until approved); TV drawing by the bot - review needed (f_rr False until approved); TV drawing by the bot - review needed (f_rr False until approved); TV drawing by the bot - review needed (f_rr False until approved),https://www.tradingview.com/chart/?symbol=NASDAQ:DXCM,https://finviz.com/quote.ashx?t=DXCM,FAIL: rr (bot drawing - review needed)
DAR,FAIL,rr,True,True,True,True,False,False,False,True,True,True,False,60.029998779296875,127632627.82760517,2126147.433333333,4.34,106.26,2026-11-10,34,264,64.11000061035156,66.0199966430664,65.06499862670898,59.85978399004255,66.66000366210938,0.3064244506201337,0.9999999999999998,5.205214636666434,-0.9672991795467372,yes,59.41,57.76,58.72,54.11,66.57,1.7028,2026-10-07,charts/latest/DAR.webp,bot,True,bot drawing on chart,bot drawing (review needed): zone 57.76-59.41 entry 58.72 SL 54.11 TP 66.57 R:R 1.7,60.03,5.2052,0.62,0.1191,False,,,False,0.98,5/7,3/5,0.66,28.7,True,no new high: recent high 69.98 is +0.98 ATR vs prior 2.5y high 64.90 (needs >= +1),2,hammer,2026-10-02,strong_close,2026-10-02,False,True,False,TV drawing by the bot - review needed (f_rr False until approved); TV drawing by the bot - review needed (f_rr False until approved); TV drawing by the bot - review needed (f_rr False until approved); TV drawing by the bot - review needed (f_rr False until approved); TV drawing by the bot - review needed (f_rr False until approved),https://www.tradingview.com/chart/?symbol=NYSE:DAR,https://finviz.com/quote.ashx?t=DAR,FAIL: rr (bot drawing - review needed)
CPAY,FAIL,rr,True,True,True,True,False,True,True,True,True,True,False,402.2099914550781,174635073.5378906,434188.8,4.94,100.49,2026-11-11,35,264,361.79998779296875,364.239990234375,363.0199890136719,342.75701904296875,417.6000061035156,2.6935842657200477,1.0,20.262969970703125,1.9340700054369353,yes,385.97,379.7,381.26,360.37,415.74,1.65,2026-10-05,charts/latest/CPAY.webp,user,False,,,402.21,20.263,16.24,0.8015,False,,,True,1.32,4/7,3/7,0.5,18.9,True,"uptrend: new high +1.3 ATR above prior 2.5y high, 4/7 HH and 3/7 HL, 30w EMA +19% in 26w",14,hammer,2026-10-02,strong_close,2026-10-06,False,True,False,TV R:R 1.65 < 2 (f_rr False),https://www.tradingview.com/chart/?symbol=NYSE:CPAY,https://finviz.com/quote.ashx?t=CPAY,FAIL: rr (TV R:R 1.65 < 2)
EQIX,FAIL,rr,True,True,True,True,False,True,True,True,True,True,False,1031.77001953125,506908266.6723633,491299.6666666667,1.72,101.49,2026-11-04,28,264,780.0664553539755,793.0867422285353,786.5765987912554,727.9265585912393,1100.5514592493814,5.3533613853864,0.9862501226927658,59.46771397085705,4.123135132790794,yes,1011.9,996.85,1003.56,948.29,1094.77,1.65,2026-10-06,charts/latest/EQIX.webp,bot,True,bot drawing on chart,bot drawing (review needed): zone 996.85-1011.9 entry 1003.56 SL 948.29 TP 1094.77 R:R 1.65,1031.77,59.4677,19.87,0.3341,False,,,True,1.49,4/6,1/2,0.58,17.2,True,"uptrend: new high +1.5 ATR above prior 2.5y high, 4/6 HH and 1/2 HL, 30w EMA +17% in 26w",9,strong_close,2026-10-02,strong_close,2026-10-06,False,True,False,TV drawing by the bot - review needed (f_rr False until approved); TV drawing by the bot - review needed (f_rr False until approved); TV drawing by the bot - review needed (f_rr False until approved); TV drawing by the bot - review needed (f_rr False until approved); TV drawing by the bot - review needed (f_rr False until approved),https://www.tradingview.com/chart/?symbol=NASDAQ:EQIX,https://finviz.com/quote.ashx?t=EQIX,FAIL: rr (bot drawing - review needed)
CGNX,FAIL,rr,True,True,True,True,False,True,True,True,True,True,False,61.209999084472656,95668467.99807204,1562954.9,4.26,107.15,2026-10-29,22,264,38.387417887536024,39.02471813408399,38.70606801081001,34.643742606371056,66.7962417602539,6.914801487529639,0.6321918570229088,6.425779388505702,3.502132537247887,yes,59.43,58.32,58.68,52.89,67.81,1.58,2026-09-30,,user,False,,,61.21,6.4258,1.78,0.277,False,,,True,2.05,5/7,4/6,0.69,34.4,True,"uptrend: new high +2.0 ATR above prior 2.5y high, 5/7 HH and 4/6 HL, 30w EMA +34% in 26w",17,engulfing,2026-10-02,strong_close,2026-10-06,False,True,False,TV R:R 1.58 < 2 (f_rr False),https://www.tradingview.com/chart/?symbol=NASDAQ:CGNX,https://finviz.com/quote.ashx?t=CGNX,FAIL: rr (TV R:R 1.58 < 2)
TRV,FAIL,"no_earnings_14d,rr",True,True,False,True,False,True,False,True,True,True,False,360.5350036621094,441773574.87811786,1225327.8333333333,2.98,91.45,2026-10-16,9,264,305.1965026855469,306.353432038302,305.77496736192444,288.61243484281977,383.0,4.499629209856507,0.9598799507995122,17.879873941329326,3.0626634438180864,yes,362.34,357.66,359.93,344.26,384.54,1.57,2026-10-04,charts/latest/TRV.webp,bot,True,bot drawing on chart,bot drawing (review needed): zone 357.66-362.34 entry 359.93 SL 344.26 TP 384.54 R:R 1.57,360.535,17.8799,0.0,0.0,False,,,True,4.91,4/6,4/5,0.73,19.8,True,"uptrend: new high +4.9 ATR above prior 2.5y high, 4/6 HH and 4/5 HL, 30w EMA +20% in 26w",2,hammer,2026-10-02,hammer,2026-10-05,False,True,True,TV drawing by the bot - review needed (f_rr False until approved); TV drawing by the bot - review needed (f_rr False until approved); TV drawing by the bot - review needed (f_rr False until approved); TV drawing by the bot - review needed (f_rr False until approved); TV drawing by the bot - review needed (f_rr False until approved),https://www.tradingview.com/chart/?symbol=NYSE:TRV,https://finviz.com/quote.ashx?t=TRV,"FAIL: no_earnings_14d, rr (bot drawing - review needed)"
FWONK,FAIL,rr,True,True,True,True,False,True,False,False,True,True,False,95.5199966430664,210465382.37945125,2203364.6333333333,4.06,89.97,2026-10-30,23,264,91.58999633789062,93.2249984741211,92.40749740600586,86.55356815883091,105.63999938964844,2.2604478846457643,1.0000000000000002,5.8539292471749445,0.5316940307337353,yes,95.69,93.9,94.74,87.59,105.43,1.4951,2026-10-07,charts/latest/FWONK.webp,user,False,,,95.52,5.8539,0.0,0.0,False,,,False,-0.35,3/5,3/6,0.55,4.6,True,no new high: recent high 107.31 is -0.35 ATR vs prior 2.5y high 109.36 (needs >= +1),0,,,hammer,2026-10-07,False,True,False,TV R:R 1.4951 < 2 (f_rr False),https://www.tradingview.com/chart/?symbol=NASDAQ:FWONK,https://finviz.com/quote.ashx?t=FWONK,FAIL: rr (TV R:R 1.4951 < 2)
VLTO,FAIL,rr,True,True,True,True,False,False,True,True,True,True,False,95.72000122070312,140178939.3703481,1464468.6333333333,2.73,100.92,2026-10-28,21,158,90.84608459472656,92.61746779485162,91.73177619478909,87.30749030611722,99.08999633789062,1.663143008443877,1.0,4.424285888671875,0.9014392664193899,yes,92.62,90.85,92.02,87.52,98.68,1.48,2026-10-07,charts/latest/VLTO.webp,bot,True,bot drawing on chart,bot drawing (review needed): zone 90.85-92.62 entry 92.02 SL 87.52 TP 98.68 R:R 1.48,95.72,4.4243,3.1,0.7007,False,,,False,-2.66,2/5,2/6,0.37,-2.1,False,"no new high: recent high 102.25 is -2.66 ATR vs prior 2.5y high 114.01 (needs >= +1); choppy swings: 2/5 higher highs, 2/6 higher lows; 30w EMA falling (-2% in 26w)",18,strong_close,2026-09-25,hammer,2026-10-07,False,True,False,TV drawing by the bot - review needed (f_rr False until approved); TV drawing by the bot - review needed (f_rr False until approved); TV drawing by the bot - review needed (f_rr False until approved); TV drawing by the bot - review needed (f_rr False until approved); TV drawing by the bot - review needed (f_rr False until approved),https://www.tradingview.com/chart/?symbol=NYSE:VLTO,https://finviz.com/quote.ashx?t=VLTO,FAIL: rr (bot drawing - review needed)
WAB,FAIL,rr,True,True,True,True,False,True,True,True,True,True,False,282.45001220703125,208396514.80655926,737817.3333333334,2.17,96.0,2026-10-28,21,264,266.67999267578125,275.2208124024074,270.9504025390943,255.48741065281502,302.4877564025922,2.039537632525169,0.9999999999999998,15.462991886279273,0.7436859407616244,yes,278.51,273.48,276.42,259.64,301.16,1.4744,2026-10-02,charts/latest/WAB.webp,user,False,,,282.45,15.463,3.94,0.2548,False,,,True,2.01,5/6,5/7,0.77,18.7,True,"uptrend: new high +2.0 ATR above prior 2.5y high, 5/6 HH and 5/7 HL, 30w EMA +19% in 26w",9,hammer,2026-10-02,strong_close,2026-10-05,False,True,False,TV R:R 1.4744 < 2 (f_rr False),https://www.tradingview.com/chart/?symbol=NYSE:WAB,https://finviz.com/quote.ashx?t=WAB,FAIL: rr (TV R:R 1.4744 < 2)
ADP,FAIL,rr,True,True,True,True,False,True,False,True,True,True,False,264.0,530489511.2,2009429.9666666666,2.66,92.23,2026-10-28,21,264,228.73956298828125,233.82815399089716,231.2838584895892,217.58955604218997,285.6518859863281,3.970120252971653,0.9999999999999998,13.694302447399227,2.38903307679057,yes,262.33,260.49,262.02,246.47,284.1,1.4199,2026-10-07,charts/latest/ADP.webp,user,False,,,264.0,13.6943,1.67,0.1219,False,,,False,-2.28,1/4,2/6,0.29,6.1,True,"no new high: recent high 286.17 is -2.28 ATR vs prior 2.5y high 317.38 (needs >= +1); choppy swings: 1/4 higher highs, 2/6 higher lows",2,hammer,2026-09-11,strong_close,2026-10-06,False,True,False,TV R:R 1.4199 < 2 (f_rr False),https://www.tradingview.com/chart/?symbol=NASDAQ:ADP,https://finviz.com/quote.ashx?t=ADP,FAIL: rr (TV R:R 1.4199 < 2)
VOYA,FAIL,rr,True,True,True,True,False,True,True,True,True,True,False,96.75,96138710.92500001,993681.7666666667,3.76,103.97,2026-11-03,27,264,77.40950012207031,78.62838351894207,78.0189418205062,72.83303165976523,104.18000030517578,5.0446416682489605,1.0000000000000004,5.185910160740971,3.611913357330023,yes,97.3,96.63,96.61,91.53,103.7,1.3957,2026-10-07,charts/latest/VOYA.webp,bot,True,bot drawing on chart,bot drawing (review needed): zone 96.63-97.3 entry 96.61 SL 91.53 TP 103.7 R:R 1.39,96.75,5.1859,0.0,0.0,False,,,True,4.88,6/6,3/4,0.88,30.3,True,"uptrend: new high +4.9 ATR above prior 2.5y high, 6/6 HH and 3/4 HL, 30w EMA +30% in 26w",15,hammer,2026-10-02,hammer,2026-10-07,False,True,False,TV drawing by the bot - review needed (f_rr False until approved); TV drawing by the bot - review needed (f_rr False until approved); TV drawing by the bot - review needed (f_rr False until approved); TV drawing by the bot - review needed (f_rr False until approved); TV drawing by the bot - review needed (f_rr False until approved),https://www.tradingview.com/chart/?symbol=NYSE:VOYA,https://finviz.com/quote.ashx?t=VOYA,FAIL: rr (bot drawing - review needed)
PR,FAIL,rr,True,True,True,True,False,False,False,True,True,True,False,22.170000076293945,210733677.47420087,9505353.033333333,2.66,88.5,2026-11-10,34,264,21.78944947590495,22.336154565538486,22.06280202072172,20.553078494403376,24.061764464624872,1.3240586167308943,1.0000000000000002,1.5097235263183426,0.07100509047086435,yes,22.34,21.79,22.14,20.82,23.93,1.35,2026-10-04,charts/latest/PR.webp,bot,True,bot drawing on chart,bot drawing (review needed): zone 21.79-22.34 entry 22.14 SL 20.82 TP 23.93 R:R 1.35,22.17,1.5097,0.0,0.0,False,,,True,1.87,5/7,2/5,0.56,25.4,True,"uptrend: new high +1.9 ATR above prior 2.5y high, 5/7 HH and 2/5 HL, 30w EMA +25% in 26w",2,hammer,2026-10-02,hammer,2026-10-06,False,True,False,TV drawing by the bot - review needed (f_rr False until approved); TV drawing by the bot - review needed (f_rr False until approved); TV drawing by the bot - review needed (f_rr False until approved); TV drawing by the bot - review needed (f_rr False until approved); TV drawing by the bot - review needed (f_rr False until approved),https://www.tradingview.com/chart/?symbol=NYSE:PR,https://finviz.com/quote.ashx?t=PR,FAIL: rr (bot drawing - review needed)
VRTX,FAIL,rr,True,True,True,True,False,True,True,True,True,True,False,505.6400146484375,492487441.4247396,973988.2666666667,1.87,98.18,2026-11-09,33,264,444.010009765625,444.89802978515627,444.45401977539063,426.000009765625,548.97998046875,5.664132653989326,0.5941271076764298,31.06071036202567,1.969883951780185,yes,507.84,496.62,502.72,469.92,546.93,1.3479,2026-10-07,charts/latest/VRTX.webp,user,False,,,505.64,31.0607,0.0,0.0,False,,,True,1.3,5/7,5/7,0.71,8.6,True,"uptrend: new high +1.3 ATR above prior 2.5y high, 5/7 HH and 5/7 HL, 30w EMA +9% in 26w",12,engulfing,2026-09-25,hammer,2026-10-06,False,True,False,TV R:R 1.3479 < 2 (f_rr False),https://www.tradingview.com/chart/?symbol=NASDAQ:VRTX,https://finviz.com/quote.ashx?t=VRTX,FAIL: rr (TV R:R 1.3479 < 2)
NEM,FAIL,rr,True,True,True,True,False,False,True,True,True,,False,113.54000091552734,765387936.6490225,6741130.266666667,1.59,81.86,2026-10-22,15,263,120.3677978515625,121.46294861920876,120.91537323538563,111.7157700472497,133.1228732047779,1.326959404633389,1.0000000000000002,9.199603188135923,-0.8017054832723418,yes,,,120.26,110.62,132.29,1.2479,2026-10-07,charts/latest/NEM.webp,user,False,user-edited bot drawing,levels changed vs the bot drawing (zone 120.37-121.46 entry 120.26 SL 110.62 TP 132.29 R:R 1.25) -> user-owned,,,,,False,,,False,0.11,3/7,3/5,0.51,10.2,True,no new high: recent high 135.01 is +0.11 ATR vs prior 2.5y high 134.02 (needs >= +1),14,hammer,2026-09-18,strong_close,2026-10-07,False,True,False,TV R:R 1.2479 < 2 (f_rr False),https://www.tradingview.com/chart/?symbol=NYSE:NEM,https://finviz.com/quote.ashx?t=NEM,FAIL: rr (TV R:R 1.2479 < 2)
CLH,FAIL,rr,True,True,True,True,False,True,True,True,True,True,False,315.635009765625,114185078.55900879,361763.0333333333,2.25,95.26,2026-11-04,28,264,293.20001220703125,294.94000244140625,294.07000732421875,280.06000845772877,324.6300048828125,2.181299074312499,1.0000000000000018,14.009998866489955,1.5392579718894093,yes,313.83,310.97,312.61,298.94,324.23,0.85,2026-10-02,charts/latest/CLH.webp,user,False,,,315.635,14.01,1.805,0.1288,False,,,True,1.35,5/7,3/6,0.61,15.1,True,"uptrend: new high +1.4 ATR above prior 2.5y high, 5/7 HH and 3/6 HL, 30w EMA +15% in 26w",6,hammer,2026-10-02,strong_close,2026-10-02,True,True,False,TV R:R 0.85 < 2 (f_rr False),https://www.tradingview.com/chart/?symbol=NYSE:CLH,https://finviz.com/quote.ashx?t=CLH,FAIL: rr (TV R:R 0.85 < 2)
THG,FAIL,rr,True,True,True,True,False,True,False,True,True,,False,217.61500549316406,58443977.05761007,268565.93333333335,2.16,92.99,2026-10-28,21,264,178.01681518554688,178.7953795713839,178.4060973784654,169.29469008273662,228.07000732421875,5.450739752248222,0.9243117371919278,9.857504702265674,3.9775693036886692,yes,,,223,213.42,230.72,0.8058,2026-10-07,charts/latest/THG.webp,user,False,user-edited bot drawing,levels changed vs the bot drawing (zone 220.67-224.33 entry 223.0 SL 213.42 TP 230.72 R:R 0.81) -> user-owned,,,,,False,,,True,5.03,7/9,4/5,0.79,20.7,True,"uptrend: new high +5.0 ATR above prior 2.5y high, 7/9 HH and 4/5 HL, 30w EMA +21% in 26w",2,hammer,2026-10-02,strong_close,2026-10-02,False,True,False,TV R:R 0.8058 < 2 (f_rr False),https://www.tradingview.com/chart/?symbol=NYSE:THG,https://finviz.com/quote.ashx?t=THG,FAIL: rr (TV R:R 0.8058 < 2)
ACIW,FAIL,"dollar_vol,short_float,rr",False,False,True,True,False,True,False,True,True,,False,50.650001525878906,36856842.84868037,727677.0333333333,6.49,103.97,2026-10-29,22,264,45.5099983215332,48.540000915527344,47.02499961853027,43.45892824445452,58.38999938964844,3.1869804552253855,1.0000000000000002,3.5660713740757535,1.0165253375749252,,,,,,,,,,,False,,,,,,,,,,False,0.38,2/6,3/4,0.54,12.9,True,no new high: recent high 61.08 is +0.38 ATR vs prior 2.5y high 59.71 (needs >= +1),2,strong_close,2026-10-02,strong_close,2026-10-07,False,True,False,no TV drawing read (f_rr False),https://www.tradingview.com/chart/?symbol=NASDAQ:ACIW,https://finviz.com/quote.ashx?t=ACIW,"$vol(30d) $36.9M < $50M | FAIL: dollar_vol, short_float, rr (no TV drawing read)"
ADUS,FAIL,"dollar_vol,rr",False,True,True,True,False,True,True,True,True,,False,113.2699966430664,23395502.483304344,206546.33333333334,4.85,104.84,2026-11-02,26,264,99.79000091552734,103.5,101.64500045776367,94.6855000087193,121.01000213623047,2.782527542063147,1.0000000000000009,6.959500449044364,1.6703779632486422,,,,,,,,,,,False,,,,,,,,,,False,-1.95,3/5,1/5,0.4,2.9,True,"no new high: recent high 123.14 is -1.95 ATR vs prior 2.5y high 136.72 (needs >= +1); choppy swings: 3/5 higher highs, 1/5 higher lows",20,strong_close,2026-09-04,strong_close,2026-10-05,True,True,False,no TV drawing read (f_rr False),https://www.tradingview.com/chart/?symbol=NASDAQ:ADUS,https://finviz.com/quote.ashx?t=ADUS,"$vol(30d) $23.4M < $50M | FAIL: dollar_vol, rr (no TV drawing read)"
AGIO,FAIL,"dollar_vol,short_float,rr",False,False,True,True,False,False,False,False,True,,False,31.790000915527344,26962962.67051239,848158.6,12.97,113.55,2026-10-29,22,264,30.229999542236328,31.020000457763672,30.625,26.915356499808176,33.83000183105469,0.8639649149275284,0.9999999999999998,3.7096435001918246,0.314046596517186,,,,,,,,,,,False,,,,,,,,,,False,-4.98,5/8,4/6,0.65,4.4,True,no new high: recent high 44.09 is -4.98 ATR vs prior 2.5y high 62.58 (needs >= +1),2,,,hammer,2026-10-06,False,True,False,no TV drawing read (f_rr False),https://www.tradingview.com/chart/?symbol=NASDAQ:AGIO,https://finviz.com/quote.ashx?t=AGIO,"$vol(30d) $27.0M < $50M | FAIL: dollar_vol, short_float, rr (no TV drawing read)"
AGYS,FAIL,"dollar_vol,short_float,rr",False,False,True,True,False,False,True,True,True,,False,101.91999816894531,23033056.663530476,225991.53333333333,6.38,105.85,2026-11-02,26,264,110.80999755859375,112.12000274658203,111.46500015258789,101.77589362008231,117.87999725341797,0.66208345210249,0.9999999999999997,9.68910653250558,-0.9851271581771187,,,,,,,,,,,False,,,,,,,,,,False,-2.44,2/5,2/4,0.45,6.7,True,"no new high: recent high 121.59 is -2.44 ATR vs prior 2.5y high 145.25 (needs >= +1); choppy swings: 2/5 higher highs, 2/4 higher lows",17,hammer,2026-10-02,engulfing,2026-10-07,False,True,False,no TV drawing read (f_rr False),https://www.tradingview.com/chart/?symbol=NASDAQ:AGYS,https://finviz.com/quote.ashx?t=AGYS,"$vol(30d) $23.0M < $50M | FAIL: dollar_vol, short_float, rr (no TV drawing read)"
ALRM,FAIL,"dollar_vol,short_float,rr",False,False,True,True,False,True,False,True,True,,False,54.68000030517578,22520027.387020364,411851.26666666666,6.39,99.87,2026-11-05,29,264,47.599998474121094,48.619998931884766,48.10999870300293,44.95171301705496,57.529998779296875,2.9826307728290615,1.0000000000000009,3.158285685947963,2.0802429721302613,,,,,,,,,,,False,,,,,,,,,,False,-4.38,1/6,1/5,0.18,5.9,True,"no new high: recent high 58.15 is -4.38 ATR vs prior 2.5y high 71.98 (needs >= +1); choppy swings: 1/6 higher highs, 1/5 higher lows",2,engulfing,2026-10-02,hammer,2026-10-07,False,True,False,no TV drawing read (f_rr False),https://www.tradingview.com/chart/?symbol=NASDAQ:ALRM,https://finviz.com/quote.ashx?t=ALRM,"$vol(30d) $22.5M < $50M | FAIL: dollar_vol, short_float, rr (no TV drawing read)"
AMCX,FAIL,"dollar_vol,short_float,rr",False,False,True,True,False,True,False,True,True,,False,10.739999771118164,6515112.623155404,606621.3,22.95,82.29,2026-10-30,23,263,8.350000381469727,8.890000343322754,8.62000036239624,7.444286073957171,12.65999984741211,3.436208545512833,0.9999999999999998,1.1757142884390694,1.8031586666659714,,,,,,,,,,,False,,,,,,,,,,False,-4.81,5/6,4/7,0.7,33.9,True,no new high: recent high 12.93 is -4.81 ATR vs prior 2.5y high 18.58 (needs >= +1),0,strong_close,2026-09-25,hammer,2026-10-02,False,True,False,no TV drawing read (f_rr False),https://www.tradingview.com/chart/?symbol=NASDAQ:AMCX,https://finviz.com/quote.ashx?t=AMCX,"$vol(30d) $6.5M < $50M | FAIL: dollar_vol, short_float, rr (no TV drawing read)"
AMLX,FAIL,"dollar_vol,short_float,rr",False,False,True,True,False,True,False,False,True,,False,27.43000030517578,42186289.90034866,1537961.7,12.72,85.61,2026-11-05,29,249,18.360000610351562,18.604999542236328,18.482500076293945,15.599999656677246,38.65999984741211,6.999998901579092,0.7019018355349218,4.106700216020856,2.178756607062841,,,,,,,,,,,False,,,,,,,,,,True,5.76,5/7,2/4,0.61,72.4,True,"uptrend: new high +5.8 ATR above prior 2.5y high, 5/7 HH and 2/4 HL, 30w EMA +72% in 26w",4,,,hammer,2026-10-06,False,True,False,no TV drawing read (f_rr False),https://www.tradingview.com/chart/?symbol=NASDAQ:AMLX,https://finviz.com/quote.ashx?t=AMLX,"$vol(30d) $42.2M < $50M | FAIL: dollar_vol, short_float, rr (no TV drawing read)"
ANGO,FAIL,"dollar_vol,no_earnings_14d,rr",False,True,False,True,False,True,False,True,True,,False,14.1899995803833,7431101.282252693,523685.8,3.61,91.04,2026-10-08,1,262,11.4399995803833,11.640000343322754,11.539999961853027,10.420000305175781,15.850000381469727,3.848215839997107,0.9942926877971953,1.1264285360063826,2.3525679027322317,,,,,,,,,,,False,,,,,,,,,,False,2.04,4/6,1/4,0.46,25.0,True,"choppy swings: 4/6 higher highs, 1/4 higher lows",0,hammer,2026-09-25,engulfing,2026-10-05,False,True,True,no TV drawing read (f_rr False),https://www.tradingview.com/chart/?symbol=NASDAQ:ANGO,https://finviz.com/quote.ashx?t=ANGO,"$vol(30d) $7.4M < $50M | FAIL: dollar_vol, no_earnings_14d, rr (no TV drawing read)"
APLE,FAIL,"dollar_vol,short_float,rr",False,False,True,True,False,True,True,True,True,,False,16.049999237060547,38914568.67518934,2424583.8333333335,7.53,88.71,2026-11-05,29,264,11.915043554415211,12.193927213344299,12.054485383879754,11.33403856807291,16.609324587361524,6.322242119122561,1.000000000000001,0.7204468158068443,5.5458831457338436,,,,,,,,,,,False,,,,,,,,,,True,3.87,4/5,2/3,0.73,31.1,True,"uptrend: new high +3.9 ATR above prior 2.5y high, 4/5 HH and 2/3 HL, 30w EMA +31% in 26w",8,strong_close,2026-10-02,rejection,2026-10-05,False,True,False,no TV drawing read (f_rr False),https://www.tradingview.com/chart/?symbol=NYSE:APLE,https://finviz.com/quote.ashx?t=APLE,"$vol(30d) $38.9M < $50M | FAIL: dollar_vol, short_float, rr (no TV drawing read)"
ARCB,FAIL,"dollar_vol,short_float,rr",False,False,True,True,False,True,False,True,True,,False,126.87000274658203,28326616.52023697,223272.76666666666,6.16,103.7,2026-11-03,27,264,125.5844955444336,134.8471256863653,130.21581061539945,118.2939583337523,159.66820345796373,2.4704544349961597,0.9999999999999996,11.921852281647153,-0.2806449694036262,,,,,,,,,,,False,,,,,,,,,,True,2.26,4/7,3/5,0.59,47.2,True,"uptrend: new high +2.3 ATR above prior 2.5y high, 4/7 HH and 3/5 HL, 30w EMA +47% in 26w",2,engulfing,2026-10-02,strong_close,2026-10-07,False,True,False,no TV drawing read (f_rr False),https://www.tradingview.com/chart/?symbol=NASDAQ:ARCB,https://finviz.com/quote.ashx?t=ARCB,"$vol(30d) $28.3M < $50M | FAIL: dollar_vol, short_float, rr (no TV drawing read)"
ASH,FAIL,"dollar_vol,short_float,rr",False,False,True,True,False,True,True,True,True,,False,70.67500305175781,43109801.23148804,609972.4,9.74,117.89,2026-11-10,34,264,67.5309829711914,67.58069962796111,67.55584129957626,63.87200439401436,76.01213073730469,2.2955113525685764,0.8289170773005542,4.444156124227354,0.7018569251375797,,,,,,,,,,,False,,,,,,,,,,False,-4.23,6/7,6/8,0.8,18.8,True,no new high: recent high 77.80 is -4.23 ATR vs prior 2.5y high 96.58 (needs >= +1),14,hammer,2026-10-02,strong_close,2026-10-06,False,True,False,no TV drawing read (f_rr False),https://www.tradingview.com/chart/?symbol=NYSE:ASH,https://finviz.com/quote.ashx?t=ASH,"$vol(30d) $43.1M < $50M | FAIL: dollar_vol, short_float, rr (no TV drawing read)"
ATEX,FAIL,"dollar_vol,short_float,rr",False,False,True,True,False,True,False,True,True,,False,81.18000030517578,22818090.72177887,281080.2,8.62,97.42,2026-11-18,42,264,39.599998474121094,40.334999084472656,39.967498779296875,29.289999237060545,107.12999725341797,6.290096123015554,0.9424570728688219,11.329427991594587,3.637650687788904,,,,,,,,,,,False,,,,,,,,,,True,6.14,2/4,1/2,0.5,146.9,True,"uptrend: new high +6.1 ATR above prior 2.5y high, 2/4 HH and 1/2 HL, 30w EMA +147% in 26w",2,strong_close,2026-10-02,hammer,2026-10-05,False,True,False,no TV drawing read (f_rr False),https://www.tradingview.com/chart/?symbol=NASDAQ:ATEX,https://finviz.com/quote.ashx?t=ATEX,"$vol(30d) $22.8M < $50M | FAIL: dollar_vol, short_float, rr (no TV drawing read)"
AVNT,FAIL,"dollar_vol,rr",False,True,True,True,False,True,False,True,True,,False,41.0099983215332,24500428.32124074,597425.7333333333,4.54,105.9,2026-10-29,22,264,37.674944182521905,38.25668255857597,37.965813370548936,34.9566235435248,46.0345458984375,2.681363752936761,1.000000000000001,3.009189827024134,1.0116294172091962,,,,,,,,,,,False,,,,,,,,,,False,-1.74,4/7,3/6,0.54,12.7,True,no new high: recent high 46.33 is -1.74 ATR vs prior 2.5y high 51.58 (needs >= +1),2,hammer,2026-10-02,hammer,2026-10-07,False,True,False,no TV drawing read (f_rr False),https://www.tradingview.com/chart/?symbol=NYSE:AVNT,https://finviz.com/quote.ashx?t=AVNT,"$vol(30d) $24.5M < $50M | FAIL: dollar_vol, rr (no TV drawing read)"
AWR,FAIL,"dollar_vol,rr",False,True,True,True,False,True,True,True,True,,False,81.47000122070312,16387641.8635437,201149.4,2.64,84.51,2026-11-09,33,264,78.7132774468711,80.16452552542472,79.43890148614791,75.94281551375744,89.87999725341797,2.9865100142634304,0.9999999999999989,3.4960859723904787,0.5809638980835562,,,,,,,,,,,False,,,,,,,,,,True,2.45,4/7,4/8,0.54,11.7,True,"uptrend: new high +2.5 ATR above prior 2.5y high, 4/7 HH and 4/8 HL, 30w EMA +12% in 26w",9,hammer,2026-10-02,hammer,2026-10-05,False,True,False,no TV drawing read (f_rr False),https://www.tradingview.com/chart/?symbol=NYSE:AWR,https://finviz.com/quote.ashx?t=AWR,"$vol(30d) $16.4M < $50M | FAIL: dollar_vol, rr (no TV drawing read)"
AZZ,FAIL,"dollar_vol,no_earnings_14d,rr",False,True,False,True,False,False,False,True,True,,False,138.3699951171875,31114250.7010376,224862.7,3.48,95.21,2026-10-13,6,264,147.70272327255307,151.41650713337526,149.55961520296415,140.16687437828435,151.35000610351562,0.19061431950162488,0.9999999999999989,9.392740824679816,-1.1913051040837264,,,,,,,,,,,False,,,,,,,,,,True,2.26,3/4,4/4,0.88,17.3,True,"uptrend: new high +2.3 ATR above prior 2.5y high, 3/4 HH and 4/4 HL, 30w EMA +17% in 26w",2,hammer,2026-10-02,hammer,2026-10-07,False,True,True,no TV drawing read (f_rr False),https://www.tradingview.com/chart/?symbol=NYSE:AZZ,https://finviz.com/quote.ashx?t=AZZ,"$vol(30d) $31.1M < $50M | FAIL: dollar_vol, no_earnings_14d, rr (no TV drawing read)"
BANR,FAIL,"dollar_vol,rr",False,True,True,True,False,True,False,True,True,,False,66.19999694824219,17822875.125048827,269227.73333333334,3.82,86.62,2026-10-21,14,264,65.48006745871781,67.44938938233389,66.46472842052586,63.26711080891497,74.01000213623047,2.359654790587506,0.9999999999999997,3.1976176116108883,-0.08279022210861083,,,,,,,,,,,False,,,,,,,,,,False,0.28,3/7,3/5,0.51,10.1,True,no new high: recent high 74.84 is +0.28 ATR vs prior 2.5y high 73.94 (needs >= +1),2,hammer,2026-10-02,hammer,2026-10-07,False,True,False,no TV drawing read (f_rr False),https://www.tradingview.com/chart/?symbol=NASDAQ:BANR,https://finviz.com/quote.ashx?t=BANR,"$vol(30d) $17.8M < $50M | FAIL: dollar_vol, rr (no TV drawing read)"
BBNX,FAIL,"dollar_vol,short_float,history,rr",False,False,True,False,False,False,False,True,True,,False,18.079999923706055,22943222.185850907,1268983.5333333334,23.63,81.07,2026-10-27,20,89,17.290000915527344,17.8700008392334,17.58000087738037,14.62285784312657,22.110000610351562,1.5318838759229245,1.0000000000000002,2.9571430342538014,0.16908179297855716,,,,,,,,,,,False,,,,,,,,,,,,,,,,,not enough history (89 weekly bars < 130),0,engulfing,2026-09-18,hammer,2026-10-02,False,True,False,no TV drawing read (f_rr False),https://www.tradingview.com/chart/?symbol=NASDAQ:BBNX,https://finviz.com/quote.ashx?t=BBNX,"$vol(30d) $22.9M < $50M | FAIL: dollar_vol, short_float, history, rr (no TV drawing read)"
BBY,FAIL,"short_float,rr",True,False,True,True,False,True,True,True,True,,False,84.58499908447266,331877254.10734177,3923594.7,8.11,96.81,2026-11-24,48,262,67.73250579833984,67.83831605019272,67.78541092426627,61.01714964039976,92.8499984741211,3.70325353863055,1.0000000000000002,6.768261283866514,2.4821128286302296,,,,,,,,,,,False,,,,,,,,,,False,0.45,4/8,3/6,0.5,20.4,True,no new high: recent high 96.53 is +0.45 ATR vs prior 2.5y high 93.46 (needs >= +1),17,strong_close,2026-09-18,hammer,2026-10-05,False,True,False,no TV drawing read (f_rr False),https://www.tradingview.com/chart/?symbol=NYSE:BBY,https://finviz.com/quote.ashx?t=BBY,"short float 8.11% >= 5% | FAIL: short_float, rr (no TV drawing read)"
BELFB,FAIL,"dollar_vol,short_float,rr",False,False,True,True,False,True,True,True,True,,False,246.72000122070312,36696746.45356546,148738.43333333332,5.95,88.37,2026-10-28,21,264,236.81078124779356,240.48876468986643,238.64977296883,211.54350175837195,294.42999267578125,2.0578344868559526,0.9999999999999999,27.106271210458065,0.2977255037852453,,,,,,,,,,,False,,,,,,,,,,True,3.2,5/6,1/2,0.67,36.7,True,"uptrend: new high +3.2 ATR above prior 2.5y high, 5/6 HH and 1/2 HL, 30w EMA +37% in 26w",13,hammer,2026-10-02,hammer,2026-10-05,True,True,False,no TV drawing read (f_rr False),https://www.tradingview.com/chart/?symbol=NASDAQ:BELFB,https://finviz.com/quote.ashx?t=BELFB,"$vol(30d) $36.7M < $50M | FAIL: dollar_vol, short_float, rr (no TV drawing read)"
BFH,FAIL,"dollar_vol,short_float,rr",False,False,True,True,False,True,True,True,True,,False,97.66000366210938,48359130.868064374,495178.4666666667,7.49,104.17,2026-10-22,15,264,90.1479721069336,90.86453921500193,90.50625566096775,82.65689119664451,113.15333557128906,2.885211919163177,1.0000000000000004,7.849364464323242,0.9113792630800468,,,,,,,,,,,False,,,,,,,,,,True,4.19,6/8,5/6,0.79,37.9,True,"uptrend: new high +4.2 ATR above prior 2.5y high, 6/8 HH and 5/6 HL, 30w EMA +38% in 26w",12,hammer,2026-09-18,hammer,2026-10-05,False,True,False,no TV drawing read (f_rr False),https://www.tradingview.com/chart/?symbol=NYSE:BFH,https://finviz.com/quote.ashx?t=BFH,"$vol(30d) $48.4M < $50M | FAIL: dollar_vol, short_float, rr (no TV drawing read)"
BILL,FAIL,"short_float,rr",True,False,True,True,False,False,True,True,True,,False,44.0,71933948.53333333,1634862.4666666666,14.94,105.13,2026-10-29,22,264,41.83000183105469,43.29999923706055,42.56500053405762,38.60321453639439,50.310001373291016,1.9549266022449514,1.0000000000000007,3.9617859976632253,0.36221024224649856,,,,,,,,,,,False,,,,,,,,,,False,-12.01,3/5,1/5,0.4,-3.7,False,"no new high: recent high 52.60 is -12.01 ATR vs prior 2.5y high 100.19 (needs >= +1); choppy swings: 3/5 higher highs, 1/5 higher lows; 30w EMA falling (-4% in 26w)",6,hammer,2026-10-02,engulfing,2026-10-05,False,True,False,no TV drawing read (f_rr False),https://www.tradingview.com/chart/?symbol=NYSE:BILL,https://finviz.com/quote.ashx?t=BILL,"short float 14.94% >= 5% | FAIL: short_float, rr (no TV drawing read)"
BJRI,FAIL,"dollar_vol,short_float,no_earnings_14d,rr",False,False,False,True,False,True,False,True,True,,False,59.31999969482422,25290148.568559773,426334.26666666666,10.61,100.06,2026-10-15,8,264,44.400001525878906,44.540000915527344,44.470001220703125,40.010000457763674,69.55000305175781,5.623317834260911,0.8624310231391401,5.171428952898298,2.8715464544472757,,,,,,,,,,,False,,,,,,,,,,True,5.33,1/2,1/2,0.5,47.2,True,"uptrend: new high +5.3 ATR above prior 2.5y high, 1/2 HH and 1/2 HL, 30w EMA +47% in 26w",2,hammer,2026-10-02,strong_close,2026-10-02,False,True,True,no TV drawing read (f_rr False),https://www.tradingview.com/chart/?symbol=NASDAQ:BJRI,https://finviz.com/quote.ashx?t=BJRI,"$vol(30d) $25.3M < $50M | FAIL: dollar_vol, short_float, no_earnings_14d, rr (no TV drawing read)"
BLKB,FAIL,"dollar_vol,short_float,rr",False,False,True,True,False,False,False,True,True,,False,44.52000045776367,18073953.761840057,405973.8,10.63,88.48,2026-11-04,28,263,,,,,,,,,,,,,,,,,,,,False,,,,,,,,,,False,-9.16,2/5,2/6,0.37,-20.1,False,"no new high: recent high 49.54 is -9.16 ATR vs prior 2.5y high 88.95 (needs >= +1); choppy swings: 2/5 higher highs, 2/6 higher lows; 30w EMA falling (-20% in 26w)",2,hammer,2026-09-25,engulfing,2026-10-07,False,True,False,no computed weekly retest setup; no TV drawing read (f_rr False),https://www.tradingview.com/chart/?symbol=NASDAQ:BLKB,https://finviz.com/quote.ashx?t=BLKB,"$vol(30d) $18.1M < $50M | FAIL: dollar_vol, short_float, rr (no TV drawing read)"
BXC,FAIL,"dollar_vol,short_float,rr",False,False,True,True,False,True,False,True,True,,False,70.88999938964844,10595902.215770975,149469.63333333333,5.77,92.67,2026-11-03,27,263,65.27999877929688,65.41055877685547,65.34527877807616,54.67185010637555,90.36000061035156,2.34364444656843,0.9999999999999999,10.673428671700615,0.5194882340173849,,,,,,,,,,,False,,,,,,,,,,False,-3.84,4/7,3/6,0.54,5.5,True,no new high: recent high 93.80 is -3.84 ATR vs prior 2.5y high 134.79 (needs >= +1),2,hammer,2026-09-11,strong_close,2026-10-05,False,True,False,no TV drawing read (f_rr False),https://www.tradingview.com/chart/?symbol=NYSE:BXC,https://finviz.com/quote.ashx?t=BXC,"$vol(30d) $10.6M < $50M | FAIL: dollar_vol, short_float, rr (no TV drawing read)"
C,FAIL,"no_earnings_14d,rr",True,True,False,True,False,True,False,True,True,,False,127.29000091552734,1097073817.4876518,8618695.966666667,1.48,82.7,2026-10-13,6,264,121.49465942382812,121.77193023361565,121.63329482872189,113.50698886654733,139.3300018310547,2.177706215432388,1.0000000000000007,8.12630596217455,0.6960980934185447,,,,,,,,,,,False,,,,,,,,,,True,2.82,5/6,3/4,0.79,20.6,True,"uptrend: new high +2.8 ATR above prior 2.5y high, 5/6 HH and 3/4 HL, 30w EMA +21% in 26w",2,hammer,2026-09-25,hammer,2026-10-07,False,True,True,no TV drawing read (f_rr False),https://www.tradingview.com/chart/?symbol=NYSE:C,https://finviz.com/quote.ashx?t=C,"FAIL: no_earnings_14d, rr (no TV drawing read)"
CACI,FAIL,rr,True,True,True,True,False,False,False,True,True,,True,581.75,151473544.0833333,260375.66666666666,4.48,101.71,2026-10-28,21,262,621.5900268554688,635.3400268554688,628.4650268554688,581.0028795514788,670.5399780273438,0.8864948924958975,0.9999999999999992,47.46214730398996,-0.9842586041517257,no,,,,,,,2026-10-07,charts/latest/CACI.webp,,False,,,,,,,,,,False,-0.0,4/8,4/7,0.54,0.5,True,no new high: recent high 683.39 is -0.00 ATR vs prior 2.5y high 683.50 (needs >= +1),2,hammer,2026-09-11,hammer,2026-09-28,False,True,False,TV drawing not found (f_rr False),https://www.tradingview.com/chart/?symbol=NYSE:CACI,https://finviz.com/quote.ashx?t=CACI,FAIL: rr (TV drawing not found)
CBL,FAIL,"dollar_vol,rr",False,True,True,True,False,True,False,True,True,,False,48.56999969482422,13885648.07075348,285889.4,4.11,80.05,2026-11-16,40,258,36.42353221197997,36.59642902712554,36.50998061955275,34.237916803251835,58.48068588652372,9.66993317236172,0.6290475210098212,3.6119112474261557,3.338957756469079,,,,,,,,,,,False,,,,,,,,,,True,4.85,2/2,1/1,1.0,44.7,True,"uptrend: new high +4.9 ATR above prior 2.5y high, 2/2 HH and 1/1 HL, 30w EMA +45% in 26w",1,engulfing,2026-10-02,rejection,2026-10-07,False,True,False,no TV drawing read (f_rr False),https://www.tradingview.com/chart/?symbol=NYSE:CBL,https://finviz.com/quote.ashx?t=CBL,"$vol(30d) $13.9M < $50M | FAIL: dollar_vol, rr (no TV drawing read)"
CCSI,FAIL,"dollar_vol,short_float,rr",False,False,True,True,False,True,False,True,True,,False,35.869998931884766,5361206.563023885,149462.13333333333,6.28,100.63,2026-11-05,29,263,30.549999237060547,31.665000915527344,31.107500076293945,27.67035702296666,39.06999969482422,2.3166040793158924,0.9999999999999997,3.4371430533272878,1.38559809170018,,,,,,,,,,,False,,,,,,,,,,True,2.71,5/8,4/5,0.71,33.5,True,"uptrend: new high +2.7 ATR above prior 2.5y high, 5/8 HH and 4/5 HL, 30w EMA +34% in 26w",2,strong_close,2026-09-11,rejection,2026-10-07,False,True,False,no TV drawing read (f_rr False),https://www.tradingview.com/chart/?symbol=NASDAQ:CCSI,https://finviz.com/quote.ashx?t=CCSI,"$vol(30d) $5.4M < $50M | FAIL: dollar_vol, short_float, rr (no TV drawing read)"
CDP,FAIL,"dollar_vol,short_float,rr",False,False,True,True,False,True,False,True,True,,False,33.380001068115234,26881914.034851838,805329.9333333333,6.58,115.47,2026-10-22,15,264,32.20624542236328,32.67214005879686,32.43919274058007,30.882049392976135,38.400001525878906,3.8280411334454727,0.9999999999999993,1.5571433476039342,0.6041886438925751,,,,,,,,,,,False,,,,,,,,,,True,4.3,5/5,5/6,0.92,14.9,True,"uptrend: new high +4.3 ATR above prior 2.5y high, 5/5 HH and 5/6 HL, 30w EMA +15% in 26w",2,rejection,2026-10-02,strong_close,2026-10-06,False,True,False,no TV drawing read (f_rr False),https://www.tradingview.com/chart/?symbol=NYSE:CDP,https://finviz.com/quote.ashx?t=CDP,"$vol(30d) $26.9M < $50M | FAIL: dollar_vol, short_float, rr (no TV drawing read)"
CDW,FAIL,"short_float,rr",True,False,True,True,False,False,True,True,True,,False,136.82000732421875,203183238.40476072,1485040.4,7.68,109.52,2026-11-04,28,263,148.7394520183851,153.76544506518871,151.25244854178692,136.58111364849086,153.7899932861328,0.17295936346633342,1.0,14.671334893296063,-0.9837169775303095,,,,,,,,,,,False,,,,,,,,,,False,-5.48,1/8,1/7,0.13,1.4,True,"no new high: recent high 158.05 is -5.48 ATR vs prior 2.5y high 238.51 (needs >= +1); choppy swings: 1/8 higher highs, 1/7 higher lows",11,hammer,2026-10-02,strong_close,2026-10-07,False,True,False,no TV drawing read (f_rr False),https://www.tradingview.com/chart/?symbol=NASDAQ:CDW,https://finviz.com/quote.ashx?t=CDW,"short float 7.68% >= 5% | FAIL: short_float, rr (no TV drawing read)"
CF,FAIL,"short_float,rr",True,False,True,True,False,True,True,True,True,,False,114.44999694824219,281781275.4514287,2462047.033333333,6.5,107.99,2026-11-04,28,264,90.28155891555231,90.58527093276805,90.43341492416019,84.57935697390326,136.35000610351562,7.843549136260291,0.5747647735615093,10.185136980442397,2.358002849662099,,,,,,,,,,,False,,,,,,,,,,False,0.1,3/5,3/6,0.55,17.1,True,no new high: recent high 141.66 is +0.10 ATR vs prior 2.5y high 140.66 (needs >= +1),21,hammer,2026-10-02,strong_close,2026-10-02,False,True,False,no TV drawing read (f_rr False),https://www.tradingview.com/chart/?symbol=NYSE:CF,https://finviz.com/quote.ashx?t=CF,"short float 6.50% >= 5% | FAIL: short_float, rr (no TV drawing read)"
CFR,FAIL,"short_float,rr",True,False,True,True,False,True,False,True,True,,False,150.3699951171875,68614234.77095948,456302.7,6.94,92.58,2026-10-22,15,264,141.34042358398438,142.82945770440006,142.08494064419222,134.8609059579543,168.99656677246094,3.7252902702054342,1.000000000000002,7.224034686237914,1.146873573126477,,,,,,,,,,,False,,,,,,,,,,True,3.3,4/7,3/5,0.59,15.5,True,"uptrend: new high +3.3 ATR above prior 2.5y high, 4/7 HH and 3/5 HL, 30w EMA +15% in 26w",2,hammer,2026-10-02,hammer,2026-10-07,False,True,False,no TV drawing read (f_rr False),https://www.tradingview.com/chart/?symbol=NYSE:CFR,https://finviz.com/quote.ashx?t=CFR,"short float 6.94% >= 5% | FAIL: short_float, rr (no TV drawing read)"
CGEM,FAIL,"dollar_vol,short_float,rr",False,False,True,True,False,True,False,True,True,,False,15.630000114440918,17681080.22345867,1131227.1333333333,19.85,88.23,2026-11-05,29,264,16.440000534057617,16.719999313354492,16.579999923706055,14.015071392059326,22.09000015258789,2.14820809270047,1.0,2.5649285316467285,-0.3703806158899953,,,,,,,,,,,False,,,,,,,,,,False,-2.73,7/9,5/8,0.7,42.9,True,no new high: recent high 23.19 is -2.73 ATR vs prior 2.5y high 30.19 (needs >= +1),1,strong_close,2026-10-02,strong_close,2026-10-05,False,True,False,no TV drawing read (f_rr False),https://www.tradingview.com/chart/?symbol=NASDAQ:CGEM,https://finviz.com/quote.ashx?t=CGEM,"$vol(30d) $17.7M < $50M | FAIL: dollar_vol, short_float, rr (no TV drawing read)"
CHD,FAIL,rr,True,True,True,True,False,False,False,True,True,,True,96.76000213623047,172008246.41486588,1777679.2333333334,4.57,95.32,2026-10-30,23,264,99.27729034423828,99.69601352287812,99.48665193355819,95.06384626596957,102.04883984305152,0.5793127941997677,0.9999999999999984,4.4228056675886265,-0.6164977623387939,no,,,,,,,2026-10-07,charts/latest/CHD.webp,,False,,,,,,,,,,False,-2.32,2/6,4/8,0.42,3.5,True,"no new high: recent high 103.99 is -2.32 ATR vs prior 2.5y high 114.24 (needs >= +1); choppy swings: 2/6 higher highs, 4/8 higher lows",0,engulfing,2026-09-25,strong_close,2026-10-05,False,True,False,TV drawing not found (f_rr False),https://www.tradingview.com/chart/?symbol=NYSE:CHD,https://finviz.com/quote.ashx?t=CHD,FAIL: rr (TV drawing not found)
CHE,FAIL,"short_float,rr",True,False,True,True,False,True,True,True,True,,False,501.29998779296875,71994298.00688477,143615.2,5.1,105.82,2026-11-03,27,264,474.8237160779636,479.48528825465365,477.1545021663086,449.96815681428205,551.993896484375,2.7528302664075333,0.9999999999999992,27.186345352026557,0.8881475356105664,,,,,,,,,,,False,,,,,,,,,,False,-2.3,3/6,3/5,0.55,12.5,True,no new high: recent high 556.27 is -2.30 ATR vs prior 2.5y high 618.90 (needs >= +1),27,hammer,2026-09-25,rejection,2026-10-06,True,True,False,no TV drawing read (f_rr False),https://www.tradingview.com/chart/?symbol=NYSE:CHE,https://finviz.com/quote.ashx?t=CHE,"short float 5.10% >= 5% | FAIL: short_float, rr (no TV drawing read)"
CHRD,FAIL,"short_float,rr",True,False,True,True,False,False,False,True,True,,False,136.0500030517578,92703279.37444101,681391.2333333333,6.62,98.07,2026-11-04,28,264,145.80734252929688,146.1807336091469,145.9940380692219,135.30179208231365,155.39999389648438,0.8796987872126493,1.0,10.692245986908233,-0.9300230306747262,,,,,,,,,,,False,,,,,,,,,,False,-1.07,4/7,2/4,0.54,22.4,True,no new high: recent high 157.06 is -1.07 ATR vs prior 2.5y high 168.49 (needs >= +1),2,hammer,2026-10-02,hammer,2026-10-05,False,True,False,no TV drawing read (f_rr False),https://www.tradingview.com/chart/?symbol=NASDAQ:CHRD,https://finviz.com/quote.ashx?t=CHRD,"short float 6.62% >= 5% | FAIL: short_float, rr (no TV drawing read)"
CLW,FAIL,"dollar_vol,rr",False,True,True,True,False,True,True,True,True,,False,19.280000686645508,2279435.2785140355,118227.96666666666,4.47,88.97,2026-11-03,27,263,17.899999618530273,18.200000762939453,18.050000190734863,16.01735040119716,23.309999465942383,2.5877548126004672,1.0000000000000007,2.0326497895377025,0.6051216998823938,,,,,,,,,,,False,,,,,,,,,,False,-16.5,3/6,2/7,0.39,5.2,True,"no new high: recent high 23.59 is -16.50 ATR vs prior 2.5y high 57.13 (needs >= +1); choppy swings: 3/6 higher highs, 2/7 higher lows",17,hammer,2026-10-02,strong_close,2026-10-05,False,True,False,no TV drawing read (f_rr False),https://www.tradingview.com/chart/?symbol=NYSE:CLW,https://finviz.com/quote.ashx?t=CLW,"$vol(30d) $2.3M < $50M | FAIL: dollar_vol, rr (no TV drawing read)"
CLYM,FAIL,"dollar_vol,short_float,rr",False,False,True,True,False,True,False,True,True,,False,10.710000038146973,17262531.92848584,1611814.3666666667,16.42,95.71,2026-11-11,35,264,11.520000457763672,12.479999542236328,12.0,9.678285666874476,17.280000686645508,2.274181888491638,1.0000000000000002,2.321714333125523,-0.555623895432653,,,,,,,,,,,False,,,,,,,,,,True,2.92,3/4,4/4,0.88,138.5,True,"uptrend: new high +2.9 ATR above prior 2.5y high, 3/4 HH and 4/4 HL, 30w EMA +139% in 26w",1,hammer,2026-09-04,strong_close,2026-10-07,False,True,False,no TV drawing read (f_rr False),https://www.tradingview.com/chart/?symbol=NASDAQ:CLYM,https://finviz.com/quote.ashx?t=CLYM,"$vol(30d) $17.3M < $50M | FAIL: dollar_vol, short_float, rr (no TV drawing read)"
CNMD,FAIL,"dollar_vol,short_float,rr",False,False,True,True,False,True,True,True,True,,False,44.15999984741211,12829979.923668034,290533.9666666667,7.16,114.52,2026-10-28,21,264,39.08000183105469,40.029998779296875,39.55500030517578,36.249998321533205,51.06999969482422,3.484112701486881,0.832045086551988,3.972142900739397,1.1593237346468899,,,,,,,,,,,False,,,,,,,,,,False,-5.9,2/6,1/6,0.25,2.3,True,"no new high: recent high 53.66 is -5.90 ATR vs prior 2.5y high 77.09 (needs >= +1); choppy swings: 2/6 higher highs, 1/6 higher lows",15,engulfing,2026-10-02,strong_close,2026-10-05,False,True,False,no TV drawing read (f_rr False),https://www.tradingview.com/chart/?symbol=NYSE:CNMD,https://finviz.com/quote.ashx?t=CNMD,"$vol(30d) $12.8M < $50M | FAIL: dollar_vol, short_float, rr (no TV drawing read)"
CPF,FAIL,"dollar_vol,rr",False,True,True,True,False,True,True,True,True,,False,35.77000045776367,5334981.104273986,149146.8,2.8,95.58,2026-10-28,21,264,34.28493881225586,34.83586029457153,34.560399553413696,32.9047520764846,39.40501344247253,2.926114379157964,1.0000000000000009,1.6556474769290956,0.7305908541554696,,,,,,,,,,,False,,,,,,,,,,True,3.94,6/8,2/4,0.62,17.5,True,"uptrend: new high +3.9 ATR above prior 2.5y high, 6/8 HH and 2/4 HL, 30w EMA +18% in 26w",6,hammer,2026-10-02,hammer,2026-10-07,False,True,False,no TV drawing read (f_rr False),https://www.tradingview.com/chart/?symbol=NYSE:CPF,https://finviz.com/quote.ashx?t=CPF,"$vol(30d) $5.3M < $50M | FAIL: dollar_vol, rr (no TV drawing read)"
CROX,FAIL,"short_float,rr",True,False,True,True,False,True,True,True,True,,False,115.19999694824219,122631445.07137606,1064509.1,10.22,101.15,2026-10-29,22,264,105.87000274658203,106.70999908447266,106.29000091552734,95.28785705566406,139.61000061035156,3.028500637623754,1.0,11.002143859863281,0.8098418041250339,,,,,,,,,,,False,,,,,,,,,,False,-2.19,4/7,4/6,0.62,31.9,True,no new high: recent high 141.28 is -2.19 ATR vs prior 2.5y high 165.32 (needs >= +1),46,strong_close,2026-09-25,strong_close,2026-10-06,False,True,False,no TV drawing read (f_rr False),https://www.tradingview.com/chart/?symbol=NASDAQ:CROX,https://finviz.com/quote.ashx?t=CROX,"short float 10.22% >= 5% | FAIL: short_float, rr (no TV drawing read)"
CTS,FAIL,"dollar_vol,rr",False,True,True,True,False,True,True,True,True,,False,58.31999969482422,12150682.28041814,208345.03333333333,3.71,99.06,2026-10-28,21,264,44.86566410073483,45.60394993421951,45.234807017477166,41.030879296181126,66.26000213623047,5.001321743055894,1.0000000000000004,4.203927721296038,3.1126112399746466,,,,,,,,,,,False,,,,,,,,,,True,2.36,5/7,1/2,0.61,23.0,True,"uptrend: new high +2.4 ATR above prior 2.5y high, 5/7 HH and 1/2 HL, 30w EMA +23% in 26w",13,strong_close,2026-10-02,engulfing,2026-10-01,False,True,False,no TV drawing read (f_rr False),https://www.tradingview.com/chart/?symbol=NYSE:CTS,https://finviz.com/quote.ashx?t=CTS,"$vol(30d) $12.2M < $50M | FAIL: dollar_vol, rr (no TV drawing read)"
CUZ,FAIL,"dollar_vol,short_float,rr",False,False,True,True,False,True,True,True,True,,False,27.520000457763672,35667736.91329193,1296066.0,7.43,106.29,2026-10-22,15,264,26.331689834594727,26.56583523670444,26.448762535649585,25.07019116157383,32.189998626708984,4.16462738094249,1.0000000000000009,1.3785713740757533,0.7770638084170906,,,,,,,,,,,False,,,,,,,,,,False,2.11,1/3,2/4,0.42,16.0,True,"choppy swings: 1/3 higher highs, 2/4 higher lows",8,hammer,2026-10-02,hammer,2026-10-07,False,True,False,no TV drawing read (f_rr False),https://www.tradingview.com/chart/?symbol=NYSE:CUZ,https://finviz.com/quote.ashx?t=CUZ,"$vol(30d) $35.7M < $50M | FAIL: dollar_vol, short_float, rr (no TV drawing read)"
CVBF,FAIL,"dollar_vol,short_float,rr",False,False,True,True,False,True,True,True,True,,False,21.530000686645508,28138222.456731543,1306930.8666666667,5.87,83.63,2026-10-28,21,264,20.493440628051758,20.959199955001317,20.726320291526537,19.77518526631715,23.25,2.653334848979916,1.0,0.9511350252093891,0.8449698242813032,,,,,,,,,,,False,,,,,,,,,,False,0.52,5/8,6/6,0.81,12.8,True,no new high: recent high 23.41 is +0.52 ATR vs prior 2.5y high 22.92 (needs >= +1),15,hammer,2026-10-02,engulfing,2026-10-01,True,True,False,no TV drawing read (f_rr False),https://www.tradingview.com/chart/?symbol=NASDAQ:CVBF,https://finviz.com/quote.ashx?t=CVBF,"$vol(30d) $28.1M < $50M | FAIL: dollar_vol, short_float, rr (no TV drawing read)"
CVEO,FAIL,"dollar_vol,short_float,rr",False,False,True,True,False,True,True,True,True,,False,31.90999984741211,2461310.8272304535,77132.9,11.91,87.71,2026-10-23,16,264,23.459999084472656,23.579999923706055,23.519999504089355,20.851071221487864,34.540000915527344,4.128998700818005,0.9999999999999997,2.6689282826014926,3.1435840363401386,,,,,,,,,,,False,,,,,,,,,,True,2.53,2/4,3/4,0.62,24.9,True,"uptrend: new high +2.5 ATR above prior 2.5y high, 2/4 HH and 3/4 HL, 30w EMA +25% in 26w",8,hammer,2026-09-18,hammer,2026-10-06,False,True,False,no TV drawing read (f_rr False),https://www.tradingview.com/chart/?symbol=NYSE:CVEO,https://finviz.com/quote.ashx?t=CVEO,"$vol(30d) $2.5M < $50M | FAIL: dollar_vol, short_float, rr (no TV drawing read)"
CVS,FAIL,rr,True,True,True,True,False,True,False,True,True,,True,87.94000244140625,665344024.5174011,7565885.9,1.26,91.6,2026-11-04,28,264,78.71747589111328,78.8749108428955,78.79619336700439,73.23893124929964,107.73999786376953,5.20828492227382,0.9999999999999989,5.5572621177047585,1.645380203548578,,,,,,,,,,,False,,,,,,,,,,True,4.82,4/8,3/5,0.55,22.5,True,"uptrend: new high +4.8 ATR above prior 2.5y high, 4/8 HH and 3/5 HL, 30w EMA +23% in 26w",0,hammer,2026-09-25,hammer,2026-10-06,False,True,False,no TV drawing read (f_rr False),https://www.tradingview.com/chart/?symbol=NYSE:CVS,https://finviz.com/quote.ashx?t=CVS,FAIL: rr (no TV drawing read)
CVSA,FAIL,"dollar_vol,short_float,rr",False,False,True,True,False,False,False,True,True,,False,127.31500244140625,40785293.130769856,320349.4666666667,5.86,102.09,2026-10-29,22,264,133.72999572753906,133.74000549316406,133.73500061035156,121.97678756713867,138.89999389648438,0.43926685688980305,1.0,11.75821304321289,-0.5460011776747898,,,,,,,,,,,False,,,,,,,,,,False,-1.2,4/5,3/6,0.65,12.2,True,no new high: recent high 142.13 is -1.20 ATR vs prior 2.5y high 156.26 (needs >= +1),4,strong_close,2026-10-02,strong_close,2026-10-06,False,True,False,no TV drawing read (f_rr False),https://www.tradingview.com/chart/?symbol=NYSE:CVSA,https://finviz.com/quote.ashx?t=CVSA,"$vol(30d) $40.8M < $50M | FAIL: dollar_vol, short_float, rr (no TV drawing read)"
CXT,FAIL,"dollar_vol,short_float,rr",False,False,True,True,False,False,True,True,True,,False,48.130001068115234,23813083.295466997,494765.9,16.1,107.65,2026-11-11,35,264,46.02586364746094,46.5515888790783,46.28872626326962,42.37984655657691,51.9900016784668,1.4585446068947963,0.9999999999999994,3.908879706692718,0.4710492373794495,,,,,,,,,,,False,,,,,,,,,,False,-2.67,3/7,2/5,0.41,-2.7,False,"no new high: recent high 57.56 is -2.67 ATR vs prior 2.5y high 67.99 (needs >= +1); choppy swings: 3/7 higher highs, 2/5 higher lows; 30w EMA falling (-3% in 26w)",17,hammer,2026-10-02,rejection,2026-10-07,True,True,False,no TV drawing read (f_rr False),https://www.tradingview.com/chart/?symbol=NYSE:CXT,https://finviz.com/quote.ashx?t=CXT,"$vol(30d) $23.8M < $50M | FAIL: dollar_vol, short_float, rr (no TV drawing read)"
CXW,FAIL,"short_float,rr",True,False,True,True,False,True,False,True,True,,False,31.829999923706055,60689483.1415322,1906675.5666666667,15.15,88.04,2026-11-09,33,264,20.610000610351562,20.770000457763672,20.690000534057617,17.95999931335449,35.22999954223633,5.326004581211819,0.8717076294605681,3.1317853927612305,3.55707623370276,,,,,,,,,,,False,,,,,,,,,,False,3.69,2/5,3/6,0.45,50.2,True,"choppy swings: 2/5 higher highs, 3/6 higher lows",1,hammer,2026-10-02,engulfing,2026-09-29,False,True,False,no TV drawing read (f_rr False),https://www.tradingview.com/chart/?symbol=NYSE:CXW,https://finviz.com/quote.ashx?t=CXW,"short float 15.15% >= 5% | FAIL: short_float, rr (no TV drawing read)"
CZR,FAIL,"short_float,rr",True,False,True,True,False,True,False,True,True,,False,29.489999771118164,127574606.99885045,4326029.433333334,9.82,95.69,2026-11-03,27,264,24.790000915527344,25.110000610351562,24.950000762939453,24.551572254725865,30.149999618530273,13.05127205607293,0.9999999999999988,0.39842850821358816,11.394764467368194,,,,,,,,,,,False,,,,,,,,,,False,-37.9,4/7,2/5,0.49,15.8,True,"no new high: recent high 30.83 is -37.90 ATR vs prior 2.5y high 45.93 (needs >= +1); choppy swings: 4/7 higher highs, 2/5 higher lows",1,strong_close,2026-10-02,engulfing,2026-10-02,False,True,False,no TV drawing read (f_rr False),https://www.tradingview.com/chart/?symbol=NASDAQ:CZR,https://finviz.com/quote.ashx?t=CZR,"short float 9.82% >= 5% | FAIL: short_float, rr (no TV drawing read)"
DAL,FAIL,"no_earnings_14d,rr",True,True,False,True,False,True,True,True,True,,False,82.95999908447266,539415224.9244719,6502112.233333333,4.01,89.86,2026-10-09,2,264,74.76238250732422,75.06997012395297,74.9161763156386,69.57822892118251,91.33999633789062,3.076804398505236,0.9999999999999992,5.3379473944560845,1.5069130837048452,,,,,,,,,,,False,,,,,,,,,,True,3.68,5/9,2/4,0.53,25.0,True,"uptrend: new high +3.7 ATR above prior 2.5y high, 5/9 HH and 2/4 HL, 30w EMA +25% in 26w",27,strong_close,2026-09-25,strong_close,2026-10-07,True,True,True,no TV drawing read (f_rr False),https://www.tradingview.com/chart/?symbol=NYSE:DAL,https://finviz.com/quote.ashx?t=DAL,"FAIL: no_earnings_14d, rr (no TV drawing read)"
DAVE,FAIL,"short_float,rr",True,False,True,True,False,True,True,True,True,,False,344.82000732421875,110180267.97630616,319529.8,22.39,97.51,2026-11-10,34,264,217.3300018310547,224.27999877929688,220.80500030517578,173.04999755859376,380.69000244140625,3.348026236846441,0.8703469059578373,54.86892918178013,2.260204616134984,,,,,,,,,,,False,,,,,,,,,,False,3.13,3/8,3/6,0.44,61.3,True,"choppy swings: 3/8 higher highs, 3/6 higher lows",17,engulfing,2026-10-02,strong_close,2026-10-05,False,True,False,no TV drawing read (f_rr False),https://www.tradingview.com/chart/?symbol=NASDAQ:DAVE,https://finviz.com/quote.ashx?t=DAVE,"short float 22.39% >= 5% | FAIL: short_float, rr (no TV drawing read)"
DBX,FAIL,"short_float,rr",True,False,True,True,False,True,False,True,True,,False,33.08000183105469,137381562.96705425,4153009.533333333,17.08,84.14,2026-10-29,22,263,28.899999618530273,29.100000381469727,29.0,26.22528566632952,36.47999954223633,2.69577284099785,1.0000000000000002,2.77471433367048,1.470422299530032,,,,,,,,,,,False,,,,,,,,,,True,1.74,3/6,2/4,0.5,17.3,True,"uptrend: new high +1.7 ATR above prior 2.5y high, 3/6 HH and 2/4 HL, 30w EMA +17% in 26w",1,strong_close,2026-10-02,strong_close,2026-10-05,False,True,False,no TV drawing read (f_rr False),https://www.tradingview.com/chart/?symbol=NASDAQ:DBX,https://finviz.com/quote.ashx?t=DBX,"short float 17.08% >= 5% | FAIL: short_float, rr (no TV drawing read)"
DCO,FAIL,"dollar_vol,short_float,rr",False,False,True,True,False,True,True,True,True,,False,165.55999755859375,35109696.11026001,212066.3,6.08,96.48,2026-11-05,29,264,128.91000366210938,140.02000427246094,134.46500396728516,119.96000122070312,207.0,5.000688197029609,0.842055107277194,17.225716727120535,1.8051494799256727,,,,,,,,,,,False,,,,,,,,,,True,3.89,4/4,2/2,1.0,46.3,True,"uptrend: new high +3.9 ATR above prior 2.5y high, 4/4 HH and 2/2 HL, 30w EMA +46% in 26w",12,strong_close,2026-10-02,hammer,2026-10-06,False,True,False,no TV drawing read (f_rr False),https://www.tradingview.com/chart/?symbol=NYSE:DCO,https://finviz.com/quote.ashx?t=DCO,"$vol(30d) $35.1M < $50M | FAIL: dollar_vol, short_float, rr (no TV drawing read)"
DCOM,FAIL,"dollar_vol,short_float,rr",False,False,True,True,False,True,True,True,True,,False,38.56999969482422,10341414.0315094,268120.6666666667,9.4,89.62,2026-10-23,16,264,35.759178161621094,35.99606384725181,35.87762100443645,34.059590480797944,41.25,2.955054343538507,1.000000000000001,1.8180305236385033,1.4809315109844228,,,,,,,,,,,False,,,,,,,,,,True,3.07,5/5,5/6,0.92,22.7,True,"uptrend: new high +3.1 ATR above prior 2.5y high, 5/5 HH and 5/6 HL, 30w EMA +23% in 26w",8,hammer,2026-10-02,hammer,2026-10-01,True,True,False,no TV drawing read (f_rr False),https://www.tradingview.com/chart/?symbol=NYSE:DCOM,https://finviz.com/quote.ashx?t=DCOM,"$vol(30d) $10.3M < $50M | FAIL: dollar_vol, short_float, rr (no TV drawing read)"
DFTX,FAIL,"short_float,rr",True,False,True,True,False,True,False,True,True,,False,35.09000015258789,77976153.8397438,2222175.933333333,9.29,84.64,2026-11-05,29,264,17.399999618530273,18.1200008392334,17.760000228881836,13.639999618530274,47.06999969482422,7.114076486372497,0.8243698964046645,4.997757230486188,3.4675553702355746,,,,,,,,,,,False,,,,,,,,,,True,5.52,6/6,4/4,1.0,119.1,True,"uptrend: new high +5.5 ATR above prior 2.5y high, 6/6 HH and 4/4 HL, 30w EMA +119% in 26w",2,hammer,2026-09-11,hammer,2026-10-06,False,True,False,no TV drawing read (f_rr False),https://www.tradingview.com/chart/?symbol=NASDAQ:DFTX,https://finviz.com/quote.ashx?t=DFTX,"short float 9.29% >= 5% | FAIL: short_float, rr (no TV drawing read)"
DNOW,FAIL,"dollar_vol,short_float,rr",False,False,True,True,False,True,False,True,True,,False,15.350000381469727,31265294.715321157,2036826.9666666666,5.37,108.04,2026-11-04,28,263,14.029999732971191,14.15999984741211,14.09499979019165,13.040000190734863,16.68000030517578,2.45023838522321,0.9541339153292534,1.1057143892560686,1.1350133483588363,,,,,,,,,,,False,,,,,,,,,,False,-1.13,3/9,3/7,0.38,7.8,True,"no new high: recent high 17.20 is -1.13 ATR vs prior 2.5y high 18.45 (needs >= +1); choppy swings: 3/9 higher highs, 3/7 higher lows",2,hammer,2026-10-02,strong_close,2026-10-02,False,True,False,no TV drawing read (f_rr False),https://www.tradingview.com/chart/?symbol=NYSE:DNOW,https://finviz.com/quote.ashx?t=DNOW,"$vol(30d) $31.3M < $50M | FAIL: dollar_vol, short_float, rr (no TV drawing read)"
DNTH,FAIL,"short_float,rr",True,False,True,True,False,True,False,True,True,,False,84.87999725341797,64953908.61819458,765244.0,18.98,115.87,2026-11-05,29,264,93.01000213623047,93.61000061035156,93.31000137329102,85.42000030517578,115.95999908447266,2.8707217547427106,0.7596190397640866,10.38678686959403,-0.8116084623388962,,,,,,,,,,,False,,,,,,,,,,True,2.47,5/7,4/4,0.86,67.4,True,"uptrend: new high +2.5 ATR above prior 2.5y high, 5/7 HH and 4/4 HL, 30w EMA +67% in 26w",2,hammer,2026-10-02,hammer,2026-10-05,False,True,False,no TV drawing read (f_rr False),https://www.tradingview.com/chart/?symbol=NASDAQ:DNTH,https://finviz.com/quote.ashx?t=DNTH,"short float 18.98% >= 5% | FAIL: short_float, rr (no TV drawing read)"
DRH,FAIL,"dollar_vol,short_float,rr",False,False,True,True,False,True,False,True,True,,False,12.350000381469727,35202161.97733269,2850377.4,7.03,114.76,2026-11-03,27,264,9.870772361755371,10.49015361087426,10.180462986314815,9.51832023271374,13.289999961853027,4.696173081449498,1.0,0.6621427536010742,3.276540267723005,,,,,,,,,,,False,,,,,,,,,,True,4.98,5/5,3/3,1.0,29.8,True,"uptrend: new high +5.0 ATR above prior 2.5y high, 5/5 HH and 3/3 HL, 30w EMA +30% in 26w",4,rejection,2026-10-02,strong_close,2026-10-01,False,True,False,no TV drawing read (f_rr False),https://www.tradingview.com/chart/?symbol=NASDAQ:DRH,https://finviz.com/quote.ashx?t=DRH,"$vol(30d) $35.2M < $50M | FAIL: dollar_vol, short_float, rr (no TV drawing read)"
DVA,FAIL,"short_float,rr",True,False,True,True,False,True,False,True,True,,False,176.86000061035156,108801507.4641454,615184.3666666667,6.88,93.31,2026-10-23,16,264,145.1699981689453,151.85000610351562,148.51000213623047,133.77678680419922,185.0,2.476716523950967,1.0,14.73321533203125,1.9242234526014028,,,,,,,,,,,False,,,,,,,,,,True,4.61,4/6,2/6,0.5,34.1,True,"uptrend: new high +4.6 ATR above prior 2.5y high, 4/6 HH and 2/6 HL, 30w EMA +34% in 26w",2,hammer,2026-10-02,strong_close,2026-10-02,False,True,False,no TV drawing read (f_rr False),https://www.tradingview.com/chart/?symbol=NYSE:DVA,https://finviz.com/quote.ashx?t=DVA,"short float 6.88% >= 5% | FAIL: short_float, rr (no TV drawing read)"
EAT,FAIL,"short_float,rr",True,False,True,True,False,True,False,True,True,,False,185.2899932861328,228554292.62114462,1233495.0666666667,13.43,112.94,2026-11-04,28,264,158.13999938964844,161.7100067138672,159.9250030517578,139.3764375959124,248.8800048828125,4.329012748953226,0.9999999999999998,20.548565455845424,1.234392263969914,,,,,,,,,,,False,,,,,,,,,,True,3.05,3/6,2/4,0.5,27.6,True,"uptrend: new high +3.1 ATR above prior 2.5y high, 3/6 HH and 2/4 HL, 30w EMA +28% in 26w",2,hammer,2026-10-02,strong_close,2026-10-02,False,True,False,no TV drawing read (f_rr False),https://www.tradingview.com/chart/?symbol=NYSE:EAT,https://finviz.com/quote.ashx?t=EAT,"short float 13.43% >= 5% | FAIL: short_float, rr (no TV drawing read)"
EBC,FAIL,"dollar_vol,short_float,rr",False,False,True,True,False,True,True,True,True,,False,20.860000610351562,47390950.22729848,2271857.566666667,7.97,84.86,2026-10-22,15,264,20.751916885375977,21.185686711657443,20.968801798516708,19.91531580770629,23.46565818786621,2.3700897886916725,1.0000000000000002,1.0534859908104186,-0.10327729947452605,,,,,,,,,,,False,,,,,,,,,,True,1.43,5/6,4/4,0.92,13.2,True,"uptrend: new high +1.4 ATR above prior 2.5y high, 5/6 HH and 4/4 HL, 30w EMA +13% in 26w",9,hammer,2026-10-02,hammer,2026-10-07,False,True,False,no TV drawing read (f_rr False),https://www.tradingview.com/chart/?symbol=NASDAQ:EBC,https://finviz.com/quote.ashx?t=EBC,"$vol(30d) $47.4M < $50M | FAIL: dollar_vol, short_float, rr (no TV drawing read)"
ECL,FAIL,rr,True,True,True,True,False,False,True,True,True,,True,278.0299987792969,317195334.0263397,1140867.3,2.1,83.25,2026-11-03,27,264,273.3269522781032,277.34530479561823,275.3361285368607,262.2481565430531,285.990234375,0.8140379459231815,0.999999999999999,13.08797199380764,0.20582793451198725,no,,,,,,,2026-10-06,charts/latest/ECL.webp,,False,,,,,,,,,,False,-0.94,4/7,3/6,0.54,0.8,True,no new high: recent high 294.55 is -0.94 ATR vs prior 2.5y high 306.79 (needs >= +1),20,rejection,2026-10-02,hammer,2026-10-06,True,True,False,TV drawing not found (f_rr False),https://www.tradingview.com/chart/?symbol=NYSE:ECL,https://finviz.com/quote.ashx?t=ECL,FAIL: rr (TV drawing not found)
ELVN,FAIL,"short_float,rr",True,False,True,True,False,True,False,True,True,,False,41.36000061035156,53206999.259844966,1286436.1333333333,14.14,96.67,2026-11-18,42,264,48.11000061035156,48.529998779296875,48.31999969482422,43.321785245622905,60.459999084472656,2.428867251101709,1.0000000000000004,4.998214449201312,-1.3924970917534016,,,,,,,,,,,False,,,,,,,,,,True,3.2,6/6,3/5,0.8,70.4,True,"uptrend: new high +3.2 ATR above prior 2.5y high, 6/6 HH and 3/5 HL, 30w EMA +70% in 26w",1,strong_close,2026-10-02,hammer,2026-10-02,False,True,False,no TV drawing read (f_rr False),https://www.tradingview.com/chart/?symbol=NASDAQ:ELVN,https://finviz.com/quote.ashx?t=ELVN,"short float 14.14% >= 5% | FAIL: short_float, rr (no TV drawing read)"
ENR,FAIL,"dollar_vol,short_float,rr",False,False,True,True,False,False,True,True,True,,False,21.559999465942383,18737315.466529083,869077.7333333333,12.68,102.9,2026-11-17,41,263,19.83138084411621,19.976629849391394,19.904005346753802,18.11347590946283,22.4542236328125,1.4242816861570946,1.0000000000000007,1.7905294372909697,0.9248628281108083,,,,,,,,,,,False,,,,,,,,,,False,-7.26,2/5,2/5,0.4,3.9,True,"no new high: recent high 22.94 is -7.26 ATR vs prior 2.5y high 35.93 (needs >= +1); choppy swings: 2/5 higher highs, 2/5 higher lows",28,hammer,2026-10-02,hammer,2026-10-06,True,True,False,no TV drawing read (f_rr False),https://www.tradingview.com/chart/?symbol=NYSE:ENR,https://finviz.com/quote.ashx?t=ENR,"$vol(30d) $18.7M < $50M | FAIL: dollar_vol, short_float, rr (no TV drawing read)"
ENVA,FAIL,"short_float,rr",True,False,True,True,False,True,False,True,True,,False,184.14999389648438,69766176.62931824,378855.1666666667,8.65,96.1,2026-10-22,15,262,174.89999389648438,175.8979949951172,175.39899444580078,161.82999633789063,265.45001220703125,6.63652666505529,0.6464153892596558,20.991143362862722,0.4168900807073595,,,,,,,,,,,False,,,,,,,,,,True,4.32,6/7,5/5,0.93,42.7,True,"uptrend: new high +4.3 ATR above prior 2.5y high, 6/7 HH and 5/5 HL, 30w EMA +43% in 26w",2,hammer,2026-10-02,strong_close,2026-10-07,False,True,False,no TV drawing read (f_rr False),https://www.tradingview.com/chart/?symbol=NYSE:ENVA,https://finviz.com/quote.ashx?t=ENVA,"short float 8.65% >= 5% | FAIL: short_float, rr (no TV drawing read)"
EPC,FAIL,"dollar_vol,short_float,rr",False,False,True,True,False,True,True,True,True,,False,27.518999099731445,14447058.073172634,524984.8666666667,9.99,118.01,2026-11-05,29,264,23.11480140686035,24.01332622062832,23.564063813744333,21.163039347127487,28.892744064331055,2.2193360895214354,1.0,2.401024466616846,1.647186582633953,,,,,,,,,,,False,,,,,,,,,,False,-3.99,3/7,4/8,0.46,23.3,True,"no new high: recent high 29.79 is -3.99 ATR vs prior 2.5y high 39.36 (needs >= +1); choppy swings: 3/7 higher highs, 4/8 higher lows",20,hammer,2026-09-25,engulfing,2026-10-07,False,True,False,no TV drawing read (f_rr False),https://www.tradingview.com/chart/?symbol=NYSE:EPC,https://finviz.com/quote.ashx?t=EPC,"$vol(30d) $14.4M < $50M | FAIL: dollar_vol, short_float, rr (no TV drawing read)"
ETD,FAIL,"dollar_vol,short_float,rr",False,False,True,True,False,True,True,True,True,,False,20.75,12468758.691666666,600904.0333333333,13.24,86.48,2026-10-28,21,262,19.009174346923828,19.32738888683214,19.168281616877984,17.89390980484282,22.489999771118164,2.6065533801594523,1.000000000000001,1.2743718120351615,1.2411749602308175,,,,,,,,,,,False,,,,,,,,,,False,-2.87,3/6,3/7,0.46,0.4,True,"no new high: recent high 22.74 is -2.87 ATR vs prior 2.5y high 26.40 (needs >= +1); choppy swings: 3/6 higher highs, 3/7 higher lows",9,hammer,2026-10-02,hammer,2026-10-05,False,True,False,no TV drawing read (f_rr False),https://www.tradingview.com/chart/?symbol=NYSE:ETD,https://finviz.com/quote.ashx?t=ETD,"$vol(30d) $12.5M < $50M | FAIL: dollar_vol, short_float, rr (no TV drawing read)"
ETSY,FAIL,"short_float,rr",True,False,True,True,False,True,False,True,True,,False,71.4800033569336,212663486.5727028,2975146.566666667,11.36,123.76,2026-11-04,28,264,61.880001068115234,63.70000076293945,62.790000915527344,55.66390718732561,85.55000305175781,3.1938959834554344,1.0000000000000002,7.12609372820173,1.2194622710357155,,,,,,,,,,,False,,,,,,,,,,True,1.61,4/7,4/5,0.69,28.7,True,"uptrend: new high +1.6 ATR above prior 2.5y high, 4/7 HH and 4/5 HL, 30w EMA +29% in 26w",1,strong_close,2026-10-02,hammer,2026-10-01,False,True,False,no TV drawing read (f_rr False),https://www.tradingview.com/chart/?symbol=NYSE:ETSY,https://finviz.com/quote.ashx?t=ETSY,"short float 11.36% >= 5% | FAIL: short_float, rr (no TV drawing read)"
EVTC,FAIL,"dollar_vol,rr",False,True,True,True,False,False,False,True,True,,False,28.959999084472656,12690957.95079422,438223.7,4.63,102.56,2026-10-22,15,262,30.565820693969727,30.97429467362739,30.77005768379856,28.49039939842395,31.1200008392334,0.15350684691646002,1.0000000000000002,2.2796582853746084,-0.7940043518533138,,,,,,,,,,,False,,,,,,,,,,False,-1.72,3/9,4/7,0.45,-2.6,False,"no new high: recent high 34.41 is -1.72 ATR vs prior 2.5y high 38.33 (needs >= +1); choppy swings: 3/9 higher highs, 4/7 higher lows; 30w EMA falling (-3% in 26w)",2,hammer,2026-09-25,hammer,2026-10-06,False,True,False,no TV drawing read (f_rr False),https://www.tradingview.com/chart/?symbol=NYSE:EVTC,https://finviz.com/quote.ashx?t=EVTC,"$vol(30d) $12.7M < $50M | FAIL: dollar_vol, rr (no TV drawing read)"
EWBC,FAIL,"no_earnings_14d,rr",True,True,False,True,False,True,True,True,True,False,False,125.2699966430664,103588132.00275472,826918.9333333333,3.4,93.54,2026-10-20,13,264,124.25652313232422,125.93539541524018,125.0959592737822,119.6932550441569,136.60000610351562,2.129312718370163,0.9999999999999992,5.4027042296253045,0.03221301072338677,yes,117.6,111.64,,,,,2026-10-06,charts/latest/EWBC.webp,user,False,user drawing (no Long Position),,125.27,5.4027,7.67,1.4197,False,,,True,2.81,8/8,1/3,0.67,16.3,True,"uptrend: new high +2.8 ATR above prior 2.5y high, 8/8 HH and 1/3 HL, 30w EMA +16% in 26w",10,hammer,2026-10-02,rejection,2026-10-07,False,True,True,TV R:R  < 2 (f_rr False),https://www.tradingview.com/chart/?symbol=NASDAQ:EWBC,https://finviz.com/quote.ashx?t=EWBC,"FAIL: no_earnings_14d, rr (TV R:R  < 2)"
EWTX,FAIL,"short_float,rr",True,False,True,True,False,True,False,True,True,,False,39.56999969482422,53708690.335782364,1357308.3333333333,11.65,86.77,2026-11-05,29,264,30.440000534057617,31.81999969482422,31.130000114440918,26.064642906188965,45.40999984741211,2.8191495971316103,1.0,5.065357208251953,1.6662200183303424,,,,,,,,,,,False,,,,,,,,,,True,2.05,6/9,8/9,0.78,46.6,True,"uptrend: new high +2.1 ATR above prior 2.5y high, 6/9 HH and 8/9 HL, 30w EMA +47% in 26w",1,strong_close,2026-10-02,hammer,2026-10-02,False,True,False,no TV drawing read (f_rr False),https://www.tradingview.com/chart/?symbol=NASDAQ:EWTX,https://finviz.com/quote.ashx?t=EWTX,"short float 11.65% >= 5% | FAIL: short_float, rr (no TV drawing read)"
EXLS,FAIL,"short_float,rr",True,False,True,True,False,True,True,True,True,,False,35.5099983215332,71744362.73149414,2020398.9333333333,6.71,103.56,2026-11-03,27,263,31.860000610351562,32.04999923706055,31.954999923706055,29.349285534449987,38.400001525878906,2.473410604303759,0.9999999999999998,2.6057143892560686,1.3643085414445981,,,,,,,,,,,False,,,,,,,,,,False,-5.21,2/8,1/5,0.23,-7.9,False,"no new high: recent high 38.86 is -5.21 ATR vs prior 2.5y high 52.43 (needs >= +1); choppy swings: 2/8 higher highs, 1/5 higher lows; 30w EMA falling (-8% in 26w)",15,engulfing,2026-10-02,hammer,2026-10-05,True,True,False,no TV drawing read (f_rr False),https://www.tradingview.com/chart/?symbol=NASDAQ:EXLS,https://finviz.com/quote.ashx?t=EXLS,"short float 6.71% >= 5% | FAIL: short_float, rr (no TV drawing read)"
EZPW,FAIL,"dollar_vol,short_float,rr",False,False,True,True,False,True,False,True,True,,False,30.440000534057617,21024894.163540013,690699.5333333333,22.59,113.52,2026-11-18,42,264,26.530000686645508,26.59000015258789,26.5600004196167,24.6199991607666,33.31999969482422,3.4845334477846612,0.6262397301899952,3.0978572028023854,1.252478684598822,,,,,,,,,,,False,,,,,,,,,,True,2.66,4/6,3/3,0.83,34.8,True,"uptrend: new high +2.7 ATR above prior 2.5y high, 4/6 HH and 3/3 HL, 30w EMA +35% in 26w",2,hammer,2026-09-25,hammer,2026-10-07,False,True,False,no TV drawing read (f_rr False),https://www.tradingview.com/chart/?symbol=NASDAQ:EZPW,https://finviz.com/quote.ashx?t=EZPW,"$vol(30d) $21.0M < $50M | FAIL: dollar_vol, short_float, rr (no TV drawing read)"
FAST,FAIL,"no_earnings_14d,rr",True,True,False,True,False,False,True,True,True,,False,49.83000183105469,324442435.99697113,6510985.833333333,3.11,88.18,2026-10-14,7,264,48.483942047714585,48.563507260854415,48.5237246542845,45.89036120432168,51.70000076293945,1.2061670061911873,0.9999999999999991,2.633363449962824,0.4960489509295151,no,,,,,,,2026-09-30,,,False,,,,,,,,,,True,1.28,3/6,5/7,0.61,8.6,True,"uptrend: new high +1.3 ATR above prior 2.5y high, 3/6 HH and 5/7 HL, 30w EMA +9% in 26w",11,hammer,2026-10-02,hammer,2026-10-05,False,True,True,TV drawing not found (f_rr False),https://www.tradingview.com/chart/?symbol=NASDAQ:FAST,https://finviz.com/quote.ashx?t=FAST,"FAIL: no_earnings_14d, rr (TV drawing not found)"
FBP,FAIL,"dollar_vol,rr",False,True,True,True,False,True,True,True,True,,False,26.454999923706055,33319197.625243634,1259466.9333333333,4.92,97.34,2026-10-28,21,264,23.937618255615234,24.134553408849484,24.03608583223236,22.847162843307128,29.4887638092041,4.586233109934969,1.0,1.1889229889252313,2.034542282389844,,,,,,,,,,,False,,,,,,,,,,True,5.72,4/5,3/4,0.78,24.3,True,"uptrend: new high +5.7 ATR above prior 2.5y high, 4/5 HH and 3/4 HL, 30w EMA +24% in 26w",27,hammer,2026-10-02,hammer,2026-10-07,False,True,False,no TV drawing read (f_rr False),https://www.tradingview.com/chart/?symbol=NYSE:FBP,https://finviz.com/quote.ashx?t=FBP,"$vol(30d) $33.3M < $50M | FAIL: dollar_vol, rr (no TV drawing read)"
FCFS,FAIL,"short_float,rr",True,False,True,True,False,True,False,True,True,,False,209.55999755859375,81723474.38790894,389976.5,6.19,99.28,2026-10-22,15,263,162.90859985351562,164.29010707885658,163.5993534661861,153.2777266570131,228.3800048828125,6.276205545336583,0.6553754037723452,15.749182452929512,2.918287614596686,,,,,,,,,,,False,,,,,,,,,,True,2.3,4/6,5/7,0.69,22.1,True,"uptrend: new high +2.3 ATR above prior 2.5y high, 4/6 HH and 5/7 HL, 30w EMA +22% in 26w",2,hammer,2026-09-11,rejection,2026-10-07,False,True,False,no TV drawing read (f_rr False),https://www.tradingview.com/chart/?symbol=NASDAQ:FCFS,https://finviz.com/quote.ashx?t=FCFS,"short float 6.19% >= 5% | FAIL: short_float, rr (no TV drawing read)"
FDMT,FAIL,"dollar_vol,short_float,rr",False,False,True,True,False,True,False,True,True,,False,12.59000015258789,12286148.472571945,975865.6333333333,23.82,99.56,2026-11-11,35,262,10.489999771118164,10.739999771118164,10.614999771118164,8.531428337097168,15.829999923706055,2.5029140193785837,1.0,2.083571434020996,0.9478918501288228,,,,,,,,,,,False,,,,,,,,,,False,-5.76,6/7,4/5,0.83,35.2,True,no new high: recent high 16.93 is -5.76 ATR vs prior 2.5y high 28.93 (needs >= +1),0,strong_close,2026-09-18,hammer,2026-09-29,False,True,False,no TV drawing read (f_rr False),https://www.tradingview.com/chart/?symbol=NASDAQ:FDMT,https://finviz.com/quote.ashx?t=FDMT,"$vol(30d) $12.3M < $50M | FAIL: dollar_vol, short_float, rr (no TV drawing read)"
FDS,FAIL,"short_float,rr",True,False,True,True,False,True,False,True,True,,False,272.7650146484375,221133870.55566406,810712.0,10.84,115.32,2026-12-17,71,264,230.73046875,232.33656852734288,231.53351863867144,207.16926807674957,307.82000732421875,3.131082915588346,0.9483294536591275,25.69175771975915,1.6048530606395814,,,,,,,,,,,False,,,,,,,,,,False,-6.46,4/8,4/6,0.58,0.9,True,no new high: recent high 320.48 is -6.46 ATR vs prior 2.5y high 486.33 (needs >= +1),3,rejection,2026-10-02,strong_close,2026-10-05,False,True,False,no TV drawing read (f_rr False),https://www.tradingview.com/chart/?symbol=NYSE:FDS,https://finviz.com/quote.ashx?t=FDS,"short float 10.84% >= 5% | FAIL: short_float, rr (no TV drawing read)"
FFBC,FAIL,"dollar_vol,short_float,rr",False,False,True,True,False,True,False,True,True,,False,30.8700008392334,26564805.695192147,860537.9,5.9,85.73,2026-10-22,15,264,30.133853912353516,30.221622568782454,30.177738240567983,28.64313719413178,35.43537902832031,3.4260636013262986,1.000000000000001,1.534601046436203,0.45110264995130406,,,,,,,,,,,False,,,,,,,,,,True,3.49,6/6,3/4,0.88,19.2,True,"uptrend: new high +3.5 ATR above prior 2.5y high, 6/6 HH and 3/4 HL, 30w EMA +19% in 26w",2,hammer,2026-10-02,hammer,2026-10-01,False,True,False,no TV drawing read (f_rr False),https://www.tradingview.com/chart/?symbol=NASDAQ:FFBC,https://finviz.com/quote.ashx?t=FFBC,"$vol(30d) $26.6M < $50M | FAIL: dollar_vol, short_float, rr (no TV drawing read)"
FISI,FAIL,"dollar_vol,rr",False,True,True,True,False,True,True,True,True,,False,38.709999084472656,5316881.600584157,137351.63333333333,3.47,80.14,2026-10-22,15,264,34.20723342895508,34.528475599215206,34.36785451408514,32.53284870006443,41.87079449794637,4.08878267661802,1.0000000000000018,1.835005814020708,2.3662838216699607,,,,,,,,,,,False,,,,,,,,,,True,4.42,5/6,3/5,0.72,25.7,True,"uptrend: new high +4.4 ATR above prior 2.5y high, 5/6 HH and 3/5 HL, 30w EMA +26% in 26w",8,hammer,2026-10-02,rejection,2026-10-05,False,True,False,no TV drawing read (f_rr False),https://www.tradingview.com/chart/?symbol=NASDAQ:FISI,https://finviz.com/quote.ashx?t=FISI,"$vol(30d) $5.3M < $50M | FAIL: dollar_vol, rr (no TV drawing read)"
FLR,FAIL,"short_float,rr",True,False,True,True,False,False,True,True,True,,False,51.15999984741211,112970447.5350586,2208179.2,7.83,96.99,2026-10-30,23,263,53.65999984741211,53.91999816894531,53.78999900817871,48.90071405683245,56.81999969482422,0.6197226622701135,1.0000000000000002,4.889284951346261,-0.5379107961466703,,,,,,,,,,,False,,,,,,,,,,False,-0.36,4/5,3/6,0.65,10.7,True,no new high: recent high 58.35 is -0.36 ATR vs prior 2.5y high 60.10 (needs >= +1),6,hammer,2026-10-02,hammer,2026-10-07,False,True,False,no TV drawing read (f_rr False),https://www.tradingview.com/chart/?symbol=NYSE:FLR,https://finviz.com/quote.ashx?t=FLR,"short float 7.83% >= 5% | FAIL: short_float, rr (no TV drawing read)"
FOXF,FAIL,"dollar_vol,short_float,rr",False,False,True,True,False,False,True,True,True,,False,18.6200008392334,9296787.66702118,499290.4,6.94,101.79,2026-10-29,22,264,19.719999313354492,20.0,19.859999656677246,17.94478566305978,21.979999542236328,1.1069258540424582,1.0000000000000002,1.9152139936174666,-0.6474466151438938,,,,,,,,,,,False,,,,,,,,,,False,-17.11,2/4,3/5,0.55,-1.0,False,no new high: recent high 22.09 is -17.11 ATR vs prior 2.5y high 54.85 (needs >= +1); 30w EMA falling (-1% in 26w),13,hammer,2026-10-02,engulfing,2026-10-05,False,True,False,no TV drawing read (f_rr False),https://www.tradingview.com/chart/?symbol=NASDAQ:FOXF,https://finviz.com/quote.ashx?t=FOXF,"$vol(30d) $9.3M < $50M | FAIL: dollar_vol, short_float, rr (no TV drawing read)"
FRST,FAIL,"dollar_vol,rr",False,True,True,True,False,True,True,True,True,,False,15.25,2059585.6999999997,135054.8,3.58,80.48,2026-10-22,15,264,14.509625434875488,14.776129374748734,14.642877404812111,14.104805881499399,16.65999984741211,3.7487998438967765,0.6214387662669699,0.8658480167643055,0.7011884111679556,,,,,,,,,,,False,,,,,,,,,,True,2.92,5/5,4/5,0.9,22.0,True,"uptrend: new high +2.9 ATR above prior 2.5y high, 5/5 HH and 4/5 HL, 30w EMA +22% in 26w",13,hammer,2026-10-02,hammer,2026-10-06,False,True,False,no TV drawing read (f_rr False),https://www.tradingview.com/chart/?symbol=NASDAQ:FRST,https://finviz.com/quote.ashx?t=FRST,"$vol(30d) $2.1M < $50M | FAIL: dollar_vol, rr (no TV drawing read)"
FTDR,FAIL,"dollar_vol,rr",False,True,True,True,False,True,False,True,True,,False,77.80999755859375,43081621.58024902,553677.2,4.91,105.8,2026-10-29,22,264,68.80000305175781,70.01000213623047,69.40500259399414,62.73571613856724,90.83000183105469,3.2124874797702985,1.0000000000000002,6.669286455426898,1.2602540047984203,,,,,,,,,,,False,,,,,,,,,,True,3.4,5/7,3/5,0.66,25.1,True,"uptrend: new high +3.4 ATR above prior 2.5y high, 5/7 HH and 3/5 HL, 30w EMA +25% in 26w",1,strong_close,2026-10-02,hammer,2026-10-06,False,True,False,no TV drawing read (f_rr False),https://www.tradingview.com/chart/?symbol=NASDAQ:FTDR,https://finviz.com/quote.ashx?t=FTDR,"$vol(30d) $43.1M < $50M | FAIL: dollar_vol, rr (no TV drawing read)"
GCMG,FAIL,"dollar_vol,rr",False,True,True,True,False,True,True,True,True,,False,12.890000343322754,5993380.533965905,464963.56666666665,2.02,90.31,2026-11-11,35,264,11.173583954886555,11.418618698938745,11.29610132691265,10.388734036188499,13.73939037322998,2.692723301021124,1.0000000000000007,0.9073672907241506,1.7566194337224201,,,,,,,,,,,False,,,,,,,,,,True,1.31,4/6,3/6,0.58,14.5,True,"uptrend: new high +1.3 ATR above prior 2.5y high, 4/6 HH and 3/6 HL, 30w EMA +14% in 26w",10,hammer,2026-09-25,hammer,2026-10-05,False,True,False,no TV drawing read (f_rr False),https://www.tradingview.com/chart/?symbol=NASDAQ:GCMG,https://finviz.com/quote.ashx?t=GCMG,"$vol(30d) $6.0M < $50M | FAIL: dollar_vol, rr (no TV drawing read)"
GEO,FAIL,"short_float,rr",True,False,True,True,False,True,True,True,True,,False,30.545000076293945,69513937.50646216,2275787.7666666666,7.65,95.0,2026-11-05,29,264,18.549999237060547,18.809999465942383,18.679999351501465,17.08000015258789,32.79999923706055,8.825004346968912,0.6494030298316713,2.4638000215802873,4.8157320484079875,,,,,,,,,,,False,,,,,,,,,,False,-1.34,4/9,2/6,0.39,57.9,True,"no new high: recent high 33.17 is -1.34 ATR vs prior 2.5y high 36.46 (needs >= +1); choppy swings: 4/9 higher highs, 2/6 higher lows",30,hammer,2026-10-02,strong_close,2026-10-07,False,True,False,no TV drawing read (f_rr False),https://www.tradingview.com/chart/?symbol=NYSE:GEO,https://finviz.com/quote.ashx?t=GEO,"short float 7.65% >= 5% | FAIL: short_float, rr (no TV drawing read)"
GFF,FAIL,"dollar_vol,rr",False,True,True,True,False,False,False,True,True,,False,94.05000305175781,27147317.065882873,288647.7,4.66,80.27,2026-11-12,36,264,96.2056884765625,97.48284224289681,96.84426535972966,89.86000006020544,106.01384412929028,1.3128909593662281,0.9999999999999993,6.984265299524229,-0.40007963445520817,,,,,,,,,,,False,,,,,,,,,,True,1.64,4/6,4/5,0.73,18.9,True,"uptrend: new high +1.6 ATR above prior 2.5y high, 4/6 HH and 4/5 HL, 30w EMA +19% in 26w",2,rejection,2026-10-02,hammer,2026-10-07,False,True,False,no TV drawing read (f_rr False),https://www.tradingview.com/chart/?symbol=NYSE:GFF,https://finviz.com/quote.ashx?t=GFF,"$vol(30d) $27.1M < $50M | FAIL: dollar_vol, rr (no TV drawing read)"
GKOS,FAIL,"short_float,rr",True,False,True,True,False,True,False,True,True,,False,172.16000366210938,124365557.48278096,722383.5666666667,7.36,103.71,2026-11-04,28,264,144.99000549316406,148.11000061035156,146.5500030517578,131.10969761439733,184.88999938964844,2.4831112631438237,0.9999999999999992,15.440305437360491,1.6586459843199561,,,,,,,,,,,False,,,,,,,,,,True,1.81,4/6,4/5,0.73,40.2,True,"uptrend: new high +1.8 ATR above prior 2.5y high, 4/6 HH and 4/5 HL, 30w EMA +40% in 26w",2,strong_close,2026-10-02,engulfing,2026-10-07,False,True,False,no TV drawing read (f_rr False),https://www.tradingview.com/chart/?symbol=NYSE:GKOS,https://finviz.com/quote.ashx?t=GKOS,"short float 7.36% >= 5% | FAIL: short_float, rr (no TV drawing read)"
GM,FAIL,"no_earnings_14d,rr",True,True,False,True,False,False,False,True,True,,False,81.0,581494755.6,7178947.6,2.37,90.27,2026-10-20,13,264,83.0777353887578,83.85445062002798,83.46609300439289,78.32374140741295,87.76000213623047,0.8350088574961232,1.000000000000001,5.14235159697993,-0.47956522573081334,no,,,,,,,2026-10-07,charts/latest/GM.webp,,False,,,,,,,,,,False,0.9,3/4,3/5,0.68,11.4,True,no new high: recent high 91.66 is +0.90 ATR vs prior 2.5y high 87.04 (needs >= +1),0,rejection,2026-09-25,hammer,2026-10-06,False,True,True,TV drawing not found (f_rr False),https://www.tradingview.com/chart/?symbol=NYSE:GM,https://finviz.com/quote.ashx?t=GM,"FAIL: no_earnings_14d, rr (TV drawing not found)"
GPC,FAIL,"short_float,no_earnings_14d,rr",True,False,False,True,False,True,True,True,True,,False,125.43000030517578,109624407.08872019,873988.7333333333,5.8,96.01,2026-10-15,8,264,111.69415283203125,113.69657986606866,112.69536634904995,105.42583576854997,138.0800018310547,3.491922236367959,0.999999999999999,7.269530580499982,1.7517821563727398,,,,,,,,,,,False,,,,,,,,,,False,-1.75,4/6,3/5,0.63,3.2,True,no new high: recent high 138.81 is -1.75 ATR vs prior 2.5y high 151.55 (needs >= +1),12,hammer,2026-10-02,hammer,2026-10-07,True,True,True,no TV drawing read (f_rr False),https://www.tradingview.com/chart/?symbol=NYSE:GPC,https://finviz.com/quote.ashx?t=GPC,"short float 5.80% >= 5% | FAIL: short_float, no_earnings_14d, rr (no TV drawing read)"
GPN,FAIL,"short_float,rr",True,False,True,True,False,True,True,True,True,,False,81.05999755859375,173654989.48577064,2142301.933333333,7.44,93.13,2026-11-03,27,264,75.2475653121576,75.55550671858524,75.40153601537142,68.89629083330423,93.36565351610253,2.7614820038224313,1.0,6.505245182067185,0.8698306343350197,,,,,,,,,,,False,,,,,,,,,,False,-4.37,3/7,3/7,0.43,7.4,True,"no new high: recent high 95.61 is -4.37 ATR vs prior 2.5y high 124.02 (needs >= +1); choppy swings: 3/7 higher highs, 3/7 higher lows",15,hammer,2026-09-25,engulfing,2026-10-05,True,True,False,no TV drawing read (f_rr False),https://www.tradingview.com/chart/?symbol=NYSE:GPN,https://finviz.com/quote.ashx?t=GPN,"short float 7.44% >= 5% | FAIL: short_float, rr (no TV drawing read)"
GPRE,FAIL,"dollar_vol,short_float,rr",False,False,True,True,False,False,True,True,True,,False,15.34000015258789,22776744.78856163,1484794.3,17.61,112.53,2026-10-29,22,264,18.190000534057617,18.940000534057617,18.565000534057617,16.88361460821969,19.010000228881836,0.264662435902365,1.0000000000000002,1.6813859258379256,-1.9180607687450069,,,,,,,,,,,False,,,,,,,,,,False,-1.84,5/5,5/6,0.92,21.3,True,no new high: recent high 19.65 is -1.84 ATR vs prior 2.5y high 22.75 (needs >= +1),5,hammer,2026-10-02,hammer,2026-10-07,False,True,False,no TV drawing read (f_rr False),https://www.tradingview.com/chart/?symbol=NASDAQ:GPRE,https://finviz.com/quote.ashx?t=GPRE,"$vol(30d) $22.8M < $50M | FAIL: dollar_vol, short_float, rr (no TV drawing read)"
GRPN,FAIL,"dollar_vol,short_float,rr",False,False,True,True,False,True,True,True,True,,False,18.43000030517578,19698802.618185423,1068844.4,39.89,92.34,2026-11-05,29,264,20.229999542236328,22.389999389648438,21.309999465942383,18.21999944959368,28.350000381469727,2.2783174363365073,1.0000000000000002,3.0900000163487027,-0.9320385584236182,,,,,,,,,,,False,,,,,,,,,,False,-4.27,2/3,2/3,0.67,25.1,True,no new high: recent high 29.90 is -4.27 ATR vs prior 2.5y high 43.08 (needs >= +1),8,strong_close,2026-09-25,strong_close,2026-10-07,False,True,False,no TV drawing read (f_rr False),https://www.tradingview.com/chart/?symbol=NASDAQ:GRPN,https://finviz.com/quote.ashx?t=GRPN,"$vol(30d) $19.7M < $50M | FAIL: dollar_vol, short_float, rr (no TV drawing read)"
GWRE,FAIL,rr,True,True,True,True,False,False,False,True,True,,False,163.99000549316406,247263195.53956148,1507794.3,3.9,104.06,2026-12-03,57,262,158.9199981689453,173.17999267578125,166.04999542236328,144.57713971819197,205.85000610351562,1.853503382571551,0.9999999999999997,21.472855704171316,-0.09593460495331532,no,,,,,,,2026-10-07,charts/latest/GWRE.webp,user-lines,False,"user lines only, no zone/position","fib 256.14–121.02, short position entry=169.33 sl=182.03 tp=126.34, hline 168.86",,,,,,,,False,-3.03,3/6,2/5,0.45,-10.4,False,"no new high: recent high 207.49 is -3.03 ATR vs prior 2.5y high 272.60 (needs >= +1); choppy swings: 3/6 higher highs, 2/5 higher lows; 30w EMA falling (-10% in 26w)",2,engulfing,2026-10-02,strong_close,2026-10-07,False,True,False,TV drawing not found (f_rr False),https://www.tradingview.com/chart/?symbol=NYSE:GWRE,https://finviz.com/quote.ashx?t=GWRE,FAIL: rr (TV drawing not found)
HAFC,FAIL,"dollar_vol,rr",False,True,True,True,False,True,True,True,True,,False,31.3799991607666,6811357.261835607,217060.46666666667,4.33,94.0,2026-10-27,20,264,28.165475845336914,29.36132093663308,28.763398390984996,27.4049450257617,32.4900016784668,2.7432692081183405,0.9999999999999992,1.3584533652232953,1.9261616458592987,,,,,,,,,,,False,,,,,,,,,,True,2.83,5/6,4/6,0.75,18.4,True,"uptrend: new high +2.8 ATR above prior 2.5y high, 5/6 HH and 4/6 HL, 30w EMA +18% in 26w",22,hammer,2026-10-02,hammer,2026-10-07,False,True,False,no TV drawing read (f_rr False),https://www.tradingview.com/chart/?symbol=NASDAQ:HAFC,https://finviz.com/quote.ashx?t=HAFC,"$vol(30d) $6.8M < $50M | FAIL: dollar_vol, rr (no TV drawing read)"
HAS,FAIL,"short_float,no_earnings_14d,rr",True,False,False,True,False,True,True,True,True,,False,90.75,147187570.20000002,1621901.6,5.18,100.45,2026-10-20,13,262,80.76200866699219,81.54421152241544,81.1531100947038,75.68362391599332,95.97981262207031,2.7108035458756996,1.000000000000001,5.4694861787104765,1.754623668792015,,,,,,,,,,,False,,,,,,,,,,False,-1.17,4/6,1/2,0.58,4.8,True,no new high: recent high 98.20 is -1.17 ATR vs prior 2.5y high 104.60 (needs >= +1),17,hammer,2026-09-25,strong_close,2026-10-05,False,True,True,no TV drawing read (f_rr False),https://www.tradingview.com/chart/?symbol=NASDAQ:HAS,https://finviz.com/quote.ashx?t=HAS,"short float 5.18% >= 5% | FAIL: short_float, no_earnings_14d, rr (no TV drawing read)"
HBNC,FAIL,"dollar_vol,rr",False,True,True,True,False,True,False,True,True,,False,19.280000686645508,10903181.001643497,565517.6666666666,4.03,80.54,2026-10-28,21,264,18.25895881652832,18.29826856207387,18.278613689301096,17.363371085454137,20.690000534057617,2.634696893065237,1.0000000000000007,0.9152426038469587,1.094121922575905,,,,,,,,,,,False,,,,,,,,,,True,2.51,5/6,4/5,0.82,15.6,True,"uptrend: new high +2.5 ATR above prior 2.5y high, 5/6 HH and 4/5 HL, 30w EMA +16% in 26w",2,hammer,2026-10-02,strong_close,2026-10-07,False,True,False,no TV drawing read (f_rr False),https://www.tradingview.com/chart/?symbol=NASDAQ:HBNC,https://finviz.com/quote.ashx?t=HBNC,"$vol(30d) $10.9M < $50M | FAIL: dollar_vol, rr (no TV drawing read)"
HIW,FAIL,"dollar_vol,short_float,rr",False,False,True,True,False,True,True,True,True,,False,29.399999618530273,30897456.25910053,1050933.9,11.27,119.13,2026-10-27,20,264,28.898186068327096,29.044090305736304,28.9711381870317,27.405907151233883,33.30302810668945,2.7675722117596164,1.0000000000000009,1.5652310357978136,0.27399241497916005,,,,,,,,,,,False,,,,,,,,,,False,1.89,2/4,0/3,0.25,20.7,True,"choppy swings: 2/4 higher highs, 0/3 higher lows",9,hammer,2026-10-02,hammer,2026-10-01,False,True,False,no TV drawing read (f_rr False),https://www.tradingview.com/chart/?symbol=NYSE:HIW,https://finviz.com/quote.ashx?t=HIW,"$vol(30d) $30.9M < $50M | FAIL: dollar_vol, short_float, rr (no TV drawing read)"
HNI,FAIL,"dollar_vol,short_float,rr",False,False,True,True,False,True,True,True,True,,False,46.5099983215332,23809097.576103464,511913.5333333333,5.99,88.7,2026-11-03,27,264,37.259033203125,37.59293086872538,37.42598203592519,34.19961424738769,49.65999984741211,3.7918856786729127,1.0000000000000002,3.2263677885374937,2.8155551012755997,,,,,,,,,,,False,,,,,,,,,,False,-1.59,3/6,0/3,0.25,4.2,True,"no new high: recent high 50.06 is -1.59 ATR vs prior 2.5y high 55.20 (needs >= +1); choppy swings: 3/6 higher highs, 0/3 higher lows",20,hammer,2026-10-02,hammer,2026-10-07,False,True,False,no TV drawing read (f_rr False),https://www.tradingview.com/chart/?symbol=NYSE:HNI,https://finviz.com/quote.ashx?t=HNI,"$vol(30d) $23.8M < $50M | FAIL: dollar_vol, short_float, rr (no TV drawing read)"
HOPE,FAIL,"dollar_vol,short_float,rr",False,False,True,True,False,True,True,True,True,,False,13.34000015258789,11893519.034709167,891568.1333333333,5.52,94.56,2026-10-26,19,264,12.248750686645508,12.383428447353165,12.316089566999336,11.707470649452867,14.449999809265137,3.506151683336188,0.9999999999999997,0.6086189175464691,1.6823509031172648,,,,,,,,,,,False,,,,,,,,,,True,2.26,5/7,3/6,0.61,19.4,True,"uptrend: new high +2.3 ATR above prior 2.5y high, 5/7 HH and 3/6 HL, 30w EMA +19% in 26w",6,hammer,2026-10-02,hammer,2026-10-07,False,True,False,no TV drawing read (f_rr False),https://www.tradingview.com/chart/?symbol=NASDAQ:HOPE,https://finviz.com/quote.ashx?t=HOPE,"$vol(30d) $11.9M < $50M | FAIL: dollar_vol, short_float, rr (no TV drawing read)"
HP,FAIL,"dollar_vol,short_float,rr",False,False,True,True,False,True,False,True,True,,False,39.66999816894531,46022146.04708151,1160124.7333333334,7.61,102.79,2026-11-18,42,264,29.30034637451172,29.86909365405642,29.58472001428407,26.337589137267393,44.939998626708984,4.728875796510143,0.9999999999999999,3.247130877016677,3.105904423515925,,,,,,,,,,,False,,,,,,,,,,True,2.78,5/5,3/4,0.88,23.8,True,"uptrend: new high +2.8 ATR above prior 2.5y high, 5/5 HH and 3/4 HL, 30w EMA +24% in 26w",2,hammer,2026-10-02,rejection,2026-10-07,False,True,False,no TV drawing read (f_rr False),https://www.tradingview.com/chart/?symbol=NYSE:HP,https://finviz.com/quote.ashx?t=HP,"$vol(30d) $46.0M < $50M | FAIL: dollar_vol, short_float, rr (no TV drawing read)"
HPP,FAIL,"dollar_vol,short_float,rr",False,False,True,True,False,False,True,True,True,,False,11.649999618530273,6831548.126306534,586399.0,12.71,121.09,2026-11-04,28,264,16.520000457763672,17.149999618530273,16.835000038146973,15.249642985207695,16.959999084472656,0.07884598998940542,0.9999999999999996,1.5853570529392786,-3.270556881810076,,,,,,,,,,,False,,,,,,,,,,False,-16.92,1/3,1/4,0.29,19.0,True,"no new high: recent high 17.20 is -16.92 ATR vs prior 2.5y high 44.03 (needs >= +1); choppy swings: 1/3 higher highs, 1/4 higher lows",27,hammer,2026-10-02,hammer,2026-10-07,False,True,False,no TV drawing read (f_rr False),https://www.tradingview.com/chart/?symbol=NYSE:HPP,https://finviz.com/quote.ashx?t=HPP,"$vol(30d) $6.8M < $50M | FAIL: dollar_vol, short_float, rr (no TV drawing read)"
HQY,FAIL,"short_float,rr",True,False,True,True,False,True,False,True,True,,False,91.9000015258789,90960210.66694158,989773.7666666667,5.96,109.63,2026-12-08,62,264,89.52999877929688,92.3499984741211,90.93999862670898,84.03786305018834,105.72000122070312,2.1413666002551497,1.0000000000000002,6.902135576520648,0.13908780674138213,,,,,,,,,,,False,,,,,,,,,,False,-1.31,3/6,3/4,0.62,6.9,True,no new high: recent high 107.62 is -1.31 ATR vs prior 2.5y high 116.65 (needs >= +1),1,hammer,2026-10-02,engulfing,2026-10-07,False,True,False,no TV drawing read (f_rr False),https://www.tradingview.com/chart/?symbol=NASDAQ:HQY,https://finviz.com/quote.ashx?t=HQY,"short float 5.96% >= 5% | FAIL: short_float, rr (no TV drawing read)"
HRB,FAIL,"short_float,rr",True,False,True,True,False,True,False,True,True,,False,43.15999984741211,74993976.99219958,1737580.5666666667,14.48,105.8,2026-11-05,29,264,38.11940002441406,39.0505761008114,38.58498806261273,34.29591036962882,53.43327713012695,3.4618839131319805,1.0000000000000007,4.2890776929839065,1.0666656358972477,,,,,,,,,,,False,,,,,,,,,,False,-1.22,3/8,3/8,0.38,10.4,True,"no new high: recent high 58.14 is -1.22 ATR vs prior 2.5y high 63.36 (needs >= +1); choppy swings: 3/8 higher highs, 3/8 higher lows",2,hammer,2026-10-02,hammer,2026-10-07,False,True,False,no TV drawing read (f_rr False),https://www.tradingview.com/chart/?symbol=NYSE:HRB,https://finviz.com/quote.ashx?t=HRB,"short float 14.48% >= 5% | FAIL: short_float, rr (no TV drawing read)"
HRMY,FAIL,"dollar_vol,short_float,rr",False,False,True,True,False,True,False,True,True,,False,39.34000015258789,38762799.736349106,985327.9,9.22,95.56,2026-11-03,27,263,31.829999923706055,31.857999801635742,31.8439998626709,30.069999923706053,42.25,5.865840189036959,0.572469007567756,3.0988576071602956,2.41895602837528,,,,,,,,,,,False,,,,,,,,,,False,0.61,5/6,4/6,0.75,13.6,True,no new high: recent high 43.49 is +0.61 ATR vs prior 2.5y high 41.61 (needs >= +1),0,hammer,2026-09-25,rejection,2026-10-01,False,True,False,no TV drawing read (f_rr False),https://www.tradingview.com/chart/?symbol=NASDAQ:HRMY,https://finviz.com/quote.ashx?t=HRMY,"$vol(30d) $38.8M < $50M | FAIL: dollar_vol, short_float, rr (no TV drawing read)"
HSIC,FAIL,"short_float,rr",True,False,True,True,False,True,False,True,True,,False,83.66000366210938,91347323.4032786,1091887.6333333333,8.01,98.66,2026-11-03,27,264,78.83000183105469,79.95999908447266,79.39500045776367,75.31285803658622,89.80999755859375,2.5513556427622093,0.9999999999999989,4.082142421177456,1.0447952972487184,,,,,,,,,,,False,,,,,,,,,,False,0.71,3/6,1/5,0.35,11.4,True,"no new high: recent high 92.18 is +0.71 ATR vs prior 2.5y high 89.29 (needs >= +1); choppy swings: 3/6 higher highs, 1/5 higher lows",2,rejection,2026-10-02,hammer,2026-10-02,False,True,False,no TV drawing read (f_rr False),https://www.tradingview.com/chart/?symbol=NASDAQ:HSIC,https://finviz.com/quote.ashx?t=HSIC,"short float 8.01% >= 5% | FAIL: short_float, rr (no TV drawing read)"
HST,FAIL,"short_float,rr",True,False,True,True,False,True,False,True,True,,False,22.239999771118164,175743991.37000623,7902157.966666667,6.1,106.2,2026-11-04,28,264,19.44915133350018,19.582559924202123,19.51585562885115,18.498705431140838,25.1299991607666,5.519483302026929,1.0000000000000016,1.0171501977103097,2.678212272287113,,,,,,,,,,,False,,,,,,,,,,True,5.6,6/6,3/3,1.0,25.5,True,"uptrend: new high +5.6 ATR above prior 2.5y high, 6/6 HH and 3/3 HL, 30w EMA +25% in 26w",2,strong_close,2026-09-25,hammer,2026-10-05,False,True,False,no TV drawing read (f_rr False),https://www.tradingview.com/chart/?symbol=NASDAQ:HST,https://finviz.com/quote.ashx?t=HST,"short float 6.10% >= 5% | FAIL: short_float, rr (no TV drawing read)"
HVT,FAIL,"dollar_vol,rr",False,True,True,True,False,True,False,True,True,,False,27.469999313354492,3375833.9989503226,122891.66666666667,4.72,81.02,2026-11-04,28,262,22.683874127902698,23.09294254345333,22.888408335678015,21.148850537785034,28.860494558045826,3.4331059477307555,1.0000000000000002,1.7395577978929813,2.6337676064721016,,,,,,,,,,,False,,,,,,,,,,False,0.36,4/5,5/7,0.76,14.6,True,no new high: recent high 29.47 is +0.36 ATR vs prior 2.5y high 28.85 (needs >= +1),2,hammer,2026-09-04,hammer,2026-10-06,False,True,False,no TV drawing read (f_rr False),https://www.tradingview.com/chart/?symbol=NYSE:HVT,https://finviz.com/quote.ashx?t=HVT,"$vol(30d) $3.4M < $50M | FAIL: dollar_vol, rr (no TV drawing read)"
HWC,FAIL,"short_float,no_earnings_14d,rr",True,False,False,True,False,False,True,True,True,,False,71.63999938964844,56411317.55939229,787427.6666666666,7.85,97.59,2026-10-20,13,264,77.94108581542969,78.83513356942274,78.38810969242621,74.91659229940345,78.85500251461465,0.13449243351821505,1.0000000000000009,3.471517393022762,-1.9438503509561789,,,,,,,,,,,False,,,,,,,,,,True,1.66,4/6,3/4,0.71,14.5,True,"uptrend: new high +1.7 ATR above prior 2.5y high, 4/6 HH and 3/4 HL, 30w EMA +15% in 26w",10,hammer,2026-10-02,hammer,2026-10-07,False,True,True,no TV drawing read (f_rr False),https://www.tradingview.com/chart/?symbol=NASDAQ:HWC,https://finviz.com/quote.ashx?t=HWC,"short float 7.85% >= 5% | FAIL: short_float, no_earnings_14d, rr (no TV drawing read)"
IBCP,FAIL,"dollar_vol,rr",False,True,True,True,False,True,False,True,True,,False,35.54999923706055,6379149.928096898,179441.63333333333,3.59,82.37,2026-10-27,20,264,34.27873992919922,34.33830470021423,34.30852231470672,32.77340638376668,38.49781321842195,2.7289736359845316,1.000000000000002,1.5351159309400413,0.8087186754642022,,,,,,,,,,,False,,,,,,,,,,False,0.55,5/8,4/6,0.65,8.6,True,no new high: recent high 38.95 is +0.55 ATR vs prior 2.5y high 38.11 (needs >= +1),2,hammer,2026-10-02,rejection,2026-10-07,False,True,False,no TV drawing read (f_rr False),https://www.tradingview.com/chart/?symbol=NASDAQ:IBCP,https://finviz.com/quote.ashx?t=IBCP,"$vol(30d) $6.4M < $50M | FAIL: dollar_vol, rr (no TV drawing read)"
IBKR,FAIL,"no_earnings_14d,rr",True,True,False,True,False,True,True,True,True,,False,87.73999786376953,333373371.6599312,3799559.8333333335,2.83,88.25,2026-10-15,8,264,77.34832000732422,78.32538911470286,77.83685456101354,71.39303670023696,95.75331115722656,2.780410151762704,1.0,6.443817860776576,1.5368440754721326,no,,,,,,,2026-10-02,charts/latest/IBKR.webp,,False,,,,,,,,,,True,3.06,4/5,5/7,0.76,28.0,True,"uptrend: new high +3.1 ATR above prior 2.5y high, 4/5 HH and 5/7 HL, 30w EMA +28% in 26w",9,hammer,2026-10-02,hammer,2026-10-07,False,True,True,TV drawing not found (f_rr False),https://www.tradingview.com/chart/?symbol=NASDAQ:IBKR,https://finviz.com/quote.ashx?t=IBKR,"FAIL: no_earnings_14d, rr (TV drawing not found)"
ICFI,FAIL,"dollar_vol,rr",False,True,True,True,False,True,True,True,True,,False,82.8499984741211,14169282.90570577,171023.33333333334,3.48,102.84,2026-10-29,22,264,73.09683990478516,73.83418321078032,73.46551155778275,67.43958078862764,94.85221862792969,3.549112641588737,1.0000000000000002,6.025930769155108,1.5573506028935242,,,,,,,,,,,False,,,,,,,,,,False,-13.57,3/6,2/5,0.45,-0.3,False,"no new high: recent high 95.53 is -13.57 ATR vs prior 2.5y high 177.31 (needs >= +1); choppy swings: 3/6 higher highs, 2/5 higher lows; 30w EMA falling (-0% in 26w)",15,hammer,2026-09-11,strong_close,2026-10-05,True,True,False,no TV drawing read (f_rr False),https://www.tradingview.com/chart/?symbol=NASDAQ:ICFI,https://finviz.com/quote.ashx?t=ICFI,"$vol(30d) $14.2M < $50M | FAIL: dollar_vol, rr (no TV drawing read)"
ICHR,FAIL,"dollar_vol,short_float,rr",False,False,True,True,False,True,True,True,True,,False,60.869998931884766,40885298.85456594,671682.2666666667,7.62,90.72,2026-11-09,33,264,76.01000213623047,78.0,77.00500106811523,64.39736611502511,103.94999694824219,2.1371967050428236,1.0000000000000002,12.607634953090123,-1.2797802439763526,,,,,,,,,,,False,,,,,,,,,,True,4.39,4/4,3/6,0.75,86.9,True,"uptrend: new high +4.4 ATR above prior 2.5y high, 4/4 HH and 3/6 HL, 30w EMA +87% in 26w",8,strong_close,2026-10-02,hammer,2026-10-05,False,True,False,no TV drawing read (f_rr False),https://www.tradingview.com/chart/?symbol=NASDAQ:ICHR,https://finviz.com/quote.ashx?t=ICHR,"$vol(30d) $40.9M < $50M | FAIL: dollar_vol, short_float, rr (no TV drawing read)"
ICUI,FAIL,"dollar_vol,short_float,rr",False,False,True,True,False,True,True,True,True,,False,156.02999877929688,38576227.57719828,247235.96666666667,6.17,104.53,2026-11-09,33,264,157.02999877929688,159.88999938964844,158.45999908447266,146.64786311558314,184.55999755859375,2.2095917743296005,1.000000000000001,11.812135968889509,-0.20572065133485187,,,,,,,,,,,False,,,,,,,,,,False,-0.29,3/6,2/4,0.5,12.3,True,no new high: recent high 192.85 is -0.29 ATR vs prior 2.5y high 196.26 (needs >= +1),20,strong_close,2026-09-25,strong_close,2026-10-05,False,True,False,no TV drawing read (f_rr False),https://www.tradingview.com/chart/?symbol=NASDAQ:ICUI,https://finviz.com/quote.ashx?t=ICUI,"$vol(30d) $38.6M < $50M | FAIL: dollar_vol, short_float, rr (no TV drawing read)"
IDCC,FAIL,"short_float,rr",True,False,True,True,False,True,True,True,True,,False,330.79998779296875,67538970.38770752,204168.6,11.55,107.05,2026-10-29,22,262,295.28924560546875,298.0621700417618,296.6757078236153,272.4484461825752,350.1300048828125,2.206369743770279,1.000000000000001,24.22726164104009,1.4085075100500901,,,,,,,,,,,False,,,,,,,,,,False,-0.97,6/8,1/3,0.54,-2.8,False,no new high: recent high 386.32 is -0.97 ATR vs prior 2.5y high 409.73 (needs >= +1); 30w EMA falling (-3% in 26w),14,strong_close,2026-09-25,hammer,2026-10-06,True,True,False,no TV drawing read (f_rr False),https://www.tradingview.com/chart/?symbol=NASDAQ:IDCC,https://finviz.com/quote.ashx?t=IDCC,"short float 11.55% >= 5% | FAIL: short_float, rr (no TV drawing read)"
IDYA,FAIL,"dollar_vol,short_float,rr",False,False,True,True,False,False,True,True,True,,False,36.2599983215332,28627185.27685432,789497.7,11.03,101.92,2026-11-10,34,264,34.91999816894531,38.099998474121094,36.5099983215332,33.46964045933315,40.11000061035156,1.1840718928440015,0.9999999999999992,3.040357862200056,-0.08222716250221138,,,,,,,,,,,False,,,,,,,,,,False,-0.57,7/8,4/5,0.84,12.3,True,no new high: recent high 42.68 is -0.57 ATR vs prior 2.5y high 44.42 (needs >= +1),12,hammer,2026-09-18,hammer,2026-10-05,False,True,False,no TV drawing read (f_rr False),https://www.tradingview.com/chart/?symbol=NASDAQ:IDYA,https://finviz.com/quote.ashx?t=IDYA,"$vol(30d) $28.6M < $50M | FAIL: dollar_vol, short_float, rr (no TV drawing read)"
IFF,FAIL,"short_float,rr",True,False,True,True,False,False,False,True,True,,False,84.11499786376953,132356847.33375981,1573522.5666666667,6.51,107.29,2026-11-09,33,263,83.43508911132812,83.60195928955078,83.51852420043946,78.83808342165305,87.53567504882812,0.8582847296340061,0.9999999999999989,4.68044077878641,0.12743963475267656,,,,,,,,,,,False,,,,,,,,,,False,-2.84,4/7,3/5,0.59,12.8,True,no new high: recent high 88.90 is -2.84 ATR vs prior 2.5y high 102.21 (needs >= +1),2,strong_close,2026-09-25,engulfing,2026-10-07,False,True,False,no TV drawing read (f_rr False),https://www.tradingview.com/chart/?symbol=NYSE:IFF,https://finviz.com/quote.ashx?t=IFF,"short float 6.51% >= 5% | FAIL: short_float, rr (no TV drawing read)"
INBX,FAIL,"dollar_vol,short_float,history,rr",False,False,True,False,False,True,True,True,True,,False,93.36000061035156,29927263.955652874,320557.6666666667,30.93,87.83,2026-11-13,37,124,83.91000366210938,88.0,85.95500183105469,70.49212319510323,123.41000366210938,2.4222528490892485,1.0000000000000002,15.462878635951451,0.4788887602131293,,,,,,,,,,,False,,,,,,,,,,,,,,,,,not enough history (124 weekly bars < 130),12,hammer,2026-09-18,rejection,2026-09-29,False,True,False,no TV drawing read (f_rr False),https://www.tradingview.com/chart/?symbol=NASDAQ:INBX,https://finviz.com/quote.ashx?t=INBX,"$vol(30d) $29.9M < $50M | FAIL: dollar_vol, short_float, history, rr (no TV drawing read)"
INDV,FAIL,"short_float,rr",True,False,True,True,False,False,True,True,True,,False,36.130001068115234,65658239.220395155,1817277.5333333334,9.23,95.2,2026-10-29,22,264,39.5,41.0,40.25,37.924428939819336,40.619998931884766,0.15910024777141057,1.0,2.325571060180664,-1.77160741395049,,,,,,,,,,,False,,,,,,,,,,True,2.07,3/4,2/3,0.71,20.3,True,"uptrend: new high +2.1 ATR above prior 2.5y high, 3/4 HH and 2/3 HL, 30w EMA +20% in 26w",28,rejection,2026-09-18,engulfing,2026-10-07,False,True,False,no TV drawing read (f_rr False),https://www.tradingview.com/chart/?symbol=NASDAQ:INDV,https://finviz.com/quote.ashx?t=INDV,"short float 9.23% >= 5% | FAIL: short_float, rr (no TV drawing read)"
INTA,FAIL,"dollar_vol,rr",False,True,True,True,False,True,True,False,True,,False,37.599998474121094,20919150.191061404,556360.4,4.36,89.02,2026-11-09,33,264,24.84000015258789,24.989999771118164,24.914999961853027,20.996428898402623,43.470001220703125,4.7351447653757575,0.9999999999999999,3.9185710634504045,3.237149028783618,,,,,,,,,,,False,,,,,,,,,,False,-8.53,2/6,3/6,0.42,-1.6,False,"no new high: recent high 44.33 is -8.53 ATR vs prior 2.5y high 77.74 (needs >= +1); choppy swings: 2/6 higher highs, 3/6 higher lows; 30w EMA falling (-2% in 26w)",19,,,strong_close,2026-10-05,False,True,False,no TV drawing read (f_rr False),https://www.tradingview.com/chart/?symbol=NASDAQ:INTA,https://finviz.com/quote.ashx?t=INTA,"$vol(30d) $20.9M < $50M | FAIL: dollar_vol, rr (no TV drawing read)"
ITT,FAIL,"short_float,rr",True,False,True,True,False,True,True,True,True,,False,200.35000610351562,154284457.4884959,770074.6333333333,7.67,100.02,2026-11-04,28,263,188.93236629056855,191.2739242937497,190.10314529215913,178.2166626302015,218.9855194091797,2.4298503550977166,0.8702315562532345,13.658988319309682,0.7501917837407134,,,,,,,,,,,False,,,,,,,,,,False,0.86,5/6,2/4,0.67,8.2,True,no new high: recent high 229.88 is +0.86 ATR vs prior 2.5y high 218.14 (needs >= +1),11,hammer,2026-10-02,rejection,2026-10-06,False,True,False,no TV drawing read (f_rr False),https://www.tradingview.com/chart/?symbol=NYSE:ITT,https://finviz.com/quote.ashx?t=ITT,"short float 7.67% >= 5% | FAIL: short_float, rr (no TV drawing read)"
J,FAIL,rr,True,True,True,True,False,True,True,True,True,,False,136.32000732421875,98534627.75808105,722818.5333333333,2.76,95.16,2026-11-24,48,264,128.57635591334733,128.58632609935245,128.58134100634987,120.6594701913865,151.97999572753906,2.9536778960081267,0.9999999999999991,7.921870814963377,0.9768735818377079,no,,,,,,,2026-10-07,charts/latest/J.webp,user-lines,False,"user lines only, no zone/position",fib 105.23–153.42,,,,,,,,False,-1.69,4/6,2/4,0.58,0.7,True,no new high: recent high 153.30 is -1.69 ATR vs prior 2.5y high 166.66 (needs >= +1),15,hammer,2026-09-18,hammer,2026-10-06,True,True,False,TV drawing not found (f_rr False),https://www.tradingview.com/chart/?symbol=NYSE:J,https://finviz.com/quote.ashx?t=J,FAIL: rr (TV drawing not found)
JXN,FAIL,"short_float,rr",True,False,True,True,False,True,True,True,True,,False,130.29200744628906,99927498.54160056,766950.3333333334,7.03,87.23,2026-11-11,35,264,112.49200439453125,116.44236633026902,114.46718536240013,105.18677085024841,139.71800231933594,2.720871672690108,1.0000000000000002,9.28041451215172,1.7051848344885892,,,,,,,,,,,False,,,,,,,,,,True,2.11,6/7,4/5,0.83,18.4,True,"uptrend: new high +2.1 ATR above prior 2.5y high, 6/7 HH and 4/5 HL, 30w EMA +18% in 26w",6,hammer,2026-10-02,strong_close,2026-10-05,False,True,False,no TV drawing read (f_rr False),https://www.tradingview.com/chart/?symbol=NYSE:JXN,https://finviz.com/quote.ashx?t=JXN,"short float 7.03% >= 5% | FAIL: short_float, rr (no TV drawing read)"
KALU,FAIL,"dollar_vol,short_float,rr",False,False,True,True,False,True,False,True,True,,False,152.24000549316406,32288029.626358543,212086.36666666667,5.93,101.85,2026-10-22,15,264,139.23755306845413,148.66277260908612,143.95016283877013,125.71070068020433,186.77999877929688,2.3481962114991735,1.0000000000000004,18.239462158565793,0.4545003894482042,,,,,,,,,,,False,,,,,,,,,,True,2.81,3/3,3/3,1.0,39.1,True,"uptrend: new high +2.8 ATR above prior 2.5y high, 3/3 HH and 3/3 HL, 30w EMA +39% in 26w",2,hammer,2026-10-02,strong_close,2026-10-07,False,True,False,no TV drawing read (f_rr False),https://www.tradingview.com/chart/?symbol=NASDAQ:KALU,https://finviz.com/quote.ashx?t=KALU,"$vol(30d) $32.3M < $50M | FAIL: dollar_vol, short_float, rr (no TV drawing read)"
KDP,FAIL,"short_float,rr",True,False,True,True,False,False,False,True,True,,False,30.540000915527344,302082671.7978264,9891377.3,6.09,108.83,2026-10-22,15,264,29.013338088989258,29.072915096860722,29.04312659292499,27.042359468652844,32.59000015258789,1.7727568174398125,0.9999999999999998,2.0007671242721483,0.7481501992126617,,,,,,,,,,,False,,,,,,,,,,False,-1.11,3/6,4/6,0.58,9.7,True,no new high: recent high 33.82 is -1.11 ATR vs prior 2.5y high 36.04 (needs >= +1),2,engulfing,2026-09-25,strong_close,2026-10-05,False,True,False,no TV drawing read (f_rr False),https://www.tradingview.com/chart/?symbol=NASDAQ:KDP,https://finviz.com/quote.ashx?t=KDP,"short float 6.09% >= 5% | FAIL: short_float, rr (no TV drawing read)"
KELYA,FAIL,"dollar_vol,rr",False,True,True,True,False,True,True,True,True,,False,15.899999618530273,4373440.6450732555,275059.1666666667,4.0,84.0,2026-11-05,29,262,10.885077476501465,11.561109137009604,11.223093306755533,9.966294636455823,17.280000686645508,4.819313962550242,1.0000000000000002,1.2567986702997105,3.7212852163978116,,,,,,,,,,,False,,,,,,,,,,False,-4.14,3/4,4/5,0.78,40.5,True,no new high: recent high 17.67 is -4.14 ATR vs prior 2.5y high 22.87 (needs >= +1),20,strong_close,2026-09-25,engulfing,2026-10-07,False,True,False,no TV drawing read (f_rr False),https://www.tradingview.com/chart/?symbol=NASDAQ:KELYA,https://finviz.com/quote.ashx?t=KELYA,"$vol(30d) $4.4M < $50M | FAIL: dollar_vol, rr (no TV drawing read)"
KFRC,FAIL,"dollar_vol,short_float,rr",False,False,True,True,False,True,False,True,True,,False,51.650001525878906,11834526.972956847,229129.26666666666,9.37,97.45,2026-11-02,26,264,43.337745666503906,46.753189950689816,45.04546780859686,40.662677813390566,58.630958557128906,3.0997357307539866,0.9999999999999994,4.382789995206298,1.5069245217100964,,,,,,,,,,,False,,,,,,,,,,False,-1.01,3/4,3/6,0.62,58.5,True,no new high: recent high 61.20 is -1.01 ATR vs prior 2.5y high 65.61 (needs >= +1),4,engulfing,2026-10-02,strong_close,2026-10-07,False,True,False,no TV drawing read (f_rr False),https://www.tradingview.com/chart/?symbol=NYSE:KFRC,https://finviz.com/quote.ashx?t=KFRC,"$vol(30d) $11.8M < $50M | FAIL: dollar_vol, short_float, rr (no TV drawing read)"
KMX,FAIL,"short_float,rr",True,False,True,True,False,True,False,True,True,,False,53.27000045776367,134350112.4951739,2522059.533333333,7.06,102.95,2026-12-17,71,264,46.86000061035156,49.439998626708984,48.14999961853027,43.34906414576939,63.290000915527344,3.153552340558845,1.0000000000000004,4.800935472760882,1.066458999143563,,,,,,,,,,,False,,,,,,,,,,False,-5.41,3/6,1/5,0.35,16.5,True,"no new high: recent high 65.28 is -5.41 ATR vs prior 2.5y high 91.25 (needs >= +1); choppy swings: 3/6 higher highs, 1/5 higher lows",0,hammer,2026-09-25,hammer,2026-10-05,False,True,False,no TV drawing read (f_rr False),https://www.tradingview.com/chart/?symbol=NYSE:KMX,https://finviz.com/quote.ashx?t=KMX,"short float 7.06% >= 5% | FAIL: short_float, rr (no TV drawing read)"
KOP,FAIL,"dollar_vol,rr",False,True,True,True,False,True,False,True,True,,False,43.86000061035156,6766959.200168354,154285.43333333332,4.3,103.06,2026-10-30,23,264,29.477861404418945,30.072239189067158,29.775050296743053,26.253012042409377,47.939998626708984,5.157510230791773,1.0000000000000002,3.5220382543336752,3.9990906675354103,,,,,,,,,,,False,,,,,,,,,,False,-0.73,3/4,2/4,0.62,33.8,True,no new high: recent high 52.90 is -0.73 ATR vs prior 2.5y high 55.48 (needs >= +1),2,hammer,2026-10-02,strong_close,2026-10-05,False,True,False,no TV drawing read (f_rr False),https://www.tradingview.com/chart/?symbol=NYSE:KOP,https://finviz.com/quote.ashx?t=KOP,"$vol(30d) $6.8M < $50M | FAIL: dollar_vol, rr (no TV drawing read)"
KRYS,FAIL,"short_float,rr",True,False,True,True,False,True,False,True,True,,False,324.57000732421875,88886720.56781006,273859.93333333335,12.18,99.09,2026-11-09,33,264,289.0,298.3030090332031,293.65150451660156,266.5357862200056,358.239990234375,2.3819573950169604,0.9999999999999991,27.115718296595983,1.140242809333898,,,,,,,,,,,False,,,,,,,,,,True,3.11,4/5,5/5,0.9,34.7,True,"uptrend: new high +3.1 ATR above prior 2.5y high, 4/5 HH and 5/5 HL, 30w EMA +35% in 26w",2,strong_close,2026-09-25,rejection,2026-10-07,False,True,False,no TV drawing read (f_rr False),https://www.tradingview.com/chart/?symbol=NASDAQ:KRYS,https://finviz.com/quote.ashx?t=KRYS,"short float 12.18% >= 5% | FAIL: short_float, rr (no TV drawing read)"
KURA,FAIL,"dollar_vol,short_float,rr",False,False,True,True,False,False,False,True,True,,False,10.670000076293945,19241421.692249045,1803319.7333333334,17.14,100.73,2026-10-29,22,264,11.449999809265137,12.220000267028809,11.835000038146973,10.43671430860247,13.25,1.0119533740174618,0.9999999999999996,1.3982857295445033,-0.8331630204311178,,,,,,,,,,,False,,,,,,,,,,False,-6.85,6/7,3/5,0.73,18.2,True,no new high: recent high 13.90 is -6.85 ATR vs prior 2.5y high 23.48 (needs >= +1),0,strong_close,2026-09-04,hammer,2026-10-05,False,True,False,no TV drawing read (f_rr False),https://www.tradingview.com/chart/?symbol=NASDAQ:KURA,https://finviz.com/quote.ashx?t=KURA,"$vol(30d) $19.2M < $50M | FAIL: dollar_vol, short_float, rr (no TV drawing read)"
KWR,FAIL,"dollar_vol,short_float,rr",False,False,True,True,False,False,True,True,True,,False,157.50999450683594,20950771.892674766,133012.33333333334,13.44,91.39,2026-10-29,22,264,160.63099670410156,162.94337340643094,161.78718505526626,150.37583897971328,170.72000122070312,0.7828012669402794,1.0000000000000002,11.41134607555298,-0.374819107238675,,,,,,,,,,,False,,,,,,,,,,False,-1.37,4/5,4/6,0.73,11.9,True,no new high: recent high 175.14 is -1.37 ATR vs prior 2.5y high 190.80 (needs >= +1),12,hammer,2026-10-02,hammer,2026-10-06,False,True,False,no TV drawing read (f_rr False),https://www.tradingview.com/chart/?symbol=NYSE:KWR,https://finviz.com/quote.ashx?t=KWR,"$vol(30d) $21.0M < $50M | FAIL: dollar_vol, short_float, rr (no TV drawing read)"
KYMR,FAIL,"short_float,rr",True,False,True,True,False,True,False,True,True,,False,108.3499984741211,81644703.47520828,753527.5,14.12,108.48,2026-10-29,22,263,87.80999755859375,90.0999984741211,88.95499801635742,78.49304035731724,119.9800033569336,2.9655066816072857,1.0000000000000002,10.461957659040179,1.853859582484971,,,,,,,,,,,False,,,,,,,,,,True,2.59,4/7,3/4,0.66,39.8,True,"uptrend: new high +2.6 ATR above prior 2.5y high, 4/7 HH and 3/4 HL, 30w EMA +40% in 26w",0,hammer,2026-09-18,strong_close,2026-10-07,False,True,False,no TV drawing read (f_rr False),https://www.tradingview.com/chart/?symbol=NASDAQ:KYMR,https://finviz.com/quote.ashx?t=KYMR,"short float 14.12% >= 5% | FAIL: short_float, rr (no TV drawing read)"
LBRX,FAIL,"dollar_vol,short_float,history,rr",False,False,True,False,False,True,False,True,True,,False,34.15999984741211,11635178.337360635,340608.26666666666,23.48,83.47,2026-11-05,29,57,31.989999771118164,33.470001220703125,32.730000495910645,29.35000061035156,49.34000015258789,4.914201248243473,0.6710875099553516,5.03660079411098,0.2839215196831729,,,,,,,,,,,False,,,,,,,,,,,,,,,,,not enough history (57 weekly bars < 130),0,engulfing,2026-09-04,hammer,2026-09-28,False,True,False,no TV drawing read (f_rr False),https://www.tradingview.com/chart/?symbol=NASDAQ:LBRX,https://finviz.com/quote.ashx?t=LBRX,"$vol(30d) $11.6M < $50M | FAIL: dollar_vol, short_float, history, rr (no TV drawing read)"
LNC,FAIL,"short_float,rr",True,False,True,True,False,True,False,True,True,,False,41.005001068115234,74283949.18164572,1811582.6666666667,6.41,86.07,2026-11-04,28,264,37.102439880371094,38.04161780042772,37.57202884039941,34.591265940345735,45.470001220703125,2.6496479744032944,0.9944560850835047,2.997380120413644,1.1453242798054142,,,,,,,,,,,False,,,,,,,,,,False,0.82,3/6,3/4,0.62,8.9,True,no new high: recent high 47.67 is +0.82 ATR vs prior 2.5y high 45.22 (needs >= +1),2,hammer,2026-09-25,hammer,2026-10-07,False,True,False,no TV drawing read (f_rr False),https://www.tradingview.com/chart/?symbol=NYSE:LNC,https://finviz.com/quote.ashx?t=LNC,"short float 6.41% >= 5% | FAIL: short_float, rr (no TV drawing read)"
LNTH,FAIL,"short_float,rr",True,False,True,True,False,True,True,True,True,,False,100.18000030517578,97788206.13722305,976125.0333333333,6.41,116.52,2026-10-29,22,264,57.689998626708984,58.29600143432617,57.99300003051758,54.52142769949777,110.37999725341797,15.090279627707258,0.9999999999999991,3.4715723310198103,12.152130577174331,,,,,,,,,,,False,,,,,,,,,,False,-4.33,4/7,3/4,0.66,36.2,True,no new high: recent high 111.86 is -4.33 ATR vs prior 2.5y high 126.89 (needs >= +1),6,hammer,2026-10-02,hammer,2026-10-07,False,True,False,no TV drawing read (f_rr False),https://www.tradingview.com/chart/?symbol=NASDAQ:LNTH,https://finviz.com/quote.ashx?t=LNTH,"short float 6.41% >= 5% | FAIL: short_float, rr (no TV drawing read)"
LOCO,FAIL,"dollar_vol,short_float,rr",False,False,True,True,False,True,True,True,True,,False,14.630000114440918,3077351.763072109,210345.3,6.7,91.43,2026-10-29,22,264,14.1899995803833,14.345000267028809,14.267499923706055,13.319999923706055,16.81999969482422,2.693931156852944,0.9674078218274205,0.9794214793613979,0.3701166437264788,,,,,,,,,,,False,,,,,,,,,,True,2.96,4/7,3/5,0.59,25.7,True,"uptrend: new high +3.0 ATR above prior 2.5y high, 4/7 HH and 3/5 HL, 30w EMA +26% in 26w",8,hammer,2026-09-11,engulfing,2026-10-07,False,True,False,no TV drawing read (f_rr False),https://www.tradingview.com/chart/?symbol=NASDAQ:LOCO,https://finviz.com/quote.ashx?t=LOCO,"$vol(30d) $3.1M < $50M | FAIL: dollar_vol, short_float, rr (no TV drawing read)"
LQDT,FAIL,"dollar_vol,rr",False,True,True,True,False,True,False,True,True,,False,41.29999923706055,10358562.941978455,250812.66666666666,4.38,80.58,2026-12-03,57,262,32.81999969482422,33.61000061035156,33.21500015258789,30.3700008392334,43.470001220703125,3.6045706654402423,1.0,2.844999313354492,2.841828132091802,,,,,,,,,,,False,,,,,,,,,,True,1.86,7/8,5/8,0.75,30.3,True,"uptrend: new high +1.9 ATR above prior 2.5y high, 7/8 HH and 5/8 HL, 30w EMA +30% in 26w",0,hammer,2026-09-25,engulfing,2026-10-01,False,True,False,no TV drawing read (f_rr False),https://www.tradingview.com/chart/?symbol=NASDAQ:LQDT,https://finviz.com/quote.ashx?t=LQDT,"$vol(30d) $10.4M < $50M | FAIL: dollar_vol, rr (no TV drawing read)"
LTH,FAIL,"short_float,rr",True,False,True,True,False,True,False,True,True,,False,40.505001068115234,113991095.29310721,2814247.433333333,5.99,85.18,2026-10-22,15,262,33.7400016784668,35.33000183105469,34.53500175476074,31.74957275390625,46.0,4.116061921421122,1.0,2.785429000854492,2.143296171441836,,,,,,,,,,,False,,,,,,,,,,True,4.4,4/8,3/5,0.55,38.8,True,"uptrend: new high +4.4 ATR above prior 2.5y high, 4/8 HH and 3/5 HL, 30w EMA +39% in 26w",2,hammer,2026-10-02,hammer,2026-10-07,False,True,False,no TV drawing read (f_rr False),https://www.tradingview.com/chart/?symbol=NYSE:LTH,https://finviz.com/quote.ashx?t=LTH,"short float 5.99% >= 5% | FAIL: short_float, rr (no TV drawing read)"
LW,FAIL,rr,True,True,True,True,False,True,True,True,True,,True,48.060001373291016,98738726.53941078,2054488.6333333333,4.9,95.22,2027-01-01,86,264,44.09986877441406,44.35077269493586,44.225320734674966,40.418229403738685,54.97999954223633,2.824906962480581,1.0000000000000004,3.8070913309362795,1.007246820546589,,,,,,,,,,,False,,,,,,,,,,False,-7.49,4/7,4/7,0.57,-0.1,False,no new high: recent high 55.70 is -7.49 ATR vs prior 2.5y high 84.23 (needs >= +1); 30w EMA falling (-0% in 26w),26,hammer,2026-10-02,strong_close,2026-10-05,False,True,False,no TV drawing read (f_rr False),https://www.tradingview.com/chart/?symbol=NYSE:LW,https://finviz.com/quote.ashx?t=LW,FAIL: rr (no TV drawing read)
LYFT,FAIL,"short_float,rr",True,False,True,True,False,True,True,True,True,,False,15.600000381469727,147655222.49064076,9465078.133333333,21.0,111.65,2026-11-11,35,262,14.350000381469727,15.277999877929688,14.814000129699707,13.472500256129674,17.700000762939453,2.1513238205229563,0.9999999999999997,1.3414998735700334,0.5859115362257141,,,,,,,,,,,False,,,,,,,,,,False,-5.64,3/6,3/6,0.5,-3.3,False,no new high: recent high 17.98 is -5.64 ATR vs prior 2.5y high 25.54 (needs >= +1); 30w EMA falling (-3% in 26w),10,engulfing,2026-10-02,rejection,2026-10-07,True,True,False,no TV drawing read (f_rr False),https://www.tradingview.com/chart/?symbol=NASDAQ:LYFT,https://finviz.com/quote.ashx?t=LYFT,"short float 21.00% >= 5% | FAIL: short_float, rr (no TV drawing read)"
LYV,FAIL,"short_float,rr",True,False,True,True,False,True,True,True,True,,False,170.9149932861328,308370864.1861038,1804235.3,14.46,84.92,2026-10-29,22,264,160.58999633789062,165.97999572753906,163.28499603271484,154.07214028494698,188.4600067138672,2.7325957738187614,1.0000000000000004,9.212855747767858,0.8281902444056619,,,,,,,,,,,False,,,,,,,,,,True,1.52,4/4,4/4,1.0,12.9,True,"uptrend: new high +1.5 ATR above prior 2.5y high, 4/4 HH and 4/4 HL, 30w EMA +13% in 26w",9,rejection,2026-10-02,hammer,2026-10-07,False,True,False,no TV drawing read (f_rr False),https://www.tradingview.com/chart/?symbol=NYSE:LYV,https://finviz.com/quote.ashx?t=LYV,"short float 14.46% >= 5% | FAIL: short_float, rr (no TV drawing read)"
M,FAIL,"short_float,rr",True,False,True,True,False,False,True,True,True,,False,22.790000915527344,145869230.8969063,6400580.3,13.7,99.7,2026-11-12,36,264,22.08687400817871,22.203631770318612,22.14525288924866,20.238833818059078,25.18402099609375,1.5939664855266773,0.9999999999999998,1.9064190711895823,0.33819847693632704,,,,,,,,,,,False,,,,,,,,,,True,1.46,4/6,5/6,0.75,17.9,True,"uptrend: new high +1.5 ATR above prior 2.5y high, 4/6 HH and 5/6 HL, 30w EMA +18% in 26w",29,hammer,2026-09-11,engulfing,2026-10-07,False,True,False,no TV drawing read (f_rr False),https://www.tradingview.com/chart/?symbol=NYSE:M,https://finviz.com/quote.ashx?t=M,"short float 13.70% >= 5% | FAIL: short_float, rr (no TV drawing read)"
MAC,FAIL,"short_float,rr",True,False,True,True,False,True,False,True,True,,False,22.200000762939453,68508540.05440839,3085970.1666666665,11.54,111.17,2026-11-04,28,264,20.221808249684788,20.446496318736834,20.33415228421081,19.09866367147397,24.553985531356954,3.415517717964578,0.9999999999999991,1.2354886127368385,1.5102109881817853,,,,,,,,,,,False,,,,,,,,,,True,4.33,6/8,3/4,0.75,24.2,True,"uptrend: new high +4.3 ATR above prior 2.5y high, 6/8 HH and 3/4 HL, 30w EMA +24% in 26w",3,hammer,2026-10-02,hammer,2026-10-02,False,True,False,no TV drawing read (f_rr False),https://www.tradingview.com/chart/?symbol=NYSE:MAC,https://finviz.com/quote.ashx?t=MAC,"short float 11.54% >= 5% | FAIL: short_float, rr (no TV drawing read)"
MAN,FAIL,"dollar_vol,short_float,no_earnings_14d,rr",False,False,False,True,False,True,True,True,True,,False,52.88999938964844,38376837.228130594,725597.2333333333,9.92,120.41,2026-10-15,8,263,30.4213809967041,31.789511211864244,31.105446104284173,25.740190503227602,62.38999938964844,5.830953007943079,0.93384194855915,5.7453572409493585,3.79167950255511,,,,,,,,,,,False,,,,,,,,,,False,-1.33,1/5,2/6,0.27,49.7,True,"no new high: recent high 63.88 is -1.33 ATR vs prior 2.5y high 71.49 (needs >= +1); choppy swings: 1/5 higher highs, 2/6 higher lows",23,hammer,2026-09-25,strong_close,2026-10-07,False,True,True,no TV drawing read (f_rr False),https://www.tradingview.com/chart/?symbol=NYSE:MAN,https://finviz.com/quote.ashx?t=MAN,"$vol(30d) $38.4M < $50M | FAIL: dollar_vol, short_float, no_earnings_14d, rr (no TV drawing read)"
MANH,FAIL,"short_float,rr",True,False,True,True,False,True,True,True,True,,False,202.11000061035156,118952285.50122374,588552.2,5.14,111.07,2026-10-27,20,263,153.00999450683594,162.77000427246094,157.88999938964844,139.68428366524833,223.27999877929688,3.591729123948138,0.9999999999999998,18.20571572440011,2.428907596389496,,,,,,,,,,,False,,,,,,,,,,False,-4.7,3/6,3/6,0.5,11.2,True,no new high: recent high 227.03 is -4.70 ATR vs prior 2.5y high 312.60 (needs >= +1),10,hammer,2026-10-02,engulfing,2026-10-05,False,True,False,no TV drawing read (f_rr False),https://www.tradingview.com/chart/?symbol=NASDAQ:MANH,https://finviz.com/quote.ashx?t=MANH,"short float 5.14% >= 5% | FAIL: short_float, rr (no TV drawing read)"
MBIN,FAIL,"dollar_vol,short_float,rr",False,False,True,True,False,False,False,True,True,,False,49.31999969482422,10101350.793496195,204812.46666666667,13.25,97.95,2026-10-22,15,264,50.006271017370125,50.89442807468335,50.450349546026736,47.24778960011143,55.82420204245969,1.6779865442603243,0.8556139564509723,3.7429963849576535,-0.3019906339597775,,,,,,,,,,,False,,,,,,,,,,True,1.25,5/6,6/9,0.75,26.3,True,"uptrend: new high +1.3 ATR above prior 2.5y high, 5/6 HH and 6/9 HL, 30w EMA +26% in 26w",2,hammer,2026-09-25,hammer,2026-10-07,False,True,False,no TV drawing read (f_rr False),https://www.tradingview.com/chart/?symbol=NASDAQ:MBIN,https://finviz.com/quote.ashx?t=MBIN,"$vol(30d) $10.1M < $50M | FAIL: dollar_vol, short_float, rr (no TV drawing read)"
MBX,FAIL,"dollar_vol,short_float,history,rr",False,False,True,False,False,True,True,True,True,,False,54.540000915527344,25326725.681143187,464369.73333333334,13.54,81.37,2026-11-05,29,109,38.189998626708984,40.970001220703125,39.579999923706055,31.77310698372977,68.56999969482422,3.713385080852183,0.9999999999999999,7.806892939976284,1.9162554305332558,,,,,,,,,,,False,,,,,,,,,,,,,,,,,not enough history (109 weekly bars < 130),20,strong_close,2026-10-02,hammer,2026-10-05,False,True,False,no TV drawing read (f_rr False),https://www.tradingview.com/chart/?symbol=NASDAQ:MBX,https://finviz.com/quote.ashx?t=MBX,"$vol(30d) $25.3M < $50M | FAIL: dollar_vol, short_float, history, rr (no TV drawing read)"
MD,FAIL,"dollar_vol,short_float,rr",False,False,True,True,False,False,False,True,True,,False,25.81999969482422,15939230.61360855,617321.1,5.91,104.29,2026-10-29,22,264,23.510000228881836,23.739999771118164,23.625,21.831442832946777,27.030000686645508,1.8984623123219728,1.0,1.7935571670532227,1.22382477411108,,,,,,,,,,,False,,,,,,,,,,True,1.64,5/9,3/4,0.65,24.3,True,"uptrend: new high +1.6 ATR above prior 2.5y high, 5/9 HH and 3/4 HL, 30w EMA +24% in 26w",2,hammer,2026-09-25,rejection,2026-10-06,False,True,False,no TV drawing read (f_rr False),https://www.tradingview.com/chart/?symbol=NYSE:MD,https://finviz.com/quote.ashx?t=MD,"$vol(30d) $15.9M < $50M | FAIL: dollar_vol, short_float, rr (no TV drawing read)"
MEI,FAIL,"dollar_vol,short_float,rr",False,False,True,True,False,True,False,True,True,,False,15.119999885559082,10681198.839155674,706428.5,9.44,93.11,2026-12-03,57,264,8.996204376220703,9.174347336172405,9.085275856196553,7.597639012228919,18.209999084472656,6.133703440646048,0.5,2.9752736879352675,2.028292070686919,,,,,,,,,,,False,,,,,,,,,,True,1.37,4/6,2/3,0.67,87.9,True,"uptrend: new high +1.4 ATR above prior 2.5y high, 4/6 HH and 2/3 HL, 30w EMA +88% in 26w",4,strong_close,2026-10-02,hammer,2026-10-07,False,True,False,no TV drawing read (f_rr False),https://www.tradingview.com/chart/?symbol=NYSE:MEI,https://finviz.com/quote.ashx?t=MEI,"$vol(30d) $10.7M < $50M | FAIL: dollar_vol, short_float, rr (no TV drawing read)"
MGRC,FAIL,"dollar_vol,rr",False,True,True,True,False,False,True,True,True,,False,114.26000213623047,16738644.698949434,146496.1,2.16,92.76,2026-10-22,15,264,116.39197540283203,117.3580014793891,116.87498844111056,110.80158885251265,122.27999877929688,0.8899480858024861,1.0000000000000004,6.073399588597906,-0.43056384924670865,,,,,,,,,,,False,,,,,,,,,,False,-0.22,2/7,5/6,0.56,4.0,True,no new high: recent high 125.32 is -0.22 ATR vs prior 2.5y high 126.65 (needs >= +1),9,strong_close,2026-10-02,hammer,2026-10-05,True,True,False,no TV drawing read (f_rr False),https://www.tradingview.com/chart/?symbol=NASDAQ:MGRC,https://finviz.com/quote.ashx?t=MGRC,"$vol(30d) $16.7M < $50M | FAIL: dollar_vol, rr (no TV drawing read)"
MHK,FAIL,"short_float,rr",True,False,True,True,False,True,True,True,True,,False,119.12000274658203,120527997.20837988,1011819.9666666667,9.66,90.16,2026-10-22,15,264,108.83000183105469,112.76000213623047,110.79500198364258,100.42428643362862,140.10000610351562,2.8257456275361457,1.0000000000000004,10.370715550013951,0.8027412113263731,,,,,,,,,,,False,,,,,,,,,,False,-2.31,4/7,3/5,0.59,5.9,True,no new high: recent high 140.30 is -2.31 ATR vs prior 2.5y high 164.29 (needs >= +1),22,strong_close,2026-10-02,hammer,2026-10-07,False,True,False,no TV drawing read (f_rr False),https://www.tradingview.com/chart/?symbol=NYSE:MHK,https://finviz.com/quote.ashx?t=MHK,"short float 9.66% >= 5% | FAIL: short_float, rr (no TV drawing read)"
MITK,FAIL,"dollar_vol,short_float,rr",False,False,True,True,False,True,True,True,True,,False,17.459999084472656,10422299.47749939,596924.4,9.58,88.65,2026-10-29,22,264,14.649999618530273,15.609999656677246,15.12999963760376,13.186570780617851,19.43000030517578,2.2125845523570917,0.9999999999999997,1.9434288569859095,1.1989116239029838,,,,,,,,,,,False,,,,,,,,,,True,2.48,4/6,4/5,0.73,41.6,True,"uptrend: new high +2.5 ATR above prior 2.5y high, 4/6 HH and 4/5 HL, 30w EMA +42% in 26w",13,hammer,2026-10-02,hammer,2026-10-07,False,True,False,no TV drawing read (f_rr False),https://www.tradingview.com/chart/?symbol=NASDAQ:MITK,https://finviz.com/quote.ashx?t=MITK,"$vol(30d) $10.4M < $50M | FAIL: dollar_vol, short_float, rr (no TV drawing read)"
MLKN,FAIL,"dollar_vol,short_float,rr",False,False,True,True,False,True,False,True,True,,False,20.649999618530273,14007963.034562683,678351.7333333333,5.74,98.31,2026-12-23,77,264,21.121780395507812,21.159853863126354,21.140817129317085,19.750620351447495,24.293996810913086,2.2681534958152447,0.7926373782702314,1.753887484972523,-0.2798454946467111,,,,,,,,,,,False,,,,,,,,,,False,-2.67,4/5,3/4,0.78,12.3,True,no new high: recent high 24.51 is -2.67 ATR vs prior 2.5y high 29.20 (needs >= +1),2,hammer,2026-10-02,hammer,2026-10-07,False,True,False,no TV drawing read (f_rr False),https://www.tradingview.com/chart/?symbol=NASDAQ:MLKN,https://finviz.com/quote.ashx?t=MLKN,"$vol(30d) $14.0M < $50M | FAIL: dollar_vol, short_float, rr (no TV drawing read)"
MMSI,FAIL,"dollar_vol,short_float,rr",False,False,True,True,False,True,True,True,True,,False,85.08999633789062,49300437.63120422,579391.7,6.77,105.49,2026-10-22,15,263,70.93000030517578,71.91000366210938,71.42000198364258,66.63643101283482,91.0,4.093176025995309,1.0000000000000004,4.783570970807757,2.857696569711335,,,,,,,,,,,False,,,,,,,,,,False,-4.01,2/7,2/4,0.39,0.8,True,"no new high: recent high 92.26 is -4.01 ATR vs prior 2.5y high 111.45 (needs >= +1); choppy swings: 2/7 higher highs, 2/4 higher lows",21,strong_close,2026-09-25,strong_close,2026-10-05,False,True,False,no TV drawing read (f_rr False),https://www.tradingview.com/chart/?symbol=NASDAQ:MMSI,https://finviz.com/quote.ashx?t=MMSI,"$vol(30d) $49.3M < $50M | FAIL: dollar_vol, short_float, rr (no TV drawing read)"
MOH,FAIL,"short_float,rr",True,False,True,True,False,False,True,True,True,,False,194.84249877929688,111176895.99246827,570598.8,6.24,108.71,2026-10-21,14,264,192.6999969482422,198.4199981689453,195.55999755859375,177.8328639439174,206.0,0.5889278361823223,1.0000000000000004,17.72713361467634,-0.0404746077336979,,,,,,,,,,,False,,,,,,,,,,False,-7.24,1/5,2/4,0.35,15.8,True,"no new high: recent high 244.89 is -7.24 ATR vs prior 2.5y high 373.22 (needs >= +1); choppy swings: 1/5 higher highs, 2/4 higher lows",10,hammer,2026-10-02,hammer,2026-10-06,True,True,False,no TV drawing read (f_rr False),https://www.tradingview.com/chart/?symbol=NYSE:MOH,https://finviz.com/quote.ashx?t=MOH,"short float 6.24% >= 5% | FAIL: short_float, rr (no TV drawing read)"
MRK,FAIL,rr,True,True,True,True,False,True,True,True,True,,True,142.75999450683594,1315730743.6248977,9216382.7,1.4,83.08,2026-10-29,22,262,121.3064698777551,121.53348346154952,121.41997666965231,115.94115676967061,151.65481567382812,5.518494777365613,0.6513430205762984,8.411573820402841,2.536982768363985,no,,,,,,,2026-10-07,charts/latest/MRK.webp,,False,,,,,,,,,,True,3.65,7/8,5/6,0.85,23.3,True,"uptrend: new high +3.7 ATR above prior 2.5y high, 7/8 HH and 5/6 HL, 30w EMA +23% in 26w",5,hammer,2026-09-18,strong_close,2026-10-06,False,True,False,TV drawing not found (f_rr False),https://www.tradingview.com/chart/?symbol=NYSE:MRK,https://finviz.com/quote.ashx?t=MRK,FAIL: rr (TV drawing not found)
MSA,FAIL,"dollar_vol,rr",False,True,True,True,False,True,True,True,True,,False,179.3300018310547,39162922.673207596,218384.66666666666,2.43,91.96,2026-10-28,21,264,171.77980293646493,172.84675029575328,172.3132766161091,163.74104758378047,193.63743591308594,2.487586276166509,1.0,8.572229032328636,0.8185415005225888,,,,,,,,,,,False,,,,,,,,,,False,-1.3,2/5,1/3,0.37,3.2,True,"no new high: recent high 196.00 is -1.30 ATR vs prior 2.5y high 207.14 (needs >= +1); choppy swings: 2/5 higher highs, 1/3 higher lows",17,hammer,2026-10-02,hammer,2026-10-07,False,True,False,no TV drawing read (f_rr False),https://www.tradingview.com/chart/?symbol=NYSE:MSA,https://finviz.com/quote.ashx?t=MSA,"$vol(30d) $39.2M < $50M | FAIL: dollar_vol, rr (no TV drawing read)"
MYE,FAIL,"dollar_vol,rr",False,True,True,True,False,True,True,True,True,,False,30.709999084472656,8951636.136133576,291489.3,3.28,97.28,2026-10-29,22,264,22.237417221069336,22.476208046672213,22.356812633870774,20.15789341947137,34.369998931884766,5.463223123135601,0.9409554545397905,2.336900438581194,3.5744725417884577,,,,,,,,,,,False,,,,,,,,,,True,5.86,8/9,3/5,0.74,47.0,True,"uptrend: new high +5.9 ATR above prior 2.5y high, 8/9 HH and 3/5 HL, 30w EMA +47% in 26w",20,hammer,2026-10-02,hammer,2026-10-05,False,True,False,no TV drawing read (f_rr False),https://www.tradingview.com/chart/?symbol=NYSE:MYE,https://finviz.com/quote.ashx?t=MYE,"$vol(30d) $9.0M < $50M | FAIL: dollar_vol, rr (no TV drawing read)"
NATL,FAIL,"dollar_vol,short_float,rr",False,False,True,True,False,False,False,True,True,,False,45.47999954223633,32703083.45083809,719065.1666666666,6.07,96.67,2026-11-17,41,157,44.689998626708984,45.20000076293945,44.94499969482422,43.673928669520784,46.689998626708984,1.3728571394884819,1.0000000000000024,1.2710710253034319,0.4209047620170505,,,,,,,,,,,False,,,,,,,,,,False,-0.24,4/7,3/5,0.59,12.5,True,no new high: recent high 48.20 is -0.24 ATR vs prior 2.5y high 48.50 (needs >= +1),2,hammer,2026-10-02,strong_close,2026-10-06,False,True,False,no TV drawing read (f_rr False),https://www.tradingview.com/chart/?symbol=NYSE:NATL,https://finviz.com/quote.ashx?t=NATL,"$vol(30d) $32.7M < $50M | FAIL: dollar_vol, short_float, rr (no TV drawing read)"
NCNO,FAIL,"dollar_vol,short_float,rr",False,False,True,True,False,True,True,True,True,,False,19.09000015258789,46850209.396810785,2454175.433333333,19.56,119.63,2026-12-02,56,264,18.459999084472656,18.889999389648438,18.674999237060547,16.660000076293944,23.1200008392334,2.2059570488762676,0.9590993148706213,2.100928579057966,0.1975321387238331,,,,,,,,,,,False,,,,,,,,,,False,-9.1,4/7,2/6,0.45,-8.7,False,"no new high: recent high 24.09 is -9.10 ATR vs prior 2.5y high 43.20 (needs >= +1); choppy swings: 4/7 higher highs, 2/6 higher lows; 30w EMA falling (-9% in 26w)",15,hammer,2026-10-02,strong_close,2026-10-05,False,True,False,no TV drawing read (f_rr False),https://www.tradingview.com/chart/?symbol=NASDAQ:NCNO,https://finviz.com/quote.ashx?t=NCNO,"$vol(30d) $46.9M < $50M | FAIL: dollar_vol, short_float, rr (no TV drawing read)"
NEO,FAIL,"dollar_vol,short_float,rr",False,False,True,True,False,True,True,True,True,,False,15.970000267028809,36191207.68480724,2266199.566666667,13.26,113.45,2026-11-10,34,262,15.329999923706055,15.569999694824219,15.449999809265137,13.491435732160296,19.920000076293945,2.282284414016408,0.9999999999999999,1.958564077104841,0.2655008655792049,,,,,,,,,,,False,,,,,,,,,,False,0.53,4/6,3/5,0.63,47.8,True,no new high: recent high 20.15 is +0.53 ATR vs prior 2.5y high 19.11 (needs >= +1),12,rejection,2026-10-02,strong_close,2026-10-05,False,True,False,no TV drawing read (f_rr False),https://www.tradingview.com/chart/?symbol=NASDAQ:NEO,https://finviz.com/quote.ashx?t=NEO,"$vol(30d) $36.2M < $50M | FAIL: dollar_vol, short_float, rr (no TV drawing read)"
NEOG,FAIL,"dollar_vol,short_float,rr",False,False,True,True,False,True,False,True,True,,False,11.680000305175781,48564172.431554414,4157891.3666666667,5.17,109.76,2027-01-14,99,262,9.539999961853027,9.9399995803833,9.739999771118164,8.485714094979423,12.350000381469727,2.080866153543526,0.9999999999999994,1.2542856761387415,1.5466975115508104,,,,,,,,,,,False,,,,,,,,,,False,-3.44,5/8,6/7,0.74,25.5,True,no new high: recent high 14.26 is -3.44 ATR vs prior 2.5y high 18.58 (needs >= +1),0,strong_close,2026-09-25,engulfing,2026-10-05,False,True,False,no TV drawing read (f_rr False),https://www.tradingview.com/chart/?symbol=NASDAQ:NEOG,https://finviz.com/quote.ashx?t=NEOG,"$vol(30d) $48.6M < $50M | FAIL: dollar_vol, short_float, rr (no TV drawing read)"
NGVT,FAIL,"dollar_vol,rr",False,True,True,True,False,False,True,True,True,,False,70.86000061035156,17263362.128697716,243626.33333333334,4.26,102.66,2026-11-04,28,264,77.12000274658203,77.2742427520752,77.19712274932861,72.22426432037354,77.30999755859375,0.022698174677145234,1.0,4.972858428955078,-1.274341956344138,,,,,,,,,,,False,,,,,,,,,,False,0.37,4/6,2/2,0.83,12.2,True,no new high: recent high 79.29 is +0.37 ATR vs prior 2.5y high 77.46 (needs >= +1),28,hammer,2026-10-02,strong_close,2026-10-05,False,True,False,no TV drawing read (f_rr False),https://www.tradingview.com/chart/?symbol=NYSE:NGVT,https://finviz.com/quote.ashx?t=NGVT,"$vol(30d) $17.3M < $50M | FAIL: dollar_vol, rr (no TV drawing read)"
NOG,FAIL,"dollar_vol,short_float,rr",False,False,True,True,False,False,True,True,True,,False,24.174999237060547,49605012.93784739,2051913.7333333334,21.15,103.25,2026-11-10,34,262,22.9669132232666,23.72477485485741,23.34584403906201,21.325948467724864,26.809926986694336,1.714981208330067,1.0,2.0198955713371447,0.41049409175626267,,,,,,,,,,,False,,,,,,,,,,False,-5.5,2/7,1/2,0.39,-5.0,False,"no new high: recent high 27.53 is -5.50 ATR vs prior 2.5y high 38.63 (needs >= +1); choppy swings: 2/7 higher highs, 1/2 higher lows; 30w EMA falling (-5% in 26w)",13,strong_close,2026-10-02,hammer,2026-10-07,True,True,False,no TV drawing read (f_rr False),https://www.tradingview.com/chart/?symbol=NYSE:NOG,https://finviz.com/quote.ashx?t=NOG,"$vol(30d) $49.6M < $50M | FAIL: dollar_vol, short_float, rr (no TV drawing read)"
NOVT,FAIL,"dollar_vol,short_float,rr",False,False,True,True,False,True,False,True,True,,False,143.63999938964844,49379031.61817983,343769.36666666664,13.24,120.41,2026-11-10,34,264,128.8300018310547,131.6699981689453,130.25,115.41356985909599,166.6300048828125,2.452072670939412,0.9999999999999998,14.836430140904017,0.9025081682373327,,,,,,,,,,,False,,,,,,,,,,False,-0.72,5/5,4/7,0.79,16.0,True,no new high: recent high 176.38 is -0.72 ATR vs prior 2.5y high 187.12 (needs >= +1),2,strong_close,2026-10-02,hammer,2026-10-05,False,True,False,no TV drawing read (f_rr False),https://www.tradingview.com/chart/?symbol=NASDAQ:NOVT,https://finviz.com/quote.ashx?t=NOVT,"$vol(30d) $49.4M < $50M | FAIL: dollar_vol, short_float, rr (no TV drawing read)"
NRIX,FAIL,"dollar_vol,short_float,no_earnings_14d,rr",False,False,False,True,False,True,True,True,True,,False,22.729999542236328,30003555.45108617,1319998.0666666667,18.19,110.48,2026-10-09,2,264,17.510000228881836,17.68000030517578,17.59500026702881,15.493814740862165,27.049999237060547,4.499840138952998,1.0000000000000002,2.1011855261666432,2.4438581035610403,,,,,,,,,,,False,,,,,,,,,,False,-0.63,5/7,2/3,0.69,41.1,True,no new high: recent high 28.23 is -0.63 ATR vs prior 2.5y high 29.56 (needs >= +1),17,engulfing,2026-09-18,hammer,2026-10-06,False,True,True,no TV drawing read (f_rr False),https://www.tradingview.com/chart/?symbol=NASDAQ:NRIX,https://finviz.com/quote.ashx?t=NRIX,"$vol(30d) $30.0M < $50M | FAIL: dollar_vol, short_float, no_earnings_14d, rr (no TV drawing read)"
NSP,FAIL,"dollar_vol,short_float,rr",False,False,True,True,False,False,True,True,True,,False,48.2599983215332,17554834.99344864,363755.4,8.41,112.17,2026-11-02,26,264,44.116486806655885,44.204719780269194,44.16060329346254,39.456130926366875,52.91501998901367,1.860871105712481,0.9999999999999998,4.704472367095669,0.8713825288342469,,,,,,,,,,,False,,,,,,,,,,False,-8.92,1/4,0/3,0.12,26.4,True,"no new high: recent high 55.25 is -8.92 ATR vs prior 2.5y high 97.20 (needs >= +1); choppy swings: 1/4 higher highs, 0/3 higher lows",22,hammer,2026-09-18,hammer,2026-10-07,True,True,False,no TV drawing read (f_rr False),https://www.tradingview.com/chart/?symbol=NYSE:NSP,https://finviz.com/quote.ashx?t=NSP,"$vol(30d) $17.6M < $50M | FAIL: dollar_vol, short_float, rr (no TV drawing read)"
NUE,FAIL,rr,True,True,True,True,False,True,True,True,True,False,False,246.48500061035156,268390845.63726196,1088872.9333333333,1.9,82.72,2026-10-26,19,264,191.71368408203125,191.9622239178054,191.83795399991834,174.29595437864825,273.0,4.626727154963038,0.9767650306658919,17.959283011300222,3.042830082695872,yes,220.83,215.19,,,,,2026-10-07,charts/latest/NUE.webp,user,False,user drawing (no Long Position),,246.485,17.9593,25.655,1.4285,False,,,True,4.7,5/5,3/4,0.88,42.9,True,"uptrend: new high +4.7 ATR above prior 2.5y high, 5/5 HH and 3/4 HL, 30w EMA +43% in 26w",6,hammer,2026-10-02,hammer,2026-10-06,False,True,False,TV R:R  < 2 (f_rr False),https://www.tradingview.com/chart/?symbol=NYSE:NUE,https://finviz.com/quote.ashx?t=NUE,FAIL: rr (TV R:R  < 2)
NWPX,FAIL,"dollar_vol,short_float,rr",False,False,True,True,False,True,False,True,True,,False,102.95999908447266,14038633.627167512,136350.36666666667,7.77,91.37,2026-11-04,28,264,77.5999984741211,82.76000213623047,80.18000030517578,71.17325047084263,148.3000030517578,7.563216920593595,1.0000000000000002,9.006749834333148,2.5292141114501696,,,,,,,,,,,False,,,,,,,,,,True,7.46,3/3,6/6,1.0,59.2,True,"uptrend: new high +7.5 ATR above prior 2.5y high, 3/3 HH and 6/6 HL, 30w EMA +59% in 26w",4,strong_close,2026-10-02,hammer,2026-10-07,False,True,False,no TV drawing read (f_rr False),https://www.tradingview.com/chart/?symbol=NASDAQ:NWPX,https://finviz.com/quote.ashx?t=NWPX,"$vol(30d) $14.0M < $50M | FAIL: dollar_vol, short_float, rr (no TV drawing read)"
OFG,FAIL,"dollar_vol,rr",False,True,True,True,False,True,True,True,True,,False,50.380001068115234,11768539.860173544,233595.46666666667,4.97,98.57,2026-10-21,14,264,42.16169179286037,42.53567610326576,42.34868394806306,40.3386839916596,53.95000076293945,5.771799535575557,1.000000000000001,2.0099999564034596,3.9956802458955263,,,,,,,,,,,False,,,,,,,,,,True,4.39,4/8,2/4,0.5,20.8,True,"uptrend: new high +4.4 ATR above prior 2.5y high, 4/8 HH and 2/4 HL, 30w EMA +21% in 26w",15,hammer,2026-10-02,hammer,2026-10-02,False,True,False,no TV drawing read (f_rr False),https://www.tradingview.com/chart/?symbol=NYSE:OFG,https://finviz.com/quote.ashx?t=OFG,"$vol(30d) $11.8M < $50M | FAIL: dollar_vol, rr (no TV drawing read)"
OII,FAIL,"dollar_vol,short_float,rr",False,False,True,True,False,True,False,True,True,,False,43.720001220703125,35060027.90424194,801921.9333333333,7.7,105.34,2026-10-28,21,264,26.940000534057617,27.709999084472656,27.324999809265137,23.840000381469725,53.0,7.367289643136815,0.7788504742704783,4.474542345319476,3.664062186960354,,,,,,,,,,,False,,,,,,,,,,True,3.41,5/5,4/4,1.0,43.5,True,"uptrend: new high +3.4 ATR above prior 2.5y high, 5/5 HH and 4/4 HL, 30w EMA +44% in 26w",2,hammer,2026-09-11,strong_close,2026-10-05,False,True,False,no TV drawing read (f_rr False),https://www.tradingview.com/chart/?symbol=NYSE:OII,https://finviz.com/quote.ashx?t=OII,"$vol(30d) $35.1M < $50M | FAIL: dollar_vol, short_float, rr (no TV drawing read)"
OPLN,FAIL,"dollar_vol,rr",False,True,True,True,False,True,False,True,True,,False,34.790000915527344,34053635.75614929,978834.0,2.29,88.02,2026-11-03,27,264,31.020000457763672,31.06999969482422,31.045000076293945,29.87607138497489,40.400001525878906,8.003055720215473,0.49999999999999983,2.3378573826381137,1.601894481265328,,,,,,,,,,,False,,,,,,,,,,True,4.76,3/5,4/4,0.8,25.0,True,"uptrend: new high +4.8 ATR above prior 2.5y high, 3/5 HH and 4/4 HL, 30w EMA +25% in 26w",2,strong_close,2026-10-02,rejection,2026-10-07,False,True,False,no TV drawing read (f_rr False),https://www.tradingview.com/chart/?symbol=NYSE:OPLN,https://finviz.com/quote.ashx?t=OPLN,"$vol(30d) $34.1M < $50M | FAIL: dollar_vol, rr (no TV drawing read)"
ORIC,FAIL,"dollar_vol,short_float,rr",False,False,True,True,False,False,True,True,True,,False,12.010000228881836,16875488.31893972,1405119.7333333334,25.7,86.57,2026-11-09,33,262,13.710000038146973,14.045000076293945,13.877500057220459,12.308571406773158,14.15999984741211,0.18005904227136765,1.0000000000000002,1.5689286504473006,-1.190302585019529,,,,,,,,,,,False,,,,,,,,,,False,-0.16,3/6,3/5,0.55,6.6,True,no new high: recent high 14.68 is -0.16 ATR vs prior 2.5y high 14.93 (needs >= +1),12,engulfing,2026-09-18,hammer,2026-10-05,False,True,False,no TV drawing read (f_rr False),https://www.tradingview.com/chart/?symbol=NASDAQ:ORIC,https://finviz.com/quote.ashx?t=ORIC,"$vol(30d) $16.9M < $50M | FAIL: dollar_vol, short_float, rr (no TV drawing read)"
ORKA,FAIL,"short_float,rr",True,False,True,True,False,True,True,True,True,,False,79.5,71802359.5,903174.3333333334,12.97,103.51,2026-11-18,42,264,34.38999938964844,36.5099983215332,35.44999885559082,30.10285677228655,111.04000091552734,14.136523937891255,0.5000000000000001,10.694284166608538,4.119022877842481,,,,,,,,,,,False,,,,,,,,,,True,4.76,4/4,5/5,1.0,131.4,True,"uptrend: new high +4.8 ATR above prior 2.5y high, 4/4 HH and 5/5 HL, 30w EMA +131% in 26w",13,hammer,2026-10-02,hammer,2026-10-05,False,True,False,no TV drawing read (f_rr False),https://www.tradingview.com/chart/?symbol=NASDAQ:ORKA,https://finviz.com/quote.ashx?t=ORKA,"short float 12.97% >= 5% | FAIL: short_float, rr (no TV drawing read)"
PAGP,FAIL,"dollar_vol,short_float,rr",False,False,True,True,False,True,False,True,True,,False,26.209999084472656,44719623.62492294,1706204.7,9.46,81.17,2026-10-29,22,263,25.542062759399414,25.738917602217157,25.640490180808285,24.465280610460393,28.31999969482422,2.28002696848591,1.0000000000000009,1.175209570347891,0.4846019961323001,,,,,,,,,,,False,,,,,,,,,,True,4.04,5/5,3/3,1.0,23.6,True,"uptrend: new high +4.0 ATR above prior 2.5y high, 5/5 HH and 3/3 HL, 30w EMA +24% in 26w",0,rejection,2026-09-04,hammer,2026-10-07,False,True,False,no TV drawing read (f_rr False),https://www.tradingview.com/chart/?symbol=NASDAQ:PAGP,https://finviz.com/quote.ashx?t=PAGP,"$vol(30d) $44.7M < $50M | FAIL: dollar_vol, short_float, rr (no TV drawing read)"
PBI,FAIL,"dollar_vol,short_float,rr",False,False,True,True,False,True,True,True,True,,False,16.489999771118164,24801153.1384257,1504011.7333333334,13.62,87.71,2026-11-04,28,264,10.600667953491211,10.777269590974814,10.688968772233013,9.797314962463306,17.399999618530273,7.52649825836617,0.7699834300763579,1.1580168805467455,5.009452881331277,,,,,,,,,,,False,,,,,,,,,,False,5.47,1/5,2/4,0.35,51.8,True,"choppy swings: 1/5 higher highs, 2/4 higher lows",19,hammer,2026-10-02,strong_close,2026-10-07,False,True,False,no TV drawing read (f_rr False),https://www.tradingview.com/chart/?symbol=NYSE:PBI,https://finviz.com/quote.ashx?t=PBI,"$vol(30d) $24.8M < $50M | FAIL: dollar_vol, short_float, rr (no TV drawing read)"
PCOR,FAIL,"short_float,rr",True,False,True,True,False,False,True,True,True,,False,54.810001373291016,145886708.2062618,2661680.433333333,13.12,88.85,2026-11-04,28,262,59.31999969482422,60.31999969482422,59.81999969482422,53.699999945504324,63.8650016784668,0.6609480636158673,1.0000000000000002,6.119999749319894,-0.8186272102527383,,,,,,,,,,,False,,,,,,,,,,False,-3.94,4/8,2/7,0.39,-13.9,False,"no new high: recent high 64.79 is -3.94 ATR vs prior 2.5y high 88.92 (needs >= +1); choppy swings: 4/8 higher highs, 2/7 higher lows; 30w EMA falling (-14% in 26w)",10,strong_close,2026-10-02,strong_close,2026-10-07,False,True,False,no TV drawing read (f_rr False),https://www.tradingview.com/chart/?symbol=NYSE:PCOR,https://finviz.com/quote.ashx?t=PCOR,"short float 13.12% >= 5% | FAIL: short_float, rr (no TV drawing read)"
PFBC,FAIL,"dollar_vol,short_float,rr",False,False,True,True,False,True,True,True,True,,False,103.02999877929688,15588435.380974324,151299.96666666667,10.38,88.78,2026-10-21,14,263,95.00786590576172,96.7249908535623,95.86642837966201,90.33783154449489,107.9000015258789,2.1766052951577066,1.0000000000000002,5.528596835167121,1.2957302934566979,,,,,,,,,,,False,,,,,,,,,,True,1.97,4/8,3/5,0.55,13.0,True,"uptrend: new high +2.0 ATR above prior 2.5y high, 4/8 HH and 3/5 HL, 30w EMA +13% in 26w",10,rejection,2026-10-02,hammer,2026-10-07,False,True,False,no TV drawing read (f_rr False),https://www.tradingview.com/chart/?symbol=NASDAQ:PFBC,https://finviz.com/quote.ashx?t=PFBC,"$vol(30d) $15.6M < $50M | FAIL: dollar_vol, short_float, rr (no TV drawing read)"
PGR,FAIL,"no_earnings_14d,rr",True,True,False,True,False,False,False,True,True,,False,214.0800018310547,518774252.59714514,2423272.8333333335,1.08,90.31,2026-10-08,1,264,202.7299793447737,208.3674785494131,205.54872894709342,193.45306287915258,220.39999389648438,1.2278170433915776,0.9999999999999992,12.095666067940849,0.7053165022944138,,,,,,,,,,,False,,,,,,,,,,False,-2.94,1/8,1/5,0.16,0.5,True,"no new high: recent high 239.38 is -2.94 ATR vs prior 2.5y high 274.91 (needs >= +1); choppy swings: 1/8 higher highs, 1/5 higher lows",1,strong_close,2026-10-02,strong_close,2026-10-07,False,True,True,no TV drawing read (f_rr False),https://www.tradingview.com/chart/?symbol=NYSE:PGR,https://finviz.com/quote.ashx?t=PGR,"FAIL: no_earnings_14d, rr (no TV drawing read)"
PK,FAIL,"short_float,rr",True,False,True,True,False,True,False,True,True,,False,15.199999809265137,52914154.21601486,3481194.4,18.61,108.77,2026-11-04,28,264,11.213682174682617,11.297219076086563,11.25545062538459,10.449767528983669,15.859999656677246,5.7150870508041,1.0000000000000009,0.8056830964009204,4.895906593425261,,,,,,,,,,,False,,,,,,,,,,True,2.79,6/7,6/6,0.93,33.2,True,"uptrend: new high +2.8 ATR above prior 2.5y high, 6/7 HH and 6/6 HL, 30w EMA +33% in 26w",4,hammer,2026-10-02,rejection,2026-10-07,False,True,False,no TV drawing read (f_rr False),https://www.tradingview.com/chart/?symbol=NYSE:PK,https://finviz.com/quote.ashx?t=PK,"short float 18.61% >= 5% | FAIL: short_float, rr (no TV drawing read)"
PLMR,FAIL,"dollar_vol,rr",False,True,True,True,False,False,False,True,True,,False,126.81999969482422,27361347.296825156,215749.46666666667,3.64,94.83,2026-11-04,28,264,132.7178787948738,134.32229295327141,133.5200858740726,124.44540612734077,136.5800018310547,0.33719272110777065,1.0000000000000004,9.074679746731828,-0.7383275626516042,,,,,,,,,,,False,,,,,,,,,,False,-3.1,3/7,2/5,0.41,2.3,True,"no new high: recent high 147.11 is -3.10 ATR vs prior 2.5y high 175.24 (needs >= +1); choppy swings: 3/7 higher highs, 2/5 higher lows",2,hammer,2026-10-02,hammer,2026-10-06,False,True,False,no TV drawing read (f_rr False),https://www.tradingview.com/chart/?symbol=NASDAQ:PLMR,https://finviz.com/quote.ashx?t=PLMR,"$vol(30d) $27.4M < $50M | FAIL: dollar_vol, rr (no TV drawing read)"
PRGS,FAIL,"dollar_vol,short_float,rr",False,False,True,True,False,True,False,False,True,,False,37.209999084472656,22618572.991151683,607862.7666666667,11.72,115.03,2027-01-19,104,264,33.650001525878906,35.380001068115234,34.51500129699707,30.879999389648436,44.7599983215332,2.8184296145277186,0.9708132808823323,3.7442853110177174,0.71976293567839,,,,,,,,,,,False,,,,,,,,,,False,-6.46,4/7,2/5,0.49,-3.1,False,"no new high: recent high 46.36 is -6.46 ATR vs prior 2.5y high 70.56 (needs >= +1); choppy swings: 4/7 higher highs, 2/5 higher lows; 30w EMA falling (-3% in 26w)",0,,,hammer,2026-10-07,False,True,False,no TV drawing read (f_rr False),https://www.tradingview.com/chart/?symbol=NASDAQ:PRGS,https://finviz.com/quote.ashx?t=PRGS,"$vol(30d) $22.6M < $50M | FAIL: dollar_vol, short_float, rr (no TV drawing read)"
PSMT,FAIL,"dollar_vol,short_float,rr",False,False,True,True,False,True,False,True,True,,False,169.72000122070312,38103594.208724976,224508.56666666668,7.59,91.55,2026-10-26,19,264,161.1516306511763,164.60814848667107,162.8798895689237,152.41565536881046,197.43016587276261,3.3017491431398858,0.925020753583719,11.312431812554093,0.6046543983751177,,,,,,,,,,,False,,,,,,,,,,True,3.03,6/6,5/5,1.0,24.8,True,"uptrend: new high +3.0 ATR above prior 2.5y high, 6/6 HH and 5/5 HL, 30w EMA +25% in 26w",2,strong_close,2026-09-25,hammer,2026-10-02,False,True,False,no TV drawing read (f_rr False),https://www.tradingview.com/chart/?symbol=NASDAQ:PSMT,https://finviz.com/quote.ashx?t=PSMT,"$vol(30d) $38.1M < $50M | FAIL: dollar_vol, short_float, rr (no TV drawing read)"
PTEN,FAIL,"short_float,rr",True,False,True,True,False,False,False,True,True,,False,11.229999542236328,92635344.61527838,8248917.933333334,9.2,112.63,2026-10-28,21,264,12.211823463439941,12.221656074466415,12.216739768953179,11.102781921337986,12.880000114440918,0.5954088360773022,0.9999999999999998,1.1139578476151935,-0.8857967371290616,,,,,,,,,,,False,,,,,,,,,,True,1.65,5/8,2/5,0.51,35.3,True,"uptrend: new high +1.6 ATR above prior 2.5y high, 5/8 HH and 2/5 HL, 30w EMA +35% in 26w",2,hammer,2026-10-02,hammer,2026-10-06,False,True,False,no TV drawing read (f_rr False),https://www.tradingview.com/chart/?symbol=NASDAQ:PTEN,https://finviz.com/quote.ashx?t=PTEN,"short float 9.20% >= 5% | FAIL: short_float, rr (no TV drawing read)"
PTGX,FAIL,"short_float,rr",True,False,True,True,False,True,False,True,True,,False,140.9199981689453,92455736.56266937,656086.7,13.3,114.66,2026-11-05,29,264,105.9800033569336,106.90299987792969,106.44150161743164,95.3900015258789,155.11000061035156,4.403791212934061,0.981146848326347,11.263859340122767,3.060984295915212,,,,,,,,,,,False,,,,,,,,,,True,4.7,5/5,5/7,0.86,49.3,True,"uptrend: new high +4.7 ATR above prior 2.5y high, 5/5 HH and 5/7 HL, 30w EMA +49% in 26w",0,hammer,2026-09-25,engulfing,2026-10-07,False,True,False,no TV drawing read (f_rr False),https://www.tradingview.com/chart/?symbol=NASDAQ:PTGX,https://finviz.com/quote.ashx?t=PTGX,"short float 13.30% >= 5% | FAIL: short_float, rr (no TV drawing read)"
PVLA,FAIL,"dollar_vol,short_float,rr",False,False,True,True,False,False,False,True,True,,False,130.58999633789062,28060303.46011047,214873.3,25.45,88.37,2026-11-17,41,264,130.00999450683594,133.3300018310547,131.6699981689453,114.62857055664062,157.24000549316406,1.5004615755170676,1.0,17.041427612304688,-0.06337507957812624,,,,,,,,,,,False,,,,,,,,,,False,0.6,3/6,2/4,0.5,40.6,True,no new high: recent high 161.38 is +0.60 ATR vs prior 2.5y high 151.18 (needs >= +1),0,strong_close,2026-09-04,strong_close,2026-10-07,False,True,False,no TV drawing read (f_rr False),https://www.tradingview.com/chart/?symbol=NASDAQ:PVLA,https://finviz.com/quote.ashx?t=PVLA,"$vol(30d) $28.1M < $50M | FAIL: dollar_vol, short_float, rr (no TV drawing read)"
QNST,FAIL,"dollar_vol,short_float,rr",False,False,True,True,False,True,False,True,True,,False,15.399999618530273,15927826.392122269,1034274.4666666667,11.18,94.07,2026-11-04,28,264,13.210000038146973,13.850000381469727,13.53000020980835,11.437857832227435,21.829999923706055,3.9672250812560663,0.9999999999999998,2.0921423775809154,0.8938203387879131,,,,,,,,,,,False,,,,,,,,,,False,-1.9,3/8,2/5,0.39,16.7,True,"no new high: recent high 22.29 is -1.90 ATR vs prior 2.5y high 26.27 (needs >= +1); choppy swings: 3/8 higher highs, 2/5 higher lows",1,strong_close,2026-10-02,strong_close,2026-10-07,False,True,False,no TV drawing read (f_rr False),https://www.tradingview.com/chart/?symbol=NASDAQ:QNST,https://finviz.com/quote.ashx?t=QNST,"$vol(30d) $15.9M < $50M | FAIL: dollar_vol, short_float, rr (no TV drawing read)"
QTWO,FAIL,"dollar_vol,short_float,rr",False,False,True,True,False,True,False,True,True,,False,57.63999938964844,32201016.03768921,558657.4666666667,8.67,109.52,2026-11-11,35,264,51.810001373291016,52.41999816894531,52.114999771118164,47.14571407863072,65.12999725341797,2.6190881924892837,1.0000000000000004,4.9692856924874445,1.1118297398120933,,,,,,,,,,,False,,,,,,,,,,False,-9.12,3/7,0/6,0.21,-6.8,False,"no new high: recent high 67.51 is -9.12 ATR vs prior 2.5y high 112.82 (needs >= +1); choppy swings: 3/7 higher highs, 0/6 higher lows; 30w EMA falling (-7% in 26w)",2,strong_close,2026-10-02,hammer,2026-10-07,False,True,False,no TV drawing read (f_rr False),https://www.tradingview.com/chart/?symbol=NYSE:QTWO,https://finviz.com/quote.ashx?t=QTWO,"$vol(30d) $32.2M < $50M | FAIL: dollar_vol, short_float, rr (no TV drawing read)"
RAMP,FAIL,"dollar_vol,short_float,rr",False,False,True,True,False,True,False,False,True,,False,37.61000061035156,43245440.47713929,1149838.8666666667,13.52,101.38,2026-11-11,35,264,29.389999389648438,29.68000030517578,29.53499984741211,29.216427939278738,38.0,26.57170935813958,1.000000000000003,0.31857190813337055,25.347497870273116,,,,,,,,,,,False,,,,,,,,,,False,0.72,3/8,3/5,0.49,29.1,True,"no new high: recent high 38.23 is +0.72 ATR vs prior 2.5y high 38.00 (needs >= +1); choppy swings: 3/8 higher highs, 3/5 higher lows",1,,,engulfing,2026-10-05,False,True,False,no TV drawing read (f_rr False),https://www.tradingview.com/chart/?symbol=NYSE:RAMP,https://finviz.com/quote.ashx?t=RAMP,"$vol(30d) $43.2M < $50M | FAIL: dollar_vol, short_float, rr (no TV drawing read)"
RDNT,FAIL,"dollar_vol,short_float,rr",False,False,True,True,False,True,True,True,True,,False,68.61000061035156,47752027.55379994,695992.2333333333,13.73,103.92,2026-11-11,35,263,63.45000076293945,63.576900764465336,63.513450763702394,57.92037187794277,76.9800033569336,2.4077172641919997,0.9999999999999997,5.593078885759626,0.9112243811946483,,,,,,,,,,,False,,,,,,,,,,False,-2.48,5/9,3/8,0.47,0.9,True,"no new high: recent high 79.77 is -2.48 ATR vs prior 2.5y high 93.65 (needs >= +1); choppy swings: 5/9 higher highs, 3/8 higher lows",15,rejection,2026-10-02,strong_close,2026-10-02,True,True,False,no TV drawing read (f_rr False),https://www.tradingview.com/chart/?symbol=NASDAQ:RDNT,https://finviz.com/quote.ashx?t=RDNT,"$vol(30d) $47.8M < $50M | FAIL: dollar_vol, short_float, rr (no TV drawing read)"
REGN,FAIL,rr,True,True,True,True,False,False,False,True,True,,True,742.1199951171875,529842853.79654133,713958.4666666667,2.55,91.72,2026-10-30,23,263,764.7933395314827,773.5699248936681,769.1816322125754,719.1322418648504,834.510009765625,1.3052781881891389,1.0000000000000007,50.049390347725044,-0.5406986360347944,no,,,,,,,2026-10-07,charts/latest/REGN.webp,,False,,,,,,,,,,False,-6.8,4/6,3/4,0.71,1.9,True,no new high: recent high 859.34 is -6.80 ATR vs prior 2.5y high 1199.88 (needs >= +1),0,hammer,2026-09-18,hammer,2026-10-06,False,True,False,TV drawing not found (f_rr False),https://www.tradingview.com/chart/?symbol=NASDAQ:REGN,https://finviz.com/quote.ashx?t=REGN,FAIL: rr (TV drawing not found)
RELY,FAIL,"short_float,rr",True,False,True,True,False,True,True,True,True,,False,22.93000030517578,89334574.94495545,3895969.2,9.44,85.36,2026-11-04,28,264,17.149999618530273,17.878999710083008,17.51449966430664,15.092428343636648,26.670000076293945,3.7800292393762844,1.0000000000000004,2.4220713206699918,2.2358964389913623,,,,,,,,,,,False,,,,,,,,,,False,0.07,5/9,4/6,0.61,39.4,True,no new high: recent high 27.48 is +0.07 ATR vs prior 2.5y high 27.32 (needs >= +1),17,hammer,2026-09-25,hammer,2026-10-06,False,True,False,no TV drawing read (f_rr False),https://www.tradingview.com/chart/?symbol=NASDAQ:RELY,https://finviz.com/quote.ashx?t=RELY,"short float 9.44% >= 5% | FAIL: short_float, rr (no TV drawing read)"
REPL,FAIL,"dollar_vol,short_float,rr",False,False,True,True,False,True,True,True,True,,False,13.199999809265137,28158573.11311957,2133225.2666666666,25.68,103.01,2026-10-29,22,263,8.40999984741211,8.430000305175781,8.420000076293945,7.0400001907348635,15.5,5.130435152780988,0.5715130291642231,2.4146429130009244,1.9795886618409326,,,,,,,,,,,False,,,,,,,,,,False,-0.28,6/9,3/5,0.63,40.2,True,no new high: recent high 16.33 is -0.28 ATR vs prior 2.5y high 17.00 (needs >= +1),19,strong_close,2026-10-02,hammer,2026-10-06,False,True,False,no TV drawing read (f_rr False),https://www.tradingview.com/chart/?symbol=NASDAQ:REPL,https://finviz.com/quote.ashx?t=REPL,"$vol(30d) $28.2M < $50M | FAIL: dollar_vol, short_float, rr (no TV drawing read)"
RGEN,FAIL,"short_float,rr",True,False,True,True,False,True,False,True,True,,False,167.22000122070312,188918134.13909912,1129758.0,12.59,117.55,2026-11-03,27,262,131.2100067138672,134.22999572753906,132.72000122070312,115.43071528843471,181.1300048828125,2.8000001765115012,0.9999999999999998,17.289285932268417,1.995455459245417,,,,,,,,,,,False,,,,,,,,,,False,0.95,6/8,4/7,0.66,12.4,True,no new high: recent high 198.87 is +0.95 ATR vs prior 2.5y high 182.52 (needs >= +1),0,strong_close,2026-09-25,strong_close,2026-10-05,False,True,False,no TV drawing read (f_rr False),https://www.tradingview.com/chart/?symbol=NASDAQ:RGEN,https://finviz.com/quote.ashx?t=RGEN,"short float 12.59% >= 5% | FAIL: short_float, rr (no TV drawing read)"
RHI,FAIL,"short_float,rr",True,False,True,True,False,True,True,True,True,,False,33.959999084472656,56415419.08709717,1661231.4666666666,19.91,124.41,2026-10-27,20,264,26.628504898582214,29.19673419757267,27.912619548077444,23.39818123754599,45.310001373291016,3.8537201371493546,1.0000000000000002,4.514438310531452,1.3395641097337971,,,,,,,,,,,False,,,,,,,,,,False,-5.19,1/4,3/6,0.38,26.8,True,"no new high: recent high 46.09 is -5.19 ATR vs prior 2.5y high 69.50 (needs >= +1); choppy swings: 1/4 higher highs, 3/6 higher lows",10,hammer,2026-09-25,strong_close,2026-10-07,True,True,False,no TV drawing read (f_rr False),https://www.tradingview.com/chart/?symbol=NYSE:RHI,https://finviz.com/quote.ashx?t=RHI,"short float 19.91% >= 5% | FAIL: short_float, rr (no TV drawing read)"
RLAY,FAIL,"short_float,rr",True,False,True,True,False,True,False,True,True,,False,17.950000762939453,59011227.038188934,3287533.4,25.93,98.96,2026-11-11,35,264,8.5600004196167,8.8100004196167,8.6850004196167,6.8450004032679965,20.0049991607666,6.152173174222746,1.0000000000000002,1.8400000163487025,5.035326228805274,,,,,,,,,,,False,,,,,,,,,,True,3.18,6/6,4/4,1.0,91.6,True,"uptrend: new high +3.2 ATR above prior 2.5y high, 6/6 HH and 4/4 HL, 30w EMA +92% in 26w",2,strong_close,2026-10-02,hammer,2026-10-05,False,True,False,no TV drawing read (f_rr False),https://www.tradingview.com/chart/?symbol=NASDAQ:RLAY,https://finviz.com/quote.ashx?t=RLAY,"short float 25.93% >= 5% | FAIL: short_float, rr (no TV drawing read)"
RLJ,FAIL,"dollar_vol,short_float,rr",False,False,True,True,False,True,True,True,True,,False,11.135000228881836,17566787.926088333,1577619.0,8.95,94.93,2026-11-04,28,264,8.060415837466191,8.176531888559357,8.118473863012774,7.460616921789629,12.390000343322754,6.493093273999645,1.0,0.6578569412231445,4.585383503380652,,,,,,,,,,,False,,,,,,,,,,True,4.38,4/4,3/4,0.88,40.8,True,"uptrend: new high +4.4 ATR above prior 2.5y high, 4/4 HH and 3/4 HL, 30w EMA +41% in 26w",8,hammer,2026-10-02,hammer,2026-10-07,False,True,False,no TV drawing read (f_rr False),https://www.tradingview.com/chart/?symbol=NYSE:RLJ,https://finviz.com/quote.ashx?t=RLJ,"$vol(30d) $17.6M < $50M | FAIL: dollar_vol, short_float, rr (no TV drawing read)"
RRC,FAIL,"short_float,rr",True,False,True,True,False,False,False,True,True,,False,39.83000183105469,102838753.26001027,2581941.966666667,9.19,102.94,2026-10-27,20,262,39.212158203125,40.47962452004693,39.84589136158597,37.303675453601315,42.2887803098241,0.960928983476754,1.0000000000000013,2.5422159079846516,-0.00625026791838423,,,,,,,,,,,False,,,,,,,,,,False,-1.59,3/6,1/3,0.42,0.9,True,"no new high: recent high 44.02 is -1.59 ATR vs prior 2.5y high 48.07 (needs >= +1); choppy swings: 3/6 higher highs, 1/3 higher lows",2,hammer,2026-10-02,strong_close,2026-10-06,False,True,False,no TV drawing read (f_rr False),https://www.tradingview.com/chart/?symbol=NYSE:RRC,https://finviz.com/quote.ashx?t=RRC,"short float 9.19% >= 5% | FAIL: short_float, rr (no TV drawing read)"
RVMD,FAIL,"short_float,rr",True,False,True,True,False,True,False,True,True,,False,200.8699951171875,407273730.9471924,2027548.8666666667,5.01,92.55,2026-11-11,35,264,151.85000610351562,153.5,152.6750030517578,136.62578909737724,210.02000427246094,3.573072262835091,0.9999999999999998,16.04921395438058,3.002950312857847,,,,,,,,,,,False,,,,,,,,,,True,6.22,3/5,1/2,0.55,103.9,True,"uptrend: new high +6.2 ATR above prior 2.5y high, 3/5 HH and 1/2 HL, 30w EMA +104% in 26w",2,strong_close,2026-10-02,strong_close,2026-10-07,False,True,False,no TV drawing read (f_rr False),https://www.tradingview.com/chart/?symbol=NASDAQ:RVMD,https://finviz.com/quote.ashx?t=RVMD,"short float 5.01% >= 5% | FAIL: short_float, rr (no TV drawing read)"
SAIC,FAIL,"short_float,rr",True,False,True,True,False,True,False,True,True,,False,122.08000183105469,59852903.116388954,490276.06666666665,5.47,87.19,2026-12-03,57,262,119.80004819990714,123.00960218616365,121.40482519303539,113.08915725095892,140.38999938964844,2.283060642735613,1.0000000000000002,8.315667942076471,0.08119331396134358,,,,,,,,,,,False,,,,,,,,,,False,-1.2,4/7,3/6,0.54,17.8,True,no new high: recent high 142.66 is -1.20 ATR vs prior 2.5y high 152.64 (needs >= +1),4,hammer,2026-09-25,engulfing,2026-10-05,False,True,False,no TV drawing read (f_rr False),https://www.tradingview.com/chart/?symbol=NASDAQ:SAIC,https://finviz.com/quote.ashx?t=SAIC,"short float 5.47% >= 5% | FAIL: short_float, rr (no TV drawing read)"
SCL,FAIL,"dollar_vol,rr",False,True,True,True,False,True,True,True,True,,False,61.31999969482422,8441627.977987925,137665.16666666666,3.09,88.18,2026-10-21,14,264,52.202964782714844,52.804591375734766,52.5037780792248,48.67993637334649,64.75885009765625,3.2049109144847687,0.9999999999999999,3.823841705878309,2.305592724208858,,,,,,,,,,,False,,,,,,,,,,False,-5.97,2/3,2/4,0.58,14.9,True,no new high: recent high 66.33 is -5.97 ATR vs prior 2.5y high 89.15 (needs >= +1),28,hammer,2026-10-02,rejection,2026-10-07,False,True,False,no TV drawing read (f_rr False),https://www.tradingview.com/chart/?symbol=NYSE:SCL,https://finviz.com/quote.ashx?t=SCL,"$vol(30d) $8.4M < $50M | FAIL: dollar_vol, rr (no TV drawing read)"
SFNC,FAIL,"dollar_vol,rr",False,True,True,True,False,True,True,True,True,,False,22.209999084472656,29403073.012630716,1323866.4666666666,4.42,82.19,2026-10-27,20,264,21.176232841110334,21.75519394637739,21.46571339374386,20.41060710197432,23.857324600219727,2.2667016822208925,1.0000000000000007,1.0551062917695397,0.7054129963347469,,,,,,,,,,,False,,,,,,,,,,False,0.19,5/6,4/5,0.82,15.6,True,no new high: recent high 24.10 is +0.19 ATR vs prior 2.5y high 23.90 (needs >= +1),8,hammer,2026-10-02,hammer,2026-10-01,False,True,False,no TV drawing read (f_rr False),https://www.tradingview.com/chart/?symbol=NASDAQ:SFNC,https://finviz.com/quote.ashx?t=SFNC,"$vol(30d) $29.4M < $50M | FAIL: dollar_vol, rr (no TV drawing read)"
SFST,FAIL,"dollar_vol,rr",False,True,True,True,False,False,True,True,True,,False,59.849998474121094,4967996.753340657,83007.46666666666,4.7,89.06,2026-10-27,20,264,58.40999984741211,59.70000076293945,59.05500030517578,55.98285756792341,64.18000030517578,1.6682167588943608,0.9999999999999997,3.0721427372523715,0.25877644267802935,,,,,,,,,,,False,,,,,,,,,,True,1.01,5/6,5/5,0.92,15.3,True,"uptrend: new high +1.0 ATR above prior 2.5y high, 5/6 HH and 5/5 HL, 30w EMA +15% in 26w",6,hammer,2026-10-02,hammer,2026-10-07,True,True,False,no TV drawing read (f_rr False),https://www.tradingview.com/chart/?symbol=NASDAQ:SFST,https://finviz.com/quote.ashx?t=SFST,"$vol(30d) $5.0M < $50M | FAIL: dollar_vol, rr (no TV drawing read)"
SHC,FAIL,"dollar_vol,rr",False,True,True,True,False,True,True,True,True,,False,17.899999618530273,33976276.272592865,1898116.0333333334,4.39,103.25,2026-11-10,34,264,16.299999237060547,16.5,16.399999618530273,15.371571132114955,19.56999969482422,3.0823728807272444,1.0000000000000004,1.0284284864153181,1.458536028332303,,,,,,,,,,,False,,,,,,,,,,False,-0.06,6/7,3/4,0.8,11.2,True,no new high: recent high 19.79 is -0.06 ATR vs prior 2.5y high 19.85 (needs >= +1),11,hammer,2026-09-04,strong_close,2026-10-05,True,True,False,no TV drawing read (f_rr False),https://www.tradingview.com/chart/?symbol=NASDAQ:SHC,https://finviz.com/quote.ashx?t=SHC,"$vol(30d) $34.0M < $50M | FAIL: dollar_vol, rr (no TV drawing read)"
SHOO,FAIL,"dollar_vol,short_float,rr",False,False,True,True,False,False,True,True,True,,False,44.599998474121094,49167451.61119028,1102409.2666666666,5.1,101.47,2026-11-11,35,264,46.33468519715657,46.871957531086096,46.60332136412133,43.511992666690674,48.54346928930143,0.6276097157809991,0.9999999999999991,3.091328697430657,-0.6480459006721887,,,,,,,,,,,False,,,,,,,,,,False,0.58,5/6,4/7,0.7,18.0,True,no new high: recent high 49.45 is +0.58 ATR vs prior 2.5y high 47.67 (needs >= +1),28,strong_close,2026-10-02,rejection,2026-10-06,False,True,False,no TV drawing read (f_rr False),https://www.tradingview.com/chart/?symbol=NASDAQ:SHOO,https://finviz.com/quote.ashx?t=SHOO,"$vol(30d) $49.2M < $50M | FAIL: dollar_vol, short_float, rr (no TV drawing read)"
SIRI,FAIL,"short_float,rr",True,False,True,True,False,True,False,True,True,,False,25.950000762939453,110213414.26031443,4247144.933333334,11.88,84.07,2026-11-03,27,264,21.340167999267578,21.61139908431277,21.47578354179017,19.85776291551338,29.149999618530273,4.742965542039566,0.9609411965515953,1.6837873452435717,2.65723414170336,,,,,,,,,,,False,,,,,,,,,,False,-3.15,6/10,2/5,0.5,25.1,True,no new high: recent high 32.37 is -3.15 ATR vs prior 2.5y high 37.68 (needs >= +1),1,hammer,2026-09-11,hammer,2026-10-05,False,True,False,no TV drawing read (f_rr False),https://www.tradingview.com/chart/?symbol=NASDAQ:SIRI,https://finviz.com/quote.ashx?t=SIRI,"short float 11.88% >= 5% | FAIL: short_float, rr (no TV drawing read)"
SKWD,FAIL,"dollar_vol,short_float,rr",False,False,True,True,False,True,True,True,True,,False,57.470001220703125,21002308.50010376,365448.2,5.18,89.69,2026-11-04,28,196,46.83000183105469,47.625,47.227500915527344,43.32671546936035,64.19999694824219,4.351045774484325,1.0,3.900785446166992,2.625753312128539,,,,,,,,,,,False,,,,,,,,,,False,0.16,2/7,2/7,0.29,15.9,True,"no new high: recent high 65.69 is +0.16 ATR vs prior 2.5y high 65.05 (needs >= +1); choppy swings: 2/7 higher highs, 2/7 higher lows",7,hammer,2026-10-02,strong_close,2026-10-07,False,True,False,no TV drawing read (f_rr False),https://www.tradingview.com/chart/?symbol=NASDAQ:SKWD,https://finviz.com/quote.ashx?t=SKWD,"$vol(30d) $21.0M < $50M | FAIL: dollar_vol, short_float, rr (no TV drawing read)"
SKYW,FAIL,"dollar_vol,rr",False,True,True,True,False,False,True,True,True,,False,96.63999938964844,30789149.45887756,318596.3333333333,4.74,94.96,2026-10-22,15,264,99.30000305175781,101.37999725341797,100.34000015258789,93.1903577532087,111.83999633789062,1.6084715210793328,1.0000000000000007,7.149642399379185,-0.517508506895496,,,,,,,,,,,False,,,,,,,,,,False,-2.5,4/7,3/6,0.54,-0.8,False,no new high: recent high 117.72 is -2.50 ATR vs prior 2.5y high 135.57 (needs >= +1); 30w EMA falling (-1% in 26w),11,strong_close,2026-09-25,hammer,2026-10-06,False,True,False,no TV drawing read (f_rr False),https://www.tradingview.com/chart/?symbol=NASDAQ:SKYW,https://finviz.com/quote.ashx?t=SKYW,"$vol(30d) $30.8M < $50M | FAIL: dollar_vol, rr (no TV drawing read)"
SLG,FAIL,"dollar_vol,short_float,rr",False,False,True,True,False,True,True,True,True,,False,48.6349983215332,36419545.19660682,748834.1,16.03,94.99,2026-10-21,14,264,45.2158317565918,46.24369158241842,45.72976166950511,41.82761928102506,57.540000915527344,3.0266038678876908,1.0000000000000002,3.9021423884800504,0.7445234855101565,,,,,,,,,,,False,,,,,,,,,,False,-4.07,2/4,2/4,0.5,15.1,True,no new high: recent high 60.09 is -4.07 ATR vs prior 2.5y high 75.99 (needs >= +1),23,hammer,2026-09-18,hammer,2026-10-07,False,True,False,no TV drawing read (f_rr False),https://www.tradingview.com/chart/?symbol=NYSE:SLG,https://finviz.com/quote.ashx?t=SLG,"$vol(30d) $36.4M < $50M | FAIL: dollar_vol, short_float, rr (no TV drawing read)"
STRA,FAIL,"dollar_vol,short_float,rr",False,False,True,True,False,False,False,True,True,,False,80.68000030517578,23101905.90871735,286339.93333333335,7.36,108.97,2026-11-05,29,262,83.56329345703125,83.87101995816955,83.7171567076004,78.82607311028542,84.01992797851562,0.06190269802001341,0.8238855065744162,5.936605946196718,-0.5115981134591501,,,,,,,,,,,False,,,,,,,,,,False,-4.43,2/7,2/6,0.31,0.3,True,"no new high: recent high 89.07 is -4.43 ATR vs prior 2.5y high 115.38 (needs >= +1); choppy swings: 2/7 higher highs, 2/6 higher lows",2,strong_close,2026-10-02,strong_close,2026-10-07,False,True,False,no TV drawing read (f_rr False),https://www.tradingview.com/chart/?symbol=NASDAQ:STRA,https://finviz.com/quote.ashx?t=STRA,"$vol(30d) $23.1M < $50M | FAIL: dollar_vol, short_float, rr (no TV drawing read)"
STT,FAIL,"no_earnings_14d,rr",True,True,False,True,False,True,False,True,True,,False,174.25,277163176.81666666,1590606.4666666666,1.92,94.62,2026-10-14,7,264,130.82041931152344,132.6490334945846,131.73472640305403,122.1140152126941,194.25999450683594,6.499027656752966,0.9999999999999994,9.620711190359932,4.419140410279313,,,,,,,,,,,False,,,,,,,,,,True,5.9,4/5,2/3,0.73,38.8,True,"uptrend: new high +5.9 ATR above prior 2.5y high, 4/5 HH and 2/3 HL, 30w EMA +39% in 26w",2,hammer,2026-10-02,hammer,2026-10-07,False,True,True,no TV drawing read (f_rr False),https://www.tradingview.com/chart/?symbol=NYSE:STT,https://finviz.com/quote.ashx?t=STT,"FAIL: no_earnings_14d, rr (no TV drawing read)"
SUNB,FAIL,"history,rr",True,True,True,False,False,False,False,True,True,,False,74.73999786376953,534999248.7245667,7158138.4,2.11,81.55,2026-12-30,84,32,,,,,,,,,,,,,,,,,,,,False,,,,,,,,,,,,,,,,,not enough history (32 weekly bars < 130),4,strong_close,2026-10-02,hammer,2026-10-02,False,True,False,no computed weekly retest setup; no TV drawing read (f_rr False),https://www.tradingview.com/chart/?symbol=NYSE:SUNB,https://finviz.com/quote.ashx?t=SUNB,"history 32 weekly bars < ~3y (150) | FAIL: history, rr (no TV drawing read)"
SUNC,FAIL,"dollar_vol,short_float,history,rr",False,False,True,False,False,True,True,True,True,,False,70.36000061035156,34026462.16716919,483605.2,5.16,92.7,2026-12-02,56,49,70.4206314086914,70.72637683368852,70.57350412118996,66.17883115019403,81.80999755859375,2.5568440499583667,1.000000000000001,4.394672970995922,-0.048582343270472964,,,,,,,,,,,False,,,,,,,,,,,,,,,,,not enough history (49 weekly bars < 130),41,hammer,2026-10-02,strong_close,2026-10-02,True,True,False,no TV drawing read (f_rr False),https://www.tradingview.com/chart/?symbol=NYSE:SUNC,https://finviz.com/quote.ashx?t=SUNC,"$vol(30d) $34.0M < $50M | FAIL: dollar_vol, short_float, history, rr (no TV drawing read)"
SXI,FAIL,"dollar_vol,short_float,rr",False,False,True,True,False,True,True,True,True,,False,288.0849914550781,37765157.55817668,131090.33333333334,5.57,104.2,2026-10-29,22,264,278.3661441689314,284.063173548843,281.2146588588872,256.14194070790455,341.4700012207031,2.403223376060419,1.0,25.072718150982666,0.2740162656006899,,,,,,,,,,,False,,,,,,,,,,True,3.46,6/8,4/5,0.78,19.5,True,"uptrend: new high +3.5 ATR above prior 2.5y high, 6/8 HH and 4/5 HL, 30w EMA +20% in 26w",13,hammer,2026-10-02,rejection,2026-10-07,False,True,False,no TV drawing read (f_rr False),https://www.tradingview.com/chart/?symbol=NYSE:SXI,https://finviz.com/quote.ashx?t=SXI,"$vol(30d) $37.8M < $50M | FAIL: dollar_vol, short_float, rr (no TV drawing read)"
SYRE,FAIL,"short_float,rr",True,False,True,True,False,True,True,True,True,,False,80.8499984741211,117997061.18804601,1459456.5666666667,15.35,101.62,2026-11-05,29,264,75.1500015258789,78.80000305175781,76.97500228881836,65.41100311279297,106.48999786376953,2.552317336388434,1.0,11.56399917602539,0.33509135778359606,,,,,,,,,,,False,,,,,,,,,,True,4.82,4/5,3/4,0.78,133.5,True,"uptrend: new high +4.8 ATR above prior 2.5y high, 4/5 HH and 3/4 HL, 30w EMA +133% in 26w",5,engulfing,2026-10-02,strong_close,2026-10-07,True,True,False,no TV drawing read (f_rr False),https://www.tradingview.com/chart/?symbol=NASDAQ:SYRE,https://finviz.com/quote.ashx?t=SYRE,"short float 15.35% >= 5% | FAIL: short_float, rr (no TV drawing read)"
TDW,FAIL,"dollar_vol,short_float,rr",False,False,True,True,False,True,False,True,True,,False,83.38999938964844,44197956.08583781,530015.0666666667,12.95,115.52,2026-11-11,35,264,59.599998474121094,59.71919847106933,59.65959847259521,52.49631144605364,95.37000274658203,4.985198016172158,1.0000000000000002,7.163287026541574,3.3127809662138072,,,,,,,,,,,False,,,,,,,,,,False,-1.37,6/7,3/4,0.8,21.9,True,no new high: recent high 101.58 is -1.37 ATR vs prior 2.5y high 111.42 (needs >= +1),2,rejection,2026-09-04,strong_close,2026-10-07,False,True,False,no TV drawing read (f_rr False),https://www.tradingview.com/chart/?symbol=NYSE:TDW,https://finviz.com/quote.ashx?t=TDW,"$vol(30d) $44.2M < $50M | FAIL: dollar_vol, short_float, rr (no TV drawing read)"
TFX,FAIL,"short_float,rr",True,False,True,True,False,False,False,True,True,,False,124.45999908447266,89962666.0809016,722823.9333333333,9.53,113.53,2026-10-22,15,264,132.75062526878483,133.41896517435038,133.08479522156762,124.94005624092637,139.6699981689453,0.8085222820558984,0.9999999999999991,8.144738980641257,-1.0589407662534949,,,,,,,,,,,False,,,,,,,,,,False,-12.29,4/8,4/6,0.58,10.4,True,no new high: recent high 144.64 is -12.29 ATR vs prior 2.5y high 244.76 (needs >= +1),0,rejection,2026-09-25,rejection,2026-10-07,False,True,False,no TV drawing read (f_rr False),https://www.tradingview.com/chart/?symbol=NYSE:TFX,https://finviz.com/quote.ashx?t=TFX,"short float 9.53% >= 5% | FAIL: short_float, rr (no TV drawing read)"
TGT,FAIL,rr,True,True,True,True,False,True,True,True,True,,True,150.9199981689453,526534720.27842206,3488833.3333333335,3.7,89.55,2026-11-18,42,262,139.32064819335938,141.73214159212128,140.5263948927403,131.41085065165674,166.05999755859375,2.801105670769938,1.0,9.115544241083569,1.1402065528200986,no,,,,,,,2026-10-07,charts/latest/TGT.webp,,False,,,,,,,,,,True,1.74,4/6,2/4,0.58,32.0,True,"uptrend: new high +1.7 ATR above prior 2.5y high, 4/6 HH and 2/4 HL, 30w EMA +32% in 26w",5,hammer,2026-09-25,strong_close,2026-10-06,False,True,False,TV drawing not found (f_rr False),https://www.tradingview.com/chart/?symbol=NYSE:TGT,https://finviz.com/quote.ashx?t=TGT,FAIL: rr (TV drawing not found)
THFF,FAIL,"dollar_vol,rr",False,True,True,True,False,True,False,True,True,,False,73.41999816894531,8633181.03602651,117586.23333333334,3.54,81.99,2026-10-27,20,262,66.74281311035156,68.1006906678378,67.42175188909468,63.53139555277353,82.05999755859375,3.7627004839719875,0.9999999999999994,3.8903563363211497,1.5418243886427057,,,,,,,,,,,False,,,,,,,,,,True,4.13,8/8,4/5,0.9,22.1,True,"uptrend: new high +4.1 ATR above prior 2.5y high, 8/8 HH and 4/5 HL, 30w EMA +22% in 26w",1,hammer,2026-10-02,hammer,2026-10-05,False,True,False,no TV drawing read (f_rr False),https://www.tradingview.com/chart/?symbol=NASDAQ:THFF,https://finviz.com/quote.ashx?t=THFF,"$vol(30d) $8.6M < $50M | FAIL: dollar_vol, rr (no TV drawing read)"
TILE,FAIL,"dollar_vol,short_float,rr",False,False,True,True,False,True,False,True,True,,False,34.880001068115234,18016334.418373108,516523.3333333333,7.58,104.54,2026-10-30,23,264,29.605663299560547,30.284417857288204,29.945040578424376,27.30911068798396,39.05777275005759,3.457122363034717,0.9999999999999994,2.635929890440417,1.8721895857656194,,,,,,,,,,,False,,,,,,,,,,True,2.07,4/6,2/3,0.67,20.2,True,"uptrend: new high +2.1 ATR above prior 2.5y high, 4/6 HH and 2/3 HL, 30w EMA +20% in 26w",4,hammer,2026-10-02,strong_close,2026-10-07,False,True,False,no TV drawing read (f_rr False),https://www.tradingview.com/chart/?symbol=NASDAQ:TILE,https://finviz.com/quote.ashx?t=TILE,"$vol(30d) $18.0M < $50M | FAIL: dollar_vol, short_float, rr (no TV drawing read)"
TNET,FAIL,"dollar_vol,rr",False,True,True,True,False,True,True,True,True,,False,64.41500091552734,19219997.67150625,298377.6666666667,4.0,96.34,2026-10-28,21,264,44.209415435791016,46.10822304583507,45.158819240813045,39.97846307887806,70.6500015258789,4.920739325294632,0.9999999999999998,5.180356161934989,3.717154008870627,,,,,,,,,,,False,,,,,,,,,,False,-10.29,1/6,2/4,0.33,15.1,True,"no new high: recent high 73.08 is -10.29 ATR vs prior 2.5y high 126.40 (needs >= +1); choppy swings: 1/6 higher highs, 2/4 higher lows",29,hammer,2026-09-04,strong_close,2026-10-07,False,True,False,no TV drawing read (f_rr False),https://www.tradingview.com/chart/?symbol=NYSE:TNET,https://finviz.com/quote.ashx?t=TNET,"$vol(30d) $19.2M < $50M | FAIL: dollar_vol, rr (no TV drawing read)"
TNGX,FAIL,"short_float,rr",True,False,True,True,False,True,False,True,True,,False,21.829999923706055,64304940.03359318,2945714.1666666665,33.73,111.02,2026-11-10,34,264,10.90999984741211,11.199999809265137,11.054999828338623,8.819999923706055,31.469999313354492,9.134228347258956,0.6930462735209466,3.2248927525111606,3.3411964124937645,,,,,,,,,,,False,,,,,,,,,,True,3.78,6/6,5/5,1.0,79.1,True,"uptrend: new high +3.8 ATR above prior 2.5y high, 6/6 HH and 5/5 HL, 30w EMA +79% in 26w",0,strong_close,2026-09-25,hammer,2026-10-05,False,True,False,no TV drawing read (f_rr False),https://www.tradingview.com/chart/?symbol=NASDAQ:TNGX,https://finviz.com/quote.ashx?t=TNGX,"short float 33.73% >= 5% | FAIL: short_float, rr (no TV drawing read)"
TOST,FAIL,"short_float,rr",True,False,True,True,False,True,True,True,True,,False,30.559999465942383,252735508.61793482,8270141.133333334,6.54,83.19,2026-11-10,34,263,27.46500015258789,28.155000686645508,27.8100004196167,24.98250048501151,36.63999938964844,3.122899796376014,0.9999999999999999,2.8274999346051897,0.9725903129718984,,,,,,,,,,,False,,,,,,,,,,False,-4.41,2/8,1/4,0.25,-4.1,False,"no new high: recent high 37.20 is -4.41 ATR vs prior 2.5y high 49.66 (needs >= +1); choppy swings: 2/8 higher highs, 1/4 higher lows; 30w EMA falling (-4% in 26w)",17,hammer,2026-10-02,strong_close,2026-10-05,True,True,False,no TV drawing read (f_rr False),https://www.tradingview.com/chart/?symbol=NYSE:TOST,https://finviz.com/quote.ashx?t=TOST,"short float 6.54% >= 5% | FAIL: short_float, rr (no TV drawing read)"
TPC,FAIL,"dollar_vol,rr",False,True,True,True,False,True,False,True,True,,False,85.93000030517578,33965516.84862671,395269.6,4.09,81.19,2026-11-11,35,264,79.45196533203125,85.635893885523,82.54392960877712,74.64515960247596,99.87191409742356,2.1937573159901116,0.9999999999999992,7.898770006301169,0.42868328786601656,,,,,,,,,,,False,,,,,,,,,,True,1.64,5/6,5/6,0.83,18.5,True,"uptrend: new high +1.6 ATR above prior 2.5y high, 5/6 HH and 5/6 HL, 30w EMA +18% in 26w",2,hammer,2026-10-02,strong_close,2026-10-06,False,True,False,no TV drawing read (f_rr False),https://www.tradingview.com/chart/?symbol=NYSE:TPC,https://finviz.com/quote.ashx?t=TPC,"$vol(30d) $34.0M < $50M | FAIL: dollar_vol, rr (no TV drawing read)"
TRAX,FAIL,"dollar_vol,short_float,history,rr",False,False,True,False,False,False,False,False,True,,False,30.59000015258789,21204042.87476921,693169.1,14.82,89.84,2026-12-02,56,27,,,,,,,,,,,,,,,,,,,,False,,,,,,,,,,,,,,,,,not enough history (27 weekly bars < 130),0,,,hammer,2026-10-05,False,True,False,too few weekly bars for computed retest (27); no TV drawing read (f_rr False),https://www.tradingview.com/chart/?symbol=NASDAQ:TRAX,https://finviz.com/quote.ashx?t=TRAX,"$vol(30d) $21.2M < $50M | FAIL: dollar_vol, short_float, history, rr (no TV drawing read)"
TREX,FAIL,"short_float,rr",True,False,True,True,False,False,True,True,True,,False,43.84000015258789,61543696.982206725,1403825.2,10.05,109.32,2026-11-02,26,264,42.77000045776367,43.619998931884766,43.19499969482422,39.50131361825125,49.630001068115234,1.7421625010595014,1.0000000000000009,3.693686076572963,0.17462243525635762,,,,,,,,,,,False,,,,,,,,,,False,-11.65,3/7,4/6,0.55,4.4,True,no new high: recent high 50.96 is -11.65 ATR vs prior 2.5y high 94.00 (needs >= +1),43,rejection,2026-10-02,hammer,2026-10-07,False,True,False,no TV drawing read (f_rr False),https://www.tradingview.com/chart/?symbol=NYSE:TREX,https://finviz.com/quote.ashx?t=TREX,"short float 10.05% >= 5% | FAIL: short_float, rr (no TV drawing read)"
TRMK,FAIL,"dollar_vol,short_float,rr",False,False,True,True,False,False,False,True,True,,False,44.369998931884766,16332737.1118234,368103.1666666667,6.23,81.1,2026-10-27,20,264,44.788429260253906,45.312558479832276,45.05049387004309,43.10202229523219,48.027099609375,1.5276618749856723,1.0000000000000002,1.948471574810902,-0.34924550450491804,,,,,,,,,,,False,,,,,,,,,,True,1.89,6/6,4/4,1.0,11.6,True,"uptrend: new high +1.9 ATR above prior 2.5y high, 6/6 HH and 4/4 HL, 30w EMA +12% in 26w",2,hammer,2026-10-02,strong_close,2026-10-02,False,True,False,no TV drawing read (f_rr False),https://www.tradingview.com/chart/?symbol=NASDAQ:TRMK,https://finviz.com/quote.ashx?t=TRMK,"$vol(30d) $16.3M < $50M | FAIL: dollar_vol, short_float, rr (no TV drawing read)"
TROW,FAIL,"short_float,rr",True,False,True,True,False,True,True,True,True,,False,104.06999969482422,153790895.5600222,1477763.9666666666,13.1,92.07,2026-10-22,15,264,102.80223083496094,104.36383483538079,103.58303283517085,98.70637191772529,117.09334131100715,2.7704014497922307,0.9999999999999994,4.876660917445565,0.09985661662702633,,,,,,,,,,,False,,,,,,,,,,False,1.39,3/5,1/4,0.42,12.2,True,"choppy swings: 3/5 higher highs, 1/4 higher lows",9,hammer,2026-09-25,strong_close,2026-10-07,False,True,False,no TV drawing read (f_rr False),https://www.tradingview.com/chart/?symbol=NASDAQ:TROW,https://finviz.com/quote.ashx?t=TROW,"short float 13.10% >= 5% | FAIL: short_float, rr (no TV drawing read)"
TTC,FAIL,rr,True,True,True,True,False,False,False,True,True,,True,96.37999725341797,85866680.81835377,890918.0666666667,3.92,96.36,2026-12-23,77,264,97.08000183105469,98.08000183105469,97.58000183105469,92.55879944071114,100.0,0.48195591032126034,0.9999999999999986,5.021202390343554,-0.2389874942990724,,,,,,,,,,,False,,,,,,,,,,False,-0.69,3/5,3/4,0.68,8.2,True,no new high: recent high 100.80 is -0.69 ATR vs prior 2.5y high 104.29 (needs >= +1),4,strong_close,2026-10-02,rejection,2026-10-05,False,True,False,no TV drawing read (f_rr False),https://www.tradingview.com/chart/?symbol=NYSE:TTC,https://finviz.com/quote.ashx?t=TTC,FAIL: rr (no TV drawing read)
TVTX,FAIL,"short_float,rr",True,False,True,True,False,True,True,True,True,,False,53.439998626708984,79655139.58503723,1490552.8,14.17,113.41,2026-10-22,15,264,40.18000030517578,40.75,40.46500015258789,35.07102230616978,66.16999816894531,4.765499367674807,1.0000000000000002,5.3939778464181085,2.405460097085343,,,,,,,,,,,False,,,,,,,,,,True,4.93,6/6,3/3,1.0,83.1,True,"uptrend: new high +4.9 ATR above prior 2.5y high, 6/6 HH and 3/3 HL, 30w EMA +83% in 26w",20,engulfing,2026-09-11,hammer,2026-10-05,False,True,False,no TV drawing read (f_rr False),https://www.tradingview.com/chart/?symbol=NASDAQ:TVTX,https://finviz.com/quote.ashx?t=TVTX,"short float 14.17% >= 5% | FAIL: short_float, rr (no TV drawing read)"
UAL,FAIL,"short_float,no_earnings_14d,rr",True,False,False,True,False,True,True,True,True,,False,110.16999816894531,425023414.74299777,3857887.1,5.66,91.32,2026-10-20,13,264,101.80000305175781,105.9800033569336,103.8900032043457,94.56331743512835,129.55999755859375,2.7523168453869924,0.9999999999999994,9.326685769217354,0.6733361796455798,,,,,,,,,,,False,,,,,,,,,,True,2.1,5/8,2/4,0.56,12.4,True,"uptrend: new high +2.1 ATR above prior 2.5y high, 5/8 HH and 2/4 HL, 30w EMA +12% in 26w",23,hammer,2026-10-02,strong_close,2026-10-07,False,True,True,no TV drawing read (f_rr False),https://www.tradingview.com/chart/?symbol=NASDAQ:UAL,https://finviz.com/quote.ashx?t=UAL,"short float 5.66% >= 5% | FAIL: short_float, no_earnings_14d, rr (no TV drawing read)"
UFPT,FAIL,"dollar_vol,short_float,rr",False,False,True,True,False,True,True,True,True,,False,292.8699951171875,34164300.21306966,116653.46666666666,14.14,124.2,2026-11-04,28,264,230.5500030517578,234.55999755859375,232.55500030517578,207.07642800467355,321.760009765625,3.501177711542762,1.0000000000000002,25.478572300502233,2.367283146819918,,,,,,,,,,,False,,,,,,,,,,False,-1.09,6/7,3/6,0.68,19.2,True,no new high: recent high 338.71 is -1.09 ATR vs prior 2.5y high 366.41 (needs >= +1),12,strong_close,2026-10-02,strong_close,2026-10-05,False,True,False,no TV drawing read (f_rr False),https://www.tradingview.com/chart/?symbol=NASDAQ:UFPT,https://finviz.com/quote.ashx?t=UFPT,"$vol(30d) $34.2M < $50M | FAIL: dollar_vol, short_float, rr (no TV drawing read)"
UGI,FAIL,"short_float,rr",True,False,True,True,False,False,False,True,True,,False,36.63999938964844,69448187.64312744,1895420.0,6.03,95.34,2026-11-19,43,264,36.95887756347656,37.11728673788382,37.0380821506802,35.13776745788311,37.939034704884826,0.4741070295459904,1.0000000000000013,1.9003146927970864,-0.20948254651750242,,,,,,,,,,,False,,,,,,,,,,False,-0.25,4/6,2/6,0.5,1.6,True,no new high: recent high 39.60 is -0.25 ATR vs prior 2.5y high 40.08 (needs >= +1),2,hammer,2026-10-02,hammer,2026-10-06,False,True,False,no TV drawing read (f_rr False),https://www.tradingview.com/chart/?symbol=NYSE:UGI,https://finviz.com/quote.ashx?t=UGI,"short float 6.03% >= 5% | FAIL: short_float, rr (no TV drawing read)"
URGN,FAIL,"dollar_vol,short_float,rr",False,False,True,True,False,True,True,True,True,,False,40.70000076293945,28960930.74621875,711570.7666666667,15.05,80.66,2026-11-05,29,264,30.459999084472656,32.369998931884766,31.41499900817871,26.80249868120466,48.5099983215332,3.706232650734437,0.9999999999999998,4.612500326974051,2.0130083678177217,,,,,,,,,,,False,,,,,,,,,,True,4.51,6/7,4/5,0.83,82.6,True,"uptrend: new high +4.5 ATR above prior 2.5y high, 6/7 HH and 4/5 HL, 30w EMA +83% in 26w",6,hammer,2026-10-02,strong_close,2026-10-05,False,True,False,no TV drawing read (f_rr False),https://www.tradingview.com/chart/?symbol=NASDAQ:URGN,https://finviz.com/quote.ashx?t=URGN,"$vol(30d) $29.0M < $50M | FAIL: dollar_vol, short_float, rr (no TV drawing read)"
USFD,FAIL,rr,True,True,True,True,False,True,True,True,True,,False,96.06999969482422,209891564.15125883,2184777.4,4.94,109.5,2026-11-05,29,264,93.69000244140625,93.73999786376953,93.71500015258789,88.7599966430664,109.7300033569336,3.232087156663243,0.801335926641198,6.183428628104074,0.3808565900692549,no,,,,,,,2026-10-07,charts/latest/USFD.webp,user-lines,False,"user lines only, no zone/position","hline 85.66, hline 83.41",,,,,,,,True,1.5,4/7,4/6,0.62,12.9,True,"uptrend: new high +1.5 ATR above prior 2.5y high, 4/7 HH and 4/6 HL, 30w EMA +13% in 26w",12,engulfing,2026-10-02,strong_close,2026-10-06,False,True,False,TV drawing not found (f_rr False),https://www.tradingview.com/chart/?symbol=NYSE:USFD,https://finviz.com/quote.ashx?t=USFD,FAIL: rr (TV drawing not found)
UVSP,FAIL,"dollar_vol,rr",False,True,True,True,False,True,False,True,True,,False,40.88999938964844,9194976.415749613,224871.03333333333,3.3,82.78,2026-10-28,21,264,35.21139907836914,35.57501000171196,35.39320454004055,33.72018803735575,44.46081763382424,5.419918500046042,1.0000000000000009,1.6730165026848012,3.285559252276839,,,,,,,,,,,False,,,,,,,,,,True,4.74,4/7,2/4,0.54,24.1,True,"uptrend: new high +4.7 ATR above prior 2.5y high, 4/7 HH and 2/4 HL, 30w EMA +24% in 26w",2,hammer,2026-10-02,hammer,2026-10-05,False,True,False,no TV drawing read (f_rr False),https://www.tradingview.com/chart/?symbol=NASDAQ:UVSP,https://finviz.com/quote.ashx?t=UVSP,"$vol(30d) $9.2M < $50M | FAIL: dollar_vol, rr (no TV drawing read)"
VAC,FAIL,"dollar_vol,short_float,rr",False,False,True,True,False,True,True,True,True,,False,103.00749969482422,42293996.94378077,410591.43333333335,6.15,90.61,2026-11-11,35,264,100.49881744384766,101.19327651998854,100.84604698191811,93.41520465004895,120.54897189974993,2.65150625432201,0.7052246635024603,10.536844095843557,0.205132836098309,,,,,,,,,,,False,,,,,,,,,,True,3.51,5/8,4/6,0.65,51.1,True,"uptrend: new high +3.5 ATR above prior 2.5y high, 5/8 HH and 4/6 HL, 30w EMA +51% in 26w",29,hammer,2026-09-25,hammer,2026-10-07,False,True,False,no TV drawing read (f_rr False),https://www.tradingview.com/chart/?symbol=NYSE:VAC,https://finviz.com/quote.ashx?t=VAC,"$vol(30d) $42.3M < $50M | FAIL: dollar_vol, short_float, rr (no TV drawing read)"
VCEL,FAIL,"dollar_vol,short_float,rr",False,False,True,True,False,True,True,True,True,,False,40.7400016784668,20709585.04922409,508335.4,10.84,109.11,2026-11-11,35,264,35.68000030517578,35.86000061035156,35.77000045776367,32.88747188023159,47.0,3.8958848941754605,0.9999999999999992,2.8825285775320872,1.7241810747140116,,,,,,,,,,,False,,,,,,,,,,False,-4.75,2/5,3/6,0.45,11.8,True,"no new high: recent high 49.32 is -4.75 ATR vs prior 2.5y high 63.00 (needs >= +1); choppy swings: 2/5 higher highs, 3/6 higher lows",21,hammer,2026-09-25,strong_close,2026-10-07,False,True,False,no TV drawing read (f_rr False),https://www.tradingview.com/chart/?symbol=NASDAQ:VCEL,https://finviz.com/quote.ashx?t=VCEL,"$vol(30d) $20.7M < $50M | FAIL: dollar_vol, short_float, rr (no TV drawing read)"
VCYT,FAIL,"short_float,rr",True,False,True,True,False,True,False,True,True,,False,43.15999984741211,62299731.94107882,1443459.9666666666,10.65,110.98,2026-11-10,34,264,32.380001068115234,32.849998474121094,32.614999771118164,26.751785278320312,60.4900016784668,4.754218345856052,1.0,5.863214492797852,1.7985015027587716,,,,,,,,,,,False,,,,,,,,,,False,1.74,1/3,1/3,0.33,23.6,True,"choppy swings: 1/3 higher highs, 1/3 higher lows",2,strong_close,2026-09-25,strong_close,2026-10-05,False,True,False,no TV drawing read (f_rr False),https://www.tradingview.com/chart/?symbol=NASDAQ:VCYT,https://finviz.com/quote.ashx?t=VCYT,"short float 10.65% >= 5% | FAIL: short_float, rr (no TV drawing read)"
VIRT,FAIL,"short_float,rr",True,False,True,True,False,True,True,True,True,,False,58.79999923706055,65974747.703967035,1122019.5333333334,5.46,94.45,2026-11-04,28,264,40.92362976074219,41.48558142369565,41.20460559221892,36.22087027089234,67.68162536621094,5.312685780220032,0.7513256930601545,6.633255547308372,2.652603012103378,,,,,,,,,,,False,,,,,,,,,,True,2.89,6/7,2/3,0.76,42.3,True,"uptrend: new high +2.9 ATR above prior 2.5y high, 6/7 HH and 2/3 HL, 30w EMA +42% in 26w",11,engulfing,2026-10-02,strong_close,2026-10-05,False,True,False,no TV drawing read (f_rr False),https://www.tradingview.com/chart/?symbol=NYSE:VIRT,https://finviz.com/quote.ashx?t=VIRT,"short float 5.46% >= 5% | FAIL: short_float, rr (no TV drawing read)"
VNO,FAIL,"dollar_vol,short_float,rr",False,False,True,True,False,False,True,True,True,,False,33.797000885009766,40162171.43892174,1188335.3666666667,6.56,100.52,2026-11-02,26,264,39.13450060722655,39.212769608441,39.173635107833775,36.854470559232354,40.90999984741211,0.7487026915039101,0.999999999999999,2.319164548601423,-2.31834960829597,,,,,,,,,,,False,,,,,,,,,,False,-1.41,2/4,1/4,0.38,12.6,True,"no new high: recent high 41.60 is -1.41 ATR vs prior 2.5y high 44.87 (needs >= +1); choppy swings: 2/4 higher highs, 1/4 higher lows",8,rejection,2026-09-25,strong_close,2026-10-07,False,True,False,no TV drawing read (f_rr False),https://www.tradingview.com/chart/?symbol=NYSE:VNO,https://finviz.com/quote.ashx?t=VNO,"$vol(30d) $40.2M < $50M | FAIL: dollar_vol, short_float, rr (no TV drawing read)"
VSAT,FAIL,"short_float,rr",True,False,True,True,False,True,True,True,True,,False,70.87000274658203,117888389.51612295,1663445.5333333334,8.67,102.15,2026-11-11,35,264,48.849998474121094,49.5,49.17499923706055,41.659998168945314,82.87000274658203,4.483699097859505,0.7773406178539298,9.66757801600865,2.2440991397841827,,,,,,,,,,,False,,,,,,,,,,True,3.5,4/6,6/6,0.83,67.6,True,"uptrend: new high +3.5 ATR above prior 2.5y high, 4/6 HH and 6/6 HL, 30w EMA +68% in 26w",12,hammer,2026-10-02,rejection,2026-10-07,False,True,False,no TV drawing read (f_rr False),https://www.tradingview.com/chart/?symbol=NASDAQ:VSAT,https://finviz.com/quote.ashx?t=VSAT,"short float 8.67% >= 5% | FAIL: short_float, rr (no TV drawing read)"
WABC,FAIL,"dollar_vol,no_earnings_14d,rr",False,True,False,True,False,True,True,True,True,,False,58.310001373291016,13024300.724075826,223363.06666666668,4.34,81.0,2026-10-15,8,264,52.199039459228516,52.48422351324328,52.3416314862359,49.545191329619485,60.87034606933594,3.0498469859692845,0.999999999999999,2.7964401566164154,2.1342741316791187,,,,,,,,,,,False,,,,,,,,,,True,2.43,4/5,4/5,0.8,16.1,True,"uptrend: new high +2.4 ATR above prior 2.5y high, 4/5 HH and 4/5 HL, 30w EMA +16% in 26w",15,hammer,2026-10-02,hammer,2026-10-01,False,True,True,no TV drawing read (f_rr False),https://www.tradingview.com/chart/?symbol=NASDAQ:WABC,https://finviz.com/quote.ashx?t=WABC,"$vol(30d) $13.0M < $50M | FAIL: dollar_vol, no_earnings_14d, rr (no TV drawing read)"
WBI,FAIL,"dollar_vol,short_float,history,rr",False,False,True,False,False,True,False,True,True,,False,29.31999969482422,17452872.509009298,595254.8666666667,17.05,107.15,2026-11-18,42,56,24.837726256959588,25.354972127147505,25.096349192053545,22.530608427538127,32.779998779296875,2.994710024297608,1.0,2.565740764515418,1.6461719598427083,,,,,,,,,,,False,,,,,,,,,,,,,,,,,not enough history (56 weekly bars < 130),2,hammer,2026-10-02,strong_close,2026-10-06,False,True,False,no TV drawing read (f_rr False),https://www.tradingview.com/chart/?symbol=NYSE:WBI,https://finviz.com/quote.ashx?t=WBI,"$vol(30d) $17.5M < $50M | FAIL: dollar_vol, short_float, history, rr (no TV drawing read)"
WDAY,FAIL,"short_float,rr",True,False,True,True,False,True,True,True,True,,False,184.25999450683594,546708156.0515213,2967047.5,7.29,88.43,2026-12-01,55,262,152.0,158.63999938964844,155.31999969482422,135.5914263044085,204.72000122070312,2.503982449632052,0.9999999999999998,19.728573390415736,1.4669076288136955,,,,,,,,,,,False,,,,,,,,,,False,-3.37,2/4,2/6,0.42,-4.7,False,"no new high: recent high 227.49 is -3.37 ATR vs prior 2.5y high 294.00 (needs >= +1); choppy swings: 2/4 higher highs, 2/6 higher lows; 30w EMA falling (-5% in 26w)",15,hammer,2026-09-18,hammer,2026-10-05,True,True,False,no TV drawing read (f_rr False),https://www.tradingview.com/chart/?symbol=NASDAQ:WDAY,https://finviz.com/quote.ashx?t=WDAY,"short float 7.29% >= 5% | FAIL: short_float, rr (no TV drawing read)"
WEX,FAIL,"short_float,rr",True,False,True,True,False,True,False,True,True,,False,169.89999389648438,87977331.67282104,517818.3333333333,7.43,117.33,2026-10-22,15,264,167.07000732421875,167.5399932861328,167.30500030517578,153.68072073800224,199.97000122070312,2.3975580326632957,0.9999999999999998,13.624279567173549,0.19046831639898176,,,,,,,,,,,False,,,,,,,,,,False,-2.59,5/9,3/6,0.53,9.0,True,no new high: recent high 203.99 is -2.59 ATR vs prior 2.5y high 239.30 (needs >= +1),2,hammer,2026-09-11,hammer,2026-10-06,False,True,False,no TV drawing read (f_rr False),https://www.tradingview.com/chart/?symbol=NYSE:WEX,https://finviz.com/quote.ashx?t=WEX,"short float 7.43% >= 5% | FAIL: short_float, rr (no TV drawing read)"
WHD,FAIL,"dollar_vol,short_float,rr",False,False,True,True,False,True,False,True,True,,False,63.119998931884766,42632088.878580734,675413.3333333334,5.09,110.51,2026-11-04,28,263,62.59322977270104,64.00675567807671,63.299992725388876,58.3252929648613,73.32175086648901,2.014545324045306,0.9999999999999998,4.974699760527579,-0.036181840546899914,,,,,,,,,,,False,,,,,,,,,,True,1.08,6/7,3/4,0.8,24.5,True,"uptrend: new high +1.1 ATR above prior 2.5y high, 6/7 HH and 3/4 HL, 30w EMA +24% in 26w",2,hammer,2026-10-02,rejection,2026-10-07,False,True,False,no TV drawing read (f_rr False),https://www.tradingview.com/chart/?symbol=NYSE:WHD,https://finviz.com/quote.ashx?t=WHD,"$vol(30d) $42.6M < $50M | FAIL: dollar_vol, short_float, rr (no TV drawing read)"
WLY,FAIL,"dollar_vol,short_float,rr",False,False,True,True,False,True,False,True,True,,False,48.83000183105469,24538604.29916229,502531.3,11.92,85.22,2026-12-09,63,264,41.237430572509766,41.6942990720334,41.465864822271584,37.71147165341346,53.709999084472656,3.2612818401022867,1.0000000000000009,3.7543931688581194,1.9614719816419415,,,,,,,,,,,False,,,,,,,,,,True,1.79,4/8,4/7,0.54,32.5,True,"uptrend: new high +1.8 ATR above prior 2.5y high, 4/8 HH and 4/7 HL, 30w EMA +32% in 26w",4,rejection,2026-09-25,engulfing,2026-10-07,False,True,False,no TV drawing read (f_rr False),https://www.tradingview.com/chart/?symbol=NYSE:WLY,https://finviz.com/quote.ashx?t=WLY,"$vol(30d) $24.5M < $50M | FAIL: dollar_vol, short_float, rr (no TV drawing read)"
WMB,FAIL,rr,True,True,True,True,False,True,False,True,True,,True,71.45010375976562,545369355.8664724,7632870.033333333,1.97,92.28,2026-11-02,26,264,60.95363235473633,61.99200787761491,61.47282011617562,57.36085493441155,74.66776925526774,3.208915580708145,0.9999999999999996,4.111965181764072,2.426402754536374,,,,,,,,,,,False,,,,,,,,,,False,0.9,3/7,3/4,0.59,9.3,True,no new high: recent high 78.92 is +0.90 ATR vs prior 2.5y high 75.22 (needs >= +1),4,hammer,2026-10-02,strong_close,2026-10-06,False,True,False,no TV drawing read (f_rr False),https://www.tradingview.com/chart/?symbol=NYSE:WMB,https://finviz.com/quote.ashx?t=WMB,FAIL: rr (no TV drawing read)
WRBY,FAIL,"short_float,rr",True,False,True,True,False,True,False,True,True,,False,25.309999465942383,78476729.35275611,3100621.533333333,17.25,101.58,2026-11-05,29,262,22.3700008392334,22.43000030517578,22.40000057220459,20.74178613935198,27.440000534057617,3.0394138791704792,0.5000000000000003,3.3164288657052174,0.877449513188639,,,,,,,,,,,False,,,,,,,,,,False,-0.02,5/8,4/5,0.71,9.9,True,no new high: recent high 30.93 is -0.02 ATR vs prior 2.5y high 31.00 (needs >= +1),2,hammer,2026-10-02,hammer,2026-10-05,False,True,False,no TV drawing read (f_rr False),https://www.tradingview.com/chart/?symbol=NYSE:WRBY,https://finviz.com/quote.ashx?t=WRBY,"short float 17.25% >= 5% | FAIL: short_float, rr (no TV drawing read)"
WSFS,FAIL,"dollar_vol,short_float,rr",False,False,True,True,False,True,False,True,True,,False,74.75,26093829.666666664,349081.3333333333,5.11,93.2,2026-10-26,19,264,71.793760834154,72.10299926965995,71.94838005190698,68.65144624770458,79.86000061035156,2.3996904482462256,0.9927416189693453,3.321039171929994,0.8435973811368451,,,,,,,,,,,False,,,,,,,,,,True,3.6,3/6,3/4,0.62,23.4,True,"uptrend: new high +3.6 ATR above prior 2.5y high, 3/6 HH and 3/4 HL, 30w EMA +23% in 26w",2,hammer,2026-10-02,strong_close,2026-10-02,False,True,False,no TV drawing read (f_rr False),https://www.tradingview.com/chart/?symbol=NASDAQ:WSFS,https://finviz.com/quote.ashx?t=WSFS,"$vol(30d) $26.1M < $50M | FAIL: dollar_vol, short_float, rr (no TV drawing read)"
WTTR,FAIL,"dollar_vol,short_float,rr",False,False,True,True,False,False,True,True,True,,False,19.34000015258789,31746937.0964756,1641516.9,5.28,92.47,2026-11-03,27,264,20.26125144958496,20.410742785440835,20.335997117512896,19.10000061035156,20.780000686645508,0.35922720376640643,0.679494513723965,1.8189940936939504,-0.5475537102500257,,,,,,,,,,,False,,,,,,,,,,True,3.62,5/6,5/6,0.83,48.5,True,"uptrend: new high +3.6 ATR above prior 2.5y high, 5/6 HH and 5/6 HL, 30w EMA +48% in 26w",10,hammer,2026-10-02,hammer,2026-10-06,False,True,False,no TV drawing read (f_rr False),https://www.tradingview.com/chart/?symbol=NYSE:WTTR,https://finviz.com/quote.ashx?t=WTTR,"$vol(30d) $31.7M < $50M | FAIL: dollar_vol, short_float, rr (no TV drawing read)"
WWW,FAIL,"dollar_vol,short_float,rr",False,False,True,True,False,False,True,True,True,,False,18.850000381469727,12549909.898974037,665777.7,7.35,102.9,2026-11-11,35,264,18.348322862272337,18.55705342513436,18.452688143703348,16.841259610421748,21.200000762939453,1.7048926232188089,1.0000000000000009,1.6114285332815987,0.24655901863501864,,,,,,,,,,,False,,,,,,,,,,False,-6.6,2/5,2/4,0.45,2.8,True,"no new high: recent high 21.47 is -6.60 ATR vs prior 2.5y high 32.11 (needs >= +1); choppy swings: 2/5 higher highs, 2/4 higher lows",20,hammer,2026-09-04,strong_close,2026-10-06,True,True,False,no TV drawing read (f_rr False),https://www.tradingview.com/chart/?symbol=NYSE:WWW,https://finviz.com/quote.ashx?t=WWW,"$vol(30d) $12.5M < $50M | FAIL: dollar_vol, short_float, rr (no TV drawing read)"
XHR,FAIL,"dollar_vol,rr",False,True,True,True,False,True,False,True,True,,False,17.875,13961559.516666668,781066.2666666667,3.54,97.32,2026-11-03,27,264,15.916731810340291,16.21185013042073,16.06429097038051,15.069912744236538,21.489999771118164,5.45638335402577,1.0000000000000009,0.9943782261439732,1.820945976101171,,,,,,,,,,,False,,,,,,,,,,True,5.88,4/4,1/2,0.75,26.0,True,"uptrend: new high +5.9 ATR above prior 2.5y high, 4/4 HH and 1/2 HL, 30w EMA +26% in 26w",4,strong_close,2026-09-25,hammer,2026-10-05,False,True,False,no TV drawing read (f_rr False),https://www.tradingview.com/chart/?symbol=NYSE:XHR,https://finviz.com/quote.ashx?t=XHR,"$vol(30d) $14.0M < $50M | FAIL: dollar_vol, rr (no TV drawing read)"
XNCR,FAIL,"dollar_vol,short_float,rr",False,False,True,True,False,True,False,True,True,,False,24.260000228881836,35344429.106124945,1456901.4333333333,22.51,109.46,2026-11-09,33,262,13.109999656677246,13.399999618530273,13.25499963760376,10.609999885559082,27.799999237060547,5.499055184490279,0.8497405952522522,3.1127143587384904,3.5354996710132256,,,,,,,,,,,False,,,,,,,,,,False,1.08,3/7,3/6,0.46,52.3,True,"choppy swings: 3/7 higher highs, 3/6 higher lows",1,hammer,2026-09-18,hammer,2026-10-07,False,True,False,no TV drawing read (f_rr False),https://www.tradingview.com/chart/?symbol=NASDAQ:XNCR,https://finviz.com/quote.ashx?t=XNCR,"$vol(30d) $35.3M < $50M | FAIL: dollar_vol, short_float, rr (no TV drawing read)"
ZD,FAIL,"dollar_vol,short_float,rr",False,False,True,True,False,False,True,True,True,,False,54.900001525878906,35310795.2614207,643183.8666666667,16.78,121.54,2026-11-05,29,262,56.209999084472656,56.3224190826416,56.26620908355713,53.190000762939455,58.040000915527344,0.5766162909324859,0.9007931120654543,3.4149998256138394,-0.4000607986656778,,,,,,,,,,,False,,,,,,,,,,False,-0.04,7/10,5/7,0.71,34.6,True,no new high: recent high 60.48 is -0.04 ATR vs prior 2.5y high 60.62 (needs >= +1),29,rejection,2026-10-02,strong_close,2026-10-07,False,True,False,no TV drawing read (f_rr False),https://www.tradingview.com/chart/?symbol=NASDAQ:ZD,https://finviz.com/quote.ashx?t=ZD,"$vol(30d) $35.3M < $50M | FAIL: dollar_vol, short_float, rr (no TV drawing read)"
