ticker,status,failed_filters,f_dollar_vol,f_short_float,f_no_earnings_14d,f_history,f_rr,f_rr_computed,f_smooth_streak,f_weekly_reversal,f_daily_reversal,f_near_zone,needs_drawing,current_price,dollar_vol_30d,avg_vol_30d,short_float_pct,inst_own_pct,earnings_date,days_to_earnings,weekly_bars,zone_lo,zone_hi,entry,sl,tp,rr,sl_atr_mult,atr,atrs_from_entry,tv_found,tv_zone_top,tv_zone_bottom,tv_entry,tv_sl,tv_tp,tv_rr,tv_read_date,tv_screenshot,tv_price,tv_weekly_atr,tv_zone_dist,tv_zone_dist_atr,smooth_streak_weeks,weekly_reversal_kind,weekly_reversal_date,daily_reversal_kind,daily_reversal_date,smooth_pullback,earnings_known,earnings_blackout,filter_notes,tradingview_url,finviz_url,reason
SNEX,PASS,,True,True,True,True,True,True,True,True,True,True,False,65.4000015258789,54422977.50976867,832155.6,4.5,84.0,2026-11-30,60,263,57.253334045410156,58.22222137451172,57.73777770996094,54.10111068725586,70.37000274658203,3.4735720806313517,0.5138264123567258,7.077617917742048,1.0825992452503606,yes,58.87,56.98,57.67,51.65,93.27,5.91,2026-10-02,charts/latest/SNEX.webp,65.4,7.0776,6.53,0.9226,7,strong_close,2026-09-11,engulfing,2026-10-01,False,True,False,,https://www.tradingview.com/chart/?symbol=NASDAQ:SNEX,https://finviz.com/quote.ashx?t=SNEX,PASS (TV) entry=57.67 SL=51.65 TP=93.27 R:R=5.91 zone=[56.98-58.87]
WDC,PASS,,True,True,True,True,True,True,True,True,True,True,False,462.55999755859375,2898308463.53997,6265800.066666666,4.83,92.51,2026-10-22,21,263,285.21746826171875,309.5716191307068,297.39454369621274,241.10422989889253,772.5020143301236,8.440305952896095,0.6238251856230663,90.2341154134365,1.8304102955475607,yes,433.33,408.24,442.29,365.23,727.22,3.7,2026-10-02,charts/latest/WDC.webp,462.56,90.2341,29.23,0.3239,7,strong_close,2026-09-18,hammer,2026-10-01,False,True,False,,https://www.tradingview.com/chart/?symbol=NASDAQ:WDC,https://finviz.com/quote.ashx?t=WDC,PASS (TV) entry=442.29 SL=365.23 TP=727.22 R:R=3.7 zone=[408.24-433.33]
BPOP,PASS,,True,True,True,True,True,True,True,True,True,False,False,156.52000427246094,80407774.85219066,513722.0333333333,2.83,93.73,2026-10-28,27,263,145.18597412109375,145.50082762825642,145.34340087467507,139.46928459204034,177.02821362200743,5.393970977557955,0.8383105835917124,7.00708830069553,1.5950424653099444,yes,146.69,143.39,145.45,136.59,176.59,3.51,2026-10-02,charts/latest/BPOP.webp,156.52,7.0071,9.83,1.4029,14,rejection,2026-09-18,hammer,2026-10-01,False,True,False,,https://www.tradingview.com/chart/?symbol=NASDAQ:BPOP,https://finviz.com/quote.ashx?t=BPOP,PASS (TV) entry=145.45 SL=136.59 TP=176.59 R:R=3.51 zone=[143.39-146.69]
ROST,PASS,,True,True,True,True,True,True,True,True,True,False,False,234.10000610351562,546853416.0643698,2335982.066666667,3.03,96.36,2026-11-12,42,263,191.2069091796875,193.7515609738917,192.47923507678962,184.9943125962721,255.75570326720648,8.453857518914715,0.629372027684737,11.892683740731561,3.499695437471186,yes,212.6,205.24,210.04,197.13,253.89,3.4,2026-10-02,charts/latest/ROST.webp,234.1,11.8927,21.5,1.8078,13,strong_close,2026-09-25,hammer,2026-10-01,False,True,False,,https://www.tradingview.com/chart/?symbol=NASDAQ:ROST,https://finviz.com/quote.ashx?t=ROST,PASS (TV) entry=210.04 SL=197.13 TP=253.89 R:R=3.4 zone=[205.24-212.6]
MUSA,PASS,,True,True,True,True,True,True,True,True,True,True,False,511.3900146484375,131938402.1769572,257999.56666666668,4.99,83.87,2026-10-28,27,263,505.08624267578125,506.1238809865399,505.6050618311606,463.22810995850733,622.5089585338304,2.7586669530639463,0.9999999999999998,42.37695187265326,0.13651177259424524,yes,520.14,504.85,509.83,473.12,620.64,3.02,2026-10-02,charts/latest/MUSA.webp,511.39,42.377,0.0,0.0,7,hammer,2026-09-18,engulfing,2026-10-01,False,True,False,,https://www.tradingview.com/chart/?symbol=NYSE:MUSA,https://finviz.com/quote.ashx?t=MUSA,PASS (TV) entry=509.83 SL=473.12 TP=620.64 R:R=3.02 zone=[504.85-520.14]
WTS,PASS,,True,True,True,True,True,True,True,True,True,True,False,359.9200134277344,65635121.62468567,182360.3,2.75,82.48,2026-11-04,34,263,302.1103943028199,311.22603705146736,306.6682156771436,286.2376183498799,391.55438232421875,4.1548548624076815,1.0000000000000004,20.43059732726373,2.6064728748546466,yes,343.78,337.04,345.17,330.54,388.28,2.95,2026-10-02,charts/latest/WTS.webp,359.92,20.4306,16.14,0.79,21,strong_close,2026-09-25,engulfing,2026-10-01,False,True,False,,https://www.tradingview.com/chart/?symbol=NYSE:WTS,https://finviz.com/quote.ashx?t=WTS,PASS (TV) entry=345.17 SL=330.54 TP=388.28 R:R=2.95 zone=[337.04-343.78]
MOG-A,PASS,,True,True,True,True,True,True,True,True,True,False,False,390.19500732421875,96468861.13528442,247232.43333333332,2.57,90.19,2026-10-30,29,263,344.507080078125,345.34571230956607,344.92639619384556,317.66173064387937,443.3500061035156,3.6099327801874352,0.8496823589787045,32.08806827852422,1.4107614935695707,yes,353.61,344.29,349.88,316.8,439.61,2.71,2026-10-02,charts/latest/MOG-A.webp,390.195,32.0881,36.585,1.1401,8,strong_close,2026-09-25,engulfing,2026-10-01,False,True,False,,https://www.tradingview.com/chart/?symbol=NYSE:MOG.A,https://finviz.com/quote.ashx?t=MOG-A,PASS (TV) entry=349.88 SL=316.8 TP=439.61 R:R=2.71 zone=[344.29-353.61]
WELL,PASS,,True,True,True,True,True,True,True,False,True,True,False,227.13999938964844,532683971.77128303,2345179.066666667,2.44,101.69,2026-10-26,25,263,215.35902404785156,218.01985897525765,216.6894415115546,205.61293058464673,239.85000610351562,2.0909621039327178,0.9999999999999992,11.076510926907881,0.9434882470712472,yes,220.4,214.72,218.23,206.34,249.6,2.64,2026-10-02,charts/latest/WELL.webp,227.14,11.0765,6.74,0.6085,8,,,hammer,2026-09-29,True,True,False,,https://www.tradingview.com/chart/?symbol=NYSE:WELL,https://finviz.com/quote.ashx?t=WELL,PASS (TV) entry=218.23 SL=206.34 TP=249.6 R:R=2.64 zone=[214.72-220.4]
ATI,PASS,,True,True,True,True,True,True,True,True,True,True,False,190.94000244140625,342295838.36734617,1792687.9333333333,3.22,94.56,2026-11-03,33,263,202.80999755859375,202.85000610351562,202.8300018310547,192.6823240007673,231.25999450683594,2.8016254705019623,0.5000000000000002,20.295355660574778,-0.5858482890617993,yes,184.47,174.75,186.1,169.21,229.84,2.59,2026-10-02,charts/latest/ATI.webp,190.94,20.2954,6.47,0.3188,13,hammer,2026-09-18,strong_close,2026-10-01,False,True,False,,https://www.tradingview.com/chart/?symbol=NYSE:ATI,https://finviz.com/quote.ashx?t=ATI,PASS (TV) entry=186.1 SL=169.21 TP=229.84 R:R=2.59 zone=[174.75-184.47]
ST,PASS,,True,True,True,True,True,True,True,True,True,True,False,42.334999084472656,53251702.33405711,1257864.7333333334,4.59,107.23,2026-10-27,26,263,38.1473274230957,38.18711694284953,38.167222182972615,35.39191506721856,46.8081828406849,3.113515116457491,0.8892612610926907,3.1209130962748346,1.3354351027828226,yes,41.96,41.31,42.11,38.46,51.55,2.59,2026-10-02,charts/latest/ST.webp,42.335,3.1209,0.375,0.1202,13,hammer,2026-09-25,engulfing,2026-10-01,True,True,False,,https://www.tradingview.com/chart/?symbol=NYSE:ST,https://finviz.com/quote.ashx?t=ST,PASS (TV) entry=42.11 SL=38.46 TP=51.55 R:R=2.59 zone=[41.31-41.96]
ASB,PASS,,True,True,True,True,True,True,True,True,True,True,False,28.719999313354492,53708907.88657958,1870087.3666666667,4.55,80.97,2026-10-22,21,263,28.170221585616805,28.278417871726944,28.224319728671873,26.92796469370121,32.076515197753906,2.971558998240949,1.0000000000000009,1.2963550349706618,0.38236406795291034,yes,28.78,28.63,28.73,27.42,32.11,2.58,2026-10-02,charts/latest/ASB.webp,28.72,1.2964,0.0,0.0,14,hammer,2026-09-25,hammer,2026-10-01,False,True,False,,https://www.tradingview.com/chart/?symbol=NYSE:ASB,https://finviz.com/quote.ashx?t=ASB,PASS (TV) entry=28.73 SL=27.42 TP=32.11 R:R=2.58 zone=[28.63-28.78]
UNP,PASS,,True,True,True,True,True,True,True,True,True,True,False,272.3949890136719,623558718.4752492,2289171.033333333,4.63,92.23,2026-10-22,21,263,262.3927820459206,265.5219318602399,263.95735695308025,250.3733346153699,307.0749771113229,3.174142318549098,1.0000000000000007,13.584022337710328,0.6211438593683762,yes,276.76,270.96,273.57,261.4,304.91,2.58,2026-10-02,charts/latest/UNP.webp,272.395,13.584,0.0,0.0,8,hammer,2026-09-25,hammer,2026-10-01,False,True,False,,https://www.tradingview.com/chart/?symbol=NYSE:UNP,https://finviz.com/quote.ashx?t=UNP,PASS (TV) entry=273.57 SL=261.4 TP=304.91 R:R=2.58 zone=[270.96-276.76]
WSM,PASS,,True,True,True,True,True,True,True,True,True,True,False,233.3000030517578,269086248.24653834,1153391.5333333334,4.97,97.86,2026-11-12,42,263,198.02880859375,204.18823569962044,201.10852214668523,185.21077475755658,251.77999877929688,3.1873368844231535,0.9999999999999993,15.897747389128664,2.024908316701902,yes,220.43,219.03,222.37,211.66,249.85,2.57,2026-10-02,charts/latest/WSM.webp,233.3,15.8977,12.87,0.8095,26,strong_close,2026-09-25,hammer,2026-10-01,False,True,False,,https://www.tradingview.com/chart/?symbol=NYSE:WSM,https://finviz.com/quote.ashx?t=WSM,PASS (TV) entry=222.37 SL=211.66 TP=249.85 R:R=2.57 zone=[219.03-220.43]
CPAY,PASS,,True,True,True,True,True,True,True,True,True,False,False,390.0769958496094,171679738.22597352,440117.56666666665,4.94,100.48,2026-11-11,41,263,361.79998779296875,364.239990234375,363.0199890136719,341.68380301339283,417.6000061035156,2.5580962356219588,1.000000000000001,21.336186000279017,1.2681276229773994,yes,365.92,353.48,357.63,334.81,414.88,2.51,2026-10-02,charts/latest/CPAY.webp,390.077,21.3362,24.157,1.1322,13,hammer,2026-09-25,hammer,2026-09-29,False,True,False,,https://www.tradingview.com/chart/?symbol=NYSE:CPAY,https://finviz.com/quote.ashx?t=CPAY,PASS (TV) entry=357.63 SL=334.81 TP=414.88 R:R=2.51 zone=[353.48-365.92]
URI,PASS,,True,True,True,True,True,True,True,True,True,True,False,1033.760009765625,456337505.32421875,441434.6666666667,2.5,95.87,2026-10-28,27,263,970.7264404296875,997.3354913096188,984.0309658696531,902.259784652247,1160.8367919921875,2.162202177958744,0.9999999999999998,81.77118121740604,0.6081487775473943,yes,994.68,970.68,982.49,906.26,1165.22,2.3971,2026-10-02,charts/latest/URI.webp,1033.76,81.7712,39.08,0.4779,28,strong_close,2026-09-25,strong_close,2026-10-01,True,True,False,,https://www.tradingview.com/chart/?symbol=NYSE:URI,https://finviz.com/quote.ashx?t=URI,PASS (TV) entry=982.49 SL=906.26 TP=1165.22 R:R=2.3971 zone=[970.68-994.68]
EBAY,PASS,,True,True,True,True,True,True,True,True,True,True,False,105.88999938964844,502012454.47272587,4740886.366666666,4.54,96.1,2026-11-04,34,262,92.17344665527344,93.40223569089885,92.78784117308615,85.49858896485749,117.42298312858473,3.3796528439074405,1.0000000000000002,7.289252208228659,1.7974625986698034,yes,101.66,99.2,100.49,93.4,116.76,2.2948,2026-10-02,charts/latest/EBAY.webp,105.89,7.2893,4.23,0.5803,22,strong_close,2026-09-18,rejection,2026-10-01,False,True,False,,https://www.tradingview.com/chart/?symbol=NASDAQ:EBAY,https://finviz.com/quote.ashx?t=EBAY,PASS (TV) entry=100.49 SL=93.4 TP=116.76 R:R=2.2948 zone=[99.2-101.66]
IESC,PASS,,True,True,True,True,True,True,True,True,True,True,False,330.1600036621094,82543533.62756653,250010.7,3.06,97.45,2026-12-09,69,263,259.8349914550781,265.0,262.41749572753906,238.73267418997628,384.4750061035156,5.153406378105922,0.5000000000000001,47.36964307512556,1.4300827183167615,yes,312.68,293.46,304.53,269.85,380.82,2.1998,2026-10-02,charts/latest/IESC.webp,330.16,47.3696,17.48,0.369,11,hammer,2026-09-25,strong_close,2026-10-01,False,True,False,,https://www.tradingview.com/chart/?symbol=NASDAQ:IESC,https://finviz.com/quote.ashx?t=IESC,PASS (TV) entry=304.53 SL=269.85 TP=380.82 R:R=2.1998 zone=[293.46-312.68]
GL,PASS,,True,True,True,True,True,True,True,True,True,True,False,165.8000030517578,66091672.509833775,398622.86666666664,2.71,88.06,2026-10-28,27,263,145.89846801757812,152.0726073494638,148.98553768352096,140.35396345246275,186.61000061035156,4.358934062276834,0.9999999999999996,8.631574231058213,1.9480183936476942,yes,173.75,167.97,170.86,163.72,186.21,2.1499,2026-10-02,charts/latest/GL.webp,165.8,8.6316,2.17,0.2514,9,hammer,2026-09-11,hammer,2026-10-01,False,True,False,,https://www.tradingview.com/chart/?symbol=NYSE:GL,https://finviz.com/quote.ashx?t=GL,PASS (TV) entry=170.86 SL=163.72 TP=186.21 R:R=2.1499 zone=[167.97-173.75]
SWK,PASS,,True,True,True,True,True,True,True,True,True,True,False,89.58000183105469,139095968.93118286,1552756.9333333333,4.75,100.14,2026-11-04,34,263,79.62845014666357,79.90309745824958,79.76577380245658,73.7622890005825,102.99365997314453,3.869067206339393,0.999999999999999,6.0034848018740865,1.6347552050992844,yes,90.29,89,89.86,83.76,102.48,2.0689,2026-10-02,charts/latest/SWK.webp,89.58,6.0035,0.0,0.0,19,hammer,2026-09-25,hammer,2026-10-01,False,True,False,,https://www.tradingview.com/chart/?symbol=NYSE:SWK,https://finviz.com/quote.ashx?t=SWK,PASS (TV) entry=89.86 SL=83.76 TP=102.48 R:R=2.0689 zone=[89-90.29]
UNH,FAIL,no_earnings_14d,True,True,False,True,True,True,True,True,True,True,False,365.1600036621094,1618758812.046176,4433012.366666666,1.48,90.17,2026-10-13,12,263,349.3529357910156,350.9317071763275,350.1423214836716,329.43166820604324,424.6352826432401,3.5968426568193186,0.9999999999999998,20.710653277628357,0.7251187095416193,yes,354.18,346.7,351.27,330.5,423.15,3.46,2026-09-29,,365.16,20.7107,10.98,0.5302,27,hammer,2026-09-25,hammer,2026-09-29,True,True,True,,https://www.tradingview.com/chart/?symbol=NYSE:UNH,https://finviz.com/quote.ashx?t=UNH,FAIL: no_earnings_14d
THC,FAIL,rr,True,True,True,True,False,True,True,True,True,True,False,254.2050018310547,191719632.94596863,754193.0,2.53,100.38,2026-11-03,33,262,196.88999938964844,199.0800018310547,197.98500061035156,177.10249873570032,280.7699890136719,3.9643232836871425,1.0000000000000004,20.88250187465123,2.692206209685404,yes,245.93,238.6,239.65,218.71,278.39,1.85,2026-10-02,charts/latest/THC.webp,254.205,20.8825,8.275,0.3963,14,hammer,2026-09-25,hammer,2026-09-29,False,True,False,TV R:R 1.85 < 2 (f_rr False),https://www.tradingview.com/chart/?symbol=NYSE:THC,https://finviz.com/quote.ashx?t=THC,FAIL: rr (TV R:R 1.85 < 2)
IVZ,FAIL,rr,True,True,True,True,False,True,True,True,True,True,False,30.424999237060547,116140028.1284977,3817256.566666667,2.98,98.29,2026-10-27,26,263,28.785341262817383,28.853784369721446,28.819562816269414,26.756822792980625,33.06999969482422,2.060578080885829,0.9999999999999996,2.0627400232887902,0.7783028412041271,yes,29.59,29.39,29.52,27.56,33.03,1.7908,2026-10-02,charts/latest/IVZ.webp,30.425,2.0627,0.835,0.4048,13,hammer,2026-09-25,hammer,2026-10-01,True,True,False,TV R:R 1.7908 < 2 (f_rr False),https://www.tradingview.com/chart/?symbol=NYSE:IVZ,https://finviz.com/quote.ashx?t=IVZ,FAIL: rr (TV R:R 1.7908 < 2)
SJM,FAIL,rr,True,True,True,True,False,True,True,True,True,True,False,115.87000274658203,155974306.2615476,1346114.6333333333,4.53,89.86,2026-12-01,61,263,115.40843200683594,116.64682622654612,116.02762911669103,108.75059484852744,132.33999633789062,2.2416229771742073,0.9999999999999999,7.2770342681635904,-0.021660798108180137,yes,117.04,113.27,115.15,106,131.43,1.7792,2026-10-02,charts/latest/SJM.webp,115.87,7.277,0.0,0.0,27,hammer,2026-09-18,strong_close,2026-09-29,True,True,False,TV R:R 1.7792 < 2 (f_rr False),https://www.tradingview.com/chart/?symbol=NYSE:SJM,https://finviz.com/quote.ashx?t=SJM,FAIL: rr (TV R:R 1.7792 < 2)
WAB,FAIL,rr,True,True,True,True,False,True,True,True,True,True,False,287.79998779296875,213547917.1157023,742001.1333333333,2.17,96.01,2026-10-28,27,263,266.67999267578125,275.2208124024074,270.9504025390943,255.57230663414364,302.4877564025922,2.050797059559575,0.9999999999999992,15.378095904950653,1.0956873567455185,yes,278.51,273.48,276.42,259.64,301.16,1.4744,2026-10-02,charts/latest/WAB.webp,287.8,15.3781,9.29,0.6041,8,hammer,2026-09-18,hammer,2026-10-01,False,True,False,TV R:R 1.4744 < 2 (f_rr False),https://www.tradingview.com/chart/?symbol=NYSE:WAB,https://finviz.com/quote.ashx?t=WAB,FAIL: rr (TV R:R 1.4744 < 2)
CLH,FAIL,rr,True,True,True,True,False,False,True,True,True,True,False,312.54998779296875,111990421.64440714,358312.0333333333,2.25,95.23,2026-11-04,34,263,311.42999267578125,314.07000732421875,312.75,299.1500036621094,324.6300048828125,0.8735300060128627,0.9704381574909378,14.014284406389509,-0.0142720242597659,yes,313.83,310.97,312.61,298.94,324.23,0.85,2026-10-02,charts/latest/CLH.webp,312.55,14.0143,0.0,0.0,5,strong_close,2026-09-11,engulfing,2026-10-01,False,True,False,TV R:R 0.85 < 2 (f_rr False),https://www.tradingview.com/chart/?symbol=NYSE:CLH,https://finviz.com/quote.ashx?t=CLH,FAIL: rr (TV R:R 0.85 < 2)
ACHC,FAIL,"dollar_vol,short_float,rr",False,False,True,True,False,True,True,True,True,,False,26.93000030517578,37942207.95096817,1408919.7,24.71,138.54,2026-11-04,34,263,25.6200008392334,25.75,25.6850004196167,22.13571466718401,34.720001220703125,2.5455828105397873,1.0000000000000002,3.549285752432687,0.35077476777003846,,,,,,,,,,,,,,8,hammer,2026-09-18,hammer,2026-09-29,True,True,False,no TV drawing read (f_rr False),https://www.tradingview.com/chart/?symbol=NASDAQ:ACHC,https://finviz.com/quote.ashx?t=ACHC,"$vol(30d) $37.9M < $50M | FAIL: dollar_vol, short_float, rr (no TV drawing read)"
ACIW,FAIL,"dollar_vol,short_float,rr",False,False,True,True,False,True,False,True,True,,False,49.689998626708984,35869522.2050012,721866.0333333333,6.49,103.98,2026-10-29,28,263,45.5099983215332,48.540000915527344,47.02499961853027,43.17107118879046,58.38999938964844,2.948938979618111,1.0000000000000002,3.853928429739816,0.6915019458102984,,,,,,,,,,,,,,1,hammer,2026-09-11,engulfing,2026-09-30,False,True,False,no TV drawing read (f_rr False),https://www.tradingview.com/chart/?symbol=NASDAQ:ACIW,https://finviz.com/quote.ashx?t=ACIW,"$vol(30d) $35.9M < $50M | FAIL: dollar_vol, short_float, rr (no TV drawing read)"
ADEA,FAIL,"dollar_vol,short_float,rr",False,False,True,True,False,True,True,True,True,,False,25.34000015258789,23961835.253622435,945613.0666666667,6.97,104.27,2026-11-09,39,263,19.299510955810547,19.448620075125,19.374065515467773,17.65334971259636,29.77318000793457,6.043481715640351,0.5000000000000003,3.441431605742826,1.7335618779012123,,,,,,,,,,,,,,12,hammer,2026-09-25,hammer,2026-10-01,False,True,False,no TV drawing read (f_rr False),https://www.tradingview.com/chart/?symbol=NASDAQ:ADEA,https://finviz.com/quote.ashx?t=ADEA,"$vol(30d) $24.0M < $50M | FAIL: dollar_vol, short_float, rr (no TV drawing read)"
ADM,PASS,,True,True,True,True,True,True,False,True,True,True,False,79.5199966430664,277979897.12908936,3495723.2,3.05,89.61,2026-10-27,26,263,72.88384246826172,73.14049830009272,73.01217038417721,67.85454556180656,85.37811279296875,2.397604097753597,0.9999999999999988,5.157624822370656,1.2617874473269524,yes,75.83,74.83,75.4,70.38,86.58,2.2271,2026-10-02,charts/latest/ADM.webp,79.52,5.1576,3.69,0.7154,1,hammer,2026-09-04,hammer,2026-10-01,False,True,False,,https://www.tradingview.com/chart/?symbol=NYSE:ADM,https://finviz.com/quote.ashx?t=ADM,PASS (TV) entry=75.4 SL=70.38 TP=86.58 R:R=2.2271 zone=[74.83-75.83]
ADP,FAIL,rr,True,True,True,True,False,True,False,True,True,True,False,263.9599914550781,557401964.7117646,2111691.1,2.66,92.0,2026-10-28,27,263,228.73956298828125,233.82815399089716,231.2838584895892,216.91790090105155,285.6518859863281,3.7845042463523826,0.9999999999999999,14.365957588537642,2.2745530720180236,yes,262.33,260.49,262.02,246.47,284.1,1.4199,2026-10-02,charts/latest/ADP.webp,263.96,14.366,1.63,0.1135,1,hammer,2026-09-11,strong_close,2026-09-29,False,True,False,TV R:R 1.4199 < 2 (f_rr False),https://www.tradingview.com/chart/?symbol=NASDAQ:ADP,https://finviz.com/quote.ashx?t=ADP,FAIL: rr (TV R:R 1.4199 < 2)
ADUS,FAIL,"dollar_vol,rr",False,True,True,True,False,True,True,True,True,,False,111.69999694824219,23200942.00945994,207707.63333333333,4.85,105.02,2026-11-02,32,263,99.79000091552734,103.5,101.64500045776367,94.48892865862165,121.01000213623047,2.7060938210246235,1.0000000000000009,7.15607179914202,1.4051000007691459,,,,,,,,,,,,,,19,strong_close,2026-09-04,strong_close,2026-10-01,True,True,False,no TV drawing read (f_rr False),https://www.tradingview.com/chart/?symbol=NASDAQ:ADUS,https://finviz.com/quote.ashx?t=ADUS,"$vol(30d) $23.2M < $50M | FAIL: dollar_vol, rr (no TV drawing read)"
AGIO,FAIL,"dollar_vol,short_float,rr",False,False,True,True,False,True,False,False,True,,False,32.47999954223633,28131758.00885251,866125.5666666667,12.97,113.55,2026-10-29,28,263,30.229999542236328,31.020000457763672,30.625,26.926784787859237,41.22999954223633,2.8675993510116675,0.9999999999999997,3.6982152121407643,0.5015931836921236,,,,,,,,,,,,,,1,,,hammer,2026-09-29,False,True,False,no TV drawing read (f_rr False),https://www.tradingview.com/chart/?symbol=NASDAQ:AGIO,https://finviz.com/quote.ashx?t=AGIO,"$vol(30d) $28.1M < $50M | FAIL: dollar_vol, short_float, rr (no TV drawing read)"
AGYS,FAIL,"dollar_vol,short_float,rr",False,False,True,True,False,False,True,True,True,,False,100.30999755859375,22261593.79451701,221927.96666666667,6.38,105.91,2026-11-02,32,263,110.80999755859375,112.12000274658203,111.46500015258789,101.43589346749442,117.87999725341797,0.6396379360850615,0.9999999999999997,10.02910668509347,-1.1122628310030962,,,,,,,,,,,,,,16,hammer,2026-09-25,hammer,2026-10-01,False,True,False,no TV drawing read (f_rr False),https://www.tradingview.com/chart/?symbol=NASDAQ:AGYS,https://finviz.com/quote.ashx?t=AGYS,"$vol(30d) $22.3M < $50M | FAIL: dollar_vol, short_float, rr (no TV drawing read)"
AIZ,PASS,,True,True,True,True,True,True,False,True,True,False,False,266.281005859375,92920505.57323405,348956.56666666665,2.7,101.34,2026-11-03,33,263,240.75289916992188,243.72137027574166,242.23713472283177,230.4128298297048,288.6579895019531,3.9258844556777373,1.0,11.824304893126964,2.0334278719858663,yes,244.73,239.39,242.36,231.66,286.63,4.1374,2026-10-02,charts/latest/AIZ.webp,266.281,11.8243,21.551,1.8226,0,hammer,2026-09-11,engulfing,2026-10-01,False,True,False,,https://www.tradingview.com/chart/?symbol=NYSE:AIZ,https://finviz.com/quote.ashx?t=AIZ,PASS (TV) entry=242.36 SL=231.66 TP=286.63 R:R=4.1374 zone=[239.39-244.73]
ALRM,FAIL,"dollar_vol,short_float,rr",False,False,True,True,False,True,False,True,True,,False,54.86000061035156,21793947.17047119,397264.8,6.39,99.87,2026-11-05,35,263,47.599998474121094,48.619998931884766,48.10999870300293,44.9067132132394,57.529998779296875,2.9407307298698933,0.9999999999999993,3.2032854897635326,2.1072120886255816,,,,,,,,,,,,,,1,hammer,2026-09-25,hammer,2026-10-01,False,True,False,no TV drawing read (f_rr False),https://www.tradingview.com/chart/?symbol=NASDAQ:ALRM,https://finviz.com/quote.ashx?t=ALRM,"$vol(30d) $21.8M < $50M | FAIL: dollar_vol, short_float, rr (no TV drawing read)"
AMBA,FAIL,"short_float,rr",True,False,True,True,False,False,False,True,True,,False,70.30000305175781,117437251.77800904,1670515.6,13.55,82.07,2026-12-01,61,263,68.01000213623047,68.56999969482422,68.29000091552734,58.14000152587891,86.77999877929688,1.8216747759242937,0.7566156776317798,13.415000098092216,0.14983243544786232,,,,,,,,,,,,,,3,strong_close,2026-09-25,hammer,2026-10-01,False,True,False,no TV drawing read (f_rr False),https://www.tradingview.com/chart/?symbol=NASDAQ:AMBA,https://finviz.com/quote.ashx?t=AMBA,"short float 13.55% >= 5% | FAIL: short_float, rr (no TV drawing read)"
AMCX,FAIL,"dollar_vol,short_float,rr",False,False,True,True,False,True,False,True,True,,False,11.220000267028809,6803400.875916576,606363.7,22.95,82.3,2026-10-30,29,262,8.350000381469727,8.890000343322754,8.62000036239624,7.426428999219622,12.65999984741211,3.3847992752303093,0.9999999999999998,1.1935713631766183,2.1783363650019427,,,,,,,,,,,,,,1,strong_close,2026-09-25,hammer,2026-10-01,False,True,False,no TV drawing read (f_rr False),https://www.tradingview.com/chart/?symbol=NASDAQ:AMCX,https://finviz.com/quote.ashx?t=AMCX,"$vol(30d) $6.8M < $50M | FAIL: dollar_vol, short_float, rr (no TV drawing read)"
AMGN,PASS,,True,True,True,True,True,True,False,True,True,True,False,407.2699890136719,1178208592.313853,2892942.3333333335,2.61,85.54,2026-11-03,33,263,350.58819580078125,351.9597768434924,351.2739863221368,338.6511851412674,440.30999755859375,7.053585805613104,0.5000000000000006,25.245602361738833,2.218049777112874,yes,386.1,382.85,384.48,360.4,440.31,2.3185,2026-10-02,charts/latest/AMGN.webp,407.27,25.2456,21.17,0.8386,2,strong_close,2026-09-25,strong_close,2026-09-29,False,True,False,,https://www.tradingview.com/chart/?symbol=NASDAQ:AMGN,https://finviz.com/quote.ashx?t=AMGN,PASS (TV) entry=384.48 SL=360.4 TP=440.31 R:R=2.3185 zone=[382.85-386.1]
AMLX,FAIL,"short_float,rr",True,False,True,True,False,True,False,False,True,,False,28.079999923706055,56705513.749929935,2019427.1333333333,12.72,85.62,2026-11-05,35,248,18.360000610351562,18.604999542236328,18.482500076293945,15.599999656677246,38.65999984741211,6.999998901579092,0.6985823117631176,4.126214436122349,2.325981840253425,,,,,,,,,,,,,,3,,,strong_close,2026-09-28,False,True,False,no TV drawing read (f_rr False),https://www.tradingview.com/chart/?symbol=NASDAQ:AMLX,https://finviz.com/quote.ashx?t=AMLX,"short float 12.72% >= 5% | FAIL: short_float, rr (no TV drawing read)"
AMP,FAIL,rr,True,True,True,True,False,True,False,True,True,,True,494.75,280467607.1166667,566887.5333333333,3.1,91.67,2026-10-29,28,263,468.9648602543218,476.2919751042868,472.62841767930433,443.92822683628555,569.5399780273438,3.3766869662336334,0.9999999999999993,28.700190843018806,0.7707817150657255,no,,,,,,,2026-10-02,charts/latest/AMP.webp,,,,,0,rejection,2026-09-18,strong_close,2026-10-01,False,True,False,TV drawing not found (f_rr False),https://www.tradingview.com/chart/?symbol=NYSE:AMP,https://finviz.com/quote.ashx?t=AMP,FAIL: rr (TV drawing not found)
ANGO,FAIL,"dollar_vol,no_earnings_14d,rr",False,True,False,True,False,True,True,True,True,,False,15.119999885559082,6505740.310759068,430273.8333333333,3.67,92.64,2026-10-08,7,261,11.4399995803833,11.640000343322754,11.539999961853027,10.467857156481061,15.850000381469727,4.019987261045324,1.0000000000000002,1.0721428053719657,3.33910735190171,,,,,,,,,,,,,,24,hammer,2026-09-25,hammer,2026-09-29,False,True,True,no TV drawing read (f_rr False),https://www.tradingview.com/chart/?symbol=NASDAQ:ANGO,https://finviz.com/quote.ashx?t=ANGO,"$vol(30d) $6.5M < $50M | FAIL: dollar_vol, no_earnings_14d, rr (no TV drawing read)"
ARCB,FAIL,"dollar_vol,short_float,rr",False,False,True,True,False,True,False,True,True,,False,129.61000061035156,30656666.405366518,236530.1,6.16,103.74,2026-11-03,33,263,125.5844955444336,134.8471256863653,130.21581061539945,118.55281010756995,159.66820345796373,2.5252843659564777,0.9999999999999999,11.663000507829496,-0.051942894509967565,,,,,,,,,,,,,,1,hammer,2026-09-04,strong_close,2026-10-01,False,True,False,no TV drawing read (f_rr False),https://www.tradingview.com/chart/?symbol=NASDAQ:ARCB,https://finviz.com/quote.ashx?t=ARCB,"$vol(30d) $30.7M < $50M | FAIL: dollar_vol, short_float, rr (no TV drawing read)"
ARMK,PASS,,True,True,True,True,True,True,False,True,True,True,False,54.59000015258789,116766505.46204795,2138972.433333333,3.16,100.0,2026-11-17,47,263,41.66974639892578,41.918669624243776,41.79420801158478,38.87399328941851,62.26625061035156,7.010457978781858,0.9999999999999999,2.9202147221662718,4.381798380740628,yes,55.8,55.21,55.47,52.77,61.88,2.37,2026-10-02,charts/latest/ARMK.webp,54.59,2.9202,0.62,0.2123,1,strong_close,2026-09-11,strong_close,2026-10-01,False,True,False,,https://www.tradingview.com/chart/?symbol=NYSE:ARMK,https://finviz.com/quote.ashx?t=ARMK,PASS (TV) entry=55.47 SL=52.77 TP=61.88 R:R=2.37 zone=[55.21-55.8]
ARQT,FAIL,"short_float,rr",True,False,True,True,False,False,False,True,True,,False,25.290000915527344,74254114.155085,2936105.6333333333,16.86,96.06,2026-10-29,28,263,24.530000686645508,25.469999313354492,25.0,22.407499858311244,28.540000915527344,1.365477616993064,1.0000000000000002,2.5925001416887556,0.11186148492876727,,,,,,,,,,,,,,2,engulfing,2026-09-18,strong_close,2026-09-28,False,True,False,no TV drawing read (f_rr False),https://www.tradingview.com/chart/?symbol=NASDAQ:ARQT,https://finviz.com/quote.ashx?t=ARQT,"short float 16.86% >= 5% | FAIL: short_float, rr (no TV drawing read)"
ASH,FAIL,"dollar_vol,short_float,rr",False,False,True,True,False,True,True,True,True,,False,68.58999633789062,40443668.368993126,589643.8333333334,9.74,117.47,2026-11-10,40,263,67.5309829711914,67.58069962796111,67.55584129957626,63.87200439401436,76.01213073730469,2.2955113525685764,0.8170574611344459,4.508663197869906,0.22937065665116615,,,,,,,,,,,,,,13,hammer,2026-09-11,strong_close,2026-10-01,False,True,False,no TV drawing read (f_rr False),https://www.tradingview.com/chart/?symbol=NYSE:ASH,https://finviz.com/quote.ashx?t=ASH,"$vol(30d) $40.4M < $50M | FAIL: dollar_vol, short_float, rr (no TV drawing read)"
ATEX,FAIL,"dollar_vol,short_float,rr",False,False,True,True,False,True,False,True,True,,False,82.4800033569336,24443262.418840025,296353.8,8.63,97.41,2026-11-18,48,263,39.599998474121094,40.334999084472656,39.967498779296875,29.289999237060545,107.12999725341797,6.290096123015554,0.8496266122627105,12.567284720284599,3.382791551544794,,,,,,,,,,,,,,1,hammer,2026-08-28,strong_close,2026-10-01,False,True,False,no TV drawing read (f_rr False),https://www.tradingview.com/chart/?symbol=NASDAQ:ATEX,https://finviz.com/quote.ashx?t=ATEX,"$vol(30d) $24.4M < $50M | FAIL: dollar_vol, short_float, rr (no TV drawing read)"
AVNT,FAIL,"dollar_vol,rr",False,True,True,True,False,True,False,True,True,,False,40.525001525878906,25878220.4293869,638574.2,4.54,105.9,2026-10-29,28,263,37.674944182521905,38.25668255857597,37.965813370548936,34.98281404335656,46.0345458984375,2.704905916114613,1.0000000000000002,2.982999327192373,0.8579244829192442,,,,,,,,,,,,,,1,hammer,2026-09-25,hammer,2026-10-01,False,True,False,no TV drawing read (f_rr False),https://www.tradingview.com/chart/?symbol=NYSE:AVNT,https://finviz.com/quote.ashx?t=AVNT,"$vol(30d) $25.9M < $50M | FAIL: dollar_vol, rr (no TV drawing read)"
AWR,FAIL,"dollar_vol,rr",False,True,True,True,False,True,True,True,True,,False,81.16000366210938,16315644.232196046,201030.6,2.64,84.51,2026-11-09,39,263,78.7132774468711,80.16452552542472,79.43890148614791,75.80898638532442,89.87999725341797,2.876402195991127,0.9999999999999993,3.629915100823498,0.47414392021758467,,,,,,,,,,,,,,8,rejection,2026-08-28,strong_close,2026-09-29,False,True,False,no TV drawing read (f_rr False),https://www.tradingview.com/chart/?symbol=NYSE:AWR,https://finviz.com/quote.ashx?t=AWR,"$vol(30d) $16.3M < $50M | FAIL: dollar_vol, rr (no TV drawing read)"
AXGN,FAIL,"dollar_vol,short_float,rr",False,False,True,True,False,False,False,True,True,,False,39.91999816894531,46747705.74110463,1171034.7666666666,7.09,90.43,2026-11-10,40,263,46.45000076293945,46.95000076293945,46.70000076293945,41.54285785130092,51.470001220703125,0.9249308269117066,0.9999999999999997,5.157142911638532,-1.3146819295414855,,,,,,,,,,,,,,2,strong_close,2026-09-18,hammer,2026-09-28,False,True,False,no TV drawing read (f_rr False),https://www.tradingview.com/chart/?symbol=NASDAQ:AXGN,https://finviz.com/quote.ashx?t=AXGN,"$vol(30d) $46.7M < $50M | FAIL: dollar_vol, short_float, rr (no TV drawing read)"
BANR,FAIL,"dollar_vol,rr",False,True,True,True,False,True,False,True,True,,False,67.30999755859375,18282932.248524982,271622.8333333333,3.82,86.63,2026-10-21,20,263,65.48006745871781,67.44938938233389,66.46472842052586,63.2598084029071,74.01000213623047,2.35427832027793,1.0000000000000009,3.204920017618758,0.2637411022493856,,,,,,,,,,,,,,1,hammer,2026-09-11,hammer,2026-10-01,False,True,False,no TV drawing read (f_rr False),https://www.tradingview.com/chart/?symbol=NASDAQ:BANR,https://finviz.com/quote.ashx?t=BANR,"$vol(30d) $18.3M < $50M | FAIL: dollar_vol, rr (no TV drawing read)"
BAX,PASS,,True,True,True,True,True,True,False,False,True,True,False,23.639999389648438,136735843.0936727,5784088.266666667,4.52,109.61,2026-10-29,28,263,18.69306755065918,19.17263462498108,18.93285108782013,16.931699111115925,27.53937530517578,4.30078490666669,1.0000000000000004,2.001151976704203,2.352219299995768,yes,22.36,21.76,21.99,19.87,27.15,2.43,2026-10-02,charts/latest/BAX.webp,23.64,2.0012,1.28,0.6396,1,,,strong_close,2026-09-30,False,True,False,,https://www.tradingview.com/chart/?symbol=NYSE:BAX,https://finviz.com/quote.ashx?t=BAX,PASS (TV) entry=21.99 SL=19.87 TP=27.15 R:R=2.43 zone=[21.76-22.36]
BDX,FAIL,rr,True,True,True,True,False,True,True,True,True,,True,178.08999633789062,309510339.6777944,1737943.4333333333,4.16,99.85,2026-11-05,35,262,148.73347521905285,149.31637529249466,149.02492525577375,141.28477528439376,190.87437438964844,5.4068008098831895,0.8124099614154429,9.527394220886348,3.0506842068526168,no,,,,,,,2026-10-02,charts/latest/BDX.webp,,,,,19,hammer,2026-09-25,hammer,2026-09-29,False,True,False,TV drawing not found (f_rr False),https://www.tradingview.com/chart/?symbol=NYSE:BDX,https://finviz.com/quote.ashx?t=BDX,FAIL: rr (TV drawing not found)
BELFB,FAIL,"dollar_vol,short_float,rr",False,False,True,True,False,True,True,True,True,,False,252.08999633789062,37210701.85144043,147608.8,5.95,88.52,2026-10-28,27,263,144.71952600407778,150.46159327142348,147.59055963775063,129.94000319497684,294.42999267578125,8.319252342786466,0.5821762736058662,30.318233914704724,3.4467521094444904,,,,,,,,,,,,,,12,strong_close,2026-09-25,strong_close,2026-10-01,False,True,False,no TV drawing read (f_rr False),https://www.tradingview.com/chart/?symbol=NASDAQ:BELFB,https://finviz.com/quote.ashx?t=BELFB,"$vol(30d) $37.2M < $50M | FAIL: dollar_vol, short_float, rr (no TV drawing read)"
BFH,FAIL,"dollar_vol,short_float,rr",False,False,True,True,False,True,True,True,True,,False,96.91999816894531,49740183.0336202,513208.6666666667,7.49,104.23,2026-10-22,21,263,90.1479721069336,90.86453921500193,90.50625566096775,82.2904521705246,113.15333557128906,2.7565264841917188,1.0000000000000007,8.215803490443145,0.7806591912085296,,,,,,,,,,,,,,11,hammer,2026-09-18,hammer,2026-10-01,False,True,False,no TV drawing read (f_rr False),https://www.tradingview.com/chart/?symbol=NYSE:BFH,https://finviz.com/quote.ashx?t=BFH,"$vol(30d) $49.7M < $50M | FAIL: dollar_vol, short_float, rr (no TV drawing read)"
BHVN,FAIL,"dollar_vol,short_float,rr",False,False,True,True,False,True,False,True,True,,False,13.149999618530273,44059475.235207364,3350530.533333333,15.91,90.8,2026-11-17,47,211,10.979999542236328,11.0600004196167,11.019999980926514,9.290000190734863,15.6899995803833,2.6994220611665174,0.7855983740455561,2.2021427835736955,0.9672395693376158,,,,,,,,,,,,,,2,strong_close,2026-09-18,strong_close,2026-09-29,False,True,False,no TV drawing read (f_rr False),https://www.tradingview.com/chart/?symbol=NYSE:BHVN,https://finviz.com/quote.ashx?t=BHVN,"$vol(30d) $44.1M < $50M | FAIL: dollar_vol, short_float, rr (no TV drawing read)"
BILL,FAIL,"short_float,rr",True,False,True,True,False,False,True,True,True,,False,43.77000045776367,83256368.11672744,1902133.1333333333,14.94,105.16,2026-10-29,28,263,41.83000183105469,43.29999923706055,42.56500053405762,38.298928669520784,50.310001373291016,1.8154876629285925,1.0000000000000007,4.266071864536831,0.2824612341210248,,,,,,,,,,,,,,5,rejection,2026-09-18,hammer,2026-10-01,False,True,False,no TV drawing read (f_rr False),https://www.tradingview.com/chart/?symbol=NYSE:BILL,https://finviz.com/quote.ashx?t=BILL,"short float 14.94% >= 5% | FAIL: short_float, rr (no TV drawing read)"
BJRI,FAIL,"dollar_vol,short_float,rr",False,False,True,True,False,True,False,False,True,,False,59.25,25185257.275000002,425067.63333333336,10.61,100.06,2026-10-15,14,263,44.400001525878906,44.540000915527344,44.470001220703125,40.010000457763674,69.55000305175781,5.623317834260911,0.8592267645074104,5.190714427403042,2.847392008558528,,,,,,,,,,,,,,1,,,hammer,2026-09-23,False,True,False,no TV drawing read (f_rr False),https://www.tradingview.com/chart/?symbol=NASDAQ:BJRI,https://finviz.com/quote.ashx?t=BJRI,"$vol(30d) $25.2M < $50M | FAIL: dollar_vol, short_float, rr (no TV drawing read)"
BMY,FAIL,rr,True,True,True,True,False,True,False,True,True,True,False,61.44499969482422,577717643.6073456,9402191.333333334,2.06,85.18,2026-10-29,28,263,58.954503866693024,59.112717751159956,59.03361080892649,55.77709682404553,67.41000366210938,2.572196186496364,1.000000000000001,3.2565139848809572,0.7404816614002283,yes,61.55,61,61.23,58.11,67.27,1.94,2026-10-02,charts/latest/BMY.webp,61.445,3.2565,0.0,0.0,1,hammer,2026-09-25,rejection,2026-09-29,False,True,False,TV R:R 1.94 < 2 (f_rr False),https://www.tradingview.com/chart/?symbol=NYSE:BMY,https://finviz.com/quote.ashx?t=BMY,FAIL: rr (TV R:R 1.94 < 2)
BNY,PASS,,True,True,True,True,True,True,False,True,True,True,False,143.91000366210938,482212397.84796447,3350791.3666666667,1.52,87.73,2026-10-15,14,263,134.03237915039062,136.45308434956033,135.24273174997546,127.8557739954515,164.83999633789062,4.006692006569151,0.9999999999999994,7.386957754523967,1.1733208988268342,yes,147.25,145,146.4,138.81,164.41,2.37,2026-10-02,charts/latest/BNY.webp,143.91,7.387,1.09,0.1476,0,hammer,2026-09-04,hammer,2026-10-01,False,True,False,,https://www.tradingview.com/chart/?symbol=NYSE:BNY,https://finviz.com/quote.ashx?t=BNY,PASS (TV) entry=146.4 SL=138.81 TP=164.41 R:R=2.37 zone=[145-147.25]
BRZE,FAIL,"short_float,rr",True,False,True,True,False,True,False,True,True,,False,25.649999618530273,73393623.84348163,2861349.9,9.32,82.96,2026-12-15,75,255,23.739999771118164,23.969999313354492,23.854999542236328,19.834549495152064,34.529998779296875,2.6551751948273394,1.0000000000000002,4.020450047084263,0.44646744898515206,,,,,,,,,,,,,,2,strong_close,2026-08-28,rejection,2026-10-01,False,True,False,no TV drawing read (f_rr False),https://www.tradingview.com/chart/?symbol=NASDAQ:BRZE,https://finviz.com/quote.ashx?t=BRZE,"short float 9.32% >= 5% | FAIL: short_float, rr (no TV drawing read)"
BTSG,FAIL,"short_float,history,rr",True,False,True,False,False,True,False,True,True,,False,57.2599983215332,136841888.92007637,2389833.966666667,6.04,92.24,2026-10-29,28,141,24.829999923706055,25.56999969482422,25.199999809265137,20.51000045776367,72.91999816894531,10.17484114244131,0.9032133148769481,5.192571095057896,6.174205018161741,,,,,,,,,,,,,,1,hammer,2026-09-25,strong_close,2026-10-01,False,True,False,no TV drawing read (f_rr False),https://www.tradingview.com/chart/?symbol=NASDAQ:BTSG,https://finviz.com/quote.ashx?t=BTSG,"history 141 weekly bars < ~3y (150) | FAIL: short_float, history, rr (no TV drawing read)"
BWA,PASS,,True,True,True,True,True,True,False,True,True,True,False,60.369998931884766,124596210.02654229,2063876.3,3.16,106.88,2026-10-29,28,263,44.466069356964546,45.83957961215685,45.152824484560696,40.34923978138945,68.75734005811681,4.913937617873753,1.0000000000000002,4.8035847031712455,3.1678788628996064,yes,62.15,59.77,61.21,56.67,75.26,3.09,2026-10-02,charts/latest/BWA.webp,60.37,4.8036,0.0,0.0,1,hammer,2026-09-25,hammer,2026-10-01,False,True,False,,https://www.tradingview.com/chart/?symbol=NYSE:BWA,https://finviz.com/quote.ashx?t=BWA,PASS (TV) entry=61.21 SL=56.67 TP=75.26 R:R=3.09 zone=[59.77-62.15]
BXC,FAIL,"dollar_vol,short_float,rr",False,False,True,True,False,True,False,True,True,,False,73.36000061035156,10799895.45252126,147217.76666666666,5.77,92.68,2026-11-03,33,262,65.27999877929688,65.41055877685547,65.34527877807616,54.65206463405063,90.36000061035156,2.3393080410955314,1.0000000000000002,10.69321414402553,0.7495147599520722,,,,,,,,,,,,,,1,hammer,2026-09-11,strong_close,2026-10-01,False,True,False,no TV drawing read (f_rr False),https://www.tradingview.com/chart/?symbol=NYSE:BXC,https://finviz.com/quote.ashx?t=BXC,"$vol(30d) $10.8M < $50M | FAIL: dollar_vol, short_float, rr (no TV drawing read)"
C,FAIL,"no_earnings_14d,rr",True,True,False,True,False,True,False,True,True,,False,127.0,1146223797.6333332,9025384.233333332,1.48,82.7,2026-10-13,12,263,121.49465942382812,121.77193023361565,121.63329482872189,113.53402111443069,139.3300018310547,2.184974557793607,1.0000000000000002,8.099273714291199,0.6626156073486617,,,,,,,,,,,,,,1,hammer,2026-09-25,hammer,2026-10-01,False,True,True,no TV drawing read (f_rr False),https://www.tradingview.com/chart/?symbol=NYSE:C,https://finviz.com/quote.ashx?t=C,"FAIL: no_earnings_14d, rr (no TV drawing read)"
CAH,PASS,,True,True,True,True,True,False,False,True,True,True,False,230.16000366210938,359809057.00497437,1563299.6666666667,2.89,92.2,2026-10-30,29,263,236.39999389648438,244.8699951171875,240.63499450683594,226.6326664515904,243.89999389648438,0.23317546744845113,0.9999999999999993,14.002328055245536,-0.7480892322618047,yes,216.93,211.21,214.24,200.12,245.5,2.21,2026-10-02,charts/latest/CAH.webp,230.16,14.0023,13.23,0.9448,1,strong_close,2026-09-04,strong_close,2026-09-29,False,True,False,,https://www.tradingview.com/chart/?symbol=NYSE:CAH,https://finviz.com/quote.ashx?t=CAH,PASS (TV) entry=214.24 SL=200.12 TP=245.5 R:R=2.21 zone=[211.21-216.93]
CBRL,FAIL,"short_float,rr",True,False,True,True,False,False,False,True,True,,False,51.720001220703125,52811019.13045349,1021094.7,25.95,100.91,2026-11-27,57,263,53.32545471191406,54.84190738620583,54.08368104905995,48.693874545247276,57.93000030517578,0.7136284490723374,1.0000000000000002,5.389806503812671,-0.4385463238216047,,,,,,,,,,,,,,1,strong_close,2026-09-25,strong_close,2026-09-28,False,True,False,no TV drawing read (f_rr False),https://www.tradingview.com/chart/?symbol=NASDAQ:CBRL,https://finviz.com/quote.ashx?t=CBRL,"short float 25.95% >= 5% | FAIL: short_float, rr (no TV drawing read)"
CCSI,FAIL,"dollar_vol,short_float,rr",False,False,True,True,False,True,False,True,True,,False,35.72999954223633,5862546.167890549,164079.1,6.28,100.63,2026-11-05,35,262,30.549999237060547,31.665000915527344,31.107500076293945,27.473571232387,39.06999969482422,2.191154521883689,0.9999999999999999,3.6339288439069475,1.2720390696953199,,,,,,,,,,,,,,1,strong_close,2026-09-11,strong_close,2026-10-01,False,True,False,no TV drawing read (f_rr False),https://www.tradingview.com/chart/?symbol=NASDAQ:CCSI,https://finviz.com/quote.ashx?t=CCSI,"$vol(30d) $5.9M < $50M | FAIL: dollar_vol, short_float, rr (no TV drawing read)"
CDP,FAIL,"dollar_vol,short_float,rr",False,False,True,True,False,True,False,True,True,,False,33.279998779296875,27356454.079237875,822008.8666666667,6.58,115.47,2026-10-22,21,263,32.20624542236328,32.67214005879686,32.43919274058007,30.76620741682489,38.400001525878906,3.562977331994296,1.0000000000000007,1.6729853237551768,0.502578251451445,,,,,,,,,,,,,,1,hammer,2026-09-04,rejection,2026-10-01,False,True,False,no TV drawing read (f_rr False),https://www.tradingview.com/chart/?symbol=NYSE:CDP,https://finviz.com/quote.ashx?t=CDP,"$vol(30d) $27.4M < $50M | FAIL: dollar_vol, short_float, rr (no TV drawing read)"
CDW,FAIL,"short_float,rr",True,False,True,True,False,False,True,True,True,,False,135.8300018310547,221376982.09260306,1629809.1666666667,7.68,109.55,2026-11-04,34,262,148.7394520183851,153.76544506518871,151.25244854178692,136.21741982060368,153.7899932861328,0.16877551692140647,1.0000000000000002,15.035028721183235,-1.025767692016654,,,,,,,,,,,,,,10,hammer,2026-09-11,strong_close,2026-10-01,False,True,False,no TV drawing read (f_rr False),https://www.tradingview.com/chart/?symbol=NASDAQ:CDW,https://finviz.com/quote.ashx?t=CDW,"short float 7.68% >= 5% | FAIL: short_float, rr (no TV drawing read)"
CF,FAIL,"short_float,rr",True,False,True,True,False,True,True,False,True,,False,114.52999877929688,298785914.2627625,2608800.466666667,6.5,107.93,2026-11-04,34,263,90.28155891555231,90.58527093276805,90.43341492416019,84.57935697390326,124.59801483154297,5.836054271701106,0.5619094015501541,10.418152702387943,2.312942087095106,,,,,,,,,,,,,,20,,,hammer,2026-10-01,False,True,False,no TV drawing read (f_rr False),https://www.tradingview.com/chart/?symbol=NYSE:CF,https://finviz.com/quote.ashx?t=CF,"short float 6.50% >= 5% | FAIL: short_float, rr (no TV drawing read)"
CFR,FAIL,"short_float,rr",True,False,True,True,False,True,False,True,True,,False,153.58999633789062,72877485.64535217,474493.7,6.94,92.6,2026-10-22,21,263,141.34042358398438,142.82945770440006,142.08494064419222,135.2652827880718,168.99656677246094,3.9461842068977755,0.9999999999999988,6.819657856120423,1.6870429479644633,,,,,,,,,,,,,,1,hammer,2026-09-25,strong_close,2026-10-01,False,True,False,no TV drawing read (f_rr False),https://www.tradingview.com/chart/?symbol=NYSE:CFR,https://finviz.com/quote.ashx?t=CFR,"short float 6.94% >= 5% | FAIL: short_float, rr (no TV drawing read)"
CGON,FAIL,"short_float,history,rr",True,False,True,False,False,False,True,True,True,,False,68.3499984741211,58267266.42921296,852483.8,19.05,89.39,2026-11-12,42,141,75.23999786376953,75.86499786376953,75.55249786376953,68.45786339896065,79.44000244140625,0.5479499468111702,1.0000000000000007,7.094634464808872,-1.0152037325354255,,,,,,,,,,,,,,19,engulfing,2026-09-18,hammer,2026-09-29,False,True,False,no TV drawing read (f_rr False),https://www.tradingview.com/chart/?symbol=NASDAQ:CGON,https://finviz.com/quote.ashx?t=CGON,"history 141 weekly bars < ~3y (150) | FAIL: short_float, history, rr (no TV drawing read)"
CHE,FAIL,"short_float,rr",True,False,True,True,False,True,True,True,True,,False,503.07501220703125,73982546.67850748,147060.66666666666,5.1,105.87,2026-11-03,33,263,474.8237160779636,479.48528825465365,477.1545021663086,448.7165369550134,551.993896484375,2.6316719133034585,0.9999999999999992,28.437965211295214,0.9114755520703481,,,,,,,,,,,,,,26,hammer,2026-09-25,hammer,2026-10-01,True,True,False,no TV drawing read (f_rr False),https://www.tradingview.com/chart/?symbol=NYSE:CHE,https://finviz.com/quote.ashx?t=CHE,"short float 5.10% >= 5% | FAIL: short_float, rr (no TV drawing read)"
CHRD,FAIL,"short_float,rr",True,False,True,True,False,False,False,True,True,,False,136.85000610351562,95504476.27117005,697877.0333333333,6.62,98.09,2026-11-04,34,263,145.80734252929688,146.1807336091469,145.9940380692219,135.18453703713786,155.39999389648438,0.8701563374058032,0.9999999999999992,10.809501032084038,-0.8459254445293597,,,,,,,,,,,,,,1,strong_close,2026-09-11,engulfing,2026-10-01,False,True,False,no TV drawing read (f_rr False),https://www.tradingview.com/chart/?symbol=NASDAQ:CHRD,https://finviz.com/quote.ashx?t=CHRD,"short float 6.62% >= 5% | FAIL: short_float, rr (no TV drawing read)"
CLF,FAIL,"short_float,rr",True,False,True,True,False,True,True,True,True,,False,11.470000267028809,164721930.56449664,14361109.566666666,14.33,82.99,2026-10-26,25,261,8.880000114440918,9.1899995803833,9.03499984741211,7.614285537174769,12.260000228881836,2.2699851463669485,1.0000000000000002,1.4207143102373396,1.713926862051468,,,,,,,,,,,,,,8,engulfing,2026-09-18,engulfing,2026-10-01,False,True,False,no TV drawing read (f_rr False),https://www.tradingview.com/chart/?symbol=NYSE:CLF,https://finviz.com/quote.ashx?t=CLF,"short float 14.33% >= 5% | FAIL: short_float, rr (no TV drawing read)"
CLW,FAIL,"dollar_vol,rr",False,True,True,True,False,True,True,True,True,,False,19.489999771118164,2548872.2854005178,130778.46666666666,4.47,88.99,2026-11-03,33,262,17.899999618530273,18.200000762939453,18.050000190734863,16.001636164528982,23.309999465942383,2.567902583678179,1.0000000000000004,2.0483640262058804,0.7029998388765722,,,,,,,,,,,,,,16,hammer,2026-09-11,hammer,2026-10-01,False,True,False,no TV drawing read (f_rr False),https://www.tradingview.com/chart/?symbol=NYSE:CLW,https://finviz.com/quote.ashx?t=CLW,"$vol(30d) $2.5M < $50M | FAIL: dollar_vol, rr (no TV drawing read)"
CLYM,FAIL,"dollar_vol,short_float,rr",False,False,True,True,False,True,False,True,True,,False,11.069999694824219,17812655.697943877,1609092.7,16.42,118.43,2026-11-11,41,263,11.520000457763672,12.479999542236328,12.0,9.668285710471018,17.280000686645508,2.264428669651501,0.9999999999999997,2.331714289528983,-0.3988483105979702,,,,,,,,,,,,,,0,hammer,2026-09-04,strong_close,2026-09-28,False,True,False,no TV drawing read (f_rr False),https://www.tradingview.com/chart/?symbol=NASDAQ:CLYM,https://finviz.com/quote.ashx?t=CLYM,"$vol(30d) $17.8M < $50M | FAIL: dollar_vol, short_float, rr (no TV drawing read)"
CNC,FAIL,rr,True,True,True,True,False,True,False,True,True,,True,60.97999954223633,254853716.1522016,4179300.066666667,2.91,99.91,2026-10-27,26,263,38.70000076293945,38.86000061035156,38.78000068664551,34.39999984741211,67.47000122070312,6.550227177371739,0.8557077190078716,5.1185711451939175,4.337147658177128,no,,,,,,,2026-10-02,charts/latest/CNC.webp,,,,,1,hammer,2026-09-11,hammer,2026-10-01,False,True,False,TV drawing not found (f_rr False),https://www.tradingview.com/chart/?symbol=NYSE:CNC,https://finviz.com/quote.ashx?t=CNC,FAIL: rr (TV drawing not found)
CNK,FAIL,"short_float,rr",True,False,True,True,False,True,False,True,True,,False,36.18000030517578,80048091.48320007,2212495.6,7.01,107.32,2026-10-30,29,263,30.196596145629883,30.902542807201307,30.549569476415595,28.006273238743717,37.2900505065918,2.650293320272595,1.0000000000000002,2.543296237671878,2.2138320913470375,,,,,,,,,,,,,,3,strong_close,2026-09-25,rejection,2026-09-29,False,True,False,no TV drawing read (f_rr False),https://www.tradingview.com/chart/?symbol=NYSE:CNK,https://finviz.com/quote.ashx?t=CNK,"short float 7.01% >= 5% | FAIL: short_float, rr (no TV drawing read)"
CNMD,FAIL,"dollar_vol,short_float,rr",False,False,True,True,False,True,True,False,True,,False,45.88999938964844,13560077.220646668,295490.9,7.17,114.46,2026-10-28,27,263,39.08000183105469,40.029998779296875,39.55500030517578,36.249998321533205,51.06999969482422,3.484112701486881,0.8385288930112991,3.9414288657052174,1.6072848959914365,,,,,,,,,,,,,,14,,,hammer,2026-09-29,False,True,False,no TV drawing read (f_rr False),https://www.tradingview.com/chart/?symbol=NYSE:CNMD,https://finviz.com/quote.ashx?t=CNMD,"$vol(30d) $13.6M < $50M | FAIL: dollar_vol, short_float, rr (no TV drawing read)"
CNO,FAIL,rr,True,True,True,True,False,True,False,True,True,,True,53.08300018310547,51220100.06637955,964905.9,2.42,96.53,2026-11-04,34,263,44.1458740234375,44.3436609545763,44.244767489006904,41.846798481538244,56.563594818115234,5.137192053250225,1.0,2.39796900746866,3.685715981554059,no,,,,,,,2026-10-02,charts/latest/CNO.webp,,,,,0,strong_close,2026-09-04,hammer,2026-10-01,False,True,False,TV drawing not found (f_rr False),https://www.tradingview.com/chart/?symbol=NYSE:CNO,https://finviz.com/quote.ashx?t=CNO,FAIL: rr (TV drawing not found)
COLD,FAIL,"dollar_vol,short_float,rr",False,False,True,True,False,False,False,True,True,,False,13.8149995803833,45508069.323738225,3294105.7333333334,9.74,110.01,2026-10-29,28,263,12.962912792921243,13.199568260654253,13.081240526787749,11.951066797112,15.329999923706055,1.9897466538737232,1.0000000000000002,1.1301737296757481,0.6492444783741972,,,,,,,,,,,,,,1,hammer,2026-09-25,hammer,2026-10-01,False,True,False,no TV drawing read (f_rr False),https://www.tradingview.com/chart/?symbol=NYSE:COLD,https://finviz.com/quote.ashx?t=COLD,"$vol(30d) $45.5M < $50M | FAIL: dollar_vol, short_float, rr (no TV drawing read)"
COP,FAIL,rr,True,True,True,True,False,True,False,True,True,,True,127.06999969482422,843149949.419728,6635318.733333333,1.34,87.13,2026-11-05,35,263,96.07120011843618,96.60439339860534,96.33779675852077,88.8402030436361,133.26416501512017,4.925095925548882,1.0000000000000009,7.497593714884666,4.098942154639837,no,,,,,,,2026-10-02,charts/latest/COP.webp,,,,,1,hammer,2026-09-11,engulfing,2026-10-01,False,True,False,TV drawing not found (f_rr False),https://www.tradingview.com/chart/?symbol=NYSE:COP,https://finviz.com/quote.ashx?t=COP,FAIL: rr (TV drawing not found)
CPF,FAIL,"dollar_vol,rr",False,True,True,True,False,True,True,True,True,,False,36.060001373291016,5704391.717243195,158191.66666666666,2.8,95.61,2026-10-28,27,263,34.28493881225586,34.83586029457153,34.560399553413696,32.868969086469356,39.40501344247253,2.8642110827120733,1.0000000000000016,1.6914304669443372,0.8865879202155048,,,,,,,,,,,,,,5,hammer,2026-09-18,hammer,2026-10-01,False,True,False,no TV drawing read (f_rr False),https://www.tradingview.com/chart/?symbol=NYSE:CPF,https://finviz.com/quote.ashx?t=CPF,"$vol(30d) $5.7M < $50M | FAIL: dollar_vol, rr (no TV drawing read)"
CROX,FAIL,"short_float,rr",True,False,True,True,False,True,True,True,True,,False,119.23999786376953,127041517.17866899,1065427.0333333334,10.21,101.15,2026-10-29,28,263,105.87000274658203,106.70999908447266,106.29000091552734,95.14999989100865,139.61000061035156,2.9910230368460677,1.0000000000000002,11.140001024518694,1.1624771774921532,,,,,,,,,,,,,,45,strong_close,2026-09-25,strong_close,2026-10-01,False,True,False,no TV drawing read (f_rr False),https://www.tradingview.com/chart/?symbol=NASDAQ:CROX,https://finviz.com/quote.ashx?t=CROX,"short float 10.21% >= 5% | FAIL: short_float, rr (no TV drawing read)"
CSCO,FAIL,rr,True,True,True,True,False,True,True,True,True,,True,108.76000213623047,1702188723.5152,15650870.633333333,1.47,83.61,2026-11-18,48,263,84.04844665527344,84.22680961332497,84.1376281342992,77.28048617143847,112.12999725341797,4.082221028925672,0.9859487342731315,6.9548666421444425,3.5403085736722733,no,,,,,,,2026-10-02,charts/latest/CSCO.webp,,,,,6,strong_close,2026-09-11,hammer,2026-10-01,False,True,False,TV drawing not found (f_rr False),https://www.tradingview.com/chart/?symbol=NASDAQ:CSCO,https://finviz.com/quote.ashx?t=CSCO,FAIL: rr (TV drawing not found)
CSW,FAIL,"dollar_vol,short_float,rr",False,False,True,True,False,True,False,True,True,,False,292.3900146484375,36241566.881665036,123949.4,6.76,101.2,2026-10-29,28,263,296.29609368494766,301.8707702754161,299.0834319801819,274.46467641939205,350.67999267578125,2.0958232664601817,0.9999999999999997,24.618755560789857,-0.2718828461989754,,,,,,,,,,,,,,1,strong_close,2026-09-25,strong_close,2026-10-01,False,True,False,no TV drawing read (f_rr False),https://www.tradingview.com/chart/?symbol=NYSE:CSW,https://finviz.com/quote.ashx?t=CSW,"$vol(30d) $36.2M < $50M | FAIL: dollar_vol, short_float, rr (no TV drawing read)"
CSX,FAIL,rr,True,True,True,True,False,True,False,True,True,,True,46.540000915527344,471560031.2657857,10132359.733333332,2.2,82.08,2026-10-21,20,263,42.44334030151367,42.522879890397,42.48311009595534,41.16432207386231,51.858033041478826,7.108741350747689,0.6134863046670632,2.1496617154456814,1.8872229013628332,no,,,,,,,2026-10-02,charts/latest/CSX.webp,,,,,1,hammer,2026-09-25,hammer,2026-10-01,False,True,False,TV drawing not found (f_rr False),https://www.tradingview.com/chart/?symbol=NASDAQ:CSX,https://finviz.com/quote.ashx?t=CSX,FAIL: rr (TV drawing not found)
CTS,FAIL,"dollar_vol,rr",False,True,True,True,False,True,True,True,True,,False,59.7599983215332,11718009.390878677,196084.5,3.71,99.33,2026-10-28,27,263,44.86566410073483,45.60394993421951,45.234807017477166,41.13659354919801,66.26000213623047,5.130331858379697,0.9999999999999996,4.098213468279157,3.544273966322983,,,,,,,,,,,,,,12,strong_close,2026-09-18,engulfing,2026-10-01,False,True,False,no TV drawing read (f_rr False),https://www.tradingview.com/chart/?symbol=NYSE:CTS,https://finviz.com/quote.ashx?t=CTS,"$vol(30d) $11.7M < $50M | FAIL: dollar_vol, rr (no TV drawing read)"
CURB,FAIL,"dollar_vol,short_float,history,rr",False,False,True,False,False,True,False,True,True,,False,27.959999084472656,36217711.7380806,1295340.2333333334,12.97,120.91,2026-11-03,33,106,28.070083618164062,28.089970778310413,28.08002719823724,26.842022829425023,31.65999984741211,2.891728607233929,0.9261052233851487,1.3367858614240373,-0.08978858710902343,,,,,,,,,,,,,,1,rejection,2026-09-04,strong_close,2026-10-01,False,True,False,no TV drawing read (f_rr False),https://www.tradingview.com/chart/?symbol=NYSE:CURB,https://finviz.com/quote.ashx?t=CURB,"$vol(30d) $36.2M < $50M | FAIL: dollar_vol, short_float, history, rr (no TV drawing read)"
CUZ,FAIL,"dollar_vol,short_float,rr",False,False,True,True,False,True,True,True,True,,False,27.6200008392334,37198215.71960068,1346785.4666666666,7.43,106.46,2026-10-22,21,263,26.331689834594727,26.56583523670444,26.448762535649585,25.025588349002216,32.189998626708984,4.034106397463735,0.9999999999999999,1.4231741866473693,0.8229760731839494,,,,,,,,,,,,,,7,rejection,2026-09-04,hammer,2026-10-01,True,True,False,no TV drawing read (f_rr False),https://www.tradingview.com/chart/?symbol=NYSE:CUZ,https://finviz.com/quote.ashx?t=CUZ,"$vol(30d) $37.2M < $50M | FAIL: dollar_vol, short_float, rr (no TV drawing read)"
CVBF,FAIL,"dollar_vol,short_float,rr",False,False,True,True,False,True,True,True,True,,False,22.010000228881836,27020069.083648175,1227626.9333333333,5.87,83.63,2026-10-28,27,263,20.493440628051758,20.959199955001317,20.726320291526537,19.7520170964201,23.25,2.5902406162157416,1.0000000000000002,0.9743031951064365,1.3175364135135208,,,,,,,,,,,,,,14,hammer,2026-09-25,engulfing,2026-10-01,False,True,False,no TV drawing read (f_rr False),https://www.tradingview.com/chart/?symbol=NASDAQ:CVBF,https://finviz.com/quote.ashx?t=CVBF,"$vol(30d) $27.0M < $50M | FAIL: dollar_vol, short_float, rr (no TV drawing read)"
CVSA,FAIL,"dollar_vol,short_float,rr",False,False,True,True,False,False,False,True,True,,False,123.19000244140625,42675903.59809367,346423.43333333335,5.86,102.1,2026-10-29,28,263,133.72999572753906,133.74000549316406,133.73500061035156,121.71535873413086,138.89999389648438,0.4297127434679297,1.0,12.019641876220703,-0.877313839924567,,,,,,,,,,,,,,3,hammer,2026-09-18,strong_close,2026-09-30,False,True,False,no TV drawing read (f_rr False),https://www.tradingview.com/chart/?symbol=NYSE:CVSA,https://finviz.com/quote.ashx?t=CVSA,"$vol(30d) $42.7M < $50M | FAIL: dollar_vol, short_float, rr (no TV drawing read)"
CXT,FAIL,"dollar_vol,short_float,rr",False,False,True,True,False,False,True,True,True,,False,48.029998779296875,24633641.783925373,512880.3333333333,16.1,107.67,2026-11-11,41,263,46.02586364746094,46.5515888790783,46.28872626326962,42.21836402772267,51.9900016784668,1.4006801078801452,0.9999999999999991,4.0703622355469555,0.42779301085798027,,,,,,,,,,,,,,16,strong_close,2026-09-25,engulfing,2026-10-01,True,True,False,no TV drawing read (f_rr False),https://www.tradingview.com/chart/?symbol=NYSE:CXT,https://finviz.com/quote.ashx?t=CXT,"$vol(30d) $24.6M < $50M | FAIL: dollar_vol, short_float, rr (no TV drawing read)"
CXW,FAIL,"short_float,rr",True,False,True,True,False,True,False,True,True,,False,32.52000045776367,61151915.080797195,1880440.1666666667,15.15,88.17,2026-11-09,39,263,20.610000610351562,20.770000457763672,20.690000534057617,17.95999931335449,32.29999923706055,4.252744876067386,0.933447818672128,2.924642562866211,4.044938712822536,,,,,,,,,,,,,,0,rejection,2026-09-18,engulfing,2026-09-29,False,True,False,no TV drawing read (f_rr False),https://www.tradingview.com/chart/?symbol=NYSE:CXW,https://finviz.com/quote.ashx?t=CXW,"short float 15.15% >= 5% | FAIL: short_float, rr (no TV drawing read)"
CZR,FAIL,"short_float,rr",True,False,True,True,False,True,False,True,True,,False,29.6200008392334,113659176.4243435,3837244.2,9.82,95.71,2026-11-03,33,263,24.790000915527344,25.110000610351562,24.950000762939453,24.506572450910294,30.149999618530273,11.726808402907931,1.0000000000000033,0.4434283120291574,10.531578497826887,,,,,,,,,,,,,,0,hammer,2026-09-04,hammer,2026-10-01,False,True,False,no TV drawing read (f_rr False),https://www.tradingview.com/chart/?symbol=NASDAQ:CZR,https://finviz.com/quote.ashx?t=CZR,"short float 9.82% >= 5% | FAIL: short_float, rr (no TV drawing read)"
DAR,FAIL,rr,True,True,True,True,False,False,False,True,True,,True,61.650001525878906,154208422.43176195,2501353.1,4.34,106.16,2026-11-10,40,263,64.11000061035156,66.0199966430664,65.06499862670898,59.90656934465681,66.66000366210938,0.30920362540394286,0.9999999999999998,5.158429282052176,-0.6620226650604564,no,,,,,,,2026-10-02,charts/latest/DAR.webp,,,,,1,hammer,2026-09-04,strong_close,2026-10-01,False,True,False,TV drawing not found (f_rr False),https://www.tradingview.com/chart/?symbol=NYSE:DAR,https://finviz.com/quote.ashx?t=DAR,FAIL: rr (TV drawing not found)
DAVE,FAIL,"short_float,rr",True,False,True,True,False,True,True,True,True,,False,339.5899963378906,109776507.43717958,323261.9,22.39,97.61,2026-11-10,40,263,217.3300018310547,224.27999877929688,220.80500030517578,173.04999755859376,380.69000244140625,3.348026236846441,0.8720952727241459,54.75892857142857,2.1692352120763188,,,,,,,,,,,,,,16,hammer,2026-09-04,strong_close,2026-10-01,False,True,False,no TV drawing read (f_rr False),https://www.tradingview.com/chart/?symbol=NASDAQ:DAVE,https://finviz.com/quote.ashx?t=DAVE,"short float 22.39% >= 5% | FAIL: short_float, rr (no TV drawing read)"
DBX,FAIL,"short_float,rr",True,False,True,True,False,True,False,True,True,,False,34.08000183105469,138236106.5791672,4056223.566666667,17.08,84.16,2026-10-29,28,262,28.899999618530273,29.100000381469727,29.0,26.187785693577357,36.47999954223633,2.6598255777140523,1.0000000000000002,2.8122143064226424,1.806406367911857,,,,,,,,,,,,,,0,strong_close,2026-09-11,hammer,2026-10-01,False,True,False,no TV drawing read (f_rr False),https://www.tradingview.com/chart/?symbol=NASDAQ:DBX,https://finviz.com/quote.ashx?t=DBX,"short float 17.08% >= 5% | FAIL: short_float, rr (no TV drawing read)"
DCO,FAIL,"dollar_vol,short_float,rr",False,False,True,True,False,True,True,True,True,,False,172.05999755859375,37682125.94265137,219005.73333333334,6.08,96.52,2026-11-05,35,263,128.91000366210938,140.02000427246094,134.46500396728516,119.96000122070312,207.0,5.000688197029609,0.7971031808065597,18.19714573451451,2.065982992047055,,,,,,,,,,,,,,11,strong_close,2026-09-25,engulfing,2026-10-01,False,True,False,no TV drawing read (f_rr False),https://www.tradingview.com/chart/?symbol=NYSE:DCO,https://finviz.com/quote.ashx?t=DCO,"$vol(30d) $37.7M < $50M | FAIL: dollar_vol, short_float, rr (no TV drawing read)"
DCOM,FAIL,"dollar_vol,short_float,rr",False,False,True,True,False,True,True,True,True,,False,39.5,10590011.883333333,268101.56666666665,9.4,89.63,2026-10-23,22,263,35.759178161621094,35.99606384725181,35.87762100443645,34.02730465485131,41.25,2.903492149744062,1.0000000000000002,1.850316349585142,1.9577079326871438,,,,,,,,,,,,,,7,hammer,2026-09-18,hammer,2026-10-01,False,True,False,no TV drawing read (f_rr False),https://www.tradingview.com/chart/?symbol=NYSE:DCOM,https://finviz.com/quote.ashx?t=DCOM,"$vol(30d) $10.6M < $50M | FAIL: dollar_vol, short_float, rr (no TV drawing read)"
DFIN,FAIL,"dollar_vol,rr",False,True,True,True,False,False,True,True,True,,False,47.41999816894531,10308837.307939148,217394.3,4.5,94.97,2026-11-04,34,263,49.970001220703125,50.779998779296875,50.375,46.02464267185756,50.91999816894531,0.12527664461485094,0.9999999999999996,4.350357328142438,-0.679254968767461,,,,,,,,,,,,,,7,engulfing,2026-09-25,rejection,2026-10-01,False,True,False,no TV drawing read (f_rr False),https://www.tradingview.com/chart/?symbol=NYSE:DFIN,https://finviz.com/quote.ashx?t=DFIN,"$vol(30d) $10.3M < $50M | FAIL: dollar_vol, rr (no TV drawing read)"
DFTX,FAIL,"short_float,rr",True,False,True,True,False,True,False,True,True,,False,37.599998474121094,80462700.78800505,2139965.533333333,9.29,84.37,2026-11-05,35,263,17.399999618530273,18.1200008392334,17.760000228881836,13.639999618530274,47.06999969482422,7.114076486372497,0.7860035483426598,5.241707393101284,3.7850259004062448,,,,,,,,,,,,,,1,hammer,2026-09-11,hammer,2026-09-30,False,True,False,no TV drawing read (f_rr False),https://www.tradingview.com/chart/?symbol=NASDAQ:DFTX,https://finviz.com/quote.ashx?t=DFTX,"short float 9.29% >= 5% | FAIL: short_float, rr (no TV drawing read)"
DGII,FAIL,"dollar_vol,rr",False,True,True,True,False,True,False,True,True,,False,73.38999938964844,27407385.187065125,373448.5,4.59,104.97,2026-11-18,48,263,50.20000076293945,51.779998779296875,50.989999771118164,46.99,85.27999877929688,8.57250024256708,0.5148478305044061,7.769285474504743,2.88314796670001,,,,,,,,,,,,,,3,strong_close,2026-09-25,hammer,2026-09-28,False,True,False,no TV drawing read (f_rr False),https://www.tradingview.com/chart/?symbol=NASDAQ:DGII,https://finviz.com/quote.ashx?t=DGII,"$vol(30d) $27.4M < $50M | FAIL: dollar_vol, rr (no TV drawing read)"
DGX,FAIL,rr,True,True,True,True,False,True,False,True,True,,True,231.08999633789062,228142828.58459473,987246.6666666666,3.28,97.84,2026-10-27,26,263,210.74019020158403,211.4739831603851,211.10708668098457,198.5408269285796,244.38999938964844,2.6485934052329383,1.0000000000000002,12.566259752404957,1.590203453583847,no,,,,,,,2026-10-02,charts/latest/DGX.webp,,,,,3,strong_close,2026-09-18,rejection,2026-09-30,False,True,False,TV drawing not found (f_rr False),https://www.tradingview.com/chart/?symbol=NYSE:DGX,https://finviz.com/quote.ashx?t=DGX,FAIL: rr (TV drawing not found)
DNOW,FAIL,"dollar_vol,short_float,rr",False,False,True,True,False,True,False,True,True,,False,15.28499984741211,31998535.780563354,2093460.0,5.37,108.05,2026-11-04,34,262,14.029999732971191,14.15999984741211,14.09499979019165,13.040000190734863,16.68000030517578,2.45023838522321,0.9562960738260542,1.1032144001552038,1.078666175000114,,,,,,,,,,,,,,1,engulfing,2026-09-25,hammer,2026-10-01,False,True,False,no TV drawing read (f_rr False),https://www.tradingview.com/chart/?symbol=NYSE:DNOW,https://finviz.com/quote.ashx?t=DNOW,"$vol(30d) $32.0M < $50M | FAIL: dollar_vol, short_float, rr (no TV drawing read)"
DNTH,FAIL,"short_float,rr",True,False,True,True,False,True,False,True,True,,False,88.31999969482422,67133777.56002986,760119.7666666667,18.98,115.66,2026-11-05,35,263,93.01000213623047,93.61000061035156,93.31000137329102,85.42000030517578,115.95999908447266,2.8707217547427106,0.7355663919332971,10.726429530552455,-0.4652062146358772,,,,,,,,,,,,,,1,rejection,2026-09-11,hammer,2026-09-29,False,True,False,no TV drawing read (f_rr False),https://www.tradingview.com/chart/?symbol=NASDAQ:DNTH,https://finviz.com/quote.ashx?t=DNTH,"short float 18.98% >= 5% | FAIL: short_float, rr (no TV drawing read)"
DOC,FAIL,rr,True,True,True,True,False,True,True,True,True,,True,19.440000534057617,90971158.87516868,4679586.233333333,3.69,99.31,2026-10-22,21,263,18.14604511932241,18.230271363830575,18.18815824157649,17.28120176425263,22.207807340773716,4.432019837443485,0.9999999999999998,0.9069564773238634,1.3802672165426384,no,,,,,,,2026-10-02,charts/latest/DOC.webp,,,,,17,rejection,2026-09-25,strong_close,2026-09-29,False,True,False,TV drawing not found (f_rr False),https://www.tradingview.com/chart/?symbol=NYSE:DOC,https://finviz.com/quote.ashx?t=DOC,FAIL: rr (TV drawing not found)
DRH,FAIL,"dollar_vol,short_float,rr",False,False,True,True,False,True,False,True,True,,False,12.510000228881836,35429105.02520771,2832062.7,7.03,114.77,2026-11-03,33,263,9.870772361755371,10.49015361087426,10.180462986314815,9.52452282067375,13.289999961853027,4.740580221214528,0.9999999999999988,0.6559401656410654,3.5514477761707286,,,,,,,,,,,,,,3,strong_close,2026-09-25,strong_close,2026-10-01,False,True,False,no TV drawing read (f_rr False),https://www.tradingview.com/chart/?symbol=NASDAQ:DRH,https://finviz.com/quote.ashx?t=DRH,"$vol(30d) $35.4M < $50M | FAIL: dollar_vol, short_float, rr (no TV drawing read)"
DVA,FAIL,"short_float,rr",True,False,True,True,False,True,False,True,True,,False,176.3000030517578,116318546.07347716,659776.2,6.88,93.41,2026-10-23,22,263,200.8300018310547,202.69000244140625,201.76000213623047,191.56000732421876,245.0,4.239217633017742,0.6488988516299194,15.718928745814733,-1.6197031932759125,,,,,,,,,,,,,,1,hammer,2026-09-11,engulfing,2026-10-01,False,True,False,no TV drawing read (f_rr False),https://www.tradingview.com/chart/?symbol=NYSE:DVA,https://finviz.com/quote.ashx?t=DVA,"short float 6.88% >= 5% | FAIL: short_float, rr (no TV drawing read)"
EAT,FAIL,"short_float,rr",True,False,True,True,False,True,False,True,True,,False,194.24000549316406,235091495.12845612,1210314.5,13.47,113.11,2026-11-04,34,263,158.13999938964844,161.7100067138672,159.9250030517578,139.51500919887,248.8800048828125,4.3584041461368885,0.9999999999999994,20.409993852887833,1.681284310458084,,,,,,,,,,,,,,1,strong_close,2026-09-25,hammer,2026-09-25,False,True,False,no TV drawing read (f_rr False),https://www.tradingview.com/chart/?symbol=NYSE:EAT,https://finviz.com/quote.ashx?t=EAT,"short float 13.47% >= 5% | FAIL: short_float, rr (no TV drawing read)"
EBC,FAIL,"dollar_vol,short_float,rr",False,False,True,True,False,True,True,True,True,,False,21.079999923706055,46352071.221573256,2198864.8666666667,7.97,84.87,2026-10-22,21,263,20.751916885375977,21.185686711657443,20.968801798516708,19.907243147042017,23.46565818786621,2.3520663562780375,0.9999999999999986,1.0615586514746924,0.10474986477183618,,,,,,,,,,,,,,8,hammer,2026-09-25,hammer,2026-10-01,False,True,False,no TV drawing read (f_rr False),https://www.tradingview.com/chart/?symbol=NASDAQ:EBC,https://finviz.com/quote.ashx?t=EBC,"$vol(30d) $46.4M < $50M | FAIL: dollar_vol, short_float, rr (no TV drawing read)"
ECPG,FAIL,"dollar_vol,short_float,rr",False,False,True,True,False,True,True,True,True,,False,94.30000305175781,32723694.72901154,347016.9,6.35,107.0,2026-11-04,34,263,83.93000030517578,85.23999786376953,84.58499908447266,80.32000183105468,103.73999786376953,4.491210108973935,0.5678550294720264,7.510714939662388,1.2934859125038038,,,,,,,,,,,,,,18,hammer,2026-09-25,hammer,2026-10-01,False,True,False,no TV drawing read (f_rr False),https://www.tradingview.com/chart/?symbol=NASDAQ:ECPG,https://finviz.com/quote.ashx?t=ECPG,"$vol(30d) $32.7M < $50M | FAIL: dollar_vol, short_float, rr (no TV drawing read)"
EHC,FAIL,rr,True,True,True,True,False,True,True,True,True,,True,119.06999969482422,101282485.68141353,850612.9666666667,3.07,98.11,2026-10-28,27,261,107.2779769897461,109.11451475149073,108.19624587061841,101.4350676665531,125.2300033569336,2.519347511957788,1.0000000000000007,6.761178204065312,1.6082631600610253,no,,,,,,,2026-10-02,charts/latest/EHC.webp,,,,,20,hammer,2026-09-25,hammer,2026-09-29,True,True,False,TV drawing not found (f_rr False),https://www.tradingview.com/chart/?symbol=NYSE:EHC,https://finviz.com/quote.ashx?t=EHC,FAIL: rr (TV drawing not found)
EIG,FAIL,"dollar_vol,short_float,rr",False,False,True,True,False,True,True,True,True,,False,48.70000076293945,7254360.230314254,148960.16666666666,5.68,83.31,2026-10-22,21,263,42.07155227661133,42.27836377492538,42.174958025768355,40.04266653905418,51.565956115722656,4.404181205274931,0.9455820082585971,2.255004291633091,2.893583290010332,,,,,,,,,,,,,,24,strong_close,2026-09-11,engulfing,2026-10-01,False,True,False,no TV drawing read (f_rr False),https://www.tradingview.com/chart/?symbol=NYSE:EIG,https://finviz.com/quote.ashx?t=EIG,"$vol(30d) $7.3M < $50M | FAIL: dollar_vol, short_float, rr (no TV drawing read)"
ELV,FAIL,rr,True,True,True,True,False,False,True,True,True,,True,381.79998779296875,407070463.5716797,1066187.7333333334,2.47,94.71,2026-10-21,20,262,412.0526123046875,413.07399148050325,412.5633018925954,385.1248332950333,420.6292063892686,0.2939633627144125,1.0000000000000009,27.438468597562096,-1.1211746016452233,no,,,,,,,2026-10-02,charts/latest/ELV.webp,,,,,10,strong_close,2026-09-11,hammer,2026-09-21,False,True,False,TV drawing not found (f_rr False),https://www.tradingview.com/chart/?symbol=NYSE:ELV,https://finviz.com/quote.ashx?t=ELV,FAIL: rr (TV drawing not found)
ELVN,FAIL,"short_float,rr",True,False,True,True,False,True,False,True,True,,False,46.209999084472656,58476809.940772,1265457.9333333333,14.14,96.04,2026-11-18,48,263,48.11000061035156,48.529998779296875,48.31999969482422,43.407142639160156,60.459999084472656,2.4710670903099365,1.0,4.9128570556640625,-0.4294854473567331,,,,,,,,,,,,,,0,strong_close,2026-09-04,hammer,2026-09-29,False,True,False,no TV drawing read (f_rr False),https://www.tradingview.com/chart/?symbol=NASDAQ:ELVN,https://finviz.com/quote.ashx?t=ELVN,"short float 14.14% >= 5% | FAIL: short_float, rr (no TV drawing read)"
ENR,FAIL,"dollar_vol,short_float,rr",False,False,True,True,False,False,True,True,True,,False,21.229999542236328,19525801.665982436,919726.9,12.68,102.93,2026-11-17,47,262,19.83138084411621,19.976629849391394,19.904005346753802,18.06801248979537,22.4542236328125,1.38901318509674,1.0000000000000009,1.8359928569584325,0.7222218705573901,,,,,,,,,,,,,,27,hammer,2026-09-18,strong_close,2026-09-28,True,True,False,no TV drawing read (f_rr False),https://www.tradingview.com/chart/?symbol=NYSE:ENR,https://finviz.com/quote.ashx?t=ENR,"$vol(30d) $19.5M < $50M | FAIL: dollar_vol, short_float, rr (no TV drawing read)"
EOG,PASS,,True,True,True,True,True,False,False,True,True,False,False,141.3699951171875,428181554.3069336,3028800.8,2.96,98.3,2026-11-05,35,263,140.17967224121094,144.62666418972194,142.40316821546645,133.5068529286732,153.0500030517578,1.196769054722778,1.0000000000000007,8.896315286793248,-0.11613494632015979,yes,127.55,125.02,127.52,119.32,147.49,2.44,2026-10-02,charts/latest/EOG.webp,141.37,8.8963,13.82,1.5535,1,hammer,2026-09-11,strong_close,2026-10-01,False,True,False,,https://www.tradingview.com/chart/?symbol=NYSE:EOG,https://finviz.com/quote.ashx?t=EOG,PASS (TV) entry=127.52 SL=119.32 TP=147.49 R:R=2.44 zone=[125.02-127.55]
EPC,FAIL,"dollar_vol,short_float,rr",False,False,True,True,False,True,True,True,True,,False,26.687999725341797,14445860.190531157,541286.7333333333,9.99,117.89,2026-11-05,35,263,23.11480140686035,24.01332622062832,23.564063813744333,21.191492000632206,28.892744064331055,2.245951090347413,1.0000000000000007,2.3725718131121263,1.316687610605879,,,,,,,,,,,,,,19,hammer,2026-09-25,strong_close,2026-09-28,False,True,False,no TV drawing read (f_rr False),https://www.tradingview.com/chart/?symbol=NYSE:EPC,https://finviz.com/quote.ashx?t=EPC,"$vol(30d) $14.4M < $50M | FAIL: dollar_vol, short_float, rr (no TV drawing read)"
EQIX,FAIL,rr,True,True,True,True,False,True,True,True,True,,True,1012.3300170898438,518057557.88668823,511747.7,1.72,101.46,2026-11-04,34,263,780.0664553539755,793.0867422285353,786.5765987912554,727.9265585912393,1100.5514592493814,5.3533613853864,0.9188389819003743,63.83059638884067,3.5367587187083878,no,,,,,,,2026-10-02,charts/latest/EQIX.webp,,,,,8,hammer,2026-09-18,hammer,2026-10-01,False,True,False,TV drawing not found (f_rr False),https://www.tradingview.com/chart/?symbol=NASDAQ:EQIX,https://finviz.com/quote.ashx?t=EQIX,FAIL: rr (TV drawing not found)
ESS,FAIL,rr,True,True,True,True,False,True,False,False,True,,True,270.1600036621094,137087488.7756002,507430.73333333334,3.43,104.65,2026-10-28,27,263,255.67339383830705,256.81922863785974,256.2463112380834,245.96352228021513,290.30999755859375,3.312689432806566,0.9999999999999988,10.282788957868304,1.3531049291232717,no,,,,,,,2026-10-02,charts/latest/ESS.webp,,,,,1,,,hammer,2026-10-01,False,True,False,TV drawing not found (f_rr False),https://www.tradingview.com/chart/?symbol=NYSE:ESS,https://finviz.com/quote.ashx?t=ESS,FAIL: rr (TV drawing not found)
ETSY,FAIL,"short_float,rr",True,False,True,True,False,True,False,True,True,,False,72.7699966430664,226500968.62301,3112559.8333333335,11.36,123.76,2026-11-04,34,263,61.880001068115234,63.70000076293945,62.790000915527344,55.3211430140904,85.55000305175781,3.0473202779573096,0.9999999999999999,7.468857901436942,1.336214433215954,,,,,,,,,,,,,,0,engulfing,2026-08-28,hammer,2026-10-01,False,True,False,no TV drawing read (f_rr False),https://www.tradingview.com/chart/?symbol=NYSE:ETSY,https://finviz.com/quote.ashx?t=ETSY,"short float 11.36% >= 5% | FAIL: short_float, rr (no TV drawing read)"
EW,FAIL,rr,True,True,True,True,False,False,True,True,True,,True,85.19999694824219,258860046.60795546,3038263.566666667,1.6,94.43,2026-10-28,27,263,84.1500015258789,84.73999786376953,84.44499969482422,79.33428628104073,91.5999984741211,1.3999999999999988,1.0000000000000009,5.110713413783482,0.1477283487236357,no,,,,,,,2026-10-02,charts/latest/EW.webp,,,,,9,strong_close,2026-09-18,strong_close,2026-09-29,True,True,False,TV drawing not found (f_rr False),https://www.tradingview.com/chart/?symbol=NYSE:EW,https://finviz.com/quote.ashx?t=EW,FAIL: rr (TV drawing not found)
EWBC,FAIL,rr,True,True,True,True,False,True,True,True,True,,True,125.0199966430664,98874618.9204338,790870.4333333333,3.4,93.55,2026-10-20,19,263,124.25652313232422,125.93539541524018,125.0959592737822,119.72218171524925,136.60000610351562,2.1407746607349427,0.9999999999999996,5.373777558532953,-0.014135797376870004,no,,,,,,,2026-10-02,charts/latest/EWBC.webp,,,,,9,hammer,2026-09-25,hammer,2026-10-01,False,True,False,TV drawing not found (f_rr False),https://www.tradingview.com/chart/?symbol=NASDAQ:EWBC,https://finviz.com/quote.ashx?t=EWBC,FAIL: rr (TV drawing not found)
EWTX,FAIL,"short_float,rr",True,False,True,True,False,True,False,True,True,,False,40.47999954223633,55950759.11128693,1382182.8,11.65,86.79,2026-11-05,35,263,30.440000534057617,31.81999969482422,31.130000114440918,25.99,45.40999984741211,2.7782100029241796,0.9970211619375081,5.155357088361468,1.8136472930078118,,,,,,,,,,,,,,0,strong_close,2026-09-11,hammer,2026-09-29,False,True,False,no TV drawing read (f_rr False),https://www.tradingview.com/chart/?symbol=NASDAQ:EWTX,https://finviz.com/quote.ashx?t=EWTX,"short float 11.65% >= 5% | FAIL: short_float, rr (no TV drawing read)"
EXPE,FAIL,"short_float,rr",True,False,True,True,False,True,False,True,True,,False,262.6700134277344,544812254.0238922,2074131.9,5.53,104.06,2026-10-29,28,263,264.8948974609375,268.6913499380408,266.7931236994891,240.512149648782,332.2110900878906,2.4891758677658835,0.9999999999999996,26.280974050707112,-0.1568857479863386,,,,,,,,,,,,,,0,hammer,2026-09-11,hammer,2026-09-29,False,True,False,no TV drawing read (f_rr False),https://www.tradingview.com/chart/?symbol=NASDAQ:EXPE,https://finviz.com/quote.ashx?t=EXPE,"short float 5.53% >= 5% | FAIL: short_float, rr (no TV drawing read)"
EXTR,FAIL,"dollar_vol,short_float,rr",False,False,True,True,False,True,True,True,True,,False,21.969999313354492,30116170.40808919,1370786.1333333333,6.03,97.95,2026-11-04,34,263,21.149999618530273,21.649999618530273,21.399999618530273,18.656428337097168,33.709999084472656,4.48685242816518,1.0,2.7435712814331055,0.20775829616006156,,,,,,,,,,,,,,7,strong_close,2026-09-18,strong_close,2026-10-01,False,True,False,no TV drawing read (f_rr False),https://www.tradingview.com/chart/?symbol=NASDAQ:EXTR,https://finviz.com/quote.ashx?t=EXTR,"$vol(30d) $30.1M < $50M | FAIL: dollar_vol, short_float, rr (no TV drawing read)"
EZPW,FAIL,"dollar_vol,short_float,rr",False,False,True,True,False,True,False,True,True,,False,30.059999465942383,25661196.498093225,853665.9,22.59,113.66,2026-11-18,48,263,26.530000686645508,26.59000015258789,26.5600004196167,24.6199991607666,33.31999969482422,3.4845334477846612,0.5823331470696684,3.3314285278320312,1.0506000705359126,,,,,,,,,,,,,,1,hammer,2026-09-25,strong_close,2026-10-01,False,True,False,no TV drawing read (f_rr False),https://www.tradingview.com/chart/?symbol=NASDAQ:EZPW,https://finviz.com/quote.ashx?t=EZPW,"$vol(30d) $25.7M < $50M | FAIL: dollar_vol, short_float, rr (no TV drawing read)"
FBNC,FAIL,"dollar_vol,short_float,rr",False,False,True,True,False,True,True,True,True,,False,61.56999969482422,12972133.97970276,210689.2,5.41,82.95,2026-10-28,27,263,59.287010192871094,60.532326355386814,59.909668274128954,56.86216242318429,66.33999633789062,2.1100297680374904,1.0,3.047505850944667,0.5448164833483731,,,,,,,,,,,,,,14,hammer,2026-09-25,hammer,2026-10-01,False,True,False,no TV drawing read (f_rr False),https://www.tradingview.com/chart/?symbol=NASDAQ:FBNC,https://finviz.com/quote.ashx?t=FBNC,"$vol(30d) $13.0M < $50M | FAIL: dollar_vol, short_float, rr (no TV drawing read)"
FBP,FAIL,"dollar_vol,rr",False,True,True,True,False,True,True,True,True,,False,26.652000427246094,33507491.053543344,1257222.3666666667,4.92,97.35,2026-10-28,27,263,23.937618255615234,24.134553408849484,24.03608583223236,22.854451656569502,29.4887638092041,4.614522911808108,0.9999999999999997,1.1816341756628579,2.2138108806359567,,,,,,,,,,,,,,26,rejection,2026-09-18,engulfing,2026-10-01,False,True,False,no TV drawing read (f_rr False),https://www.tradingview.com/chart/?symbol=NYSE:FBP,https://finviz.com/quote.ashx?t=FBP,"$vol(30d) $33.5M < $50M | FAIL: dollar_vol, rr (no TV drawing read)"
FCFS,FAIL,"short_float,rr",True,False,True,True,False,True,False,True,True,,False,208.14999389648438,88500249.97660217,425175.36666666664,6.19,99.31,2026-10-22,21,262,162.90859985351562,164.29010707885658,163.5993534661861,153.2777266570131,228.3800048828125,6.276205545336583,0.6266816172221635,16.4702881423661,2.7049095950969915,,,,,,,,,,,,,,1,hammer,2026-09-11,hammer,2026-09-28,False,True,False,no TV drawing read (f_rr False),https://www.tradingview.com/chart/?symbol=NASDAQ:FCFS,https://finviz.com/quote.ashx?t=FCFS,"short float 6.19% >= 5% | FAIL: short_float, rr (no TV drawing read)"
FCX,FAIL,rr,True,True,True,True,False,True,False,True,True,,True,69.30000305175781,912667237.9410427,13169800.833333334,2.4,90.25,2026-10-15,14,262,70.04000091552734,70.53879027479837,70.28939559516286,66.53161438986663,78.38999938964844,2.1556879849919333,0.5830796111281533,6.444713781066021,-0.15352001299294168,no,,,,,,,2026-10-02,charts/latest/FCX.webp,,,,,4,strong_close,2026-09-18,strong_close,2026-10-01,False,True,False,TV drawing not found (f_rr False),https://www.tradingview.com/chart/?symbol=NYSE:FCX,https://finviz.com/quote.ashx?t=FCX,FAIL: rr (TV drawing not found)
FDS,FAIL,"short_float,rr",True,False,True,True,False,True,False,True,True,,False,277.5050048828125,246162257.6073242,887055.2,10.84,115.23,2026-12-17,77,263,230.73046875,232.33656852734288,231.53351863867144,207.16926807674957,307.82000732421875,3.131082915588346,0.9012802935570285,27.032933856530853,1.700573326155454,,,,,,,,,,,,,,2,strong_close,2026-09-18,strong_close,2026-09-30,False,True,False,no TV drawing read (f_rr False),https://www.tradingview.com/chart/?symbol=NYSE:FDS,https://finviz.com/quote.ashx?t=FDS,"short float 10.84% >= 5% | FAIL: short_float, rr (no TV drawing read)"
FFBC,FAIL,"dollar_vol,short_float,rr",False,False,True,True,False,True,False,True,True,,False,31.510000228881836,26322047.794864338,835355.3666666667,5.9,85.78,2026-10-22,21,263,30.133853912353516,30.221622568782454,30.177738240567983,28.60521042804773,35.43537902832031,3.343432622235173,1.0000000000000009,1.5725278125202513,0.8472104453139494,,,,,,,,,,,,,,1,hammer,2026-09-25,hammer,2026-10-01,False,True,False,no TV drawing read (f_rr False),https://www.tradingview.com/chart/?symbol=NASDAQ:FFBC,https://finviz.com/quote.ashx?t=FFBC,"$vol(30d) $26.3M < $50M | FAIL: dollar_vol, short_float, rr (no TV drawing read)"
FISI,FAIL,"dollar_vol,rr",False,True,True,True,False,True,True,True,True,,False,39.47999954223633,5694126.6379776,144228.13333333333,3.47,80.15,2026-10-22,21,263,34.20723342895508,34.528475599215206,34.36785451408514,32.51743569959426,41.87079449794637,4.054725300620971,1.0000000000000018,1.8504188144908764,2.7626962005127167,,,,,,,,,,,,,,7,hammer,2026-09-18,hammer,2026-10-01,False,True,False,no TV drawing read (f_rr False),https://www.tradingview.com/chart/?symbol=NASDAQ:FISI,https://finviz.com/quote.ashx?t=FISI,"$vol(30d) $5.7M < $50M | FAIL: dollar_vol, rr (no TV drawing read)"
FIVE,FAIL,rr,True,True,True,True,False,True,False,True,True,,True,221.1699981689453,267657926.50940755,1210190.9333333333,4.53,101.3,2026-12-02,62,263,163.47000122070312,168.97999572753906,166.2249984741211,147.44785635811942,252.1999969482422,4.5787052120596226,0.9999999999999998,18.777142116001674,2.926164128459181,no,,,,,,,2026-10-02,charts/latest/FIVE.webp,,,,,1,strong_close,2026-09-04,hammer,2026-10-01,False,True,False,TV drawing not found (f_rr False),https://www.tradingview.com/chart/?symbol=NASDAQ:FIVE,https://finviz.com/quote.ashx?t=FIVE,FAIL: rr (TV drawing not found)
FLEX,FAIL,rr,True,True,True,True,False,True,True,True,True,,True,112.77999877929688,340350104.33080035,3017823.2666666666,2.45,96.61,2026-11-04,34,263,65.68000030517578,67.70999908447266,66.69499969482422,55.14999984741211,128.1999969482422,5.327414297645465,0.7073835123676774,16.32070813860212,2.8237132049112095,no,,,,,,,2026-10-02,charts/latest/FLEX.webp,,,,,13,strong_close,2026-09-11,hammer,2026-10-01,False,True,False,TV drawing not found (f_rr False),https://www.tradingview.com/chart/?symbol=NASDAQ:FLEX,https://finviz.com/quote.ashx?t=FLEX,FAIL: rr (TV drawing not found)
FLR,FAIL,"short_float,rr",True,False,True,True,False,False,True,True,True,,False,49.33000183105469,114882944.31228028,2328865.6,7.83,97.03,2026-10-30,29,262,53.65999984741211,53.91999816894531,53.78999900817871,48.77571405683245,56.81999969482422,0.6042737331535171,1.0000000000000002,5.014284951346261,-0.8894582618258622,,,,,,,,,,,,,,5,strong_close,2026-09-18,strong_close,2026-10-01,False,True,False,no TV drawing read (f_rr False),https://www.tradingview.com/chart/?symbol=NYSE:FLR,https://finviz.com/quote.ashx?t=FLR,"short float 7.83% >= 5% | FAIL: short_float, rr (no TV drawing read)"
FLYW,FAIL,"dollar_vol,short_float,rr",False,False,True,True,False,False,True,True,True,,False,17.559999465942383,24830513.54882202,1414038.4,10.39,104.85,2026-11-10,40,263,18.75,18.920000076293945,18.835000038146973,17.21081440789359,19.540000915527344,0.4340642253252707,0.9999999999999998,1.624185630253383,-0.7850091445555283,,,,,,,,,,,,,,9,hammer,2026-09-25,rejection,2026-10-01,False,True,False,no TV drawing read (f_rr False),https://www.tradingview.com/chart/?symbol=NASDAQ:FLYW,https://finviz.com/quote.ashx?t=FLYW,"$vol(30d) $24.8M < $50M | FAIL: dollar_vol, short_float, rr (no TV drawing read)"
FOXF,FAIL,"dollar_vol,short_float,rr",False,False,True,True,False,False,True,True,True,,False,18.3700008392334,8466010.22110297,460860.63333333336,6.94,101.8,2026-10-29,28,263,19.719999313354492,20.0,19.859999656677246,17.82728569848197,21.979999542236328,1.0429405854236868,0.9999999999999998,2.0327139581952776,-0.7330095862414043,,,,,,,,,,,,,,12,strong_close,2026-09-04,hammer,2026-10-01,False,True,False,no TV drawing read (f_rr False),https://www.tradingview.com/chart/?symbol=NASDAQ:FOXF,https://finviz.com/quote.ashx?t=FOXF,"$vol(30d) $8.5M < $50M | FAIL: dollar_vol, short_float, rr (no TV drawing read)"
FRST,FAIL,"dollar_vol,rr",False,True,True,True,False,True,True,True,True,,False,15.390000343322754,2270701.1846551895,147543.93333333332,3.58,80.49,2026-10-22,21,263,14.509625434875488,14.776129374748734,14.642877404812111,14.104805881499399,16.65999984741211,3.7487998438967765,0.6101219605166842,0.8819081399021348,0.847166393762451,,,,,,,,,,,,,,12,rejection,2026-09-18,strong_close,2026-10-01,False,True,False,no TV drawing read (f_rr False),https://www.tradingview.com/chart/?symbol=NASDAQ:FRST,https://finviz.com/quote.ashx?t=FRST,"$vol(30d) $2.3M < $50M | FAIL: dollar_vol, rr (no TV drawing read)"
FTDR,FAIL,"dollar_vol,rr",False,True,True,True,False,True,False,True,True,,False,75.44999694824219,41203245.848434955,546100.0333333333,4.91,105.81,2026-10-29,28,263,68.80000305175781,70.01000213623047,69.40500259399414,62.71857343401228,90.83000183105469,3.2042512863650323,0.9999999999999999,6.686429159981864,0.9040691540452129,,,,,,,,,,,,,,0,hammer,2026-09-11,strong_close,2026-10-01,False,True,False,no TV drawing read (f_rr False),https://www.tradingview.com/chart/?symbol=NASDAQ:FTDR,https://finviz.com/quote.ashx?t=FTDR,"$vol(30d) $41.2M < $50M | FAIL: dollar_vol, rr (no TV drawing read)"
FTI,PASS,,True,True,True,True,True,True,False,True,True,True,False,68.8499984741211,182277630.73029634,2647460.2,3.27,99.56,2026-10-29,28,263,40.23847198486328,40.79664885300429,40.51756041893378,37.87546448937707,80.30999755859375,15.06093578757238,0.4999999999999997,5.284191859113423,5.361735306094829,yes,64.55,63.6,64.07,59.83,79.75,3.7,2026-10-02,charts/latest/FTI.webp,68.85,5.2842,4.3,0.8137,1,strong_close,2026-09-04,strong_close,2026-10-01,False,True,False,,https://www.tradingview.com/chart/?symbol=NYSE:FTI,https://finviz.com/quote.ashx?t=FTI,PASS (TV) entry=64.07 SL=59.83 TP=79.75 R:R=3.7 zone=[63.6-64.55]
FULT,FAIL,"dollar_vol,short_float,rr",False,False,True,True,False,True,True,True,True,,False,22.59000015258789,36137614.05109749,1599717.3,5.41,83.67,2026-10-20,19,263,21.817279815673828,22.20421596394416,22.010747889808997,21.01948759069712,24.81999969482422,2.8340202947017907,1.0,0.9912602991118753,0.5843593890503616,,,,,,,,,,,,,,14,hammer,2026-09-25,hammer,2026-10-01,False,True,False,no TV drawing read (f_rr False),https://www.tradingview.com/chart/?symbol=NASDAQ:FULT,https://finviz.com/quote.ashx?t=FULT,"$vol(30d) $36.1M < $50M | FAIL: dollar_vol, short_float, rr (no TV drawing read)"
GCMG,FAIL,"dollar_vol,rr",False,True,True,True,False,True,True,True,True,,False,13.079999923706055,6166698.508030447,471460.13333333336,2.02,90.32,2026-11-11,41,263,11.173583954886555,11.418618698938745,11.29610132691265,10.359867290524877,13.73939037322998,2.6096990190018667,1.0000000000000009,0.9362340363877727,1.9053981456133937,,,,,,,,,,,,,,9,hammer,2026-09-25,hammer,2026-10-01,False,True,False,no TV drawing read (f_rr False),https://www.tradingview.com/chart/?symbol=NASDAQ:GCMG,https://finviz.com/quote.ashx?t=GCMG,"$vol(30d) $6.2M < $50M | FAIL: dollar_vol, rr (no TV drawing read)"
GCO,FAIL,"dollar_vol,short_float,rr",False,False,True,True,False,True,False,True,True,,False,34.869998931884766,7425623.22687645,212951.63333333333,13.73,94.32,2026-12-04,64,263,24.209999084472656,24.979999542236328,24.594999313354492,21.250000228881834,35.939998626708984,3.3916300204736953,0.9806300101600117,3.4110715048653737,3.0122498469687757,,,,,,,,,,,,,,1,strong_close,2026-09-25,engulfing,2026-10-01,False,True,False,no TV drawing read (f_rr False),https://www.tradingview.com/chart/?symbol=NYSE:GCO,https://finviz.com/quote.ashx?t=GCO,"$vol(30d) $7.4M < $50M | FAIL: dollar_vol, short_float, rr (no TV drawing read)"
GEO,FAIL,"short_float,rr",True,False,True,True,False,True,True,True,True,,False,30.795000076293945,67881761.51917559,2204311.1333333333,7.65,95.01,2026-11-05,35,263,18.549999237060547,18.809999465942383,18.679999351501465,17.08000015258789,32.79999923706055,8.825004346968912,0.6902264291287601,2.3180787222726003,5.22631117243299,,,,,,,,,,,,,,29,hammer,2026-09-25,engulfing,2026-10-01,False,True,False,no TV drawing read (f_rr False),https://www.tradingview.com/chart/?symbol=NYSE:GEO,https://finviz.com/quote.ashx?t=GEO,"short float 7.65% >= 5% | FAIL: short_float, rr (no TV drawing read)"
GFF,FAIL,"dollar_vol,rr",False,True,True,True,False,False,False,True,True,,False,93.20999908447266,28038223.301602934,300807.0333333333,4.66,80.28,2026-11-12,42,263,96.2056884765625,97.48284224289681,96.84426535972966,89.65252022311601,106.01384412929028,1.2750144221431996,1.0000000000000007,7.191745136613642,-0.5053385800276374,,,,,,,,,,,,,,1,strong_close,2026-09-25,hammer,2026-10-01,False,True,False,no TV drawing read (f_rr False),https://www.tradingview.com/chart/?symbol=NYSE:GFF,https://finviz.com/quote.ashx?t=GFF,"$vol(30d) $28.0M < $50M | FAIL: dollar_vol, rr (no TV drawing read)"
GKOS,FAIL,"short_float,rr",True,False,True,True,False,True,False,False,True,,False,163.13999938964844,115910648.72434641,710498.0333333333,7.36,103.76,2026-11-04,34,263,144.99000549316406,148.11000061035156,146.5500030517578,131.28469739641463,184.88999938964844,2.511577377061612,0.9999999999999994,15.265305655343193,1.086777868223278,,,,,,,,,,,,,,1,,,strong_close,2026-09-30,False,True,False,no TV drawing read (f_rr False),https://www.tradingview.com/chart/?symbol=NYSE:GKOS,https://finviz.com/quote.ashx?t=GKOS,"short float 7.36% >= 5% | FAIL: short_float, rr (no TV drawing read)"
GPC,FAIL,"short_float,rr",True,False,True,True,False,True,True,True,True,,False,125.125,121363054.3125,969934.5,5.8,95.97,2026-10-15,14,263,111.69415283203125,113.69657986606866,112.69536634904995,104.26674023493584,138.0800018310547,3.0117168727530856,1.0000000000000009,8.428626114114103,1.474692729593983,,,,,,,,,,,,,,11,hammer,2026-09-25,rejection,2026-10-01,True,True,False,no TV drawing read (f_rr False),https://www.tradingview.com/chart/?symbol=NYSE:GPC,https://finviz.com/quote.ashx?t=GPC,"short float 5.80% >= 5% | FAIL: short_float, rr (no TV drawing read)"
GPN,FAIL,"short_float,rr",True,False,True,True,False,True,True,True,True,,False,80.2750015258789,188969981.26030225,2354032.7333333334,7.44,93.1,2026-11-03,33,263,75.2475653121576,75.55550671858524,75.40153601537142,68.74454623906416,93.36565351610253,2.6985346386841087,0.9999999999999993,6.6569897763072605,0.7320824688438798,,,,,,,,,,,,,,14,hammer,2026-09-25,hammer,2026-09-28,True,True,False,no TV drawing read (f_rr False),https://www.tradingview.com/chart/?symbol=NYSE:GPN,https://finviz.com/quote.ashx?t=GPN,"short float 7.44% >= 5% | FAIL: short_float, rr (no TV drawing read)"
GPRE,FAIL,"dollar_vol,short_float,rr",False,False,True,True,False,False,False,True,True,,False,14.930000305175781,23098116.380469006,1547094.1666666667,17.61,112.54,2026-10-29,28,263,18.190000534057617,18.940000534057617,18.565000534057617,16.837143216814315,19.010000228881836,0.25754423723724507,0.9999999999999991,1.7278573172433036,-2.1037618052173825,,,,,,,,,,,,,,4,hammer,2026-09-18,hammer,2026-09-29,False,True,False,no TV drawing read (f_rr False),https://www.tradingview.com/chart/?symbol=NASDAQ:GPRE,https://finviz.com/quote.ashx?t=GPRE,"$vol(30d) $23.1M < $50M | FAIL: dollar_vol, short_float, rr (no TV drawing read)"
GRPN,FAIL,"dollar_vol,short_float,rr",False,False,True,True,False,True,True,True,True,,False,19.530000686645508,21755302.997883797,1113942.7666666666,39.89,92.34,2026-11-05,35,263,20.229999542236328,22.389999389648438,21.309999465942383,18.197499411446707,28.350000381469727,2.261847644101663,1.0000000000000002,3.1125000544956754,-0.5718871479940558,,,,,,,,,,,,,,7,strong_close,2026-09-25,strong_close,2026-09-29,False,True,False,no TV drawing read (f_rr False),https://www.tradingview.com/chart/?symbol=NASDAQ:GRPN,https://finviz.com/quote.ashx?t=GRPN,"$vol(30d) $21.8M < $50M | FAIL: dollar_vol, short_float, rr (no TV drawing read)"
GTES,FAIL,"dollar_vol,rr",False,True,True,True,False,False,True,True,True,,False,26.469999313354492,45895365.65445042,1733863.5,4.96,90.89,2026-10-30,29,263,26.18000030517578,26.329999923706055,26.255000114440918,24.2575717653547,28.729999542236328,1.2390929711835081,1.0000000000000002,1.9974283490862166,0.10763800314135526,,,,,,,,,,,,,,7,strong_close,2026-09-25,hammer,2026-10-01,False,True,False,no TV drawing read (f_rr False),https://www.tradingview.com/chart/?symbol=NYSE:GTES,https://finviz.com/quote.ashx?t=GTES,"$vol(30d) $45.9M < $50M | FAIL: dollar_vol, rr (no TV drawing read)"
GTX,PASS,,True,True,True,True,True,True,False,True,True,False,False,26.25,69950223.0,2664770.4,3.91,94.98,2026-10-22,21,263,17.351736831272113,17.497647987157407,17.42469240921476,16.256775914192986,35.00577926635742,15.053376617319614,0.4999999999999999,2.3358329900435497,3.7782271371296536,yes,21.3,20.96,21.1,18.48,34.59,5.15,2026-10-02,charts/latest/GTX.webp,26.25,2.3358,4.95,2.1192,1,strong_close,2026-09-04,hammer,2026-10-01,False,True,False,,https://www.tradingview.com/chart/?symbol=NASDAQ:GTX,https://finviz.com/quote.ashx?t=GTX,PASS (TV) entry=21.1 SL=18.48 TP=34.59 R:R=5.15 zone=[20.96-21.3]
GWRE,FAIL,rr,True,True,True,True,False,False,False,True,True,,True,155.2899932861328,234268806.73953247,1508589.2,3.9,104.08,2026-12-03,63,261,158.9199981689453,173.17999267578125,166.04999542236328,144.3864244733538,205.85000610351562,1.8371860657151775,0.9999999999999999,21.663570949009486,-0.4966864494111689,no,,,,,,,2026-10-02,charts/latest/GWRE.webp,,,,,1,strong_close,2026-08-28,strong_close,2026-10-01,False,True,False,TV drawing not found (f_rr False),https://www.tradingview.com/chart/?symbol=NYSE:GWRE,https://finviz.com/quote.ashx?t=GWRE,FAIL: rr (TV drawing not found)
HAFC,FAIL,"dollar_vol,rr",False,True,True,True,False,True,True,True,True,,False,31.209999084472656,6878839.848213196,220405.0,4.33,94.01,2026-10-27,26,263,28.165475845336914,29.36132093663308,28.763398390984996,27.362621831589035,32.4900016784668,2.6603838153093995,0.9999999999999989,1.4007765593959627,1.7466031088803156,,,,,,,,,,,,,,21,hammer,2026-09-25,hammer,2026-10-01,True,True,False,no TV drawing read (f_rr False),https://www.tradingview.com/chart/?symbol=NASDAQ:HAFC,https://finviz.com/quote.ashx?t=HAFC,"$vol(30d) $6.9M < $50M | FAIL: dollar_vol, rr (no TV drawing read)"
HBNC,FAIL,"dollar_vol,rr",False,True,True,True,False,True,False,True,True,,False,19.079999923706055,9686716.257266363,507689.5333333333,4.03,80.59,2026-10-28,27,263,18.25895881652832,18.29826856207387,18.278613689301096,17.385762322692745,20.690000534057617,2.7007707384898643,1.0000000000000009,0.8928513666083503,0.8975583891965828,,,,,,,,,,,,,,1,hammer,2026-09-25,engulfing,2026-10-01,False,True,False,no TV drawing read (f_rr False),https://www.tradingview.com/chart/?symbol=NASDAQ:HBNC,https://finviz.com/quote.ashx?t=HBNC,"$vol(30d) $9.7M < $50M | FAIL: dollar_vol, rr (no TV drawing read)"
HFWA,FAIL,"dollar_vol,short_float,rr",False,False,True,True,False,True,False,True,True,,False,27.889999389648438,10976000.488798521,393546.1,7.51,82.71,2026-10-15,14,263,24.839114844737473,25.413826005784966,25.126470425261218,23.73698090996393,30.270082473754883,3.7017998278260937,1.000000000000001,1.389489515297287,1.9888807608569479,,,,,,,,,,,,,,2,hammer,2026-09-25,hammer,2026-10-01,False,True,False,no TV drawing read (f_rr False),https://www.tradingview.com/chart/?symbol=NASDAQ:HFWA,https://finviz.com/quote.ashx?t=HFWA,"$vol(30d) $11.0M < $50M | FAIL: dollar_vol, short_float, rr (no TV drawing read)"
HIW,FAIL,"dollar_vol,short_float,rr",False,False,True,True,False,True,True,True,True,,False,29.09000015258789,31084532.741049957,1068564.2,11.27,119.33,2026-10-27,26,263,28.898186068327096,29.044090305736304,28.9711381870317,27.297969735288966,33.30302810668945,2.5890339464300567,0.9999999999999992,1.6731684517427339,0.0710400470630368,,,,,,,,,,,,,,8,hammer,2026-09-11,hammer,2026-10-01,False,True,False,no TV drawing read (f_rr False),https://www.tradingview.com/chart/?symbol=NYSE:HIW,https://finviz.com/quote.ashx?t=HIW,"$vol(30d) $31.1M < $50M | FAIL: dollar_vol, short_float, rr (no TV drawing read)"
HNI,FAIL,"dollar_vol,short_float,rr",False,False,True,True,False,True,True,True,True,,False,46.77000045776367,25064646.578321457,535912.9,5.99,88.74,2026-11-03,33,263,37.259033203125,37.59293086872538,37.42598203592519,34.19726197258501,49.65999984741211,3.7891231111657855,1.0000000000000009,3.2287200633401736,2.8940317644546476,,,,,,,,,,,,,,19,hammer,2026-09-25,engulfing,2026-10-01,False,True,False,no TV drawing read (f_rr False),https://www.tradingview.com/chart/?symbol=NYSE:HNI,https://finviz.com/quote.ashx?t=HNI,"$vol(30d) $25.1M < $50M | FAIL: dollar_vol, short_float, rr (no TV drawing read)"
HOG,FAIL,"dollar_vol,short_float,rr",False,False,True,True,False,False,True,True,True,,False,24.829999923706055,41711977.291500285,1679902.4333333333,18.0,108.81,2026-10-28,27,263,26.031402296461586,26.289630865389874,26.16051658092573,24.161225618780456,28.18661686757852,1.0134094161455856,0.9999999999999997,1.9992909621452746,-0.6654942589206763,,,,,,,,,,,,,,9,hammer,2026-09-11,hammer,2026-10-01,False,True,False,no TV drawing read (f_rr False),https://www.tradingview.com/chart/?symbol=NYSE:HOG,https://finviz.com/quote.ashx?t=HOG,"$vol(30d) $41.7M < $50M | FAIL: dollar_vol, short_float, rr (no TV drawing read)"
HOPE,FAIL,"dollar_vol,short_float,rr",False,False,True,True,False,True,True,True,True,,False,13.5,11533426.200000001,854327.8666666667,5.52,94.53,2026-10-26,25,263,12.248750686645508,12.383428447353165,12.316089566999336,11.702225896159367,14.449999809265137,3.476195682578682,0.9999999999999998,0.6138636708399688,1.9286211079744826,,,,,,,,,,,,,,5,hammer,2026-09-25,strong_close,2026-10-01,False,True,False,no TV drawing read (f_rr False),https://www.tradingview.com/chart/?symbol=NASDAQ:HOPE,https://finviz.com/quote.ashx?t=HOPE,"$vol(30d) $11.5M < $50M | FAIL: dollar_vol, short_float, rr (no TV drawing read)"
HP,FAIL,"dollar_vol,short_float,rr",False,False,True,True,False,True,False,True,True,,False,38.229000091552734,45027867.196035005,1177845.8,7.61,102.77,2026-11-18,48,263,29.30034637451172,29.86909365405642,29.58472001428407,26.292080863921957,44.939998626708984,4.663516987804811,1.0000000000000004,3.292639150362112,2.6253347793419755,,,,,,,,,,,,,,1,hammer,2026-08-28,strong_close,2026-10-01,False,True,False,no TV drawing read (f_rr False),https://www.tradingview.com/chart/?symbol=NYSE:HP,https://finviz.com/quote.ashx?t=HP,"$vol(30d) $45.0M < $50M | FAIL: dollar_vol, short_float, rr (no TV drawing read)"
HPP,FAIL,"dollar_vol,short_float,rr",False,False,True,True,False,False,True,True,True,,False,11.420000076293945,6669672.892558289,584034.4,12.71,121.1,2026-11-04,34,263,16.520000457763672,17.149999618530273,16.835000038146973,15.141071592058454,16.959999084472656,0.07379240050801508,1.0000000000000002,1.6939284460885184,-3.196711156458175,,,,,,,,,,,,,,26,strong_close,2026-09-11,hammer,2026-10-01,False,True,False,no TV drawing read (f_rr False),https://www.tradingview.com/chart/?symbol=NYSE:HPP,https://finviz.com/quote.ashx?t=HPP,"$vol(30d) $6.7M < $50M | FAIL: dollar_vol, short_float, rr (no TV drawing read)"
HQY,FAIL,"short_float,rr",True,False,True,True,False,True,False,True,True,,False,89.37000274658203,86295269.50808716,965595.4666666667,5.96,109.65,2026-12-08,68,263,89.52999877929688,92.3499984741211,90.93999862670898,83.70785576956612,105.72000122070312,2.043654679663386,1.0000000000000007,7.232142857142857,-0.2170858500916281,,,,,,,,,,,,,,0,hammer,2026-09-11,hammer,2026-10-01,False,True,False,no TV drawing read (f_rr False),https://www.tradingview.com/chart/?symbol=NASDAQ:HQY,https://finviz.com/quote.ashx?t=HQY,"short float 5.96% >= 5% | FAIL: short_float, rr (no TV drawing read)"
HRB,FAIL,"short_float,rr",True,False,True,True,False,True,False,False,True,,False,42.33000183105469,73306071.37397613,1731775.7666666666,14.39,105.13,2026-11-05,35,263,38.11940002441406,39.0505761008114,38.58498806261273,34.234993825827296,53.43327713012695,3.4134043079760112,1.0000000000000007,4.349994236785432,0.8609238460070825,,,,,,,,,,,,,,1,,,strong_close,2026-10-01,False,True,False,no TV drawing read (f_rr False),https://www.tradingview.com/chart/?symbol=NYSE:HRB,https://finviz.com/quote.ashx?t=HRB,"short float 14.39% >= 5% | FAIL: short_float, rr (no TV drawing read)"
HSIC,FAIL,"short_float,rr",True,False,True,True,False,True,False,True,True,,False,84.93000030517578,86101346.37638474,1013791.9,8.01,98.66,2026-11-03,33,263,78.83000183105469,79.95999908447266,79.39500045776367,75.2817862374442,89.80999755859375,2.5320823431416453,1.0000000000000004,4.113214220319476,1.3456629173527954,,,,,,,,,,,,,,1,engulfing,2026-08-28,strong_close,2026-10-01,False,True,False,no TV drawing read (f_rr False),https://www.tradingview.com/chart/?symbol=NASDAQ:HSIC,https://finviz.com/quote.ashx?t=HSIC,"short float 8.01% >= 5% | FAIL: short_float, rr (no TV drawing read)"
HST,FAIL,"short_float,rr",True,False,True,True,False,True,False,True,True,,False,22.510000228881836,184642087.07010865,8202669.266666667,6.1,106.09,2026-11-04,34,263,19.44915133350018,19.582559924202123,19.51585562885115,18.447586162801937,25.1299991607666,5.255362724798523,1.0000000000000013,1.0682694660492111,2.8027990082913763,,,,,,,,,,,,,,1,strong_close,2026-09-25,hammer,2026-10-01,False,True,False,no TV drawing read (f_rr False),https://www.tradingview.com/chart/?symbol=NASDAQ:HST,https://finviz.com/quote.ashx?t=HST,"short float 6.10% >= 5% | FAIL: short_float, rr (no TV drawing read)"
HTO,FAIL,"dollar_vol,short_float,rr",False,False,True,True,False,True,True,True,True,,False,60.20000076293945,24407028.78265368,405432.36666666664,13.22,112.45,2026-11-02,32,263,57.721810134814596,58.059423160855445,57.89061664783502,54.932173868440884,64.31999969482422,2.1732321786889153,1.0,2.958442779394133,0.7806080047211122,,,,,,,,,,,,,,8,hammer,2026-09-18,hammer,2026-09-30,False,True,False,no TV drawing read (f_rr False),https://www.tradingview.com/chart/?symbol=NASDAQ:HTO,https://finviz.com/quote.ashx?t=HTO,"$vol(30d) $24.4M < $50M | FAIL: dollar_vol, short_float, rr (no TV drawing read)"
HUM,FAIL,rr,True,True,True,True,False,True,True,True,True,,True,379.5199890136719,390456591.23574626,1028816.9333333333,2.38,100.68,2026-11-06,36,263,274.8027038574219,282.33658874909094,278.5696463032564,247.53230586659342,409.79998779296875,4.22814389517396,1.0000000000000004,31.037340436662948,3.2525448794951393,no,,,,,,,2026-10-02,charts/latest/HUM.webp,,,,,8,hammer,2026-09-25,strong_close,2026-09-24,False,True,False,TV drawing not found (f_rr False),https://www.tradingview.com/chart/?symbol=NYSE:HUM,https://finviz.com/quote.ashx?t=HUM,FAIL: rr (TV drawing not found)
HVT,FAIL,"dollar_vol,rr",False,True,True,True,False,True,False,True,True,,False,27.459999084472656,3493887.628845724,127235.53333333334,4.72,81.06,2026-11-04,34,261,22.683874127902698,23.09294254345333,22.888408335678015,21.131831049840393,28.860494558045826,3.399842563442933,0.9999999999999993,1.7565772858376232,2.602555996626519,,,,,,,,,,,,,,1,hammer,2026-09-04,hammer,2026-10-01,False,True,False,no TV drawing read (f_rr False),https://www.tradingview.com/chart/?symbol=NYSE:HVT,https://finviz.com/quote.ashx?t=HVT,"$vol(30d) $3.5M < $50M | FAIL: dollar_vol, rr (no TV drawing read)"
HWC,FAIL,"short_float,rr",True,False,True,True,False,False,True,True,True,,False,71.93000030517578,55817483.628148906,775997.2666666667,7.85,97.61,2026-10-20,19,263,77.94108581542969,78.83513356942274,78.38810969242621,74.91368622169658,78.85500251461465,0.13437994134042427,1.0000000000000007,3.4744234707296306,-1.8587571266591245,,,,,,,,,,,,,,9,rejection,2026-09-25,hammer,2026-10-01,False,True,False,no TV drawing read (f_rr False),https://www.tradingview.com/chart/?symbol=NASDAQ:HWC,https://finviz.com/quote.ashx?t=HWC,"short float 7.85% >= 5% | FAIL: short_float, rr (no TV drawing read)"
IART,FAIL,"dollar_vol,short_float,rr",False,False,True,True,False,True,False,True,True,,False,16.09000015258789,12779854.300196456,794273.1,10.23,94.8,2026-11-04,34,263,12.210000038146973,12.380000114440918,12.295000076293945,10.859999885559082,20.079999923706055,5.42508628059862,0.8505505668891759,1.6871427127293177,2.249365182720502,,,,,,,,,,,,,,1,engulfing,2026-09-25,hammer,2026-09-29,False,True,False,no TV drawing read (f_rr False),https://www.tradingview.com/chart/?symbol=NASDAQ:IART,https://finviz.com/quote.ashx?t=IART,"$vol(30d) $12.8M < $50M | FAIL: dollar_vol, short_float, rr (no TV drawing read)"
IBCP,FAIL,"dollar_vol,rr",False,True,True,True,False,True,False,True,True,,False,35.56999969482422,6427274.8538566595,180693.7,3.59,82.37,2026-10-27,26,263,34.27873992919922,34.33830470021423,34.30852231470672,32.799238146814396,38.49781321842195,2.775680678851528,1.000000000000001,1.5092841678923234,0.8358117092549366,,,,,,,,,,,,,,1,hammer,2026-09-25,hammer,2026-10-01,False,True,False,no TV drawing read (f_rr False),https://www.tradingview.com/chart/?symbol=NASDAQ:IBCP,https://finviz.com/quote.ashx?t=IBCP,"$vol(30d) $6.4M < $50M | FAIL: dollar_vol, rr (no TV drawing read)"
IBKR,FAIL,rr,True,True,True,True,False,True,True,True,True,,True,85.80999755859375,332598486.4931397,3875987.6,2.83,88.2,2026-10-15,14,263,77.34832000732422,78.32538911470286,77.83685456101354,71.09582922098969,95.75331115722656,2.657823653300438,0.9999999999999991,6.741025340023859,1.1827789683923648,no,,,,,,,2026-10-02,charts/latest/IBKR.webp,,,,,8,hammer,2026-09-18,hammer,2026-10-01,True,True,False,TV drawing not found (f_rr False),https://www.tradingview.com/chart/?symbol=NASDAQ:IBKR,https://finviz.com/quote.ashx?t=IBKR,FAIL: rr (TV drawing not found)
ICFI,FAIL,"dollar_vol,rr",False,True,True,True,False,True,True,True,True,,False,84.97000122070312,14763843.604101563,173753.6,3.48,102.87,2026-10-29,28,263,73.09683990478516,73.83418321078032,73.46551155778275,67.3765707226539,94.85221862792969,3.5123854294594015,1.0,6.088940835128852,1.8894073656534263,,,,,,,,,,,,,,14,hammer,2026-09-11,hammer,2026-09-29,False,True,False,no TV drawing read (f_rr False),https://www.tradingview.com/chart/?symbol=NASDAQ:ICFI,https://finviz.com/quote.ashx?t=ICFI,"$vol(30d) $14.8M < $50M | FAIL: dollar_vol, rr (no TV drawing read)"
ICHR,FAIL,"dollar_vol,short_float,rr",False,False,True,True,False,True,True,True,True,,False,62.47999954223633,41438580.93906428,663229.5333333333,7.62,90.63,2026-11-09,39,263,50.349998474121094,50.5,50.42499923706055,43.51999877929688,103.94999694824219,7.7516284088005465,0.503963434968514,13.701391765049525,0.8798376480210226,,,,,,,,,,,,,,7,hammer,2026-09-25,hammer,2026-10-01,False,True,False,no TV drawing read (f_rr False),https://www.tradingview.com/chart/?symbol=NASDAQ:ICHR,https://finviz.com/quote.ashx?t=ICHR,"$vol(30d) $41.4M < $50M | FAIL: dollar_vol, short_float, rr (no TV drawing read)"
ICUI,FAIL,"dollar_vol,short_float,rr",False,False,True,True,False,True,True,True,True,,False,157.17999267578125,38540403.22077433,245199.16666666666,6.17,104.54,2026-11-09,39,263,157.02999877929688,159.88999938964844,158.45999908447266,146.35572052001953,184.55999755859375,2.156262212170949,1.0,12.104278564453125,-0.10574826098685687,,,,,,,,,,,,,,19,strong_close,2026-09-25,hammer,2026-09-29,True,True,False,no TV drawing read (f_rr False),https://www.tradingview.com/chart/?symbol=NASDAQ:ICUI,https://finviz.com/quote.ashx?t=ICUI,"$vol(30d) $38.5M < $50M | FAIL: dollar_vol, short_float, rr (no TV drawing read)"
IDYA,FAIL,"dollar_vol,short_float,rr",False,False,True,True,False,False,True,True,True,,False,37.810001373291016,32054628.50158437,847781.7333333333,11.03,101.9,2026-11-10,40,263,34.91999816894531,38.099998474121094,36.5099983215332,33.429640361240935,40.11000061035156,1.1686960850734331,0.999999999999999,3.0803579602922713,0.4220298642286578,,,,,,,,,,,,,,11,hammer,2026-09-18,hammer,2026-09-29,True,True,False,no TV drawing read (f_rr False),https://www.tradingview.com/chart/?symbol=NASDAQ:IDYA,https://finviz.com/quote.ashx?t=IDYA,"$vol(30d) $32.1M < $50M | FAIL: dollar_vol, short_float, rr (no TV drawing read)"
IFF,FAIL,"short_float,rr",True,False,True,True,False,False,False,True,True,,False,83.12999725341797,132431353.29552078,1593063.3666666667,6.51,107.28,2026-11-09,39,262,83.43508911132812,83.60195928955078,83.51852420043946,78.36924512437217,87.53567504882812,0.7801384988161736,0.9999999999999994,5.14927907606729,-0.07545268789708381,,,,,,,,,,,,,,1,strong_close,2026-09-25,hammer,2026-10-01,False,True,False,no TV drawing read (f_rr False),https://www.tradingview.com/chart/?symbol=NYSE:IFF,https://finviz.com/quote.ashx?t=IFF,"short float 6.51% >= 5% | FAIL: short_float, rr (no TV drawing read)"
INBX,FAIL,"dollar_vol,short_float,history,rr",False,False,True,False,False,True,True,True,True,,False,97.93000030517578,33660153.68556061,343716.4666666667,30.91,87.78,2026-11-13,43,123,83.91000366210938,88.0,85.95500183105469,70.086487361363,123.41000366210938,2.360334478857012,1.0000000000000002,15.868514469691686,0.7546389107180087,,,,,,,,,,,,,,11,hammer,2026-09-18,rejection,2026-09-29,False,True,False,no TV drawing read (f_rr False),https://www.tradingview.com/chart/?symbol=NASDAQ:INBX,https://finviz.com/quote.ashx?t=INBX,"$vol(30d) $33.7M < $50M | FAIL: dollar_vol, short_float, history, rr (no TV drawing read)"
INCY,FAIL,rr,True,True,True,True,False,True,True,True,True,,True,117.13999938964844,168725038.53753406,1440370.8333333333,4.97,103.03,2026-11-03,33,262,108.5,109.4800033569336,108.9900016784668,101.18571417672294,127.80999755859375,2.4114944350681147,0.9999999999999994,7.804287501743862,1.0442974723010308,no,,,,,,,2026-10-02,charts/latest/INCY.webp,,,,,14,strong_close,2026-09-18,rejection,2026-09-29,True,True,False,TV drawing not found (f_rr False),https://www.tradingview.com/chart/?symbol=NASDAQ:INCY,https://finviz.com/quote.ashx?t=INCY,FAIL: rr (TV drawing not found)
ITT,FAIL,"short_float,rr",True,False,True,True,False,True,True,True,True,,False,202.16000366210938,155432720.19964907,768859.9,7.67,100.14,2026-11-04,34,262,188.93236629056855,191.2739242937497,190.10314529215913,178.2166626302015,218.9855194091797,2.4298503550977166,0.8569485419693834,13.870707609398428,0.8692316722025657,,,,,,,,,,,,,,10,hammer,2026-09-18,hammer,2026-10-01,True,True,False,no TV drawing read (f_rr False),https://www.tradingview.com/chart/?symbol=NYSE:ITT,https://finviz.com/quote.ashx?t=ITT,"short float 7.67% >= 5% | FAIL: short_float, rr (no TV drawing read)"
J,FAIL,rr,True,True,True,True,False,True,True,True,True,,True,139.72999572753906,108828274.00940704,778846.9,2.76,95.14,2026-11-24,54,263,128.57635591334733,128.58632609935245,128.58134100634987,120.66472289182205,151.97999572753906,2.9556376703645983,0.9999999999999994,7.916618114527826,1.4082597593952695,no,,,,,,,2026-10-02,charts/latest/J.webp,,,,,14,hammer,2026-09-18,strong_close,2026-10-01,True,True,False,TV drawing not found (f_rr False),https://www.tradingview.com/chart/?symbol=NYSE:J,https://finviz.com/quote.ashx?t=J,FAIL: rr (TV drawing not found)
JANX,FAIL,"dollar_vol,short_float,rr",False,False,True,True,False,True,False,True,True,,False,16.959999084472656,15712825.199797058,926463.8,10.19,96.18,2026-11-10,40,263,16.459999084472656,16.530000686645508,16.494999885559082,14.84085716520037,20.239999771118164,2.264012554338089,0.9999999999999996,1.6541427203587122,0.28111189753489707,,,,,,,,,,,,,,1,strong_close,2026-09-04,hammer,2026-09-30,False,True,False,no TV drawing read (f_rr False),https://www.tradingview.com/chart/?symbol=NASDAQ:JANX,https://finviz.com/quote.ashx?t=JANX,"$vol(30d) $15.7M < $50M | FAIL: dollar_vol, short_float, rr (no TV drawing read)"
JXN,FAIL,"short_float,rr",True,False,True,True,False,True,True,True,True,,False,129.39999389648438,99462498.71523744,768643.7666666667,7.03,87.23,2026-11-11,41,263,112.49200439453125,116.44236633026902,114.46718536240013,105.20314900852875,139.71800231933594,2.7256819805530736,1.0000000000000004,9.264036353871372,1.6119116941767975,,,,,,,,,,,,,,5,hammer,2026-09-25,hammer,2026-10-01,False,True,False,no TV drawing read (f_rr False),https://www.tradingview.com/chart/?symbol=NYSE:JXN,https://finviz.com/quote.ashx?t=JXN,"short float 7.03% >= 5% | FAIL: short_float, rr (no TV drawing read)"
KDP,FAIL,"short_float,rr",True,False,True,True,False,False,False,True,True,,False,30.690000534057617,302960448.64002126,9871633.866666667,6.09,108.82,2026-10-22,21,263,29.013338088989258,29.072915096860722,29.04312659292499,27.043430853627733,32.59000015258789,1.7737066144419327,0.9999999999999997,1.9996957392972596,0.8235622593822077,,,,,,,,,,,,,,1,engulfing,2026-09-25,hammer,2026-09-28,False,True,False,no TV drawing read (f_rr False),https://www.tradingview.com/chart/?symbol=NASDAQ:KDP,https://finviz.com/quote.ashx?t=KDP,"short float 6.09% >= 5% | FAIL: short_float, rr (no TV drawing read)"
KFRC,FAIL,"dollar_vol,short_float,rr",False,False,True,True,False,True,False,True,True,,False,54.060001373291016,13039430.907241821,241202.93333333332,9.37,97.45,2026-11-02,32,263,43.337745666503906,46.753189950689816,45.04546780859686,40.52961447840964,58.630958557128906,3.008399466323857,0.9999999999999994,4.515853330187222,1.9961971537991519,,,,,,,,,,,,,,3,rejection,2026-09-25,strong_close,2026-10-01,False,True,False,no TV drawing read (f_rr False),https://www.tradingview.com/chart/?symbol=NYSE:KFRC,https://finviz.com/quote.ashx?t=KFRC,"$vol(30d) $13.0M < $50M | FAIL: dollar_vol, short_float, rr (no TV drawing read)"
KFY,FAIL,"dollar_vol,rr",False,True,True,True,False,True,False,True,True,,False,72.42500305175781,37294719.3764801,514942.6,4.02,94.26,2026-12-09,69,263,72.64205932617188,74.1302247028791,73.38614201452549,68.35017158986864,86.27999877929688,2.560351963474838,1.0000000000000002,5.035970424656852,-0.19085476714910785,,,,,,,,,,,,,,1,hammer,2026-09-04,strong_close,2026-09-29,False,True,False,no TV drawing read (f_rr False),https://www.tradingview.com/chart/?symbol=NYSE:KFY,https://finviz.com/quote.ashx?t=KFY,"$vol(30d) $37.3M < $50M | FAIL: dollar_vol, rr (no TV drawing read)"
KMX,FAIL,"short_float,rr",True,False,True,True,False,True,True,True,True,,False,55.89500045776367,140102601.69789925,2506531.9,7.06,102.99,2026-12-17,77,263,46.86000061035156,49.439998626708984,48.14999961853027,43.26442119053432,63.290000915527344,3.0989168468241024,0.9999999999999997,4.885578427995954,1.5852781719462374,,,,,,,,,,,,,,23,hammer,2026-09-25,hammer,2026-10-01,False,True,False,no TV drawing read (f_rr False),https://www.tradingview.com/chart/?symbol=NYSE:KMX,https://finviz.com/quote.ashx?t=KMX,"short float 7.06% >= 5% | FAIL: short_float, rr (no TV drawing read)"
KNX,FAIL,"short_float,rr",True,False,True,True,False,True,False,True,True,,False,65.43000030517578,224801036.30850726,3435748.6666666665,8.26,101.02,2026-10-21,20,263,62.374271392822266,62.43375235357416,62.404011873198215,57.87356138533066,72.81008229476276,2.296917370453948,0.8520662455032912,5.317016736405919,0.5691139565648627,,,,,,,,,,,,,,1,strong_close,2026-09-04,engulfing,2026-10-01,False,True,False,no TV drawing read (f_rr False),https://www.tradingview.com/chart/?symbol=NYSE:KNX,https://finviz.com/quote.ashx?t=KNX,"short float 8.26% >= 5% | FAIL: short_float, rr (no TV drawing read)"
KOP,FAIL,"dollar_vol,rr",False,True,True,True,False,True,False,True,True,,False,45.189998626708984,7355567.0384696955,162769.8,4.3,103.07,2026-10-30,29,263,29.477861404418945,30.072239189067158,29.775050296743053,26.206518731349185,47.939998626708984,5.090314600583059,1.0,3.5685315653938687,4.31968949902354,,,,,,,,,,,,,,1,strong_close,2026-09-25,hammer,2026-10-01,False,True,False,no TV drawing read (f_rr False),https://www.tradingview.com/chart/?symbol=NYSE:KOP,https://finviz.com/quote.ashx?t=KOP,"$vol(30d) $7.4M < $50M | FAIL: dollar_vol, rr (no TV drawing read)"
KRYS,FAIL,"short_float,rr",True,False,True,True,False,True,False,True,True,,False,325.30999755859375,84549998.53813069,259905.93333333332,12.18,99.09,2026-11-09,39,263,289.0,298.3030090332031,293.65150451660156,266.94721548897877,358.239990234375,2.4186558814939207,1.0000000000000009,26.704289027622767,1.1855209104891284,,,,,,,,,,,,,,1,strong_close,2026-09-25,hammer,2026-09-25,False,True,False,no TV drawing read (f_rr False),https://www.tradingview.com/chart/?symbol=NASDAQ:KRYS,https://finviz.com/quote.ashx?t=KRYS,"short float 12.18% >= 5% | FAIL: short_float, rr (no TV drawing read)"
KURA,FAIL,"dollar_vol,short_float,rr",False,False,True,True,False,False,False,True,True,,False,10.649999618530273,21641221.319838397,2032039.6333333333,17.15,98.65,2026-10-29,28,263,11.449999809265137,12.220000267028809,11.835000038146973,10.447428567068917,13.25,1.0197672634143027,1.0000000000000004,1.3875714710780553,-0.8540103658199522,,,,,,,,,,,,,,0,strong_close,2026-09-04,strong_close,2026-09-29,False,True,False,no TV drawing read (f_rr False),https://www.tradingview.com/chart/?symbol=NASDAQ:KURA,https://finviz.com/quote.ashx?t=KURA,"$vol(30d) $21.6M < $50M | FAIL: dollar_vol, short_float, rr (no TV drawing read)"
KWR,FAIL,"dollar_vol,short_float,rr",False,False,True,True,False,False,True,True,True,,False,158.47000122070312,22006111.036514282,138866.1,13.44,91.35,2026-10-29,28,263,160.63099670410156,162.94337340643094,161.78718505526626,149.99450728031152,170.72000122070312,0.7574883614990613,1.0000000000000007,11.792677774954731,-0.2812918234404885,,,,,,,,,,,,,,11,strong_close,2026-09-25,strong_close,2026-10-01,True,True,False,no TV drawing read (f_rr False),https://www.tradingview.com/chart/?symbol=NYSE:KWR,https://finviz.com/quote.ashx?t=KWR,"$vol(30d) $22.0M < $50M | FAIL: dollar_vol, short_float, rr (no TV drawing read)"
KYMR,FAIL,"short_float,rr",True,False,True,True,False,True,False,True,True,,False,110.12000274658203,78807945.2482722,715655.1333333333,14.12,108.49,2026-10-29,28,262,87.80999755859375,90.0999984741211,88.95499801635742,78.30092566353935,119.9800033569336,2.9120325367764037,0.9999999999999997,10.65407235281808,1.9865647640947652,,,,,,,,,,,,,,0,hammer,2026-09-18,rejection,2026-09-30,False,True,False,no TV drawing read (f_rr False),https://www.tradingview.com/chart/?symbol=NASDAQ:KYMR,https://finviz.com/quote.ashx?t=KYMR,"short float 14.12% >= 5% | FAIL: short_float, rr (no TV drawing read)"
LAMR,PASS,,True,True,True,True,True,True,False,True,True,True,False,143.33999633789062,69737827.5763092,486520.36666666664,3.63,85.41,2026-10-29,28,263,134.6874542236328,135.62618083125926,135.15681752744604,128.90360337252136,162.32000732421875,4.343876464774603,1.000000000000002,6.253214154924665,1.3086356244492277,yes,147.28,145.49,146.09,140.13,159.92,2.32,2026-10-02,charts/latest/LAMR.webp,143.34,6.2532,2.15,0.3438,1,hammer,2026-09-04,rejection,2026-10-01,False,True,False,,https://www.tradingview.com/chart/?symbol=NASDAQ:LAMR,https://finviz.com/quote.ashx?t=LAMR,PASS (TV) entry=146.09 SL=140.13 TP=159.92 R:R=2.32 zone=[145.49-147.28]
LB,FAIL,"dollar_vol,short_float,history,rr",False,False,True,False,False,False,True,True,True,,False,80.6500015258789,19684837.30576579,244077.33333333334,12.14,96.4,2026-11-11,41,119,77.88435270045264,81.9588332526095,79.92159297653106,72.21563487469624,88.38012267646172,1.0976610031031249,1.0000000000000007,7.705958101834819,0.0945253711117908,,,,,,,,,,,,,,7,hammer,2026-09-18,hammer,2026-10-01,True,True,False,no TV drawing read (f_rr False),https://www.tradingview.com/chart/?symbol=NYSE:LB,https://finviz.com/quote.ashx?t=LB,"$vol(30d) $19.7M < $50M | FAIL: dollar_vol, short_float, history, rr (no TV drawing read)"
LBRX,FAIL,"dollar_vol,short_float,history,rr",False,False,True,False,False,True,False,True,True,,False,37.279998779296875,11761408.409548951,315488.43333333335,23.48,83.5,2026-11-05,35,56,31.989999771118164,33.470001220703125,32.730000495910645,29.35000061035156,49.34000015258789,4.914201248243473,0.6738915687156081,5.0156435285295755,0.9071614155801345,,,,,,,,,,,,,,0,engulfing,2026-09-04,hammer,2026-09-28,False,True,False,no TV drawing read (f_rr False),https://www.tradingview.com/chart/?symbol=NASDAQ:LBRX,https://finviz.com/quote.ashx?t=LBRX,"$vol(30d) $11.8M < $50M | FAIL: dollar_vol, short_float, history, rr (no TV drawing read)"
LECO,FAIL,rr,True,True,True,True,False,False,False,True,True,,True,269.3999938964844,116676427.93658344,433097.36666666664,2.02,82.34,2026-10-22,21,263,274.4068603515625,278.24533133300923,276.3260958422859,259.21710568302626,286.8699951171875,0.6162782944377985,1.000000000000001,17.108990159259616,-0.40482237007150423,no,,,,,,,2026-10-02,charts/latest/LECO.webp,,,,,2,strong_close,2026-09-25,strong_close,2026-10-01,False,True,False,TV drawing not found (f_rr False),https://www.tradingview.com/chart/?symbol=NASDAQ:LECO,https://finviz.com/quote.ashx?t=LECO,FAIL: rr (TV drawing not found)
LH,PASS,,True,True,True,True,True,True,False,True,True,True,False,304.6000061035156,224944901.2340688,738492.7666666667,3.03,101.2,2026-10-22,21,263,272.3859558105469,275.2320022818144,273.80897904618064,260.07239875490035,335.62042236328125,4.499769375376293,0.7687273725544735,17.869248294923814,1.7231293980106546,yes,289.97,284.29,288.77,272.04,333.31,2.66,2026-10-02,charts/latest/LH.webp,304.6,17.8692,14.63,0.8187,0,strong_close,2026-09-18,strong_close,2026-09-29,False,True,False,,https://www.tradingview.com/chart/?symbol=NYSE:LH,https://finviz.com/quote.ashx?t=LH,PASS (TV) entry=288.77 SL=272.04 TP=333.31 R:R=2.66 zone=[284.29-289.97]
LNC,FAIL,"short_float,rr",True,False,True,True,False,True,False,True,True,,False,39.7400016784668,71161124.15690905,1790667.3666666667,6.41,86.06,2026-11-04,34,263,37.102439880371094,38.04161780042772,37.57202884039941,34.634365527956355,45.470001220703125,2.688521978284673,1.0000000000000002,2.9376633124430565,0.7379922773602086,,,,,,,,,,,,,,1,hammer,2026-09-25,hammer,2026-10-01,False,True,False,no TV drawing read (f_rr False),https://www.tradingview.com/chart/?symbol=NYSE:LNC,https://finviz.com/quote.ashx?t=LNC,"short float 6.41% >= 5% | FAIL: short_float, rr (no TV drawing read)"
LNTH,FAIL,"short_float,rr",True,False,True,True,False,True,True,True,True,,False,99.6500015258789,105775234.67300414,1061467.4666666666,6.41,116.55,2026-10-29,28,263,57.689998626708984,58.29600143432617,57.99300003051758,54.10678482055664,110.37999725341797,13.480210022498204,1.0,3.8862152099609375,10.719170000824542,,,,,,,,,,,,,,5,strong_close,2026-08-28,engulfing,2026-10-01,False,True,False,no TV drawing read (f_rr False),https://www.tradingview.com/chart/?symbol=NASDAQ:LNTH,https://finviz.com/quote.ashx?t=LNTH,"short float 6.41% >= 5% | FAIL: short_float, rr (no TV drawing read)"
LOCO,FAIL,"dollar_vol,short_float,rr",False,False,True,True,False,True,True,True,True,,False,14.1899995803833,3237363.264266968,228144.0,6.7,91.45,2026-10-29,28,263,14.1899995803833,14.345000267028809,14.267499923706055,13.319999923706055,16.81999969482422,2.693931156852944,0.9397803272302008,1.008214337485177,-0.07686891610375787,,,,,,,,,,,,,,7,hammer,2026-09-11,rejection,2026-09-30,False,True,False,no TV drawing read (f_rr False),https://www.tradingview.com/chart/?symbol=NASDAQ:LOCO,https://finviz.com/quote.ashx?t=LOCO,"$vol(30d) $3.2M < $50M | FAIL: dollar_vol, short_float, rr (no TV drawing read)"
LTH,FAIL,"short_float,rr",True,False,True,True,False,True,False,True,True,,False,40.36000061035156,116235183.32178803,2879959.9,5.99,85.18,2026-10-22,21,261,33.7400016784668,35.33000183105469,34.53500175476074,31.7392155783517,46.0,4.100813696691608,1.0000000000000004,2.7957861764090404,2.083492258722216,,,,,,,,,,,,,,1,hammer,2026-09-25,engulfing,2026-10-01,False,True,False,no TV drawing read (f_rr False),https://www.tradingview.com/chart/?symbol=NYSE:LTH,https://finviz.com/quote.ashx?t=LTH,"short float 5.99% >= 5% | FAIL: short_float, rr (no TV drawing read)"
LYV,FAIL,"short_float,rr",True,False,True,True,False,True,True,True,True,,False,166.89999389648438,304417905.9041351,1823953.9666666666,14.46,84.94,2026-10-29,28,263,160.58999633789062,165.97999572753906,163.28499603271484,153.77142551967077,188.4600067138672,2.6462210635465246,0.9999999999999987,9.513570513044085,0.3799832942650708,,,,,,,,,,,,,,8,hammer,2026-09-25,hammer,2026-09-25,False,True,False,no TV drawing read (f_rr False),https://www.tradingview.com/chart/?symbol=NYSE:LYV,https://finviz.com/quote.ashx?t=LYV,"short float 14.46% >= 5% | FAIL: short_float, rr (no TV drawing read)"
M,FAIL,"short_float,rr",True,False,True,True,False,False,True,True,True,,False,22.764999389648438,144604379.46668395,6352048.466666667,13.7,99.5,2026-11-12,42,263,22.08687400817871,22.203631770318612,22.14525288924866,20.13712081793609,25.18402099609375,1.513231201401444,0.9999999999999996,2.0081320713125708,0.30861839679433745,,,,,,,,,,,,,,28,hammer,2026-09-11,strong_close,2026-09-29,False,True,False,no TV drawing read (f_rr False),https://www.tradingview.com/chart/?symbol=NYSE:M,https://finviz.com/quote.ashx?t=M,"short float 13.70% >= 5% | FAIL: short_float, rr (no TV drawing read)"
MA,FAIL,rr,True,True,True,True,False,True,True,True,True,,True,550.5,1371478834.85,2491333.033333333,0.89,83.79,2026-10-22,21,263,520.4276123046875,526.5872699856476,523.5074411451676,499.8862097208465,595.2999877929688,3.0393227752674035,1.0000000000000007,23.621231424321063,1.1427244570763624,no,,,,,,,2026-10-02,charts/latest/MA.webp,,,,,14,hammer,2026-09-25,rejection,2026-10-01,True,True,False,TV drawing not found (f_rr False),https://www.tradingview.com/chart/?symbol=NYSE:MA,https://finviz.com/quote.ashx?t=MA,FAIL: rr (TV drawing not found)
MAC,FAIL,"short_float,rr",True,False,True,True,False,True,False,True,True,,False,22.559999465942383,68521837.56189848,3037315.566666667,11.54,111.17,2026-11-04,34,263,21.9844913482666,22.240813006470994,22.112652177368798,20.896180796713303,24.553985531356954,2.0068974846515872,0.9999999999999986,1.2164713806554968,0.3677417288128321,,,,,,,,,,,,,,2,hammer,2026-09-18,hammer,2026-10-01,False,True,False,no TV drawing read (f_rr False),https://www.tradingview.com/chart/?symbol=NYSE:MAC,https://finviz.com/quote.ashx?t=MAC,"short float 11.54% >= 5% | FAIL: short_float, rr (no TV drawing read)"
MAN,FAIL,"dollar_vol,short_float,rr",False,False,True,True,False,True,True,True,True,,False,56.34000015258789,43419200.48759397,770663.8333333334,9.92,120.79,2026-10-15,14,262,30.4213809967041,31.789511211864244,31.105446104284173,25.740190503227602,62.38999938964844,5.830953007943079,0.9078815236679166,5.909642900739398,4.270064109143793,,,,,,,,,,,,,,22,hammer,2026-09-25,strong_close,2026-10-01,False,True,False,no TV drawing read (f_rr False),https://www.tradingview.com/chart/?symbol=NYSE:MAN,https://finviz.com/quote.ashx?t=MAN,"$vol(30d) $43.4M < $50M | FAIL: dollar_vol, short_float, rr (no TV drawing read)"
MBIN,FAIL,"dollar_vol,short_float,rr",False,False,True,True,False,False,False,True,True,,False,49.52000045776367,10084543.410555013,203645.86666666667,13.25,97.95,2026-10-22,21,263,50.006271017370125,50.89442807468335,50.450349546026736,47.24778960011143,55.82420204245969,1.6779865442603243,0.889016138872012,3.602364238267629,-0.25826069401312607,,,,,,,,,,,,,,1,hammer,2026-09-25,hammer,2026-10-01,False,True,False,no TV drawing read (f_rr False),https://www.tradingview.com/chart/?symbol=NASDAQ:MBIN,https://finviz.com/quote.ashx?t=MBIN,"$vol(30d) $10.1M < $50M | FAIL: dollar_vol, short_float, rr (no TV drawing read)"
MBX,FAIL,"dollar_vol,short_float,history,rr",False,False,True,False,False,True,True,True,True,,False,56.54999923706055,26310501.65503413,465260.86666666664,13.54,81.37,2026-11-05,35,108,38.189998626708984,40.970001220703125,39.579999923706055,31.80453518458775,68.56999969482422,3.7283944746440287,1.0000000000000002,7.775464739118304,2.1825061115612234,,,,,,,,,,,,,,19,strong_close,2026-09-18,hammer,2026-09-30,False,True,False,no TV drawing read (f_rr False),https://www.tradingview.com/chart/?symbol=NASDAQ:MBX,https://finviz.com/quote.ashx?t=MBX,"$vol(30d) $26.3M < $50M | FAIL: dollar_vol, short_float, history, rr (no TV drawing read)"
MD,FAIL,"dollar_vol,short_float,rr",False,False,True,True,False,False,False,True,True,,False,25.780000686645508,17787142.634423893,689958.9666666667,5.91,104.33,2026-10-29,28,263,23.510000228881836,23.739999771118164,23.625,21.717864445277623,27.030000686645508,1.7854004547365154,0.9999999999999998,1.9071355547223772,1.1299672334823692,,,,,,,,,,,,,,1,hammer,2026-09-25,hammer,2026-10-01,False,True,False,no TV drawing read (f_rr False),https://www.tradingview.com/chart/?symbol=NYSE:MD,https://finviz.com/quote.ashx?t=MD,"$vol(30d) $17.8M < $50M | FAIL: dollar_vol, short_float, rr (no TV drawing read)"
MDB,FAIL,rr,True,True,True,True,False,False,False,True,True,,True,351.7300109863281,983918031.161795,2797367.3,3.71,93.32,2026-12-07,67,262,354.8800048828125,363.1759948730469,359.0279998779297,302.45435660226,460.3299865722656,1.7906215832824461,1.0000000000000004,56.573643275669646,-0.12899980395535482,no,,,,,,,2026-10-02,charts/latest/MDB.webp,,,,,3,hammer,2026-08-28,hammer,2026-10-01,False,True,False,TV drawing not found (f_rr False),https://www.tradingview.com/chart/?symbol=NASDAQ:MDB,https://finviz.com/quote.ashx?t=MDB,FAIL: rr (TV drawing not found)
MEDP,FAIL,"short_float,rr",True,False,True,True,False,True,True,True,True,,False,598.0800170898438,139679255.47926638,233546.1,7.47,89.61,2026-10-21,20,261,520.5999755859375,530.969970703125,525.7849731445312,482.6579023088728,620.75,2.2019818414597605,0.9999999999999996,43.12707083565848,1.676326319976669,,,,,,,,,,,,,,8,strong_close,2026-09-18,hammer,2026-09-30,True,True,False,no TV drawing read (f_rr False),https://www.tradingview.com/chart/?symbol=NASDAQ:MEDP,https://finviz.com/quote.ashx?t=MEDP,"short float 7.47% >= 5% | FAIL: short_float, rr (no TV drawing read)"
MEI,FAIL,"dollar_vol,short_float,rr",False,False,True,True,False,True,False,True,True,,False,14.253000259399414,10051874.746640459,705246.2333333333,9.44,93.12,2026-12-03,63,263,8.996204376220703,9.174347336172405,9.085275856196553,7.535396595194549,18.209999084472656,5.887376815647516,0.49999999999999994,3.099758522004008,1.6671377355749324,,,,,,,,,,,,,,3,engulfing,2026-08-28,strong_close,2026-10-01,False,True,False,no TV drawing read (f_rr False),https://www.tradingview.com/chart/?symbol=NYSE:MEI,https://finviz.com/quote.ashx?t=MEI,"$vol(30d) $10.1M < $50M | FAIL: dollar_vol, short_float, rr (no TV drawing read)"
MGRC,FAIL,"dollar_vol,rr",False,True,True,True,False,False,True,True,True,,False,114.98999786376953,16035347.536102802,139449.93333333332,2.16,92.78,2026-10-22,21,263,116.39197540283203,117.3580014793891,116.87498844111056,110.85823642020688,122.27999877929688,0.8983269244615659,1.0000000000000002,6.016752020903679,-0.3132903883676952,,,,,,,,,,,,,,8,strong_close,2026-09-25,hammer,2026-10-01,True,True,False,no TV drawing read (f_rr False),https://www.tradingview.com/chart/?symbol=NASDAQ:MGRC,https://finviz.com/quote.ashx?t=MGRC,"$vol(30d) $16.0M < $50M | FAIL: dollar_vol, rr (no TV drawing read)"
MHK,FAIL,"short_float,rr",True,False,True,True,False,True,True,True,True,,False,125.12000274658203,123515196.90868734,987173.8666666667,9.66,90.16,2026-10-22,21,263,108.83000183105469,112.76000213623047,110.79500198364258,100.9428574698312,140.10000610351562,2.974479726600779,0.9999999999999998,9.852144513811384,1.4539982379326375,,,,,,,,,,,,,,21,hammer,2026-09-25,hammer,2026-10-01,False,True,False,no TV drawing read (f_rr False),https://www.tradingview.com/chart/?symbol=NYSE:MHK,https://finviz.com/quote.ashx?t=MHK,"short float 9.66% >= 5% | FAIL: short_float, rr (no TV drawing read)"
MLKN,FAIL,"dollar_vol,short_float,rr",False,False,True,True,False,True,False,True,True,,False,20.149999618530273,13587380.4977705,674311.7,5.74,97.9,2026-12-23,83,263,21.121780395507812,21.159853863126354,21.140817129317085,19.750620351447495,24.293996810913086,2.2681534958152447,0.780838390181935,1.7803898929017505,-0.5565171509550292,,,,,,,,,,,,,,1,rejection,2026-09-25,engulfing,2026-10-01,False,True,False,no TV drawing read (f_rr False),https://www.tradingview.com/chart/?symbol=NASDAQ:MLKN,https://finviz.com/quote.ashx?t=MLKN,"$vol(30d) $13.6M < $50M | FAIL: dollar_vol, short_float, rr (no TV drawing read)"
MMSI,FAIL,"short_float,rr",True,False,True,True,False,True,True,True,True,,False,86.1500015258789,51925009.50468979,602727.9,6.77,105.48,2026-10-22,21,262,70.93000030517578,71.91000366210938,71.42000198364258,66.70928791591099,91.0,4.156481954716908,1.0000000000000004,4.710714067731585,3.1269143765563907,,,,,,,,,,,,,,20,strong_close,2026-09-25,strong_close,2026-09-29,False,True,False,no TV drawing read (f_rr False),https://www.tradingview.com/chart/?symbol=NASDAQ:MMSI,https://finviz.com/quote.ashx?t=MMSI,"short float 6.77% >= 5% | FAIL: short_float, rr (no TV drawing read)"
MSA,FAIL,"dollar_vol,rr",False,True,True,True,False,True,True,True,True,,False,179.13999938964844,39978058.616456605,223166.56666666668,2.43,91.96,2026-10-28,27,263,171.77980293646493,172.84675029575328,172.3132766161091,163.77882418099915,193.63743591308594,2.4985972397304828,1.0000000000000002,8.534452435109953,0.7999016721277653,,,,,,,,,,,,,,16,hammer,2026-09-25,hammer,2026-10-01,False,True,False,no TV drawing read (f_rr False),https://www.tradingview.com/chart/?symbol=NYSE:MSA,https://finviz.com/quote.ashx?t=MSA,"$vol(30d) $40.0M < $50M | FAIL: dollar_vol, rr (no TV drawing read)"
MSI,FAIL,rr,True,True,True,True,False,True,False,True,True,,True,448.18499755859375,402398672.1795064,897840.5666666667,1.93,91.83,2026-10-29,28,262,441.9690493476176,447.498134987632,444.7335921676248,427.0940190996935,484.7465160721933,2.26836124380538,0.7868402608191867,22.418239058543545,0.15395524072858077,no,,,,,,,2026-10-02,charts/latest/MSI.webp,,,,,1,hammer,2026-09-11,hammer,2026-10-01,False,True,False,TV drawing not found (f_rr False),https://www.tradingview.com/chart/?symbol=NYSE:MSI,https://finviz.com/quote.ashx?t=MSI,FAIL: rr (TV drawing not found)
MTCH,FAIL,rr,True,True,True,True,False,True,False,True,True,,True,40.130001068115234,135462766.05986136,3375598.3666666667,4.29,108.43,2026-11-03,33,262,31.463987350463867,31.52329688367061,31.49364211706724,28.55827533917776,38.46468734741211,2.374846401769607,1.0,2.9353667778894774,2.942173705889497,no,,,,,,,2026-10-02,charts/latest/MTCH.webp,,,,,0,hammer,2026-09-11,engulfing,2026-09-29,False,True,False,TV drawing not found (f_rr False),https://www.tradingview.com/chart/?symbol=NASDAQ:MTCH,https://finviz.com/quote.ashx?t=MTCH,FAIL: rr (TV drawing not found)
MTDR,FAIL,"short_float,rr",True,False,True,True,False,False,False,True,True,,False,53.0099983215332,93403265.40955263,1761993.3666666667,11.81,97.74,2026-10-27,26,263,53.38876724243164,54.222346671169426,53.80555695680053,49.32382638248454,62.7599983215332,1.9979874328120044,1.0000000000000002,4.481730574315988,-0.17751148179824408,,,,,,,,,,,,,,1,hammer,2026-09-11,hammer,2026-10-01,False,True,False,no TV drawing read (f_rr False),https://www.tradingview.com/chart/?symbol=NYSE:MTDR,https://finviz.com/quote.ashx?t=MTDR,"short float 11.81% >= 5% | FAIL: short_float, rr (no TV drawing read)"
MTN,FAIL,"short_float,rr",True,False,True,True,False,True,False,True,True,,False,138.77999877929688,119462956.31920877,860808.1666666666,17.68,131.57,2026-12-03,63,263,131.16961669921875,131.98684400023586,131.5782303497273,120.93258629803925,153.08999633789062,2.0207106196409277,0.9999999999999994,10.645644051688057,0.6764990821224761,,,,,,,,,,,,,,0,hammer,2026-09-18,hammer,2026-10-01,False,True,False,no TV drawing read (f_rr False),https://www.tradingview.com/chart/?symbol=NYSE:MTN,https://finviz.com/quote.ashx?t=MTN,"short float 17.68% >= 5% | FAIL: short_float, rr (no TV drawing read)"
MTUS,FAIL,"dollar_vol,short_float,rr",False,False,True,True,False,False,True,True,True,,False,19.440000534057617,6265756.468133481,322312.56666666665,5.91,86.81,2026-10-29,28,263,20.5,20.549999237060547,20.524999618530273,18.85000061035156,21.809999465942383,0.7671645422699901,0.9635528708312662,1.7383571352277483,-0.6241520010389043,,,,,,,,,,,,,,8,hammer,2026-09-04,strong_close,2026-10-01,False,True,False,no TV drawing read (f_rr False),https://www.tradingview.com/chart/?symbol=NYSE:MTUS,https://finviz.com/quote.ashx?t=MTUS,"$vol(30d) $6.3M < $50M | FAIL: dollar_vol, short_float, rr (no TV drawing read)"
MYE,FAIL,"dollar_vol,rr",False,True,True,True,False,True,True,True,True,,False,31.28499984741211,9590124.709892273,306540.6666666667,3.28,97.28,2026-10-29,28,263,22.237417221069336,22.476208046672213,22.356812633870774,20.15789341947137,34.369998931884766,5.463223123135601,0.8666715279566298,2.537200246538435,3.5189131113014365,,,,,,,,,,,,,,19,strong_close,2026-09-18,strong_close,2026-10-01,False,True,False,no TV drawing read (f_rr False),https://www.tradingview.com/chart/?symbol=NYSE:MYE,https://finviz.com/quote.ashx?t=MYE,"$vol(30d) $9.6M < $50M | FAIL: dollar_vol, rr (no TV drawing read)"
NATL,FAIL,"dollar_vol,short_float,rr",False,False,True,True,False,True,False,True,True,,False,45.040000915527344,31328856.276821136,695578.5,6.07,96.68,2026-11-17,47,156,44.689998626708984,45.20000076293945,44.94499969482422,43.57499967302595,47.75,2.0474454456532953,0.9999999999999992,1.3700000217982702,0.06934395561426768,,,,,,,,,,,,,,1,engulfing,2026-09-11,hammer,2026-09-30,False,True,False,no TV drawing read (f_rr False),https://www.tradingview.com/chart/?symbol=NYSE:NATL,https://finviz.com/quote.ashx?t=NATL,"$vol(30d) $31.3M < $50M | FAIL: dollar_vol, short_float, rr (no TV drawing read)"
NCNO,FAIL,"short_float,rr",True,False,True,True,False,True,True,True,True,,False,19.350000381469727,50864801.62275874,2628671.8666666667,19.56,119.82,2026-12-02,62,263,18.459999084472656,18.889999389648438,18.674999237060547,16.660000076293944,23.1200008392334,2.2059570488762676,0.9011911633272385,2.2359286717006137,0.30188849624428493,,,,,,,,,,,,,,14,strong_close,2026-08-28,strong_close,2026-10-01,True,True,False,no TV drawing read (f_rr False),https://www.tradingview.com/chart/?symbol=NASDAQ:NCNO,https://finviz.com/quote.ashx?t=NCNO,"short float 19.56% >= 5% | FAIL: short_float, rr (no TV drawing read)"
NEM,FAIL,rr,True,True,True,True,False,False,True,True,True,,True,114.68000030517578,853152500.5596637,7439418.366666666,1.59,81.85,2026-10-22,21,262,120.3677978515625,121.46294861920876,120.91537323538563,111.70081257435335,133.1228732047779,1.324805426808564,1.0000000000000007,9.214560661032275,-0.6766869479278377,no,,,,,,,2026-10-02,charts/latest/NEM.webp,,,,,13,hammer,2026-09-18,hammer,2026-09-29,False,True,False,TV drawing not found (f_rr False),https://www.tradingview.com/chart/?symbol=NYSE:NEM,https://finviz.com/quote.ashx?t=NEM,FAIL: rr (TV drawing not found)
NGVT,FAIL,"dollar_vol,rr",False,True,True,True,False,False,True,True,True,,False,71.05000305175781,17495710.369813535,246245.03333333333,4.26,102.65,2026-11-04,34,263,77.12000274658203,77.2742427520752,77.19712274932861,72.06355003465924,77.30999755859375,0.021987573866946993,1.000000000000001,5.133572714669364,-1.1974350105152287,,,,,,,,,,,,,,27,strong_close,2026-09-25,hammer,2026-10-01,False,True,False,no TV drawing read (f_rr False),https://www.tradingview.com/chart/?symbol=NYSE:NGVT,https://finviz.com/quote.ashx?t=NGVT,"$vol(30d) $17.5M < $50M | FAIL: dollar_vol, rr (no TV drawing read)"
NOVT,FAIL,"short_float,rr",True,False,True,True,False,True,False,True,True,,False,143.5800018310547,50028805.25401001,348438.5333333333,13.24,120.48,2026-11-10,40,263,128.8300018310547,131.6699981689453,130.25,115.83714076450893,166.6300048828125,2.524135169046003,0.9999999999999999,14.412859235491071,0.9248686616067204,,,,,,,,,,,,,,1,strong_close,2026-09-25,hammer,2026-10-01,False,True,False,no TV drawing read (f_rr False),https://www.tradingview.com/chart/?symbol=NASDAQ:NOVT,https://finviz.com/quote.ashx?t=NOVT,"short float 13.24% >= 5% | FAIL: short_float, rr (no TV drawing read)"
NRIX,FAIL,"dollar_vol,short_float,no_earnings_14d,rr",False,False,False,True,False,True,True,True,True,,False,23.34000015258789,32077694.86971156,1374365.6666666667,18.19,110.46,2026-10-09,8,263,17.510000228881836,17.68000030517578,17.59500026702881,15.43857192993164,27.049999237060547,4.384564424134489,1.0,2.156428337097168,2.664127430866818,,,,,,,,,,,,,,16,engulfing,2026-09-18,hammer,2026-09-30,False,True,True,no TV drawing read (f_rr False),https://www.tradingview.com/chart/?symbol=NASDAQ:NRIX,https://finviz.com/quote.ashx?t=NRIX,"$vol(30d) $32.1M < $50M | FAIL: dollar_vol, short_float, no_earnings_14d, rr (no TV drawing read)"
NSP,FAIL,"dollar_vol,short_float,rr",False,False,True,True,False,False,True,True,True,,False,48.529998779296875,17717210.629348755,365077.5,8.41,112.18,2026-11-02,32,263,44.116486806655885,44.204719780269194,44.16060329346254,39.31760097541055,52.91501998901367,1.8076424747763546,0.9999999999999994,4.8430023180519965,0.902208010421072,,,,,,,,,,,,,,21,hammer,2026-09-18,engulfing,2026-10-01,True,True,False,no TV drawing read (f_rr False),https://www.tradingview.com/chart/?symbol=NYSE:NSP,https://finviz.com/quote.ashx?t=NSP,"$vol(30d) $17.7M < $50M | FAIL: dollar_vol, short_float, rr (no TV drawing read)"
NTRS,PASS,,True,True,True,True,True,True,False,True,True,False,False,169.1999969482422,165792557.16970012,979861.4666666667,2.19,87.0,2026-10-21,20,263,149.8953399658203,150.3189701451915,150.10715505550593,144.57520863497314,190.51141357421875,7.303805107140106,0.6316271618388543,8.758246564995165,2.1799845152848585,yes,154.89,149.22,151.62,141.15,189.78,3.64,2026-10-02,charts/latest/NTRS.webp,169.2,8.7582,14.31,1.6339,1,strong_close,2026-09-11,hammer,2026-10-01,False,True,False,,https://www.tradingview.com/chart/?symbol=NASDAQ:NTRS,https://finviz.com/quote.ashx?t=NTRS,PASS (TV) entry=151.62 SL=141.15 TP=189.78 R:R=3.64 zone=[149.22-154.89]
NUE,FAIL,rr,True,True,True,True,False,True,True,True,True,,True,235.9199981689453,287467747.09686583,1218496.7333333334,1.9,82.68,2026-10-26,25,263,191.71368408203125,191.9622239178054,191.83795399991834,174.29595437864825,273.0,4.626727154963038,0.9327388311552648,18.806979012059628,2.3439194641925307,no,,,,,,,2026-10-02,charts/latest/NUE.webp,,,,,5,hammer,2026-09-25,strong_close,2026-10-01,False,True,False,TV drawing not found (f_rr False),https://www.tradingview.com/chart/?symbol=NYSE:NUE,https://finviz.com/quote.ashx?t=NUE,FAIL: rr (TV drawing not found)
NWPX,FAIL,"dollar_vol,short_float,rr",False,False,True,True,False,True,False,True,True,,False,104.7699966430664,14229654.896401213,135818.03333333333,7.77,91.35,2026-11-04,34,263,77.5999984741211,82.76000213623047,80.18000030517578,70.94999908447265,148.3000030517578,7.380281011641376,0.9475727715589528,9.740677969796318,2.524464561310696,,,,,,,,,,,,,,3,hammer,2026-09-25,strong_close,2026-10-01,False,True,False,no TV drawing read (f_rr False),https://www.tradingview.com/chart/?symbol=NASDAQ:NWPX,https://finviz.com/quote.ashx?t=NWPX,"$vol(30d) $14.2M < $50M | FAIL: dollar_vol, short_float, rr (no TV drawing read)"
NX,FAIL,"dollar_vol,short_float,rr",False,False,True,True,False,False,False,True,True,,False,19.21500015258789,8289206.312825266,431392.4666666667,9.27,109.27,2026-12-10,70,263,21.89618682861328,21.936035215234913,21.916111021924095,19.71859393065222,22.812678432851737,0.4079910979935665,0.9999999999999996,2.1975170912718776,-1.2291648970852178,,,,,,,,,,,,,,1,engulfing,2026-09-04,hammer,2026-10-01,False,True,False,no TV drawing read (f_rr False),https://www.tradingview.com/chart/?symbol=NYSE:NX,https://finviz.com/quote.ashx?t=NX,"$vol(30d) $8.3M < $50M | FAIL: dollar_vol, short_float, rr (no TV drawing read)"
OFG,FAIL,"dollar_vol,rr",False,True,True,True,False,True,True,True,True,,False,50.6870002746582,12607799.969984692,248738.33333333334,4.97,98.58,2026-10-21,20,263,42.16169179286037,42.53567610326576,42.34868394806306,40.284693170340184,53.95000076293945,5.6208181451642325,0.9999999999999987,2.063990777722881,4.0398999920893415,,,,,,,,,,,,,,14,rejection,2026-09-18,hammer,2026-10-01,False,True,False,no TV drawing read (f_rr False),https://www.tradingview.com/chart/?symbol=NYSE:OFG,https://finviz.com/quote.ashx?t=OFG,"$vol(30d) $12.6M < $50M | FAIL: dollar_vol, rr (no TV drawing read)"
OII,FAIL,"dollar_vol,short_float,rr",False,False,True,True,False,True,False,True,True,,False,44.404998779296875,38001678.061825566,855797.3,7.7,105.34,2026-10-28,27,263,26.940000534057617,27.709999084472656,27.324999809265137,23.840000381469725,53.0,7.367289643136815,0.7739087925453064,4.503113882882254,3.792930717332769,,,,,,,,,,,,,,1,hammer,2026-09-11,engulfing,2026-10-01,False,True,False,no TV drawing read (f_rr False),https://www.tradingview.com/chart/?symbol=NYSE:OII,https://finviz.com/quote.ashx?t=OII,"$vol(30d) $38.0M < $50M | FAIL: dollar_vol, short_float, rr (no TV drawing read)"
OKE,FAIL,rr,True,True,True,True,False,False,False,True,True,,True,87.16999816894531,299363572.0230337,3434250.066666667,4.34,84.19,2026-11-03,33,263,92.92205810546875,94.93802623364421,93.93004216955649,88.44936595525972,97.5999984741211,0.6696174269502082,0.9999999999999997,5.480676214296766,-1.233432470062194,no,,,,,,,2026-10-02,charts/latest/OKE.webp,,,,,1,hammer,2026-08-28,strong_close,2026-10-01,False,True,False,TV drawing not found (f_rr False),https://www.tradingview.com/chart/?symbol=NYSE:OKE,https://finviz.com/quote.ashx?t=OKE,FAIL: rr (TV drawing not found)
ONB,FAIL,"short_float,rr",True,False,True,True,False,True,True,True,True,,False,24.979999542236328,101411586.41561164,4059711.3,6.23,86.53,2026-10-27,26,263,24.107157917767047,24.31472360859983,24.210940763183437,23.105595051163014,27.01835823059082,2.539854668885269,0.9999999999999988,1.1053457120204242,0.6957631179906187,,,,,,,,,,,,,,7,hammer,2026-09-25,engulfing,2026-10-01,False,True,False,no TV drawing read (f_rr False),https://www.tradingview.com/chart/?symbol=NASDAQ:ONB,https://finviz.com/quote.ashx?t=ONB,"short float 6.23% >= 5% | FAIL: short_float, rr (no TV drawing read)"
OPLN,FAIL,"dollar_vol,rr",False,True,True,True,False,True,False,True,True,,False,34.8849983215332,36774762.868275195,1054171.2666666666,2.29,88.02,2026-11-03,33,263,31.020000457763672,31.06999969482422,31.045000076293945,29.824999945504324,40.400001525878906,7.668033153021153,0.5000000000000004,2.440000261579241,1.5737696039236884,,,,,,,,,,,,,,1,hammer,2026-09-25,strong_close,2026-10-01,False,True,False,no TV drawing read (f_rr False),https://www.tradingview.com/chart/?symbol=NYSE:OPLN,https://finviz.com/quote.ashx?t=OPLN,"$vol(30d) $36.8M < $50M | FAIL: dollar_vol, rr (no TV drawing read)"
ORIC,FAIL,"dollar_vol,short_float,rr",False,False,True,True,False,False,True,True,True,,False,12.520000457763672,17218706.132227197,1375295.9666666666,25.7,86.57,2026-11-09,39,261,13.710000038146973,14.045000076293945,13.877500057220459,12.253571374075753,14.15999984741211,0.173960712144449,1.0000000000000004,1.6239286831447057,-0.8359354776762832,,,,,,,,,,,,,,11,engulfing,2026-09-18,hammer,2026-09-29,False,True,False,no TV drawing read (f_rr False),https://www.tradingview.com/chart/?symbol=NASDAQ:ORIC,https://finviz.com/quote.ashx?t=ORIC,"$vol(30d) $17.2M < $50M | FAIL: dollar_vol, short_float, rr (no TV drawing read)"
ORKA,FAIL,"short_float,rr",True,False,True,True,False,True,True,True,True,,False,83.41999816894531,77923618.54892324,934111.9666666667,12.97,103.55,2026-11-18,48,263,34.38999938964844,36.5099983215332,35.44999885559082,29.809106826782227,111.04000091552734,13.400363218067444,0.5,11.281784057617188,4.251987014497614,,,,,,,,,,,,,,12,hammer,2026-09-04,rejection,2026-09-23,False,True,False,no TV drawing read (f_rr False),https://www.tradingview.com/chart/?symbol=NASDAQ:ORKA,https://finviz.com/quote.ashx?t=ORKA,"short float 12.97% >= 5% | FAIL: short_float, rr (no TV drawing read)"
OVV,FAIL,rr,True,True,True,True,False,False,False,True,True,,True,59.9900016784668,186549446.46315396,3109675.6333333333,4.13,93.64,2026-11-10,40,263,62.84023666381836,64.31344306209049,63.57683986295442,59.42034507342674,65.9757722113199,0.5771527380257061,1.0000000000000007,4.156494789527682,-0.86294783612497,no,,,,,,,2026-10-02,charts/latest/OVV.webp,,,,,1,hammer,2026-09-25,strong_close,2026-10-01,False,True,False,TV drawing not found (f_rr False),https://www.tradingview.com/chart/?symbol=NYSE:OVV,https://finviz.com/quote.ashx?t=OVV,FAIL: rr (TV drawing not found)
OXY,FAIL,rr,True,True,True,True,False,True,True,True,True,,True,57.82500076293945,460855788.2005025,7969836.266666667,2.17,84.93,2026-11-10,40,263,47.308015123332105,48.48458765145014,47.89630138739112,44.27105366001442,59.07481002807617,3.0835157984566286,1.0000000000000002,3.625247727376702,2.7387643885878465,no,,,,,,,2026-10-02,charts/latest/OXY.webp,,,,,20,strong_close,2026-09-11,strong_close,2026-10-01,False,True,False,TV drawing not found (f_rr False),https://www.tradingview.com/chart/?symbol=NYSE:OXY,https://finviz.com/quote.ashx?t=OXY,FAIL: rr (TV drawing not found)
PAGP,FAIL,"dollar_vol,short_float,rr",False,False,True,True,False,True,True,True,True,,False,25.93000030517578,44636393.4666687,1721418.9333333333,9.46,81.16,2026-10-29,28,262,25.542062759399414,25.738917602217157,25.640490180808285,24.462194023456025,28.31999969482422,2.274054360015089,1.0000000000000009,1.1782961573522595,0.24570234109737898,,,,,,,,,,,,,,7,rejection,2026-09-04,hammer,2026-10-01,False,True,False,no TV drawing read (f_rr False),https://www.tradingview.com/chart/?symbol=NASDAQ:PAGP,https://finviz.com/quote.ashx?t=PAGP,"$vol(30d) $44.6M < $50M | FAIL: dollar_vol, short_float, rr (no TV drawing read)"
PBI,FAIL,"dollar_vol,short_float,rr",False,False,True,True,False,True,True,True,True,,False,16.6200008392334,26248097.51540788,1579307.8333333333,13.62,88.08,2026-11-04,34,263,10.600667953491211,10.777269590974814,10.688968772233013,9.797314962463306,17.399999618530273,7.52649825836617,0.7322482072813419,1.2176934008212859,4.870710527789787,,,,,,,,,,,,,,18,hammer,2026-09-11,hammer,2026-10-01,False,True,False,no TV drawing read (f_rr False),https://www.tradingview.com/chart/?symbol=NYSE:PBI,https://finviz.com/quote.ashx?t=PBI,"$vol(30d) $26.2M < $50M | FAIL: dollar_vol, short_float, rr (no TV drawing read)"
PCRX,FAIL,"dollar_vol,short_float,rr",False,False,True,True,False,False,True,True,True,,False,25.010000228881836,12963686.019638633,518340.1,19.8,112.4,2026-10-29,28,263,24.719999313354492,24.889999389648438,24.804999351501465,23.058570998055593,26.350000381469727,0.8846632768643647,1.0000000000000007,1.7464283534458704,0.11738293012472269,,,,,,,,,,,,,,6,hammer,2026-09-25,strong_close,2026-09-29,False,True,False,no TV drawing read (f_rr False),https://www.tradingview.com/chart/?symbol=NASDAQ:PCRX,https://finviz.com/quote.ashx?t=PCRX,"$vol(30d) $13.0M < $50M | FAIL: dollar_vol, short_float, rr (no TV drawing read)"
PCVX,FAIL,"short_float,rr",True,False,True,True,False,True,False,True,True,,False,56.04999923706055,70696568.39936155,1261312.5666666667,11.1,111.42,2026-11-09,39,263,49.61000061035156,50.27000045776367,49.94000053405762,45.376207624162944,62.619998931884766,2.7783903976746807,1.0000000000000004,4.563792909894671,1.3387984125563541,,,,,,,,,,,,,,1,strong_close,2026-09-04,strong_close,2026-09-28,False,True,False,no TV drawing read (f_rr False),https://www.tradingview.com/chart/?symbol=NASDAQ:PCVX,https://finviz.com/quote.ashx?t=PCVX,"short float 11.10% >= 5% | FAIL: short_float, rr (no TV drawing read)"
PFG,FAIL,rr,True,True,True,True,False,True,True,True,True,,True,112.23999786376953,149575073.01718217,1332636.1,4.45,81.86,2026-10-22,21,262,94.98644256591797,95.51338696573315,95.24991476582557,89.75219924525845,113.26871592747503,3.277507010728476,1.0000000000000009,5.497715520567107,3.090389641730932,no,,,,,,,2026-10-02,charts/latest/PFG.webp,,,,,9,strong_close,2026-09-18,hammer,2026-10-01,False,True,False,TV drawing not found (f_rr False),https://www.tradingview.com/chart/?symbol=NASDAQ:PFG,https://finviz.com/quote.ashx?t=PFG,FAIL: rr (TV drawing not found)
PGNY,FAIL,"dollar_vol,short_float,rr",False,False,True,True,False,True,True,True,True,,False,24.850000381469727,27131324.8464901,1091803.8,6.32,103.53,2026-10-29,28,263,23.670000076293945,23.8799991607666,23.774999618530273,21.607142448425293,31.969999313354492,3.7802304542173175,1.0,2.1678571701049805,0.49588172955480975,,,,,,,,,,,,,,7,strong_close,2026-09-11,strong_close,2026-09-30,False,True,False,no TV drawing read (f_rr False),https://www.tradingview.com/chart/?symbol=NASDAQ:PGNY,https://finviz.com/quote.ashx?t=PGNY,"$vol(30d) $27.1M < $50M | FAIL: dollar_vol, short_float, rr (no TV drawing read)"
PGR,FAIL,"no_earnings_14d,rr",True,True,False,True,False,False,False,True,True,,False,211.02000427246094,520641018.789268,2467259.066666667,1.08,90.32,2026-10-08,7,263,202.7299793447737,208.3674785494131,205.54872894709342,193.0129362867974,220.39999389648438,1.1847088853366745,0.9999999999999996,12.535792660296016,0.436452282965433,,,,,,,,,,,,,,0,hammer,2026-09-11,strong_close,2026-10-01,False,True,True,no TV drawing read (f_rr False),https://www.tradingview.com/chart/?symbol=NYSE:PGR,https://finviz.com/quote.ashx?t=PGR,"FAIL: no_earnings_14d, rr (no TV drawing read)"
PH,FAIL,rr,True,True,True,True,False,False,True,True,True,,True,966.1500244140625,548777786.977303,568004.7333333333,1.16,91.12,2026-10-29,28,263,966.9724731445312,1001.7723946354896,984.3724338900104,931.8827760179186,1082.6694406412896,1.8726928453374947,0.999999999999999,52.48965787209186,-0.3471619022618266,no,,,,,,,2026-10-02,charts/latest/PH.webp,,,,,19,strong_close,2026-09-25,strong_close,2026-10-01,True,True,False,TV drawing not found (f_rr False),https://www.tradingview.com/chart/?symbol=NYSE:PH,https://finviz.com/quote.ashx?t=PH,FAIL: rr (TV drawing not found)
PKG,FAIL,rr,True,True,True,True,False,True,True,True,True,,True,229.71499633789062,126240098.29531759,549550.9666666667,3.89,98.84,2026-10-21,20,263,222.27140433922395,222.5082841555742,222.38984424739908,209.32988888029266,254.39352416992188,2.450519854235425,1.0000000000000002,13.059955367106424,0.5608864566980913,no,,,,,,,2026-10-02,charts/latest/PKG.webp,,,,,27,hammer,2026-09-11,hammer,2026-10-01,False,True,False,TV drawing not found (f_rr False),https://www.tradingview.com/chart/?symbol=NYSE:PKG,https://finviz.com/quote.ashx?t=PKG,FAIL: rr (TV drawing not found)
PM,FAIL,rr,True,True,True,True,False,False,True,True,True,,True,188.2100067138672,794943653.0597315,4223705.566666666,0.89,85.54,2026-10-20,19,263,188.21954912030677,188.4377413999622,188.32864526013446,177.25078619902956,193.0,0.4216838934399311,0.9999999999999992,11.077859061104911,-0.01070951937670205,no,,,,,,,2026-10-02,charts/latest/PM.webp,,,,,5,engulfing,2026-09-11,strong_close,2026-09-29,False,True,False,TV drawing not found (f_rr False),https://www.tradingview.com/chart/?symbol=NYSE:PM,https://finviz.com/quote.ashx?t=PM,FAIL: rr (TV drawing not found)
PNTG,FAIL,"dollar_vol,rr",False,True,True,True,False,True,True,True,True,,False,38.790000915527344,13323646.406466676,343481.4666666667,3.19,91.3,2026-11-09,39,263,33.709999084472656,35.0,34.35499954223633,31.19357136317662,42.0099983215332,2.4213736152543794,0.9999999999999996,3.1614281790597096,1.4028474227777965,,,,,,,,,,,,,,7,strong_close,2026-09-25,rejection,2026-10-01,False,True,False,no TV drawing read (f_rr False),https://www.tradingview.com/chart/?symbol=NASDAQ:PNTG,https://finviz.com/quote.ashx?t=PNTG,"$vol(30d) $13.3M < $50M | FAIL: dollar_vol, rr (no TV drawing read)"
PR,FAIL,rr,True,True,True,True,False,False,False,True,True,,True,21.93000030517578,220785052.2334236,10067717.7,2.66,88.44,2026-11-10,40,263,21.78944947590495,22.336154565538486,22.06280202072172,20.57637892432495,24.061764464624872,1.3448139017409155,0.9999999999999997,1.4864230963967704,-0.0893431458834713,no,,,,,,,2026-10-02,charts/latest/PR.webp,,,,,1,hammer,2026-09-11,engulfing,2026-10-01,False,True,False,TV drawing not found (f_rr False),https://www.tradingview.com/chart/?symbol=NYSE:PR,https://finviz.com/quote.ashx?t=PR,FAIL: rr (TV drawing not found)
PRAA,FAIL,"dollar_vol,rr",False,True,True,True,False,False,True,True,True,,False,18.860000610351562,8101520.722183228,429561.0,2.96,95.19,2026-11-09,39,261,18.979999542236328,19.479999542236328,19.229999542236328,17.192142486572266,20.690000534057617,0.7164393536648371,1.0,2.0378570556640625,-0.18156275036876746,,,,,,,,,,,,,,14,hammer,2026-09-25,hammer,2026-09-30,False,True,False,no TV drawing read (f_rr False),https://www.tradingview.com/chart/?symbol=NASDAQ:PRAA,https://finviz.com/quote.ashx?t=PRAA,"$vol(30d) $8.1M < $50M | FAIL: dollar_vol, rr (no TV drawing read)"
PSMT,FAIL,"dollar_vol,short_float,rr",False,False,True,True,False,True,False,True,True,,False,167.63999938964844,36792637.99004364,219474.1,7.59,91.57,2026-10-26,25,263,161.1516306511763,164.60814848667107,162.8798895689237,152.41565536881046,197.43016587276261,3.3017491431398858,0.9009380490675208,11.61482103119499,0.4098306644536396,,,,,,,,,,,,,,1,strong_close,2026-09-25,engulfing,2026-09-25,False,True,False,no TV drawing read (f_rr False),https://www.tradingview.com/chart/?symbol=NASDAQ:PSMT,https://finviz.com/quote.ashx?t=PSMT,"$vol(30d) $36.8M < $50M | FAIL: dollar_vol, short_float, rr (no TV drawing read)"
PTEN,FAIL,"short_float,rr",True,False,True,True,False,False,False,True,True,,False,11.300000190734863,93399449.4698405,8265437.866666666,9.21,112.61,2026-10-28,27,263,12.211823463439941,12.221656074466415,12.216739768953179,11.065625492769286,12.880000114440918,0.5761898355448609,1.0000000000000007,1.1511142761838926,-0.7963931967358077,,,,,,,,,,,,,,1,hammer,2026-08-28,strong_close,2026-10-01,False,True,False,no TV drawing read (f_rr False),https://www.tradingview.com/chart/?symbol=NASDAQ:PTEN,https://finviz.com/quote.ashx?t=PTEN,"short float 9.21% >= 5% | FAIL: short_float, rr (no TV drawing read)"
PTGX,FAIL,"short_float,rr",True,False,True,True,False,True,False,True,True,,False,139.19000244140625,87677216.19486696,629910.3,13.3,114.66,2026-11-05,35,263,105.9800033569336,106.90299987792969,106.44150161743164,95.3900015258789,155.11000061035156,4.403791212934061,0.9476156159922429,11.66242926461356,2.8080342509206844,,,,,,,,,,,,,,1,hammer,2026-09-25,rejection,2026-09-29,False,True,False,no TV drawing read (f_rr False),https://www.tradingview.com/chart/?symbol=NASDAQ:PTGX,https://finviz.com/quote.ashx?t=PTGX,"short float 13.30% >= 5% | FAIL: short_float, rr (no TV drawing read)"
PVLA,FAIL,"dollar_vol,short_float,rr",False,False,True,True,False,False,True,True,True,,False,132.72999572753906,28428663.52657318,214184.16666666666,25.45,88.37,2026-11-17,47,263,130.00999450683594,133.3300018310547,131.6699981689453,113.68999862670898,157.24000549316406,1.4221361499010576,1.0,17.979999542236328,0.0589542594872563,,,,,,,,,,,,,,9,strong_close,2026-09-04,hammer,2026-09-29,True,True,False,no TV drawing read (f_rr False),https://www.tradingview.com/chart/?symbol=NASDAQ:PVLA,https://finviz.com/quote.ashx?t=PVLA,"$vol(30d) $28.4M < $50M | FAIL: dollar_vol, short_float, rr (no TV drawing read)"
QNST,FAIL,"dollar_vol,short_float,rr",False,False,True,True,False,True,False,True,True,,False,14.920000076293945,15668349.980120659,1050157.5,11.27,94.3,2026-11-04,34,263,13.210000038146973,13.850000381469727,13.53000020980835,11.34928642000471,21.829999923706055,3.8060931024997413,0.9999999999999996,2.180713789803641,0.6374059140565879,,,,,,,,,,,,,,0,hammer,2026-09-11,strong_close,2026-09-30,False,True,False,no TV drawing read (f_rr False),https://www.tradingview.com/chart/?symbol=NASDAQ:QNST,https://finviz.com/quote.ashx?t=QNST,"$vol(30d) $15.7M < $50M | FAIL: dollar_vol, short_float, rr (no TV drawing read)"
QTWO,FAIL,"dollar_vol,short_float,rr",False,False,True,True,False,True,False,True,True,,False,56.5099983215332,33874534.225854486,599443.2,8.67,109.52,2026-11-11,41,263,51.810001373291016,52.41999816894531,52.114999771118164,46.87999970572336,65.12999725341797,2.486150395361696,0.9999999999999994,5.23500006539481,0.8395412598879461,,,,,,,,,,,,,,1,hammer,2026-09-11,hammer,2026-10-01,False,True,False,no TV drawing read (f_rr False),https://www.tradingview.com/chart/?symbol=NYSE:QTWO,https://finviz.com/quote.ashx?t=QTWO,"$vol(30d) $33.9M < $50M | FAIL: dollar_vol, short_float, rr (no TV drawing read)"
RAMP,FAIL,"dollar_vol,short_float,rr",False,False,True,True,False,True,False,True,True,,False,37.70000076293945,43430953.81225078,1152014.6666666667,13.52,101.42,2026-11-11,41,263,29.389999389648438,29.68000030517578,29.53499984741211,29.209284918648855,38.0,25.988984246837113,1.000000000000003,0.32571492876325336,25.067935776017478,,,,,,,,,,,,,,0,strong_close,2026-08-28,hammer,2026-10-01,False,True,False,no TV drawing read (f_rr False),https://www.tradingview.com/chart/?symbol=NYSE:RAMP,https://finviz.com/quote.ashx?t=RAMP,"$vol(30d) $43.4M < $50M | FAIL: dollar_vol, short_float, rr (no TV drawing read)"
RDNT,FAIL,"dollar_vol,short_float,rr",False,False,True,True,False,True,True,True,True,,False,67.69999694824219,47567033.355789185,702615.0,13.73,103.99,2026-11-11,41,262,63.45000076293945,63.576900764465336,63.513450763702394,57.32394368798392,76.9800033569336,2.175706793528144,1.0000000000000004,6.189507075718471,0.6763941188408487,,,,,,,,,,,,,,14,hammer,2026-09-11,engulfing,2026-09-28,False,True,False,no TV drawing read (f_rr False),https://www.tradingview.com/chart/?symbol=NASDAQ:RDNT,https://finviz.com/quote.ashx?t=RDNT,"$vol(30d) $47.6M < $50M | FAIL: dollar_vol, short_float, rr (no TV drawing read)"
RELY,FAIL,"short_float,rr",True,False,True,True,False,True,True,True,True,,False,21.479999542236328,84012984.47758599,3911219.1,9.44,85.39,2026-11-04,34,263,17.149999618530273,17.878999710083008,17.51449966430664,15.133856773376465,26.670000076293945,3.8458100737696217,1.0,2.380642890930176,1.665726469533727,,,,,,,,,,,,,,16,hammer,2026-09-25,hammer,2026-10-01,False,True,False,no TV drawing read (f_rr False),https://www.tradingview.com/chart/?symbol=NASDAQ:RELY,https://finviz.com/quote.ashx?t=RELY,"short float 9.44% >= 5% | FAIL: short_float, rr (no TV drawing read)"
RGA,FAIL,rr,True,True,True,True,False,True,True,True,True,,True,244.85000610351562,78019528.2915039,318642.13333333336,1.49,100.45,2026-10-29,28,261,213.19068908691406,215.0931139124432,214.14190149967862,203.44330691894024,253.27000427246094,3.6573124140275444,1.0,10.698594580738387,2.87029332423938,no,,,,,,,2026-10-02,charts/latest/RGA.webp,,,,,5,hammer,2026-09-25,hammer,2026-09-29,False,True,False,TV drawing not found (f_rr False),https://www.tradingview.com/chart/?symbol=NYSE:RGA,https://finviz.com/quote.ashx?t=RGA,FAIL: rr (TV drawing not found)
RHI,FAIL,"short_float,rr",True,False,True,True,False,True,True,True,True,,False,37.83000183105469,68635621.73711395,1814317.1666666667,19.91,124.41,2026-10-27,26,263,26.628504898582214,29.19673419757267,27.912619548077444,23.380052210228364,45.310001373291016,3.8383063126138706,1.0,4.5325673378490805,2.1880275666645725,,,,,,,,,,,,,,9,hammer,2026-09-25,hammer,2026-09-29,False,True,False,no TV drawing read (f_rr False),https://www.tradingview.com/chart/?symbol=NYSE:RHI,https://finviz.com/quote.ashx?t=RHI,"short float 19.91% >= 5% | FAIL: short_float, rr (no TV drawing read)"
RHP,PASS,,True,True,True,True,True,True,False,True,True,True,False,120.98500061035156,67164056.85049947,555143.6666666666,4.37,94.29,2026-11-02,32,263,102.76312827616329,103.40852128131385,103.08582477873857,96.22295393582121,134.4499969482422,4.570124207112562,1.0000000000000002,6.862870842917358,2.6081178330909953,yes,117.25,114.4,115.82,108.83,134.08,2.61,2026-10-02,charts/latest/RHP.webp,120.985,6.8629,3.735,0.5442,3,hammer,2026-09-18,strong_close,2026-10-01,False,True,False,,https://www.tradingview.com/chart/?symbol=NYSE:RHP,https://finviz.com/quote.ashx?t=RHP,PASS (TV) entry=115.82 SL=108.83 TP=134.08 R:R=2.61 zone=[114.4-117.25]
RIOT,FAIL,"short_float,rr",True,False,True,True,False,True,False,True,True,,False,19.610000610351562,320186495.88631284,16327714.733333332,14.71,84.69,2026-11-10,40,262,16.290000915527344,17.408000946044922,16.849000930786133,12.345072610037668,28.809999465942383,2.65568137042833,0.9999999999999998,4.503928320748465,0.6130203420081528,,,,,,,,,,,,,,0,engulfing,2026-09-18,hammer,2026-10-01,False,True,False,no TV drawing read (f_rr False),https://www.tradingview.com/chart/?symbol=NASDAQ:RIOT,https://finviz.com/quote.ashx?t=RIOT,"short float 14.71% >= 5% | FAIL: short_float, rr (no TV drawing read)"
RLAY,FAIL,"short_float,rr",True,False,True,True,False,True,False,True,True,,False,18.489999771118164,59437643.864906944,3214583.2666666666,25.93,98.95,2026-11-11,41,263,8.5600004196167,8.8100004196167,8.6850004196167,6.805000305175781,20.0049991607666,6.02127555961149,1.0,1.880000114440918,5.2154248694911995,,,,,,,,,,,,,,1,hammer,2026-09-11,engulfing,2026-10-01,False,True,False,no TV drawing read (f_rr False),https://www.tradingview.com/chart/?symbol=NASDAQ:RLAY,https://finviz.com/quote.ashx?t=RLAY,"short float 25.93% >= 5% | FAIL: short_float, rr (no TV drawing read)"
RLJ,FAIL,"dollar_vol,short_float,rr",False,False,True,True,False,True,True,True,True,,False,11.045000076293945,17713150.110687893,1603725.6666666667,8.95,94.92,2026-11-04,34,263,8.060415837466191,8.176531888559357,8.118473863012774,7.467583707189209,12.390000343322754,6.56259192444731,0.9999999999999998,0.6508901558235652,4.496190620025994,,,,,,,,,,,,,,7,strong_close,2026-09-25,hammer,2026-10-01,False,True,False,no TV drawing read (f_rr False),https://www.tradingview.com/chart/?symbol=NYSE:RLJ,https://finviz.com/quote.ashx?t=RLJ,"$vol(30d) $17.7M < $50M | FAIL: dollar_vol, short_float, rr (no TV drawing read)"
RPRX,PASS,,True,True,True,True,True,True,False,True,True,False,False,57.630001068115234,172375666.970813,2991075.2,2.79,85.12,2026-11-11,41,263,45.822017669677734,45.98067415053724,45.90134591010749,44.430806067501955,63.959999084472656,12.280288266361065,0.49999999999999895,2.941079685211071,3.9878739828043868,yes,52.75,50.92,53.02,49.82,63.46,3.26,2026-10-02,charts/latest/RPRX.webp,57.63,2.9411,4.88,1.6593,1,engulfing,2026-09-04,hammer,2026-09-30,False,True,False,,https://www.tradingview.com/chart/?symbol=NASDAQ:RPRX,https://finviz.com/quote.ashx?t=RPRX,PASS (TV) entry=53.02 SL=49.82 TP=63.46 R:R=3.26 zone=[50.92-52.75]
RS,FAIL,rr,True,True,True,True,False,True,False,True,True,,True,392.8500061035156,117723318.50900878,299664.8,2.3,83.26,2026-10-21,20,263,349.6131591796875,350.71168485924875,350.1624220194681,326.967000284813,426.5400085449219,3.292787145634946,1.0000000000000007,23.19542173465508,1.8403452445216888,no,,,,,,,2026-10-02,charts/latest/RS.webp,,,,,1,hammer,2026-09-04,engulfing,2026-10-01,False,True,False,TV drawing not found (f_rr False),https://www.tradingview.com/chart/?symbol=NYSE:RS,https://finviz.com/quote.ashx?t=RS,FAIL: rr (TV drawing not found)
SAIC,FAIL,"short_float,rr",True,False,True,True,False,True,False,True,True,,False,126.30000305175781,62399156.42773641,494055.06666666665,5.47,86.91,2026-12-03,63,261,119.80004819990714,123.00960218616365,121.40482519303539,113.0379200724013,140.38999938964844,2.26907965644222,1.0000000000000009,8.36690512063408,0.5850643443595596,,,,,,,,,,,,,,3,hammer,2026-09-25,hammer,2026-09-25,False,True,False,no TV drawing read (f_rr False),https://www.tradingview.com/chart/?symbol=NASDAQ:SAIC,https://finviz.com/quote.ashx?t=SAIC,"short float 5.47% >= 5% | FAIL: short_float, rr (no TV drawing read)"
SBH,FAIL,"dollar_vol,short_float,rr",False,False,True,True,False,False,False,True,True,,False,16.06999969482422,19264385.66349487,1198779.4666666666,21.55,122.67,2026-11-12,42,263,14.760000228881836,15.75,15.255000114440918,14.071428435189384,17.18000030517578,1.6264331298905306,0.9999999999999994,1.1835716792515345,0.6885933439187132,,,,,,,,,,,,,,1,strong_close,2026-09-25,strong_close,2026-09-25,False,True,False,no TV drawing read (f_rr False),https://www.tradingview.com/chart/?symbol=NYSE:SBH,https://finviz.com/quote.ashx?t=SBH,"$vol(30d) $19.3M < $50M | FAIL: dollar_vol, short_float, rr (no TV drawing read)"
SCHW,FAIL,rr,True,True,True,True,False,True,False,True,True,,True,98.41000366210938,805517059.5438588,8185316.833333333,1.18,85.59,2026-10-15,14,263,94.97129043895808,96.11383605389696,95.54256324642752,90.5285876463861,112.88999938964844,3.4598166259679473,1.0,5.0139756000414195,0.571889583120063,no,,,,,,,2026-10-02,charts/latest/SCHW.webp,,,,,1,rejection,2026-08-28,strong_close,2026-10-01,False,True,False,TV drawing not found (f_rr False),https://www.tradingview.com/chart/?symbol=NYSE:SCHW,https://finviz.com/quote.ashx?t=SCHW,FAIL: rr (TV drawing not found)
SCL,FAIL,"dollar_vol,rr",False,True,True,True,False,True,True,True,True,,False,61.52000045776367,8532774.847491456,138699.2,3.09,88.19,2026-10-21,20,263,52.202964782714844,52.804591375734766,52.5037780792248,48.67598531132811,64.75885009765625,3.2016027934462645,1.0000000000000002,3.827792767896688,2.3554625146264496,,,,,,,,,,,,,,27,strong_close,2026-09-25,rejection,2026-10-01,False,True,False,no TV drawing read (f_rr False),https://www.tradingview.com/chart/?symbol=NYSE:SCL,https://finviz.com/quote.ashx?t=SCL,"$vol(30d) $8.5M < $50M | FAIL: dollar_vol, rr (no TV drawing read)"
SFNC,FAIL,"dollar_vol,rr",False,True,True,True,False,True,True,True,True,,False,22.729999542236328,29077441.31907069,1279253.9333333333,4.42,82.24,2026-10-27,26,263,21.176232841110334,21.75519394637739,21.46571339374386,20.410703255473507,23.857324600219727,2.266908269144041,0.999999999999999,1.0550101382703556,1.1983639802411852,,,,,,,,,,,,,,7,hammer,2026-09-25,hammer,2026-10-01,False,True,False,no TV drawing read (f_rr False),https://www.tradingview.com/chart/?symbol=NASDAQ:SFNC,https://finviz.com/quote.ashx?t=SFNC,"$vol(30d) $29.1M < $50M | FAIL: dollar_vol, rr (no TV drawing read)"
SFST,FAIL,"dollar_vol,rr",False,True,True,True,False,False,True,True,True,,False,59.880001068115234,5488702.693905258,91661.7,4.7,89.07,2026-10-27,26,263,58.40999984741211,59.70000076293945,59.05500030517578,55.915364674159456,64.18000030517578,1.632355025331712,1.0000000000000009,3.1396356310163225,0.2627695885437491,,,,,,,,,,,,,,5,rejection,2026-09-25,engulfing,2026-10-01,False,True,False,no TV drawing read (f_rr False),https://www.tradingview.com/chart/?symbol=NASDAQ:SFST,https://finviz.com/quote.ashx?t=SFST,"$vol(30d) $5.5M < $50M | FAIL: dollar_vol, rr (no TV drawing read)"
SHC,FAIL,"dollar_vol,rr",False,True,True,True,False,True,True,True,True,,False,18.1200008392334,36192980.276288986,1997405.0,4.39,103.24,2026-11-10,40,263,16.299999237060547,16.5,16.399999618530273,15.386570930480957,19.56999969482422,3.1279952044733155,1.0,1.0134286880493164,1.6972099181579756,,,,,,,,,,,,,,10,hammer,2026-09-04,hammer,2026-09-29,False,True,False,no TV drawing read (f_rr False),https://www.tradingview.com/chart/?symbol=NASDAQ:SHC,https://finviz.com/quote.ashx?t=SHC,"$vol(30d) $36.2M < $50M | FAIL: dollar_vol, rr (no TV drawing read)"
SIBN,FAIL,"dollar_vol,short_float,rr",False,False,True,True,False,True,True,True,True,,False,18.40999984741211,10900578.092319235,592100.9333333333,13.9,106.99,2026-11-09,39,263,14.1899995803833,14.510000228881836,14.349999904632568,12.969285760607038,20.0,4.092085331214626,1.0000000000000002,1.3807141440255302,2.940507244274648,,,,,,,,,,,,,,20,hammer,2026-09-25,rejection,2026-09-29,False,True,False,no TV drawing read (f_rr False),https://www.tradingview.com/chart/?symbol=NASDAQ:SIBN,https://finviz.com/quote.ashx?t=SIBN,"$vol(30d) $10.9M < $50M | FAIL: dollar_vol, short_float, rr (no TV drawing read)"
SIRI,FAIL,"short_float,rr",True,False,True,True,False,True,False,True,True,,False,25.639999389648438,102582826.55938365,4000890.3666666667,11.88,84.17,2026-11-03,33,263,21.340167999267578,21.61139908431277,21.47578354179017,19.85776291551338,29.149999618530273,4.742965542039566,0.9205395438777343,1.7576872574761402,2.3691449261785373,,,,,,,,,,,,,,0,hammer,2026-09-11,hammer,2026-10-01,False,True,False,no TV drawing read (f_rr False),https://www.tradingview.com/chart/?symbol=NASDAQ:SIRI,https://finviz.com/quote.ashx?t=SIRI,"short float 11.88% >= 5% | FAIL: short_float, rr (no TV drawing read)"
SKWD,FAIL,"dollar_vol,short_float,rr",False,False,True,True,False,True,True,True,True,,False,54.779998779296875,20739778.751840208,378601.3,5.18,89.72,2026-11-04,34,195,46.83000183105469,47.625,47.227500915527344,43.26885795593262,64.19999694824219,4.287453100961758,1.0,3.9586429595947266,1.9078502256598389,,,,,,,,,,,,,,6,hammer,2026-09-11,engulfing,2026-10-01,False,True,False,no TV drawing read (f_rr False),https://www.tradingview.com/chart/?symbol=NASDAQ:SKWD,https://finviz.com/quote.ashx?t=SKWD,"$vol(30d) $20.7M < $50M | FAIL: dollar_vol, short_float, rr (no TV drawing read)"
SKYW,FAIL,"dollar_vol,rr",False,True,True,True,False,False,True,True,True,,False,97.69000244140625,31018317.913523354,317517.8333333333,4.74,94.93,2026-10-22,21,263,99.30000305175781,101.37999725341797,100.34000015258789,92.97714287894112,111.83999633789062,1.561893128970959,1.0000000000000007,7.362857273646763,-0.35991431216065367,,,,,,,,,,,,,,10,strong_close,2026-09-25,hammer,2026-10-01,True,True,False,no TV drawing read (f_rr False),https://www.tradingview.com/chart/?symbol=NASDAQ:SKYW,https://finviz.com/quote.ashx?t=SKYW,"$vol(30d) $31.0M < $50M | FAIL: dollar_vol, rr (no TV drawing read)"
SLG,FAIL,"dollar_vol,short_float,rr",False,False,True,True,False,True,True,True,True,,False,48.768001556396484,38365941.25642204,786703.1666666666,16.03,94.98,2026-10-21,20,263,45.2158317565918,46.24369158241842,45.72976166950511,41.76112275306693,57.540000915527344,2.9758916078517474,0.9999999999999992,3.968638916438184,0.7655621866496656,,,,,,,,,,,,,,22,hammer,2026-09-18,hammer,2026-10-01,False,True,False,no TV drawing read (f_rr False),https://www.tradingview.com/chart/?symbol=NYSE:SLG,https://finviz.com/quote.ashx?t=SLG,"$vol(30d) $38.4M < $50M | FAIL: dollar_vol, short_float, rr (no TV drawing read)"
SNDA,FAIL,"dollar_vol,short_float,rr",False,False,True,True,False,False,True,True,True,,False,37.790000915527344,16600855.159517415,439292.26666666666,7.51,83.0,2026-11-16,46,263,38.27000045776367,38.86000061035156,38.56500053405762,35.530000915527346,42.75,1.3789126826872584,0.9022744726369,3.363721030099051,-0.2303994925843931,,,,,,,,,,,,,,8,strong_close,2026-09-11,hammer,2026-10-01,True,True,False,no TV drawing read (f_rr False),https://www.tradingview.com/chart/?symbol=NYSE:SNDA,https://finviz.com/quote.ashx?t=SNDA,"$vol(30d) $16.6M < $50M | FAIL: dollar_vol, short_float, rr (no TV drawing read)"
SPB,FAIL,"dollar_vol,short_float,rr",False,False,True,True,False,False,True,True,True,,False,79.45500183105469,22581625.329397585,284206.4666666667,17.85,116.57,2026-11-13,43,263,83.75386047363281,84.37674682272748,84.06530364818015,78.75382997962319,89.65047454833984,1.0515294339540797,0.9999999999999988,5.311473668556963,-0.8679892069159031,,,,,,,,,,,,,,5,hammer,2026-09-18,hammer,2026-10-01,False,True,False,no TV drawing read (f_rr False),https://www.tradingview.com/chart/?symbol=NYSE:SPB,https://finviz.com/quote.ashx?t=SPB,"$vol(30d) $22.6M < $50M | FAIL: dollar_vol, short_float, rr (no TV drawing read)"
SSB,FAIL,rr,True,True,True,True,False,True,True,True,True,,True,100.61499786376953,63545776.41481323,631573.6,3.2,89.36,2026-10-28,27,263,98.71031951904297,99.76725949141188,99.23878950522743,94.69977805238425,111.58999633789062,2.7211226411263056,1.0000000000000009,4.539011452843179,0.3031956127099132,no,,,,,,,2026-09-30,,,,,,8,hammer,2026-09-04,engulfing,2026-10-01,True,True,False,TV drawing not found (f_rr False),https://www.tradingview.com/chart/?symbol=NYSE:SSB,https://finviz.com/quote.ashx?t=SSB,FAIL: rr (TV drawing not found)
SSNC,FAIL,rr,True,True,True,True,False,True,True,False,True,,True,78.44000244140625,116792875.58178711,1488945.3333333333,2.36,87.18,2026-10-22,21,262,71.56195068359375,72.33602132157533,71.94898600258455,67.68523579612817,83.6500015258789,2.74430136774338,0.9999999999999986,4.263750206456385,1.5223725885706623,no,,,,,,,2026-09-30,,,,,,15,,,hammer,2026-09-29,True,True,False,TV drawing not found (f_rr False),https://www.tradingview.com/chart/?symbol=NASDAQ:SSNC,https://finviz.com/quote.ashx?t=SSNC,FAIL: rr (TV drawing not found)
STLD,FAIL,rr,True,True,True,True,False,True,False,True,True,,True,226.1699981689453,251005047.1578827,1109807.0,2.83,86.0,2026-10-19,18,263,133.47352600097656,137.9203468520754,135.69693642652598,119.05236549628881,262.7099914550781,7.630899922918131,0.8736777764667611,19.051155218288198,4.74895410308607,,,,,,,,,,,,,,1,hammer,2026-09-25,strong_close,2026-10-01,False,True,False,no TV drawing read (f_rr False),https://www.tradingview.com/chart/?symbol=NASDAQ:STLD,https://finviz.com/quote.ashx?t=STLD,FAIL: rr (no TV drawing read)
STT,FAIL,"no_earnings_14d,rr",True,True,False,True,False,True,False,True,True,,False,174.58999633789062,284140097.7333578,1627470.6666666667,1.92,94.69,2026-10-14,13,263,130.82041931152344,132.6490334945846,131.73472640305403,122.18025579584142,194.25999450683594,6.544085033511118,0.9999999999999997,9.554470607212611,4.485363103475918,,,,,,,,,,,,,,1,hammer,2026-09-25,hammer,2026-10-01,False,True,True,no TV drawing read (f_rr False),https://www.tradingview.com/chart/?symbol=NYSE:STT,https://finviz.com/quote.ashx?t=STT,"FAIL: no_earnings_14d, rr (no TV drawing read)"
SUNC,FAIL,"dollar_vol,short_float,history,rr",False,False,True,False,False,True,True,True,True,,False,75.66999816894531,35401338.43836212,467838.5,5.16,92.7,2026-12-02,62,48,70.4206314086914,70.72637683368852,70.57350412118996,66.45986705585676,81.80999755859375,2.7315228006128605,1.0000000000000002,4.113637065333193,1.2389265185071827,,,,,,,,,,,,,,40,rejection,2026-09-18,engulfing,2026-10-01,True,True,False,no TV drawing read (f_rr False),https://www.tradingview.com/chart/?symbol=NYSE:SUNC,https://finviz.com/quote.ashx?t=SUNC,"$vol(30d) $35.4M < $50M | FAIL: dollar_vol, short_float, history, rr (no TV drawing read)"
SXI,FAIL,"dollar_vol,short_float,rr",False,False,True,True,False,True,True,True,True,,False,285.1499938964844,35411133.37703959,124184.23333333334,5.57,104.21,2026-10-29,28,263,278.3661441689314,284.063173548843,281.2146588588872,255.4981917683614,341.4700012207031,2.3430645488631114,0.9862769077725555,26.07428693489827,0.15092781050629753,,,,,,,,,,,,,,12,strong_close,2026-09-25,engulfing,2026-10-01,False,True,False,no TV drawing read (f_rr False),https://www.tradingview.com/chart/?symbol=NYSE:SXI,https://finviz.com/quote.ashx?t=SXI,"$vol(30d) $35.4M < $50M | FAIL: dollar_vol, short_float, rr (no TV drawing read)"
SXT,FAIL,"dollar_vol,rr",False,True,True,True,False,False,True,True,True,,False,128.39500427246094,41328798.29575348,321887.9,3.69,99.78,2026-10-30,29,262,124.41615429024088,125.86134407944745,125.13874918484416,116.61724508540337,135.97999572753906,1.2722221823969249,0.9999999999999996,8.521504099440794,0.3821221053957439,,,,,,,,,,,,,,8,hammer,2026-09-25,hammer,2026-09-29,True,True,False,no TV drawing read (f_rr False),https://www.tradingview.com/chart/?symbol=NYSE:SXT,https://finviz.com/quote.ashx?t=SXT,"$vol(30d) $41.3M < $50M | FAIL: dollar_vol, rr (no TV drawing read)"
SYRE,FAIL,"short_float,rr",True,False,True,True,False,True,False,True,True,,False,89.93000030517578,116375901.35025279,1294072.0666666667,15.35,100.8,2026-11-05,35,263,75.1500015258789,78.80000305175781,76.97500228881836,66.12924575805664,106.48999786376953,2.7213404146808995,1.0,10.845756530761719,1.1944761971756679,,,,,,,,,,,,,,4,engulfing,2026-09-11,rejection,2026-10-01,False,True,False,no TV drawing read (f_rr False),https://www.tradingview.com/chart/?symbol=NASDAQ:SYRE,https://finviz.com/quote.ashx?t=SYRE,"short float 15.35% >= 5% | FAIL: short_float, rr (no TV drawing read)"
TDW,FAIL,"dollar_vol,short_float,rr",False,False,True,True,False,True,False,True,True,,False,82.1500015258789,46257362.41253153,563084.1333333333,12.95,115.53,2026-11-11,41,263,59.599998474121094,59.71919847106933,59.65959847259521,52.631382791791644,95.37000274658203,5.081005748233366,0.9999999999999998,7.028215680803571,3.200016060223162,,,,,,,,,,,,,,1,rejection,2026-09-04,engulfing,2026-10-01,False,True,False,no TV drawing read (f_rr False),https://www.tradingview.com/chart/?symbol=NYSE:TDW,https://finviz.com/quote.ashx?t=TDW,"$vol(30d) $46.3M < $50M | FAIL: dollar_vol, short_float, rr (no TV drawing read)"
TFX,FAIL,"short_float,rr",True,False,True,True,False,False,False,True,True,,False,126.0999984741211,89860498.21263885,712613.0,9.53,113.53,2026-10-22,21,263,132.75062526878483,133.41896517435038,133.08479522156762,124.57729765050442,139.6699981689453,0.7740469970601156,0.9999999999999996,8.507497571063201,-0.8210166020151585,,,,,,,,,,,,,,1,rejection,2026-09-25,strong_close,2026-10-01,False,True,False,no TV drawing read (f_rr False),https://www.tradingview.com/chart/?symbol=NYSE:TFX,https://finviz.com/quote.ashx?t=TFX,"short float 9.53% >= 5% | FAIL: short_float, rr (no TV drawing read)"
THFF,FAIL,"dollar_vol,rr",False,True,True,True,False,True,False,True,True,,False,73.98999786376953,8632097.360108439,116665.73333333334,3.54,82.07,2026-10-27,26,261,66.74281311035156,68.1006906678378,67.42175188909468,63.45582479751714,82.05999755859375,3.691002212467896,0.9999999999999998,3.9659270915775418,1.6561691183440732,,,,,,,,,,,,,,0,rejection,2026-09-18,hammer,2026-10-01,False,True,False,no TV drawing read (f_rr False),https://www.tradingview.com/chart/?symbol=NASDAQ:THFF,https://finviz.com/quote.ashx?t=THFF,"$vol(30d) $8.6M < $50M | FAIL: dollar_vol, rr (no TV drawing read)"
THG,FAIL,rr,True,True,True,True,False,True,False,True,True,,True,216.85000610351562,60530397.54037068,279134.86666666664,2.16,93.11,2026-10-28,27,263,178.01681518554688,178.7953795713839,178.4060973784654,169.29469008273662,231.64344787597656,5.842933892601597,0.896184781755541,10.166884643901673,3.7812869990720066,,,,,,,,,,,,,,1,hammer,2026-09-11,strong_close,2026-10-01,False,True,False,no TV drawing read (f_rr False),https://www.tradingview.com/chart/?symbol=NYSE:THG,https://finviz.com/quote.ashx?t=THG,FAIL: rr (no TV drawing read)
TILE,FAIL,"dollar_vol,short_float,rr",False,False,True,True,False,True,False,True,True,,False,34.45000076293945,17139137.199568175,497507.6,7.59,104.56,2026-10-30,29,263,29.605663299560547,30.284417857288204,29.945040578424376,27.26208021988958,39.05777275005759,3.3965213621754025,0.9999999999999996,2.6829603585347974,1.679100539143001,,,,,,,,,,,,,,3,strong_close,2026-09-25,strong_close,2026-10-01,False,True,False,no TV drawing read (f_rr False),https://www.tradingview.com/chart/?symbol=NASDAQ:TILE,https://finviz.com/quote.ashx?t=TILE,"$vol(30d) $17.1M < $50M | FAIL: dollar_vol, short_float, rr (no TV drawing read)"
TKR,FAIL,"short_float,rr",True,False,True,True,False,True,True,True,True,,False,119.04000091552734,103465192.0917427,869163.2333333333,6.79,95.15,2026-11-04,34,263,107.74349212646484,109.86098416374651,108.80223814510568,101.78862054727331,141.48865294954925,4.660421579663207,0.8287553019611428,8.462832854565807,1.2097323610613748,,,,,,,,,,,,,,7,hammer,2026-09-25,engulfing,2026-10-01,False,True,False,no TV drawing read (f_rr False),https://www.tradingview.com/chart/?symbol=NYSE:TKR,https://finviz.com/quote.ashx?t=TKR,"short float 6.79% >= 5% | FAIL: short_float, rr (no TV drawing read)"
TNET,FAIL,"dollar_vol,rr",False,True,True,True,False,True,True,True,True,,False,64.81999969482422,19730618.04510727,304390.9,4.0,96.37,2026-10-28,27,263,44.209415435791016,46.10822304583507,45.158819240813045,39.70590284020499,70.6500015258789,4.674779588079389,0.9961407514065145,5.474042089843964,3.59171159653462,,,,,,,,,,,,,,28,hammer,2026-09-04,strong_close,2026-10-01,False,True,False,no TV drawing read (f_rr False),https://www.tradingview.com/chart/?symbol=NYSE:TNET,https://finviz.com/quote.ashx?t=TNET,"$vol(30d) $19.7M < $50M | FAIL: dollar_vol, rr (no TV drawing read)"
TNGX,FAIL,"short_float,rr",True,False,True,True,False,True,True,True,True,,False,24.450000762939453,67315165.08050689,2753176.4,33.73,111.02,2026-11-10,40,263,10.90999984741211,11.199999809265137,11.054999828338623,8.819999923706055,31.469999313354492,9.134228347258956,0.6544861472703769,3.4148926053728377,3.9225248002018396,,,,,,,,,,,,,,14,strong_close,2026-09-25,hammer,2026-09-30,False,True,False,no TV drawing read (f_rr False),https://www.tradingview.com/chart/?symbol=NASDAQ:TNGX,https://finviz.com/quote.ashx?t=TNGX,"short float 33.73% >= 5% | FAIL: short_float, rr (no TV drawing read)"
TPC,FAIL,"dollar_vol,rr",False,True,True,True,False,True,False,True,True,,False,83.33000183105469,33826667.06695811,405936.23333333334,4.09,81.23,2026-11-11,41,263,79.45196533203125,85.635893885523,82.54392960877712,74.53646061597816,99.87191409742356,2.1639777193304552,0.9999999999999998,8.007468992798964,0.09816737635630866,,,,,,,,,,,,,,1,hammer,2026-09-11,hammer,2026-10-01,False,True,False,no TV drawing read (f_rr False),https://www.tradingview.com/chart/?symbol=NYSE:TPC,https://finviz.com/quote.ashx?t=TPC,"$vol(30d) $33.8M < $50M | FAIL: dollar_vol, rr (no TV drawing read)"
TRAX,FAIL,"dollar_vol,short_float,history,rr",False,False,True,False,False,False,False,False,True,,False,33.91999816894531,22767362.824315388,671207.6666666666,14.82,89.85,2026-12-02,62,26,,,,,,,,,,,,,,,,,,,,,,,0,,,hammer,2026-09-29,False,True,False,too few weekly bars for computed retest (26); no TV drawing read (f_rr False),https://www.tradingview.com/chart/?symbol=NASDAQ:TRAX,https://finviz.com/quote.ashx?t=TRAX,"$vol(30d) $22.8M < $50M | FAIL: dollar_vol, short_float, history, rr (no TV drawing read)"
TREX,FAIL,"short_float,rr",True,False,True,True,False,False,True,True,True,,False,43.5099983215332,62457613.46326573,1435477.2666666666,10.05,109.24,2026-11-02,32,263,42.77000045776367,43.619998931884766,43.19499969482422,39.4896422794887,49.630001068115234,1.7366749417095912,1.0000000000000002,3.705357415335519,0.08501167131820705,,,,,,,,,,,,,,42,strong_close,2026-09-25,hammer,2026-10-01,True,True,False,no TV drawing read (f_rr False),https://www.tradingview.com/chart/?symbol=NYSE:TREX,https://finviz.com/quote.ashx?t=TREX,"short float 10.05% >= 5% | FAIL: short_float, rr (no TV drawing read)"
TRGP,FAIL,rr,True,True,True,True,False,False,True,True,True,,True,279.4200134277344,320875334.7739004,1148362.0333333334,2.68,97.46,2026-10-29,28,262,283.77191861982357,289.6842600997971,286.7280893598103,273.94784661093036,296.20001220703125,0.7411379449776899,0.7333751932717317,17.426609007409674,-0.41936305158212983,no,,,,,,,2026-09-30,,,,,,7,hammer,2026-09-18,engulfing,2026-10-01,False,True,False,TV drawing not found (f_rr False),https://www.tradingview.com/chart/?symbol=NYSE:TRGP,https://finviz.com/quote.ashx?t=TRGP,FAIL: rr (TV drawing not found)
TRMK,FAIL,"dollar_vol,short_float,rr",False,False,True,True,False,False,False,True,True,,False,45.08000183105469,16414564.82805837,364120.76666666666,6.23,81.12,2026-10-27,26,263,44.788429260253906,45.312558479832276,45.05049387004309,43.10910037811575,48.027099609375,1.5332315430690178,0.999999999999999,1.941393491927345,0.015199371551566199,,,,,,,,,,,,,,1,hammer,2026-09-11,hammer,2026-10-01,False,True,False,no TV drawing read (f_rr False),https://www.tradingview.com/chart/?symbol=NASDAQ:TRMK,https://finviz.com/quote.ashx?t=TRMK,"$vol(30d) $16.4M < $50M | FAIL: dollar_vol, short_float, rr (no TV drawing read)"
TROW,FAIL,"short_float,rr",True,False,True,True,False,True,True,True,True,,False,105.83000183105469,151913344.52771506,1435446.8666666667,13.1,92.12,2026-10-22,21,263,102.80223083496094,104.36383483538079,103.58303283517085,98.29514238371912,117.09334131100715,2.5549524143653914,1.0000000000000002,5.287890451451729,0.4249272969085344,,,,,,,,,,,,,,8,hammer,2026-09-25,engulfing,2026-10-01,True,True,False,no TV drawing read (f_rr False),https://www.tradingview.com/chart/?symbol=NASDAQ:TROW,https://finviz.com/quote.ashx?t=TROW,"short float 13.10% >= 5% | FAIL: short_float, rr (no TV drawing read)"
TRS,FAIL,"dollar_vol,short_float,rr",False,False,True,True,False,True,True,True,True,,False,38.56999969482422,12729505.132947542,330036.43333333335,13.21,83.13,2026-10-22,21,263,38.46530532836914,38.79466376519861,38.629984546783874,36.21835191380503,44.536415100097656,2.4491419101499603,1.0,2.4116326329788436,-0.024873129986453076,,,,,,,,,,,,,,7,hammer,2026-09-04,hammer,2026-09-29,False,True,False,no TV drawing read (f_rr False),https://www.tradingview.com/chart/?symbol=NASDAQ:TRS,https://finviz.com/quote.ashx?t=TRS,"$vol(30d) $12.7M < $50M | FAIL: dollar_vol, short_float, rr (no TV drawing read)"
TRV,FAIL,rr,True,True,True,True,False,True,False,True,True,,True,361.5199890136719,482377001.0395823,1334302.4333333333,2.98,91.47,2026-10-16,15,263,305.1965026855469,306.353432038302,305.77496736192444,288.61243484281977,386.20955984085373,4.686638897225254,0.9248441567876756,18.557215713744107,3.0039539611786035,,,,,,,,,,,,,,1,engulfing,2026-09-11,strong_close,2026-10-01,False,True,False,no TV drawing read (f_rr False),https://www.tradingview.com/chart/?symbol=NYSE:TRV,https://finviz.com/quote.ashx?t=TRV,FAIL: rr (no TV drawing read)
TTEK,FAIL,rr,True,True,True,True,False,True,True,True,True,,True,33.720001220703125,78760502.60722147,2335720.6333333333,4.35,100.35,2026-11-18,48,262,31.52167320251465,34.12940339532502,32.82553829891984,30.870634460817172,37.060001373291016,2.16607231099456,0.9999999999999997,1.9549038381026669,0.4575482969287167,no,,,,,,,2026-09-29,,,,,,14,engulfing,2026-09-11,strong_close,2026-10-01,False,True,False,TV drawing not found (f_rr False),https://www.tradingview.com/chart/?symbol=NASDAQ:TTEK,https://finviz.com/quote.ashx?t=TTEK,FAIL: rr (TV drawing not found)
TVTX,FAIL,"short_float,rr",True,False,True,True,False,True,True,True,True,,False,56.849998474121094,82054909.57261023,1443358.1666666667,14.17,113.69,2026-10-22,21,263,40.18000030517578,40.75,40.46500015258789,35.179365158081055,66.16999816894531,4.863180685588708,1.0,5.285634994506836,3.0999110492044046,,,,,,,,,,,,,,19,engulfing,2026-09-11,engulfing,2026-09-28,False,True,False,no TV drawing read (f_rr False),https://www.tradingview.com/chart/?symbol=NASDAQ:TVTX,https://finviz.com/quote.ashx?t=TVTX,"short float 14.17% >= 5% | FAIL: short_float, rr (no TV drawing read)"
UAL,FAIL,"short_float,rr",True,False,True,True,False,True,True,True,True,,False,111.77999877929688,413035933.5614055,3695079.066666667,5.66,91.28,2026-10-20,19,263,101.80000305175781,105.9800033569336,103.8900032043457,94.58071735927037,129.55999755859375,2.757461182463058,1.0000000000000002,9.309285845075335,0.8475403705779455,,,,,,,,,,,,,,22,rejection,2026-09-25,hammer,2026-10-01,True,True,False,no TV drawing read (f_rr False),https://www.tradingview.com/chart/?symbol=NASDAQ:UAL,https://finviz.com/quote.ashx?t=UAL,"short float 5.66% >= 5% | FAIL: short_float, rr (no TV drawing read)"
UNFI,FAIL,"dollar_vol,short_float,rr",False,False,True,True,False,True,False,True,True,,False,44.779998779296875,26740019.52373352,597142.0333333333,5.25,98.31,2026-12-09,69,263,40.900001525878906,41.900001525878906,41.400001525878906,38.03357287815639,50.91999816894531,2.8279217055460113,0.9999999999999993,3.366428647722517,1.0040305638750524,,,,,,,,,,,,,,2,hammer,2026-09-25,rejection,2026-09-28,False,True,False,no TV drawing read (f_rr False),https://www.tradingview.com/chart/?symbol=NYSE:UNFI,https://finviz.com/quote.ashx?t=UNFI,"$vol(30d) $26.7M < $50M | FAIL: dollar_vol, short_float, rr (no TV drawing read)"
UNM,FAIL,rr,True,True,True,True,False,True,False,True,True,,True,88.06999969482422,153212140.4287636,1739663.2333333334,2.72,90.31,2026-11-03,33,262,78.87035369873047,79.45974330307754,79.165048500904,74.05343269565792,92.18831634521484,2.547779086007395,1.0000000000000009,5.1116158052460845,1.742101036776082,,,,,,,,,,,,,,0,hammer,2026-09-11,hammer,2026-10-01,False,True,False,no TV drawing read (f_rr False),https://www.tradingview.com/chart/?symbol=NYSE:UNM,https://finviz.com/quote.ashx?t=UNM,FAIL: rr (no TV drawing read)
URGN,FAIL,"dollar_vol,short_float,rr",False,False,True,True,False,True,True,False,True,,False,40.54999923706055,29262823.14609299,721647.9333333333,15.05,80.62,2026-11-05,35,263,30.459999084472656,32.369998931884766,31.41499900817871,26.637141636439733,48.5099983215332,3.577963506083584,0.9999999999999998,4.777857371738979,1.911944940616133,,,,,,,,,,,,,,5,,,hammer,2026-09-30,False,True,False,no TV drawing read (f_rr False),https://www.tradingview.com/chart/?symbol=NASDAQ:URGN,https://finviz.com/quote.ashx?t=URGN,"$vol(30d) $29.3M < $50M | FAIL: dollar_vol, short_float, rr (no TV drawing read)"
USFD,FAIL,rr,True,True,True,True,False,True,True,True,True,,True,93.94000244140625,206072109.49094033,2193656.6333333333,4.94,109.51,2026-11-05,35,263,93.69000244140625,93.73999786376953,93.71500015258789,88.7599966430664,109.7300033569336,3.232087156663243,0.7909204290199183,6.264857155936105,0.0359149910712911,no,,,,,,,2026-09-30,,,,,,11,hammer,2026-09-18,strong_close,2026-10-01,False,True,False,TV drawing not found (f_rr False),https://www.tradingview.com/chart/?symbol=NYSE:USFD,https://finviz.com/quote.ashx?t=USFD,FAIL: rr (TV drawing not found)
UVSP,FAIL,"dollar_vol,rr",False,True,True,True,False,True,False,True,True,,False,41.220001220703125,9315067.625859577,225984.16666666666,3.3,82.82,2026-10-28,27,263,35.21139907836914,35.57501000171196,35.39320454004055,33.6698600925252,44.46081763382424,5.26163710734497,1.0000000000000013,1.7233444475153494,3.3810981252548915,,,,,,,,,,,,,,1,hammer,2026-09-25,hammer,2026-10-01,False,True,False,no TV drawing read (f_rr False),https://www.tradingview.com/chart/?symbol=NASDAQ:UVSP,https://finviz.com/quote.ashx?t=UVSP,"$vol(30d) $9.3M < $50M | FAIL: dollar_vol, rr (no TV drawing read)"
V,FAIL,rr,True,True,True,True,False,True,False,True,True,,True,360.0450134277344,2109052165.2172546,5857745.8,1.09,82.58,2026-11-03,33,263,328.2701721191406,334.5485043686942,331.40933824391743,317.1207508313005,381.6000061035156,3.512640291879335,0.9999999999999989,14.288587412616964,2.0040942016795418,,,,,,,,,,,,,,1,hammer,2026-09-25,hammer,2026-09-25,False,True,False,no TV drawing read (f_rr False),https://www.tradingview.com/chart/?symbol=NYSE:V,https://finviz.com/quote.ashx?t=V,FAIL: rr (no TV drawing read)
VAC,FAIL,"dollar_vol,short_float,rr",False,False,True,True,False,True,True,True,True,,False,103.01000213623047,48529804.38041535,471117.4,6.15,90.62,2026-11-11,41,263,100.49881744384766,101.19327651998854,100.84604698191811,93.41520465004895,120.54897189974993,2.65150625432201,0.6809791525264283,10.911996797994155,0.1983097314242376,,,,,,,,,,,,,,28,hammer,2026-09-25,hammer,2026-10-01,False,True,False,no TV drawing read (f_rr False),https://www.tradingview.com/chart/?symbol=NYSE:VAC,https://finviz.com/quote.ashx?t=VAC,"$vol(30d) $48.5M < $50M | FAIL: dollar_vol, short_float, rr (no TV drawing read)"
VCEL,FAIL,"dollar_vol,short_float,rr",False,False,True,True,False,True,True,True,True,,False,39.439998626708984,20242447.8284963,513246.6666666667,10.84,109.09,2026-11-11,41,263,35.68000030517578,35.86000061035156,35.77000045776367,32.76782880510603,47.0,3.7406254010476307,0.9999999999999997,3.002171652657645,1.2224478123016318,,,,,,,,,,,,,,20,hammer,2026-09-25,strong_close,2026-09-29,False,True,False,no TV drawing read (f_rr False),https://www.tradingview.com/chart/?symbol=NASDAQ:VCEL,https://finviz.com/quote.ashx?t=VCEL,"$vol(30d) $20.2M < $50M | FAIL: dollar_vol, short_float, rr (no TV drawing read)"
VCYT,FAIL,"short_float,rr",True,False,True,True,False,True,False,True,True,,False,44.189998626708984,62524638.222924046,1414904.7333333334,10.65,110.99,2026-11-10,40,263,47.34000015258789,50.709999084472656,49.02499961853027,43.31107085091727,60.4900016784668,2.0065006978947744,1.0000000000000004,5.713928767613003,-0.8461780306444237,,,,,,,,,,,,,,1,strong_close,2026-09-25,strong_close,2026-09-24,False,True,False,no TV drawing read (f_rr False),https://www.tradingview.com/chart/?symbol=NASDAQ:VCYT,https://finviz.com/quote.ashx?t=VCYT,"short float 10.65% >= 5% | FAIL: short_float, rr (no TV drawing read)"
VIRT,FAIL,"short_float,rr",True,False,True,True,False,True,True,True,True,,False,55.619998931884766,70233028.2732591,1262729.7666666666,5.46,94.47,2026-11-04,34,263,40.92362976074219,41.48558142369565,41.20460559221892,36.22087027089234,67.68162536621094,5.312685780220032,0.7819575609983768,6.373408954526271,2.26180266204765,,,,,,,,,,,,,,10,rejection,2026-09-04,hammer,2026-10-01,False,True,False,no TV drawing read (f_rr False),https://www.tradingview.com/chart/?symbol=NYSE:VIRT,https://finviz.com/quote.ashx?t=VIRT,"short float 5.46% >= 5% | FAIL: short_float, rr (no TV drawing read)"
VLTO,FAIL,rr,True,True,True,True,False,False,True,True,True,,True,94.61499786376953,146609253.8686694,1549535.0333333334,2.73,100.92,2026-10-28,27,157,90.84608459472656,92.61746779485162,91.73177619478909,87.16348984399389,99.08999633789062,1.6107178005206881,1.0000000000000009,4.5682863507952005,0.6311385599719593,no,,,,,,,2026-09-30,,,,,,17,strong_close,2026-09-25,hammer,2026-10-01,False,True,False,TV drawing not found (f_rr False),https://www.tradingview.com/chart/?symbol=NYSE:VLTO,https://finviz.com/quote.ashx?t=VLTO,FAIL: rr (TV drawing not found)
VNO,FAIL,"dollar_vol,short_float,rr",False,False,True,True,False,False,True,True,True,,False,33.560001373291016,40483690.30594495,1206307.7666666666,6.56,100.52,2026-11-02,32,263,39.13450060722655,39.212769608441,39.173635107833775,36.78077796497663,40.90999984741211,0.7256449657939299,1.0000000000000013,2.392857142857143,-2.3459961875701083,,,,,,,,,,,,,,7,rejection,2026-09-25,strong_close,2026-09-25,False,True,False,no TV drawing read (f_rr False),https://www.tradingview.com/chart/?symbol=NYSE:VNO,https://finviz.com/quote.ashx?t=VNO,"$vol(30d) $40.5M < $50M | FAIL: dollar_vol, short_float, rr (no TV drawing read)"
VOYA,FAIL,rr,True,True,True,True,False,False,True,True,True,,True,95.4000015258789,95205296.48276469,997959.0666666667,3.76,103.63,2026-11-03,33,263,77.40950012207031,78.62838351894207,78.0189418205062,72.69174362945088,81.74494171142578,0.69942956077282,0.9999999999999987,5.327198191055324,3.2627019085861155,no,,,,,,,2026-09-30,,,,,,14,hammer,2026-09-18,engulfing,2026-10-01,False,True,False,TV drawing not found (f_rr False),https://www.tradingview.com/chart/?symbol=NYSE:VOYA,https://finviz.com/quote.ashx?t=VOYA,FAIL: rr (TV drawing not found)
VRSN,FAIL,rr,True,True,True,True,False,True,False,True,True,,True,286.8999938964844,199174735.77608642,694230.5333333333,2.19,100.13,2026-10-22,21,262,248.8050956360197,251.74760384411098,250.27634974006534,233.88482529126418,293.6978454589844,2.649021197176982,0.9999999999999998,16.391524448801167,2.234303726344232,,,,,,,,,,,,,,0,hammer,2026-09-18,hammer,2026-10-01,False,True,False,no TV drawing read (f_rr False),https://www.tradingview.com/chart/?symbol=NASDAQ:VRSN,https://finviz.com/quote.ashx?t=VRSN,FAIL: rr (no TV drawing read)
VRTX,FAIL,rr,True,True,True,True,False,True,True,True,True,,True,506.739990234375,504094571.0066894,994779.5333333333,1.87,98.15,2026-11-09,39,263,444.010009765625,444.89802978515627,444.45401977539063,426.000009765625,548.97998046875,5.664132653989326,0.5669061751675444,32.55214146205357,1.913421595675722,,,,,,,,,,,,,,11,engulfing,2026-09-25,strong_close,2026-09-29,False,True,False,no TV drawing read (f_rr False),https://www.tradingview.com/chart/?symbol=NASDAQ:VRTX,https://finviz.com/quote.ashx?t=VRTX,FAIL: rr (no TV drawing read)
VSAT,FAIL,"short_float,rr",True,False,True,True,False,True,True,True,True,,False,70.3499984741211,112084623.85890453,1593242.7333333334,8.67,101.92,2026-11-11,41,263,48.849998474121094,49.5,49.17499923706055,41.659998168945314,82.87000274658203,4.483699097859505,0.6600377760351847,11.385713577270508,1.859786748836942,,,,,,,,,,,,,,11,engulfing,2026-09-18,hammer,2026-10-01,False,True,False,no TV drawing read (f_rr False),https://www.tradingview.com/chart/?symbol=NASDAQ:VSAT,https://finviz.com/quote.ashx?t=VSAT,"short float 8.67% >= 5% | FAIL: short_float, rr (no TV drawing read)"
WABC,FAIL,"dollar_vol,rr",False,True,True,True,False,True,True,True,True,,False,59.119998931884766,12849262.749186961,217342.06666666668,4.34,81.02,2026-10-15,14,263,52.199039459228516,52.48422351324328,52.3416314862359,49.50729059343285,60.87034606933594,3.0090645076448395,1.0000000000000009,2.834340892803046,2.3915145361874037,,,,,,,,,,,,,,14,hammer,2026-09-25,hammer,2026-10-01,False,True,False,no TV drawing read (f_rr False),https://www.tradingview.com/chart/?symbol=NASDAQ:WABC,https://finviz.com/quote.ashx?t=WABC,"$vol(30d) $12.8M < $50M | FAIL: dollar_vol, rr (no TV drawing read)"
WBI,FAIL,"dollar_vol,short_float,history,rr",False,False,True,False,False,True,False,True,True,,False,28.1200008392334,17435390.344354246,620035.2,17.05,107.14,2026-11-18,48,55,24.837726256959588,25.354972127147505,25.096349192053545,22.374644960482257,32.779998779296875,2.823102340847457,1.0,2.7217042315712874,1.1109405688193559,,,,,,,,,,,,,,1,hammer,2026-09-25,hammer,2026-10-01,False,True,False,no TV drawing read (f_rr False),https://www.tradingview.com/chart/?symbol=NYSE:WBI,https://finviz.com/quote.ashx?t=WBI,"$vol(30d) $17.4M < $50M | FAIL: dollar_vol, short_float, history, rr (no TV drawing read)"
WEX,FAIL,"short_float,rr",True,False,True,True,False,True,False,True,True,,False,168.55999755859375,88158210.34712525,523007.9,7.43,117.37,2026-10-22,21,263,167.07000732421875,167.5399932861328,167.30500030517578,153.21143450055803,199.97000122070312,2.3177243692880523,1.0000000000000007,14.093565804617745,0.08904753210197308,,,,,,,,,,,,,,1,hammer,2026-09-11,hammer,2026-09-24,False,True,False,no TV drawing read (f_rr False),https://www.tradingview.com/chart/?symbol=NYSE:WEX,https://finviz.com/quote.ashx?t=WEX,"short float 7.43% >= 5% | FAIL: short_float, rr (no TV drawing read)"
WHD,FAIL,"dollar_vol,short_float,rr",False,False,True,True,False,True,False,True,True,,False,62.209999084472656,44561269.11053747,716303.9666666667,5.09,110.55,2026-11-04,34,262,58.02265930175781,58.68787658002496,58.35526794089139,53.33478602612885,73.32175086648901,2.9810849196745948,1.0,5.020481914762534,0.7678010217000444,,,,,,,,,,,,,,1,hammer,2026-08-28,hammer,2026-10-01,False,True,False,no TV drawing read (f_rr False),https://www.tradingview.com/chart/?symbol=NYSE:WHD,https://finviz.com/quote.ashx?t=WHD,"$vol(30d) $44.6M < $50M | FAIL: dollar_vol, short_float, rr (no TV drawing read)"
WKC,FAIL,"dollar_vol,short_float,rr",False,False,True,True,False,True,False,True,True,,False,35.68000030517578,34133789.651950836,956664.5,19.99,117.69,2026-10-22,21,263,27.560400009155273,27.649018809672977,27.604709409414127,25.37056112354291,39.86000061035156,5.485442160862846,0.9999999999999996,2.2341482858712185,3.6144829538978653,,,,,,,,,,,,,,3,hammer,2026-09-18,strong_close,2026-10-01,False,True,False,no TV drawing read (f_rr False),https://www.tradingview.com/chart/?symbol=NYSE:WKC,https://finviz.com/quote.ashx?t=WKC,"$vol(30d) $34.1M < $50M | FAIL: dollar_vol, short_float, rr (no TV drawing read)"
WLY,FAIL,"dollar_vol,short_float,rr",False,False,True,True,False,True,False,True,True,,False,49.060001373291016,25205290.346214928,513764.56666666665,11.92,85.19,2026-12-09,69,263,41.237430572509766,41.6942990720334,41.465864822271584,37.36390027050612,53.709999084472656,2.984943947633888,0.9999999999999993,4.101964551765465,1.851341340273395,,,,,,,,,,,,,,3,rejection,2026-09-25,strong_close,2026-10-01,False,True,False,no TV drawing read (f_rr False),https://www.tradingview.com/chart/?symbol=NYSE:WLY,https://finviz.com/quote.ashx?t=WLY,"$vol(30d) $25.2M < $50M | FAIL: dollar_vol, short_float, rr (no TV drawing read)"
WNC,FAIL,"dollar_vol,short_float,rr",False,False,True,True,False,False,True,True,True,,False,12.454999923706055,8734761.19449463,701305.6,10.86,92.79,2026-10-28,27,263,13.965169906616211,14.233539223208567,14.099354564912389,12.62414880125778,14.220000267028809,0.08178228765696896,1.0,1.4752057636546088,-1.1146612097912927,,,,,,,,,,,,,,9,strong_close,2026-09-25,rejection,2026-10-01,False,True,False,no TV drawing read (f_rr False),https://www.tradingview.com/chart/?symbol=NYSE:WNC,https://finviz.com/quote.ashx?t=WNC,"$vol(30d) $8.7M < $50M | FAIL: dollar_vol, short_float, rr (no TV drawing read)"
WSBC,FAIL,"dollar_vol,short_float,rr",False,False,True,True,False,True,False,True,True,,False,37.619998931884766,36854059.51563148,979640.1,6.67,85.91,2026-10-28,27,263,35.6299934387207,36.11995483641904,35.87497413756987,33.879824690990965,42.297306060791016,3.2189728615235063,1.0,1.9951494465789068,0.8746336257201669,,,,,,,,,,,,,,1,rejection,2026-09-25,hammer,2026-10-01,False,True,False,no TV drawing read (f_rr False),https://www.tradingview.com/chart/?symbol=NASDAQ:WSBC,https://finviz.com/quote.ashx?t=WSBC,"$vol(30d) $36.9M < $50M | FAIL: dollar_vol, short_float, rr (no TV drawing read)"
WSFS,FAIL,"dollar_vol,short_float,rr",False,False,True,True,False,True,False,True,True,,False,76.62000274658203,26666994.319926452,348042.2,5.11,93.2,2026-10-26,25,263,71.793760834154,72.10299926965995,71.94838005190698,68.72464346789441,81.66000366210938,3.0125363400859446,1.0000000000000002,3.2237365840125696,1.4491328844431528,,,,,,,,,,,,,,1,hammer,2026-09-25,hammer,2026-10-01,False,True,False,no TV drawing read (f_rr False),https://www.tradingview.com/chart/?symbol=NASDAQ:WSFS,https://finviz.com/quote.ashx?t=WSFS,"$vol(30d) $26.7M < $50M | FAIL: dollar_vol, short_float, rr (no TV drawing read)"
WWW,FAIL,"dollar_vol,short_float,rr",False,False,True,True,False,False,True,True,True,,False,19.2450008392334,12590740.294055304,654234.3333333334,7.35,102.91,2026-11-11,41,263,18.348322862272337,18.55705342513436,18.452688143703348,16.8335120591206,21.200000762939453,1.6967349291995453,1.0,1.6191760845827474,0.48933077944652625,,,,,,,,,,,,,,19,hammer,2026-09-04,hammer,2026-10-01,True,True,False,no TV drawing read (f_rr False),https://www.tradingview.com/chart/?symbol=NYSE:WWW,https://finviz.com/quote.ashx?t=WWW,"$vol(30d) $12.6M < $50M | FAIL: dollar_vol, short_float, rr (no TV drawing read)"
XHR,FAIL,"dollar_vol,rr",False,True,True,True,False,True,False,True,True,,False,18.06999969482422,14270049.821666464,789709.4666666667,3.54,97.34,2026-11-03,33,263,15.916731810340291,16.21185013042073,16.06429097038051,15.058928732177735,21.489999771118164,5.396770034288193,1.0000000000000002,1.0053622382027763,1.995011000243244,,,,,,,,,,,,,,3,strong_close,2026-09-25,hammer,2026-10-01,False,True,False,no TV drawing read (f_rr False),https://www.tradingview.com/chart/?symbol=NYSE:XHR,https://finviz.com/quote.ashx?t=XHR,"$vol(30d) $14.3M < $50M | FAIL: dollar_vol, rr (no TV drawing read)"
XPRO,FAIL,"dollar_vol,short_float,rr",False,False,True,True,False,False,False,True,True,,False,16.31999969482422,12899102.542793274,790386.2,7.05,101.9,2026-10-22,21,263,16.459999084472656,17.18000030517578,16.81999969482422,15.356842858450753,18.81999969482422,1.3669074635615523,1.0000000000000004,1.4631568363734655,-0.34172686589038825,,,,,,,,,,,,,,1,hammer,2026-09-04,engulfing,2026-10-01,False,True,False,no TV drawing read (f_rr False),https://www.tradingview.com/chart/?symbol=NYSE:XPRO,https://finviz.com/quote.ashx?t=XPRO,"$vol(30d) $12.9M < $50M | FAIL: dollar_vol, short_float, rr (no TV drawing read)"
ZD,FAIL,"dollar_vol,short_float,rr",False,False,True,True,False,True,True,True,True,,False,54.41999816894531,35078289.123730466,644584.5333333333,16.78,121.67,2026-11-05,35,261,42.31999969482422,50.54999923706055,46.43499946594238,42.974285398210796,56.209999084472656,2.824561471193009,1.0000000000000007,3.4607140677315846,2.3073269119389876,,,,,,,,,,,,,,28,strong_close,2026-09-11,strong_close,2026-09-29,False,True,False,no TV drawing read (f_rr False),https://www.tradingview.com/chart/?symbol=NASDAQ:ZD,https://finviz.com/quote.ashx?t=ZD,"$vol(30d) $35.1M < $50M | FAIL: dollar_vol, short_float, rr (no TV drawing read)"
ZYME,FAIL,"dollar_vol,short_float,rr",False,False,True,True,False,False,False,True,True,,False,25.959999084472656,21269551.641889952,819320.2,7.17,99.24,2026-11-10,40,261,26.309999465942383,27.139999389648438,26.72499942779541,23.79178524017334,29.190000534057617,0.8403754204736615,1.0,2.9332141876220703,-0.26080616497458464,,,,,,,,,,,,,,0,engulfing,2026-09-04,engulfing,2026-09-28,False,True,False,no TV drawing read (f_rr False),https://www.tradingview.com/chart/?symbol=NASDAQ:ZYME,https://finviz.com/quote.ashx?t=ZYME,"$vol(30d) $21.3M < $50M | FAIL: dollar_vol, short_float, rr (no TV drawing read)"
