ticker,status,failed_filters,f_dollar_vol,f_short_float,f_no_earnings_14d,f_history,f_rr,f_rr_computed,f_smooth_streak,f_weekly_reversal,f_daily_reversal,f_near_zone,current_price,dollar_vol_30d,avg_vol_30d,short_float_pct,inst_own_pct,earnings_date,days_to_earnings,weekly_bars,zone_lo,zone_hi,entry,sl,tp,rr,sl_atr_mult,atr,atrs_from_entry,tv_found,tv_zone_top,tv_zone_bottom,tv_entry,tv_sl,tv_tp,tv_rr,tv_read_date,tv_screenshot,tv_price,tv_weekly_atr,tv_zone_dist,tv_zone_dist_atr,smooth_streak_weeks,weekly_reversal_kind,weekly_reversal_date,daily_reversal_kind,daily_reversal_date,smooth_pullback,earnings_known,earnings_blackout,filter_notes,tradingview_url,finviz_url,reason
SNEX,PASS,,True,True,True,True,True,True,True,True,True,True,64.63999938964844,53657301.50935059,830094.4,4.5,84.0,2026-11-30,61,263,57.253334045410156,58.22222137451172,57.73777770996094,54.10111068725586,70.37000274658203,3.4735720806313517,0.5197012539414311,6.9976106371198386,0.9863683530880764,yes,58.87,56.98,57.67,51.65,93.27,5.91,2026-09-30,charts/latest/SNEX.webp,64.64,6.9976,5.77,0.8246,7,strong_close,2026-09-11,hammer,2026-09-28,False,True,False,,https://www.tradingview.com/chart/?symbol=NASDAQ:SNEX,https://finviz.com/quote.ashx?t=SNEX,PASS (TV) entry=57.67 SL=51.65 TP=93.27 R:R=5.91 zone=[56.98-58.87]
WDC,PASS,,True,True,True,True,True,True,True,True,True,True,454.4599914550781,2864303840.605652,6302653.466666667,4.83,92.51,2026-10-22,22,263,285.21746826171875,309.5716191307068,297.39454369621274,241.10422989889253,772.5020143301236,8.440305952896095,0.6238251856230663,90.2341154134365,1.7406437358998836,yes,433.33,408.24,442.29,365.23,727.22,3.7,2026-09-30,charts/latest/WDC.webp,454.46,90.2341,21.13,0.2342,7,strong_close,2026-09-18,hammer,2026-09-28,True,True,False,,https://www.tradingview.com/chart/?symbol=NASDAQ:WDC,https://finviz.com/quote.ashx?t=WDC,PASS (TV) entry=442.29 SL=365.23 TP=727.22 R:R=3.7 zone=[408.24-433.33]
BPOP,PASS,,True,True,True,True,True,True,True,True,True,False,155.4499969482422,79773782.79889984,513179.7,2.83,93.73,2026-10-28,28,263,145.18597412109375,145.50082762825642,145.34340087467507,139.46928459204034,177.02821362200743,5.393970977557955,0.8614045259804347,6.819230809066066,1.4820727376070846,yes,146.69,143.39,145.45,136.59,176.59,3.51,2026-09-30,charts/latest/BPOP.webp,155.45,6.8192,8.76,1.2846,14,rejection,2026-09-18,hammer,2026-09-25,False,True,False,,https://www.tradingview.com/chart/?symbol=NASDAQ:BPOP,https://finviz.com/quote.ashx?t=BPOP,PASS (TV) entry=145.45 SL=136.59 TP=176.59 R:R=3.51 zone=[143.39-146.69]
ROST,PASS,,True,True,True,True,True,True,True,True,True,False,233.39999389648438,555591927.3510194,2380428.2,3.03,96.36,2026-11-12,43,263,191.2069091796875,193.7515609738917,192.47923507678962,184.9943125962721,255.75570326720648,8.453857518914715,0.6353054191425658,11.781612835318615,3.4732730901683984,yes,212.6,205.24,210.04,197.13,253.89,3.4,2026-09-30,charts/latest/ROST.webp,233.4,11.7816,20.8,1.7655,13,strong_close,2026-09-25,rejection,2026-09-28,False,True,False,,https://www.tradingview.com/chart/?symbol=NASDAQ:ROST,https://finviz.com/quote.ashx?t=ROST,PASS (TV) entry=210.04 SL=197.13 TP=253.89 R:R=3.4 zone=[205.24-212.6]
ATI,PASS,,True,True,True,True,True,True,True,True,True,True,189.33999633789062,340513347.43197936,1798422.7,3.22,94.56,2026-11-03,34,263,202.80999755859375,202.85000610351562,202.8300018310547,192.7582277570452,231.25999450683594,2.8227393175096833,0.49999999999999983,20.143548148018972,-0.669693610779824,yes,184.47,174.75,186.1,169.21,229.84,2.59,2026-09-30,,189.34,20.1435,4.87,0.2418,13,hammer,2026-09-18,strong_close,2026-09-29,False,True,False,,https://www.tradingview.com/chart/?symbol=NYSE:ATI,https://finviz.com/quote.ashx?t=ATI,PASS (TV) entry=186.1 SL=169.21 TP=229.84 R:R=2.59 zone=[174.75-184.47]
FIX,PASS,,True,True,True,True,True,True,True,True,True,True,1655.0579833984375,545489512.5449015,329589.36666666664,2.46,95.6,2026-10-22,22,263,1007.2098104218238,1035.189821205525,1021.1998158136744,908.740562600455,1796.0,6.889608120705971,0.6162972418869992,182.4756717535973,3.4736584964634734,yes,1497.16,1453.8,1474.92,1298.41,1992.24,2.93,2026-09-30,,1655.058,182.4757,157.898,0.8653,13,hammer,2026-09-25,rejection,2026-09-28,False,True,False,,https://www.tradingview.com/chart/?symbol=NYSE:FIX,https://finviz.com/quote.ashx?t=FIX,PASS (TV) entry=1474.92 SL=1298.41 TP=1992.24 R:R=2.93 zone=[1453.8-1497.16]
MOG-A,PASS,,True,True,True,True,True,True,True,True,True,True,381.8399963378906,97686202.63112183,255830.2,2.57,90.19,2026-10-30,30,263,344.507080078125,345.34571230956607,344.92639619384556,317.66173064387937,443.3500061035156,3.6099327801874352,0.8510083754085648,32.03806958642043,1.1521792860981601,yes,353.61,344.29,349.88,316.8,439.61,2.71,2026-09-30,,381.84,32.0381,28.23,0.8811,8,strong_close,2026-09-25,rejection,2026-09-29,False,True,False,,https://www.tradingview.com/chart/?symbol=NYSE:MOG.A,https://finviz.com/quote.ashx?t=MOG-A,PASS (TV) entry=349.88 SL=316.8 TP=439.61 R:R=2.71 zone=[344.29-353.61]
WELL,PASS,,True,True,True,True,True,True,True,False,True,True,230.3300018310547,542292818.1773992,2354416.7666666666,2.44,101.69,2026-10-26,26,263,216.76171204387026,218.92354913493656,217.84263058940343,207.05861974968863,239.85000610351562,2.0407412271011984,0.9999999999999997,10.7840108397148,1.157952400758298,yes,220.4,214.72,218.23,206.34,249.6,2.64,2026-09-30,,230.33,10.784,9.93,0.9208,8,,,hammer,2026-09-29,True,True,False,,https://www.tradingview.com/chart/?symbol=NYSE:WELL,https://finviz.com/quote.ashx?t=WELL,PASS (TV) entry=218.23 SL=206.34 TP=249.6 R:R=2.64 zone=[214.72-220.4]
ROK,PASS,,True,True,True,True,True,True,True,True,True,True,435.4599914550781,284948499.95919394,654362.0666666667,3.41,92.55,2026-11-04,35,263,417.6122741699219,424.4363112700077,421.0242927199648,395.9280279633093,478.6056823730469,2.2944207120627995,1.0000000000000007,25.096264756655483,0.5752130396729651,yes,415.4,411.42,412.91,388.07,477.44,2.6,2026-09-30,,435.46,25.0963,20.06,0.7993,7,strong_close,2026-09-25,hammer,2026-09-29,False,True,False,,https://www.tradingview.com/chart/?symbol=NYSE:ROK,https://finviz.com/quote.ashx?t=ROK,PASS (TV) entry=412.91 SL=388.07 TP=477.44 R:R=2.6 zone=[411.42-415.4]
ST,PASS,,True,True,True,True,True,True,True,True,True,True,41.56999969482422,54811884.762945555,1318544.2666666666,4.59,107.23,2026-10-27,27,263,38.1473274230957,38.18711694284953,38.167222182972615,35.39191506721856,46.8081828406849,3.113515116457491,0.89571885402489,3.0984131943670503,1.0982323203496198,yes,41.96,41.31,42.11,38.46,51.55,2.59,2026-09-30,charts/latest/ST.webp,41.57,3.0984,0.0,0.0,13,hammer,2026-09-25,hammer,2026-09-29,True,True,False,,https://www.tradingview.com/chart/?symbol=NYSE:ST,https://finviz.com/quote.ashx?t=ST,PASS (TV) entry=42.11 SL=38.46 TP=51.55 R:R=2.59 zone=[41.31-41.96]
ASB,PASS,,True,True,True,True,True,True,True,True,True,True,28.65999984741211,53905560.04233627,1880863.9333333333,4.55,80.97,2026-10-22,22,263,28.170221585616805,28.278417871726944,28.224319728671873,26.968321874705325,32.076515197753906,3.0670398495638134,1.0000000000000013,1.2559978539665464,0.3468796681175231,yes,28.78,28.63,28.73,27.42,32.11,2.58,2026-09-30,,28.66,1.256,0.0,0.0,14,hammer,2026-09-25,hammer,2026-09-24,False,True,False,,https://www.tradingview.com/chart/?symbol=NYSE:ASB,https://finviz.com/quote.ashx?t=ASB,PASS (TV) entry=28.73 SL=27.42 TP=32.11 R:R=2.58 zone=[28.63-28.78]
AIT,PASS,,True,True,True,True,True,True,True,True,True,True,332.05999755859375,90211702.5107361,271672.9,2.46,97.29,2026-10-22,22,263,290.3217468261719,293.8246543924392,292.07320060930556,274.60782059677416,361.95001220703125,4.000875534777321,1.000000000000001,17.46538001253138,2.2894890875891467,yes,315.83,308.02,312.94,294.03,360.73,2.53,2026-09-30,,332.06,17.4654,16.23,0.9293,26,strong_close,2026-09-25,rejection,2026-09-29,False,True,False,,https://www.tradingview.com/chart/?symbol=NYSE:AIT,https://finviz.com/quote.ashx?t=AIT,PASS (TV) entry=312.94 SL=294.03 TP=360.73 R:R=2.53 zone=[308.02-315.83]
CPAY,PASS,,True,True,True,True,True,True,True,True,True,False,388.7099914550781,169772418.71693218,436758.56666666665,4.94,100.48,2026-11-11,42,263,361.79998779296875,364.239990234375,363.0199890136719,341.68380301339283,417.6000061035156,2.5580962356219588,1.000000000000001,21.336186000279017,1.2040578593132951,yes,365.92,353.48,357.63,334.81,414.88,2.51,2026-09-30,,388.71,21.3362,22.79,1.0681,13,hammer,2026-09-25,hammer,2026-09-29,False,True,False,,https://www.tradingview.com/chart/?symbol=NYSE:CPAY,https://finviz.com/quote.ashx?t=CPAY,PASS (TV) entry=357.63 SL=334.81 TP=414.88 R:R=2.51 zone=[353.48-365.92]
MUSA,PASS,,True,True,True,True,True,True,True,True,True,True,504.2550048828125,131429360.6426595,260640.66666666666,4.99,83.87,2026-10-28,28,263,505.08624267578125,506.1238809865399,505.6050618311606,463.4648958471792,622.5089585338304,2.774167922051095,0.9999999999999998,42.14016598398138,-0.03203729545966374,yes,520.14,504.85,509.83,473.12,620.64,3.02,2026-09-30,,504.255,42.1402,0.595,0.0141,7,hammer,2026-09-18,strong_close,2026-09-28,False,True,False,,https://www.tradingview.com/chart/?symbol=NYSE:MUSA,https://finviz.com/quote.ashx?t=MUSA,PASS (TV) entry=509.83 SL=473.12 TP=620.64 R:R=3.02 zone=[504.85-520.14]
URI,PASS,,True,True,True,True,True,True,True,True,True,True,1000.77001953125,440365796.0252767,440026.9666666667,2.5,95.87,2026-10-28,28,263,970.7264404296875,997.3354913096188,984.0309658696531,902.259784652247,1160.8367919921875,2.162202177958744,0.9999999999999998,81.77118121740604,0.20470602738503435,yes,994.68,970.68,982.49,906.26,1165.22,2.4,2026-09-30,,1000.77,81.7712,6.09,0.0745,28,strong_close,2026-09-25,hammer,2026-09-29,True,True,False,,https://www.tradingview.com/chart/?symbol=NYSE:URI,https://finviz.com/quote.ashx?t=URI,PASS (TV) entry=982.49 SL=906.26 TP=1165.22 R:R=2.4 zone=[970.68-994.68]
UNP,PASS,,True,True,True,True,True,True,True,True,True,True,272.1099853515625,637245703.4566244,2341868.1333333333,4.63,92.23,2026-10-22,22,263,262.3927820459206,265.5219318602399,263.95735695308025,250.61119297893018,307.0749771113229,3.230712603393478,1.0000000000000009,13.34616397415006,0.6108593011649583,yes,276.76,270.96,273.57,261.4,304.91,2.58,2026-09-30,,272.11,13.3462,0.0,0.0,8,hammer,2026-09-25,strong_close,2026-09-29,False,True,False,,https://www.tradingview.com/chart/?symbol=NYSE:UNP,https://finviz.com/quote.ashx?t=UNP,PASS (TV) entry=273.57 SL=261.4 TP=304.91 R:R=2.58 zone=[270.96-276.76]
WTS,PASS,,True,True,True,True,True,True,True,True,True,True,354.4599914550781,64645160.81627401,182376.46666666667,2.75,82.48,2026-11-04,35,263,302.1103943028199,311.22603705146736,306.6682156771436,286.530118437073,391.55438232421875,4.215202937751699,0.9999999999999994,20.138097240070646,2.3732021555064677,yes,343.78,337.04,345.17,330.54,388.28,2.95,2026-09-30,,354.46,20.1381,10.68,0.5303,21,strong_close,2026-09-25,strong_close,2026-09-25,False,True,False,,https://www.tradingview.com/chart/?symbol=NYSE:WTS,https://finviz.com/quote.ashx?t=WTS,PASS (TV) entry=345.17 SL=330.54 TP=388.28 R:R=2.95 zone=[337.04-343.78]
EBAY,PASS,,True,True,True,True,True,True,True,True,True,True,106.05000305175781,514970214.1640885,4855918.9,4.54,96.1,2026-11-04,35,262,92.17344665527344,93.40223569089885,92.78784117308615,85.51013223878327,117.42298312858473,3.3850133576217756,1.0000000000000002,7.277708934302877,1.8222990227269962,yes,101.66,99.2,100.49,93.4,116.76,2.29,2026-09-30,,106.05,7.2777,4.39,0.6032,22,strong_close,2026-09-18,hammer,2026-09-28,False,True,False,,https://www.tradingview.com/chart/?symbol=NASDAQ:EBAY,https://finviz.com/quote.ashx?t=EBAY,PASS (TV) entry=100.49 SL=93.4 TP=116.76 R:R=2.29 zone=[99.2-101.66]
LNG,PASS,,True,True,True,True,True,True,True,True,True,False,269.2699890136719,539116520.9764872,2002141.1333333333,1.89,90.78,2026-10-29,29,263,236.15563938956396,236.6279506683431,236.39179502895354,220.405756014824,292.0,3.4785480582085504,0.9999999999999994,15.986039014129554,2.0566817055593534,yes,252.96,247.64,251,233.69,290.49,2.28,2026-09-30,,269.27,15.986,16.31,1.0203,20,hammer,2026-09-11,engulfing,2026-09-21,False,True,False,,https://www.tradingview.com/chart/?symbol=NYSE:LNG,https://finviz.com/quote.ashx?t=LNG,PASS (TV) entry=251 SL=233.69 TP=290.49 R:R=2.28 zone=[247.64-252.96]
WSM,PASS,,True,True,True,True,True,True,True,True,True,True,228.05999755859375,258025864.917806,1131394.6666666667,4.97,97.86,2026-11-12,43,263,198.02880859375,204.18823569962044,201.10852214668523,185.34827497553925,251.77999877929688,3.2151447932480086,1.0000000000000009,15.760247171145963,1.7100921780752005,yes,220.43,219.03,222.37,211.66,249.85,2.57,2026-09-30,,228.06,15.7602,7.63,0.4841,26,strong_close,2026-09-25,strong_close,2026-09-28,False,True,False,,https://www.tradingview.com/chart/?symbol=NYSE:WSM,https://finviz.com/quote.ashx?t=WSM,PASS (TV) entry=222.37 SL=211.66 TP=249.85 R:R=2.57 zone=[219.03-220.43]
IESC,PASS,,True,True,True,True,True,True,True,True,True,True,321.0799865722656,81098372.30575663,252579.96666666667,3.06,97.45,2026-12-09,70,263,259.8349914550781,265.0,262.41749572753906,238.73267418997628,384.4750061035156,5.153406378105922,0.5000000000000001,47.36964307512556,1.2383984137624002,yes,312.68,293.46,304.53,269.85,380.82,2.2,2026-09-30,,321.08,47.3696,8.4,0.1773,11,hammer,2026-09-25,hammer,2026-09-25,False,True,False,,https://www.tradingview.com/chart/?symbol=NASDAQ:IESC,https://finviz.com/quote.ashx?t=IESC,PASS (TV) entry=304.53 SL=269.85 TP=380.82 R:R=2.2 zone=[293.46-312.68]
GL,PASS,,True,True,True,True,True,True,True,True,True,True,165.64999389648438,67601359.42750345,408097.56666666665,2.71,88.06,2026-10-28,28,263,145.89846801757812,152.0726073494638,148.98553768352096,140.40217686624624,186.61000061035156,4.383418538238339,0.999999999999999,8.583360817274732,1.941483827573088,yes,173.75,167.97,170.86,163.72,186.21,2.15,2026-09-30,,165.65,8.5834,2.32,0.2703,9,hammer,2026-09-11,hammer,2026-09-29,True,True,False,,https://www.tradingview.com/chart/?symbol=NYSE:GL,https://finviz.com/quote.ashx?t=GL,PASS (TV) entry=170.86 SL=163.72 TP=186.21 R:R=2.15 zone=[167.97-173.75]
SWK,PASS,,True,True,True,True,True,True,True,True,True,True,88.62999725341797,139656254.2581497,1575722.2,4.75,100.14,2026-11-04,35,263,79.62845014666357,79.90309745824958,79.76577380245658,73.95121733223009,102.99365997314453,3.994782111004791,1.000000000000001,5.814556470226486,1.5244883244922918,yes,90.29,89,89.86,83.76,102.48,2.07,2026-09-30,,88.63,5.8146,0.37,0.0636,19,hammer,2026-09-25,engulfing,2026-09-25,True,True,False,,https://www.tradingview.com/chart/?symbol=NYSE:SWK,https://finviz.com/quote.ashx?t=SWK,PASS (TV) entry=89.86 SL=83.76 TP=102.48 R:R=2.07 zone=[89-90.29]
SNX,PASS,,True,True,True,True,True,True,True,True,True,True,256.75,223043098.30833334,868717.0333333333,2.13,93.59,2027-01-12,104,262,170.98973273521904,174.80321148656967,172.89647211089436,154.9790042494627,285.09710031547763,6.262080617211611,0.8830684773417854,20.29000957589028,4.132749547281883,yes,244.2,238.73,245.06,226.53,282.57,2.02,2026-09-30,,256.75,20.29,12.55,0.6185,5,rejection,2026-09-25,hammer,2026-09-29,False,True,False,,https://www.tradingview.com/chart/?symbol=NYSE:SNX,https://finviz.com/quote.ashx?t=SNX,PASS (TV) entry=245.06 SL=226.53 TP=282.57 R:R=2.02 zone=[238.73-244.2]
UNH,FAIL,no_earnings_14d,True,True,False,True,True,True,True,True,True,True,367.30999755859375,1655462840.9629374,4506990.966666667,1.48,90.17,2026-10-13,13,263,349.3529357910156,350.9317071763275,350.1423214836716,329.6573827533368,424.6352826432401,3.6364746870956806,0.9999999999999994,20.48493873033483,0.8380633352590725,yes,354.18,346.7,351.27,330.5,423.15,3.46,2026-09-29,,367.31,20.4849,13.13,0.641,27,hammer,2026-09-25,hammer,2026-09-29,True,True,True,,https://www.tradingview.com/chart/?symbol=NYSE:UNH,https://finviz.com/quote.ashx?t=UNH,FAIL: no_earnings_14d
THC,FAIL,rr,True,True,True,True,False,True,True,True,True,True,255.5399932861328,195324498.16018984,764359.8,2.53,100.38,2026-11-03,34,262,196.88999938964844,199.0800018310547,197.98500061035156,177.25196293422155,280.7699890136719,3.992902038596633,0.9999999999999994,20.73303767613002,2.7760038627646155,yes,245.93,238.6,239.65,218.71,278.39,1.85,2026-09-30,,255.54,20.733,9.61,0.4635,14,hammer,2026-09-25,hammer,2026-09-29,False,True,False,TV R:R 1.85 < 2 (f_rr False),https://www.tradingview.com/chart/?symbol=NYSE:THC,https://finviz.com/quote.ashx?t=THC,FAIL: rr (TV R:R 1.85 < 2)
IVZ,FAIL,rr,True,True,True,True,False,True,True,True,True,True,30.15999984741211,114538137.80185279,3797683.6333333333,2.98,98.29,2026-10-27,27,263,28.785341262817383,28.853784369721446,28.819562816269414,26.756822792980625,33.06999969482422,2.060578080885829,0.9999999999999996,2.0627400232887902,0.649833239287969,yes,29.59,29.39,29.52,27.56,33.03,1.79,2026-09-30,,30.16,2.0627,0.57,0.2763,13,hammer,2026-09-25,hammer,2026-09-29,True,True,False,TV R:R 1.79 < 2 (f_rr False),https://www.tradingview.com/chart/?symbol=NYSE:IVZ,https://finviz.com/quote.ashx?t=IVZ,FAIL: rr (TV R:R 1.79 < 2)
SJM,FAIL,rr,True,True,True,True,False,True,True,True,True,True,118.91999816894531,160991998.72914734,1353784.0666666667,4.53,89.86,2026-12-01,62,263,115.40843200683594,116.64682622654612,116.02762911669103,108.99023740049452,132.33999633789062,2.3179564075787895,0.9999999999999992,7.037391716196515,0.4110001501831298,yes,117.04,113.27,115.15,106,131.43,1.78,2026-09-30,,118.92,7.0374,1.88,0.2671,27,hammer,2026-09-18,strong_close,2026-09-29,True,True,False,TV R:R 1.78 < 2 (f_rr False),https://www.tradingview.com/chart/?symbol=NYSE:SJM,https://finviz.com/quote.ashx?t=SJM,FAIL: rr (TV R:R 1.78 < 2)
CGNX,FAIL,rr,True,True,True,True,False,True,True,True,True,True,60.650001525878906,92133273.7796257,1519097.6333333333,4.26,107.38,2026-10-29,29,263,38.387417887536024,39.02471813408399,38.70606801081001,34.643742606371056,66.7962417602539,6.914801487529639,0.6583190055327621,6.17075516626078,3.5561179991469354,yes,59.43,58.32,58.68,52.89,67.81,1.58,2026-09-30,,60.65,6.1708,1.22,0.1977,16,hammer,2026-09-18,hammer,2026-09-29,False,True,False,TV R:R 1.58 < 2 (f_rr False),https://www.tradingview.com/chart/?symbol=NASDAQ:CGNX,https://finviz.com/quote.ashx?t=CGNX,FAIL: rr (TV R:R 1.58 < 2)
CLH,FAIL,rr,True,True,True,True,False,True,True,True,True,True,310.2699890136719,115925669.22086282,373628.36666666664,2.25,95.23,2026-11-04,35,263,293.20001220703125,294.94000244140625,294.07000732421875,280.11715044294084,321.9800109863281,2.000307456715858,1.0000000000000007,13.952856881277901,1.1610512332560683,yes,313.83,310.97,312.61,298.94,324.23,0.85,2026-09-30,,310.27,13.9529,0.7,0.0502,5,strong_close,2026-09-11,hammer,2026-09-23,False,True,False,TV R:R 0.85 < 2 (f_rr False),https://www.tradingview.com/chart/?symbol=NYSE:CLH,https://finviz.com/quote.ashx?t=CLH,FAIL: rr (TV R:R 0.85 < 2)
ABM,FAIL,"dollar_vol,rr",False,True,True,True,False,False,True,True,True,,48.08000183105469,24149422.986361183,502275.8333333333,3.49,102.18,2026-12-23,84,262,48.540000915527344,49.439998626708984,48.989999771118164,46.75758468277558,49.86000061035156,0.3897128467624337,1.0000000000000004,2.2324150883425835,-0.4076293628435777,,,,,,,,,,,,,,14,hammer,2026-09-25,rejection,2026-09-28,True,True,False,no TV drawing read (f_rr False),https://www.tradingview.com/chart/?symbol=NYSE:ABM,https://finviz.com/quote.ashx?t=ABM,"$vol(30d) $24.1M < $50M | FAIL: dollar_vol, rr (no TV drawing read)"
ACHC,FAIL,"dollar_vol,short_float,rr",False,False,True,True,False,True,True,True,True,,27.5,39760824.583333336,1445848.1666666667,24.71,138.54,2026-11-04,35,263,25.6200008392334,25.75,25.6850004196167,22.15571471623012,34.720001220703125,2.560008330415628,1.0000000000000004,3.5292857033865794,0.5142682494199011,,,,,,,,,,,,,,8,hammer,2026-09-18,hammer,2026-09-29,True,True,False,no TV drawing read (f_rr False),https://www.tradingview.com/chart/?symbol=NASDAQ:ACHC,https://finviz.com/quote.ashx?t=ACHC,"$vol(30d) $39.8M < $50M | FAIL: dollar_vol, short_float, rr (no TV drawing read)"
ACIW,FAIL,"dollar_vol,short_float,rr",False,False,True,True,False,True,False,True,True,,48.880001068115234,35748623.40517121,731354.8,6.49,103.98,2026-10-29,29,263,45.5099983215332,48.540000915527344,47.02499961853027,43.22464261736189,58.38999938964844,2.9905084621323983,0.9999999999999998,3.800357001168387,0.48811241917921305,,,,,,,,,,,,,,1,hammer,2026-09-11,hammer,2026-09-28,False,True,False,no TV drawing read (f_rr False),https://www.tradingview.com/chart/?symbol=NASDAQ:ACIW,https://finviz.com/quote.ashx?t=ACIW,"$vol(30d) $35.7M < $50M | FAIL: dollar_vol, short_float, rr (no TV drawing read)"
ADEA,FAIL,"dollar_vol,short_float,rr",False,False,True,True,False,True,True,True,True,,25.600000381469727,23760056.67405243,928127.2,6.97,104.27,2026-11-09,40,263,19.299510955810547,19.448620075125,19.374065515467773,17.65334971259636,29.77318000793457,6.043481715640351,0.5000000000000003,3.441431605742826,1.8091118985519103,,,,,,,,,,,,,,12,hammer,2026-09-25,hammer,2026-09-29,False,True,False,no TV drawing read (f_rr False),https://www.tradingview.com/chart/?symbol=NASDAQ:ADEA,https://finviz.com/quote.ashx?t=ADEA,"$vol(30d) $23.8M < $50M | FAIL: dollar_vol, short_float, rr (no TV drawing read)"
ADM,FAIL,rr,True,True,True,True,False,True,False,True,True,,79.4000015258789,282351741.1061279,3556067.2,3.05,89.61,2026-10-27,27,263,72.88384246826172,73.14049830009272,73.01217038417721,67.88383099271476,85.37811279296875,2.4112956387750204,0.9999999999999988,5.128339391462453,1.245594461305743,,,,,,,,,,,,,,1,hammer,2026-09-04,hammer,2026-09-25,False,True,False,no TV drawing read (f_rr False),https://www.tradingview.com/chart/?symbol=NYSE:ADM,https://finviz.com/quote.ashx?t=ADM,FAIL: rr (no TV drawing read)
ADP,FAIL,rr,True,True,True,True,False,True,False,True,True,,258.05999755859375,561119663.097463,2174376.7666666666,2.66,92.0,2026-10-28,28,263,228.73956298828125,233.82815399089716,231.2838584895892,217.03147206804374,285.6518859863281,3.8146613408229184,0.9999999999999999,14.252386421545454,1.8787126784976051,,,,,,,,,,,,,,1,hammer,2026-09-11,strong_close,2026-09-29,False,True,False,no TV drawing read (f_rr False),https://www.tradingview.com/chart/?symbol=NASDAQ:ADP,https://finviz.com/quote.ashx?t=ADP,FAIL: rr (no TV drawing read)
ADUS,FAIL,"dollar_vol,rr",False,True,True,True,False,True,True,True,True,,110.54000091552734,22929301.335907746,207429.9,4.85,105.02,2026-11-02,33,263,99.79000091552734,103.5,101.64500045776367,94.52428599766323,121.01000213623047,2.71953071380335,0.9999999999999998,7.120714460100446,1.2491724682410867,,,,,,,,,,,,,,19,strong_close,2026-09-04,hammer,2026-09-29,True,True,False,no TV drawing read (f_rr False),https://www.tradingview.com/chart/?symbol=NASDAQ:ADUS,https://finviz.com/quote.ashx?t=ADUS,"$vol(30d) $22.9M < $50M | FAIL: dollar_vol, rr (no TV drawing read)"
AGIO,FAIL,"dollar_vol,short_float,rr",False,False,True,True,False,True,False,False,True,,33.25,28965273.108333334,871136.0333333333,12.97,113.55,2026-10-29,29,263,30.229999542236328,31.020000457763672,30.625,26.926784787859237,41.22999954223633,2.8675993510116675,0.9999999999999997,3.6982152121407643,0.7098018501958628,,,,,,,,,,,,,,1,,,hammer,2026-09-29,False,True,False,no TV drawing read (f_rr False),https://www.tradingview.com/chart/?symbol=NASDAQ:AGIO,https://finviz.com/quote.ashx?t=AGIO,"$vol(30d) $29.0M < $50M | FAIL: dollar_vol, short_float, rr (no TV drawing read)"
AGYS,FAIL,"dollar_vol,short_float,rr",False,False,True,True,False,False,True,True,True,,97.08000183105469,21482658.861190796,221288.2,6.38,105.91,2026-11-02,33,263,110.80999755859375,112.12000274658203,111.46500015258789,101.52160753522601,117.87999725341797,0.6451517452533284,0.9999999999999994,9.943392617361885,-1.4466891608419397,,,,,,,,,,,,,,16,hammer,2026-09-25,hammer,2026-09-29,False,True,False,no TV drawing read (f_rr False),https://www.tradingview.com/chart/?symbol=NASDAQ:AGYS,https://finviz.com/quote.ashx?t=AGYS,"$vol(30d) $21.5M < $50M | FAIL: dollar_vol, short_float, rr (no TV drawing read)"
AHR,FAIL,"short_float,history,rr",True,False,True,False,False,True,False,False,True,,51.2599983215332,142800672.31010857,2785811.1,11.52,80.03,2026-11-17,48,139,51.46139144897461,51.93908328373949,51.70023736635705,48.8266662429614,57.5,2.0183118442495585,1.0000000000000007,2.873571123395647,-0.15320276614682335,,,,,,,,,,,,,,1,,,hammer,2026-09-29,False,True,False,no TV drawing read (f_rr False),https://www.tradingview.com/chart/?symbol=NYSE:AHR,https://finviz.com/quote.ashx?t=AHR,"history 139 weekly bars < ~3y (150) | FAIL: short_float, history, rr (no TV drawing read)"
AIZ,FAIL,rr,True,True,True,True,False,True,False,True,True,,263.57000732421875,91941257.43991089,348830.5,2.7,101.34,2026-11-03,34,263,240.75289916992188,243.72137027574166,242.23713472283177,230.5524739075508,288.6579895019531,3.9728029348026124,0.9999999999999997,11.684660815280981,1.825716033921006,,,,,,,,,,,,,,0,hammer,2026-09-11,strong_close,2026-09-29,False,True,False,no TV drawing read (f_rr False),https://www.tradingview.com/chart/?symbol=NYSE:AIZ,https://finviz.com/quote.ashx?t=AIZ,FAIL: rr (no TV drawing read)
ALRM,FAIL,"dollar_vol,short_float,rr",False,False,True,True,False,True,False,True,True,,54.470001220703125,21761252.08634847,399508.93333333335,6.39,99.87,2026-11-05,36,263,47.599998474121094,48.619998931884766,48.10999870300293,44.935641697474885,57.529998779296875,2.967530135989527,1.0000000000000009,3.1743570055280412,2.0035561553487695,,,,,,,,,,,,,,1,hammer,2026-09-25,hammer,2026-09-29,False,True,False,no TV drawing read (f_rr False),https://www.tradingview.com/chart/?symbol=NASDAQ:ALRM,https://finviz.com/quote.ashx?t=ALRM,"$vol(30d) $21.8M < $50M | FAIL: dollar_vol, short_float, rr (no TV drawing read)"
AMBA,FAIL,"short_float,rr",True,False,True,True,False,False,False,True,True,,69.51000213623047,117153760.9644521,1685423.0666666667,13.55,82.07,2026-12-01,62,263,68.01000213623047,68.56999969482422,68.29000091552734,58.14000152587891,86.77999877929688,1.8216747759242937,0.7566156776317798,13.415000098092216,0.09094306461291973,,,,,,,,,,,,,,3,strong_close,2026-09-25,hammer,2026-09-29,False,True,False,no TV drawing read (f_rr False),https://www.tradingview.com/chart/?symbol=NASDAQ:AMBA,https://finviz.com/quote.ashx?t=AMBA,"short float 13.55% >= 5% | FAIL: short_float, rr (no TV drawing read)"
AMCX,FAIL,"dollar_vol,short_float,rr",False,False,True,True,False,True,False,True,True,,11.65999984741211,6900992.2863572445,591851.8333333334,22.95,82.3,2026-10-30,30,262,8.350000381469727,8.890000343322754,8.62000036239624,7.472471850258963,12.65999984741211,3.520609241761978,1.0000000000000002,1.1475285121372767,2.6491711995494187,,,,,,,,,,,,,,1,strong_close,2026-09-25,hammer,2026-09-23,False,True,False,no TV drawing read (f_rr False),https://www.tradingview.com/chart/?symbol=NASDAQ:AMCX,https://finviz.com/quote.ashx?t=AMCX,"$vol(30d) $6.9M < $50M | FAIL: dollar_vol, short_float, rr (no TV drawing read)"
ANAB,FAIL,"dollar_vol,short_float,rr",False,False,True,True,False,True,True,True,True,,50.2599983215332,25699589.020411428,511332.86666666664,19.49,102.76,2026-11-10,41,263,33.400001525878906,34.28666687011719,33.84333419799805,29.623333206176756,58.470001220703125,5.835701714391439,0.6975627600467018,6.04963629586356,2.713661337750181,,,,,,,,,,,,,,10,hammer,2026-09-18,hammer,2026-09-29,False,True,False,no TV drawing read (f_rr False),https://www.tradingview.com/chart/?symbol=NASDAQ:ANAB,https://finviz.com/quote.ashx?t=ANAB,"$vol(30d) $25.7M < $50M | FAIL: dollar_vol, short_float, rr (no TV drawing read)"
ARCB,FAIL,"dollar_vol,short_float,rr",False,False,True,True,False,True,False,True,True,,127.44000244140625,30524862.680773925,239523.4,6.16,103.74,2026-11-03,34,263,125.5844955444336,134.8471256863653,130.21581061539945,118.58138219008949,159.66820345796373,2.5314860142585487,0.9999999999999999,11.634428425309965,-0.2385856934711638,,,,,,,,,,,,,,1,hammer,2026-09-04,strong_close,2026-09-29,False,True,False,no TV drawing read (f_rr False),https://www.tradingview.com/chart/?symbol=NASDAQ:ARCB,https://finviz.com/quote.ashx?t=ARCB,"$vol(30d) $30.5M < $50M | FAIL: dollar_vol, short_float, rr (no TV drawing read)"
ARMK,FAIL,rr,True,True,True,True,False,True,False,True,True,,53.54999923706055,115907068.75364468,2164464.433333333,3.16,100.0,2026-11-17,48,263,41.66974639892578,41.918669624243776,41.79420801158478,38.8947076405276,62.26625061035156,7.060541465391338,1.0000000000000013,2.899500371057176,4.054419631334461,,,,,,,,,,,,,,1,strong_close,2026-09-11,hammer,2026-09-29,False,True,False,no TV drawing read (f_rr False),https://www.tradingview.com/chart/?symbol=NYSE:ARMK,https://finviz.com/quote.ashx?t=ARMK,FAIL: rr (no TV drawing read)
ASH,FAIL,"dollar_vol,short_float,rr",False,False,True,True,False,True,True,True,True,,67.90699768066406,40132440.311259456,590991.2333333333,9.74,117.47,2026-11-10,41,263,67.5309829711914,67.58069962796111,67.55584129957626,63.87200439401436,76.01213073730469,2.2955113525685764,0.8189387539287205,4.498305749836982,0.07806414250532666,,,,,,,,,,,,,,13,hammer,2026-09-11,hammer,2026-09-29,False,True,False,no TV drawing read (f_rr False),https://www.tradingview.com/chart/?symbol=NYSE:ASH,https://finviz.com/quote.ashx?t=ASH,"$vol(30d) $40.1M < $50M | FAIL: dollar_vol, short_float, rr (no TV drawing read)"
ATEN,FAIL,"dollar_vol,short_float,rr",False,False,True,True,False,True,False,True,True,,27.110000610351562,33018561.9867096,1217947.6666666667,14.01,106.97,2026-11-10,41,263,20.61046028137207,21.15526058557371,20.882860433472892,18.788329487205555,37.08860397338867,7.737170734476867,0.6998154017131587,2.9929763493914163,2.0805844918035787,,,,,,,,,,,,,,4,strong_close,2026-09-18,hammer,2026-09-29,False,True,False,no TV drawing read (f_rr False),https://www.tradingview.com/chart/?symbol=NYSE:ATEN,https://finviz.com/quote.ashx?t=ATEN,"$vol(30d) $33.0M < $50M | FAIL: dollar_vol, short_float, rr (no TV drawing read)"
ATEX,FAIL,"dollar_vol,short_float,rr",False,False,True,True,False,True,False,True,True,,78.5,23302743.316666666,296850.23333333334,8.63,97.41,2026-11-18,49,263,39.599998474121094,40.334999084472656,39.967498779296875,29.289999237060545,107.12999725341797,6.290096123015554,0.8570552948662061,12.458355494907924,3.0929042951497436,,,,,,,,,,,,,,1,hammer,2026-08-28,strong_close,2026-09-28,False,True,False,no TV drawing read (f_rr False),https://www.tradingview.com/chart/?symbol=NASDAQ:ATEX,https://finviz.com/quote.ashx?t=ATEX,"$vol(30d) $23.3M < $50M | FAIL: dollar_vol, short_float, rr (no TV drawing read)"
AVNT,FAIL,"dollar_vol,rr",False,True,True,True,False,True,False,True,True,,40.25,26144406.283333335,649550.4666666667,4.54,105.9,2026-10-29,29,263,38.01018142700195,38.73982082029585,38.3750011236489,35.45807317053228,46.0345458984375,2.6258943991416333,1.0,2.9169279531166197,0.6427991731327266,,,,,,,,,,,,,,1,hammer,2026-09-25,strong_close,2026-09-28,False,True,False,no TV drawing read (f_rr False),https://www.tradingview.com/chart/?symbol=NYSE:AVNT,https://finviz.com/quote.ashx?t=AVNT,"$vol(30d) $26.1M < $50M | FAIL: dollar_vol, rr (no TV drawing read)"
AWR,FAIL,"dollar_vol,rr",False,True,True,True,False,True,True,True,True,,82.33999633789062,16617989.804907227,201821.6,2.64,84.51,2026-11-09,40,263,78.7132774468711,80.16452552542472,79.43890148614791,75.80898638532442,89.87999725341797,2.876402195991127,0.9999999999999993,3.629915100823498,0.7992183759572111,,,,,,,,,,,,,,8,rejection,2026-08-28,strong_close,2026-09-29,False,True,False,no TV drawing read (f_rr False),https://www.tradingview.com/chart/?symbol=NYSE:AWR,https://finviz.com/quote.ashx?t=AWR,"$vol(30d) $16.6M < $50M | FAIL: dollar_vol, rr (no TV drawing read)"
AXGN,FAIL,"dollar_vol,short_float,rr",False,False,True,True,False,False,False,True,True,,41.91999816894531,48461538.42721252,1156048.2,7.09,90.43,2026-11-10,41,263,46.45000076293945,46.95000076293945,46.70000076293945,41.69035775320871,51.470001220703125,0.9521637466978006,0.9999999999999994,5.009643009730747,-0.9541603233422916,,,,,,,,,,,,,,2,strong_close,2026-09-18,hammer,2026-09-28,False,True,False,no TV drawing read (f_rr False),https://www.tradingview.com/chart/?symbol=NASDAQ:AXGN,https://finviz.com/quote.ashx?t=AXGN,"$vol(30d) $48.5M < $50M | FAIL: dollar_vol, short_float, rr (no TV drawing read)"
AXTA,FAIL,rr,True,True,True,True,False,True,False,True,True,,32.165000915527344,57531356.35054169,1788632.2,3.74,106.79,2026-11-04,35,263,30.0,31.229999542236328,30.614999771118164,28.476284435817174,38.189998626708984,3.5418452986987914,0.9999999999999998,2.1387153353009904,0.724734666098535,,,,,,,,,,,,,,1,hammer,2026-09-25,hammer,2026-09-29,False,True,False,no TV drawing read (f_rr False),https://www.tradingview.com/chart/?symbol=NYSE:AXTA,https://finviz.com/quote.ashx?t=AXTA,FAIL: rr (no TV drawing read)
BANR,FAIL,"dollar_vol,rr",False,True,True,True,False,True,False,True,True,,67.0,18495508.566666666,276052.36666666664,3.82,86.63,2026-10-21,21,263,65.48006745871781,67.44938938233389,66.46472842052586,63.32337978788199,74.01000213623047,2.4019217852156207,0.9999999999999997,3.1413486326438695,0.17039547088526688,,,,,,,,,,,,,,1,hammer,2026-09-11,hammer,2026-09-24,False,True,False,no TV drawing read (f_rr False),https://www.tradingview.com/chart/?symbol=NASDAQ:BANR,https://finviz.com/quote.ashx?t=BANR,"$vol(30d) $18.5M < $50M | FAIL: dollar_vol, rr (no TV drawing read)"
BAX,FAIL,rr,True,True,True,True,False,True,False,False,True,,24.010000228881836,138934196.06176123,5786513.733333333,4.52,109.61,2026-10-29,29,263,18.69306755065918,19.17263462498108,18.93285108782013,16.931699111115925,27.53937530517578,4.30078490666669,1.0000000000000004,2.001151976704203,2.5371132228665196,,,,,,,,,,,,,,1,,,engulfing,2026-09-28,False,True,False,no TV drawing read (f_rr False),https://www.tradingview.com/chart/?symbol=NYSE:BAX,https://finviz.com/quote.ashx?t=BAX,FAIL: rr (no TV drawing read)
BDX,FAIL,rr,True,True,True,True,False,True,True,True,True,,179.08999633789062,318752685.2580078,1779846.4,4.16,99.85,2026-11-05,36,262,148.73347521905285,149.31637529249466,149.02492525577375,141.28477528439376,190.87437438964844,5.4068008098831895,0.8244631798002017,9.388108724583335,3.2024630268064165,no,,,,,,,2026-09-30,,,,,,19,hammer,2026-09-25,hammer,2026-09-29,False,True,False,TV drawing not found (f_rr False),https://www.tradingview.com/chart/?symbol=NYSE:BDX,https://finviz.com/quote.ashx?t=BDX,FAIL: rr (TV drawing not found)
BELFB,FAIL,"dollar_vol,short_float,rr",False,False,True,True,False,True,True,True,True,,244.1199951171875,36396216.25201416,149091.5,5.95,88.52,2026-10-28,28,263,144.71952600407778,150.46159327142348,147.59055963775063,129.94000319497684,294.42999267578125,8.319252342786466,0.5821762736058662,30.318233914704724,3.1838739601721615,,,,,,,,,,,,,,12,strong_close,2026-09-25,strong_close,2026-09-24,False,True,False,no TV drawing read (f_rr False),https://www.tradingview.com/chart/?symbol=NASDAQ:BELFB,https://finviz.com/quote.ashx?t=BELFB,"$vol(30d) $36.4M < $50M | FAIL: dollar_vol, short_float, rr (no TV drawing read)"
BFH,FAIL,"dollar_vol,short_float,rr",False,False,True,True,False,True,True,True,True,,97.76000213623047,49338407.49413223,504689.1,7.49,104.23,2026-10-22,22,263,90.1479721069336,90.86453921500193,90.50625566096775,82.51688061116356,113.15333557128906,2.8346497403293576,1.0000000000000002,7.9893750498041936,0.9079241405046435,,,,,,,,,,,,,,11,hammer,2026-09-18,hammer,2026-09-25,False,True,False,no TV drawing read (f_rr False),https://www.tradingview.com/chart/?symbol=NYSE:BFH,https://finviz.com/quote.ashx?t=BFH,"$vol(30d) $49.3M < $50M | FAIL: dollar_vol, short_float, rr (no TV drawing read)"
BHVN,FAIL,"dollar_vol,short_float,rr",False,False,True,True,False,True,False,True,True,,13.342000007629395,45012038.845739365,3373710.0,15.91,90.8,2026-11-17,48,211,10.979999542236328,11.0600004196167,11.019999980926514,9.290000190734863,15.6899995803833,2.6994220611665174,0.7855983740455561,2.2021427835736955,1.0544275530284544,,,,,,,,,,,,,,2,strong_close,2026-09-18,strong_close,2026-09-29,False,True,False,no TV drawing read (f_rr False),https://www.tradingview.com/chart/?symbol=NYSE:BHVN,https://finviz.com/quote.ashx?t=BHVN,"$vol(30d) $45.0M < $50M | FAIL: dollar_vol, short_float, rr (no TV drawing read)"
BJRI,FAIL,"dollar_vol,short_float,rr",False,False,True,True,False,True,False,False,True,,57.290000915527344,24227987.219177246,422900.8,10.61,100.06,2026-10-15,15,263,44.400001525878906,44.540000915527344,44.470001220703125,40.010000457763674,69.55000305175781,5.623317834260911,0.8592267645074104,5.190714427403042,2.4697948373241894,,,,,,,,,,,,,,1,,,hammer,2026-09-23,False,True,False,no TV drawing read (f_rr False),https://www.tradingview.com/chart/?symbol=NASDAQ:BJRI,https://finviz.com/quote.ashx?t=BJRI,"$vol(30d) $24.2M < $50M | FAIL: dollar_vol, short_float, rr (no TV drawing read)"
BMRN,FAIL,"short_float,rr",True,False,True,True,False,True,False,True,True,,60.0,113326466.0,1888774.4333333333,5.27,102.52,2026-11-03,34,263,57.290000915527344,57.5099983215332,57.39999961853027,53.68821389334543,67.36000061035156,2.6833448181670785,0.9999999999999991,3.7117857251848494,0.7004715718982525,,,,,,,,,,,,,,1,hammer,2026-09-11,strong_close,2026-09-29,False,True,False,no TV drawing read (f_rr False),https://www.tradingview.com/chart/?symbol=NASDAQ:BMRN,https://finviz.com/quote.ashx?t=BMRN,"short float 5.27% >= 5% | FAIL: short_float, rr (no TV drawing read)"
BMY,FAIL,rr,True,True,True,True,False,True,False,True,True,,62.44499969482422,598923940.2044909,9591223.366666667,2.06,85.18,2026-10-29,29,263,58.954503866693024,59.112717751159956,59.03361080892649,55.827096878541205,67.41000366210938,2.6123051497787833,1.0000000000000009,3.206513930385282,1.0638933620624658,,,,,,,,,,,,,,1,hammer,2026-09-25,rejection,2026-09-29,False,True,False,no TV drawing read (f_rr False),https://www.tradingview.com/chart/?symbol=NYSE:BMY,https://finviz.com/quote.ashx?t=BMY,FAIL: rr (no TV drawing read)
BNY,FAIL,rr,True,True,True,True,False,True,False,True,True,,144.63999938964844,475323188.35156554,3286249.933333333,1.52,87.73,2026-10-15,15,263,134.03237915039062,136.45308434956033,135.24273174997546,128.12184585998833,164.83999633789062,4.156402032720767,1.0,7.120885889987136,1.3196767628149637,,,,,,,,,,,,,,0,hammer,2026-09-04,hammer,2026-09-25,False,True,False,no TV drawing read (f_rr False),https://www.tradingview.com/chart/?symbol=NYSE:BNY,https://finviz.com/quote.ashx?t=BNY,FAIL: rr (no TV drawing read)
BRZE,FAIL,"short_float,rr",True,False,True,True,False,True,False,True,True,,25.100000381469727,71760050.20060901,2858966.1,9.32,82.96,2026-12-15,76,255,23.739999771118164,23.969999313354492,23.854999542236328,19.900263786315918,34.529998779296875,2.699295198441416,1.0,3.95473575592041,0.3148126489537458,,,,,,,,,,,,,,2,strong_close,2026-08-28,hammer,2026-09-29,False,True,False,no TV drawing read (f_rr False),https://www.tradingview.com/chart/?symbol=NASDAQ:BRZE,https://finviz.com/quote.ashx?t=BRZE,"short float 9.32% >= 5% | FAIL: short_float, rr (no TV drawing read)"
BTSG,FAIL,"short_float,history,rr",True,False,True,False,False,True,False,True,True,,56.75,136627019.15833333,2407524.566666667,6.04,92.24,2026-10-29,29,141,24.829999923706055,25.56999969482422,25.199999809265137,20.51000045776367,72.91999816894531,10.17484114244131,0.9032133148769481,5.192571095057896,6.075988101686856,,,,,,,,,,,,,,1,hammer,2026-09-25,hammer,2026-09-25,False,True,False,no TV drawing read (f_rr False),https://www.tradingview.com/chart/?symbol=NASDAQ:BTSG,https://finviz.com/quote.ashx?t=BTSG,"history 141 weekly bars < ~3y (150) | FAIL: short_float, history, rr (no TV drawing read)"
BWA,FAIL,rr,True,True,True,True,False,True,False,True,True,,60.08000183105469,126443813.10962068,2104590.7,3.16,106.88,2026-10-29,29,263,44.466069356964546,45.83957961215685,45.152824484560696,40.392810981079045,68.75734005811681,4.958917775399353,0.9999999999999998,4.760013503481653,3.135952731137358,,,,,,,,,,,,,,1,hammer,2026-09-25,hammer,2026-09-29,False,True,False,no TV drawing read (f_rr False),https://www.tradingview.com/chart/?symbol=NYSE:BWA,https://finviz.com/quote.ashx?t=BWA,FAIL: rr (no TV drawing read)
BXC,FAIL,"dollar_vol,short_float,rr",False,False,True,True,False,True,False,True,True,,71.12999725341797,10503517.739421844,147666.5,5.77,92.68,2026-11-03,34,262,58.349998474121094,61.11000061035156,59.72999954223633,49.13035665239607,90.36000061035156,2.8897200958981397,0.9999999999999998,10.599642889840263,1.075507715652243,,,,,,,,,,,,,,1,hammer,2026-09-11,rejection,2026-09-29,False,True,False,no TV drawing read (f_rr False),https://www.tradingview.com/chart/?symbol=NYSE:BXC,https://finviz.com/quote.ashx?t=BXC,"$vol(30d) $10.5M < $50M | FAIL: dollar_vol, short_float, rr (no TV drawing read)"
C,FAIL,"no_earnings_14d,rr",True,True,False,True,False,True,False,True,True,,129.5,1161858235.5333335,8971878.266666668,1.48,82.7,2026-10-13,13,263,121.49465942382812,121.77193023361565,121.63329482872189,113.95402091824626,139.3300018310547,2.3044765961781826,0.9999999999999999,7.67927391047563,1.0244074196320565,,,,,,,,,,,,,,1,hammer,2026-09-25,strong_close,2026-09-25,False,True,True,no TV drawing read (f_rr False),https://www.tradingview.com/chart/?symbol=NYSE:C,https://finviz.com/quote.ashx?t=C,"FAIL: no_earnings_14d, rr (no TV drawing read)"
CAH,FAIL,rr,True,True,True,True,False,False,False,True,True,,222.5500030517578,348035623.4525025,1563853.6,2.89,92.2,2026-10-30,30,263,236.39999389648438,244.8699951171875,240.63499450683594,227.3087376185826,243.89999389648438,0.24500498654850544,0.9999999999999993,13.326256888253349,-1.3570946145439715,,,,,,,,,,,,,,1,strong_close,2026-09-04,strong_close,2026-09-29,False,True,False,no TV drawing read (f_rr False),https://www.tradingview.com/chart/?symbol=NYSE:CAH,https://finviz.com/quote.ashx?t=CAH,FAIL: rr (no TV drawing read)
CBRL,FAIL,"short_float,rr",True,False,True,True,False,False,False,True,True,,52.619998931884766,53598604.62402038,1018597.6,25.95,100.91,2026-11-27,58,263,53.32545471191406,54.84190738620583,54.08368104905995,48.705303105776714,57.93000030517578,0.7151448441661291,0.9999999999999999,5.378377943283234,-0.27214192319881414,,,,,,,,,,,,,,1,strong_close,2026-09-25,strong_close,2026-09-28,False,True,False,no TV drawing read (f_rr False),https://www.tradingview.com/chart/?symbol=NASDAQ:CBRL,https://finviz.com/quote.ashx?t=CBRL,"short float 25.95% >= 5% | FAIL: short_float, rr (no TV drawing read)"
CCSI,FAIL,"dollar_vol,short_float,rr",False,False,True,True,False,True,False,True,True,,34.900001525878906,5880959.703790792,168508.86666666667,6.28,100.63,2026-11-05,36,262,30.549999237060547,31.665000915527344,31.107500076293945,27.483571188790457,39.06999969482422,2.19720084629354,1.0000000000000002,3.623928887503488,1.0465165204159406,,,,,,,,,,,,,,1,strong_close,2026-09-11,hammer,2026-09-29,False,True,False,no TV drawing read (f_rr False),https://www.tradingview.com/chart/?symbol=NASDAQ:CCSI,https://finviz.com/quote.ashx?t=CCSI,"$vol(30d) $5.9M < $50M | FAIL: dollar_vol, short_float, rr (no TV drawing read)"
CDP,FAIL,"dollar_vol,short_float,rr",False,False,True,True,False,True,False,True,True,,33.40999984741211,27375987.938636906,819395.0333333333,6.58,115.47,2026-10-22,22,263,32.20624542236328,32.67214005879686,32.43919274058007,30.79920727295631,38.400001525878906,3.6346717108022255,1.0,1.6399854676237595,0.5919607984323678,,,,,,,,,,,,,,1,hammer,2026-09-04,engulfing,2026-09-29,False,True,False,no TV drawing read (f_rr False),https://www.tradingview.com/chart/?symbol=NYSE:CDP,https://finviz.com/quote.ashx?t=CDP,"$vol(30d) $27.4M < $50M | FAIL: dollar_vol, short_float, rr (no TV drawing read)"
CF,FAIL,"short_float,rr",True,False,True,True,False,True,True,False,True,,115.2300033569336,301707843.202492,2618309.7666666666,6.5,107.93,2026-11-04,35,263,90.28155891555231,90.58527093276805,90.43341492416019,84.57935697390326,124.59801483154297,5.836054271701106,0.5705147850147835,10.261010063227786,2.416583579976842,,,,,,,,,,,,,,20,,,hammer,2026-09-22,False,True,False,no TV drawing read (f_rr False),https://www.tradingview.com/chart/?symbol=NYSE:CF,https://finviz.com/quote.ashx?t=CF,"short float 6.50% >= 5% | FAIL: short_float, rr (no TV drawing read)"
CFR,FAIL,"short_float,rr",True,False,True,True,False,True,False,True,True,,152.66000366210938,73764341.8341746,483193.63333333336,6.94,92.6,2026-10-22,22,263,141.34042358398438,142.82945770440006,142.08494064419222,135.43671201344847,168.99656677246094,4.0479393268486445,0.9999999999999993,6.648228630743749,1.5906587461529746,,,,,,,,,,,,,,1,hammer,2026-09-25,hammer,2026-09-25,False,True,False,no TV drawing read (f_rr False),https://www.tradingview.com/chart/?symbol=NYSE:CFR,https://finviz.com/quote.ashx?t=CFR,"short float 6.94% >= 5% | FAIL: short_float, rr (no TV drawing read)"
CGEM,FAIL,"dollar_vol,short_float,rr",False,False,True,True,False,True,False,True,True,,15.350000381469727,16169446.848500824,1053384.1333333333,19.85,88.19,2026-11-05,36,263,16.440000534057617,16.719999313354492,16.579999923706055,14.075071334838867,22.09000015258789,2.199663596547334,1.0,2.5049285888671875,-0.49103177938999654,,,,,,,,,,,,,,0,strong_close,2026-09-18,hammer,2026-09-29,False,True,False,no TV drawing read (f_rr False),https://www.tradingview.com/chart/?symbol=NASDAQ:CGEM,https://finviz.com/quote.ashx?t=CGEM,"$vol(30d) $16.2M < $50M | FAIL: dollar_vol, short_float, rr (no TV drawing read)"
CGON,FAIL,"short_float,history,rr",True,False,True,False,False,False,True,True,True,,70.88999938964844,59472406.46495209,838939.3,19.05,89.39,2026-11-12,43,141,75.23999786376953,75.86499786376953,75.55249786376953,68.45786339896065,79.44000244140625,0.5479499468111702,1.0000000000000007,7.094634464808872,-0.657186567856065,,,,,,,,,,,,,,19,engulfing,2026-09-18,hammer,2026-09-29,False,True,False,no TV drawing read (f_rr False),https://www.tradingview.com/chart/?symbol=NASDAQ:CGON,https://finviz.com/quote.ashx?t=CGON,"history 141 weekly bars < ~3y (150) | FAIL: short_float, history, rr (no TV drawing read)"
CHE,FAIL,"short_float,rr",True,False,True,True,False,True,True,True,True,,505.010009765625,73514222.95324707,145569.83333333334,5.1,105.87,2026-11-03,34,263,474.8237160779636,479.48528825465365,477.1545021663086,449.12153573431027,551.993896484375,2.6696922888845878,0.9999999999999992,28.03296643199834,0.9936696377419634,,,,,,,,,,,,,,26,hammer,2026-09-25,strong_close,2026-09-25,True,True,False,no TV drawing read (f_rr False),https://www.tradingview.com/chart/?symbol=NYSE:CHE,https://finviz.com/quote.ashx?t=CHE,"short float 5.10% >= 5% | FAIL: short_float, rr (no TV drawing read)"
CHRD,FAIL,"short_float,rr",True,False,True,True,False,False,False,True,True,,134.07000732421875,93507162.36027832,697450.2666666667,6.62,98.09,2026-11-04,35,263,145.80734252929688,146.1807336091469,145.9940380692219,135.18453703713786,155.39999389648438,0.8701563374058032,0.9999999999999992,10.809501032084038,-1.103106490263614,,,,,,,,,,,,,,1,strong_close,2026-09-11,strong_close,2026-09-29,False,True,False,no TV drawing read (f_rr False),https://www.tradingview.com/chart/?symbol=NASDAQ:CHRD,https://finviz.com/quote.ashx?t=CHRD,"short float 6.62% >= 5% | FAIL: short_float, rr (no TV drawing read)"
CLDX,FAIL,"dollar_vol,short_float,rr",False,False,True,True,False,False,False,False,True,,32.40999984741211,49033977.883478925,1512927.4333333333,11.79,106.06,2026-11-11,42,263,39.11000061035156,40.29999923706055,39.704999923706055,35.51500007084438,41.95000076293945,0.5357997417828342,0.9999999999999996,4.189999852861677,-1.7410501986799887,,,,,,,,,,,,,,0,,,hammer,2026-09-29,False,True,False,no TV drawing read (f_rr False),https://www.tradingview.com/chart/?symbol=NASDAQ:CLDX,https://finviz.com/quote.ashx?t=CLDX,"$vol(30d) $49.0M < $50M | FAIL: dollar_vol, short_float, rr (no TV drawing read)"
CLSK,FAIL,"short_float,rr",True,False,True,True,False,True,True,True,True,,12.880000114440918,231146619.27510905,17946165.933333334,32.03,97.23,2026-12-16,77,262,10.239999771118164,10.444999694824219,10.342499732971191,8.109999885559082,14.819999694824219,2.0055992241358043,0.9518514930886207,2.3454287392752513,1.0818919112647294,,,,,,,,,,,,,,16,strong_close,2026-09-18,hammer,2026-09-25,False,True,False,no TV drawing read (f_rr False),https://www.tradingview.com/chart/?symbol=NASDAQ:CLSK,https://finviz.com/quote.ashx?t=CLSK,"short float 32.03% >= 5% | FAIL: short_float, rr (no TV drawing read)"
CLW,FAIL,"dollar_vol,rr",False,True,True,True,False,True,True,True,True,,19.15250015258789,2527190.270800781,131950.93333333332,4.47,88.99,2026-11-03,34,262,17.899999618530273,18.200000762939453,18.050000190734863,16.063571861812047,23.309999465942383,2.6479683151014406,0.9999999999999998,1.9864283289228166,0.5550162297830709,,,,,,,,,,,,,,16,hammer,2026-09-11,hammer,2026-09-21,False,True,False,no TV drawing read (f_rr False),https://www.tradingview.com/chart/?symbol=NYSE:CLW,https://finviz.com/quote.ashx?t=CLW,"$vol(30d) $2.5M < $50M | FAIL: dollar_vol, rr (no TV drawing read)"
CLYM,FAIL,"dollar_vol,short_float,rr",False,False,True,True,False,True,False,True,True,,11.470000267028809,18586290.476033844,1620426.3333333333,16.42,118.43,2026-11-11,42,263,11.520000457763672,12.479999542236328,12.0,9.68853575842721,17.280000686645508,2.2842666530081543,1.0000000000000002,2.311464241572789,-0.22929177247862761,,,,,,,,,,,,,,0,hammer,2026-09-04,strong_close,2026-09-28,False,True,False,no TV drawing read (f_rr False),https://www.tradingview.com/chart/?symbol=NASDAQ:CLYM,https://finviz.com/quote.ashx?t=CLYM,"$vol(30d) $18.6M < $50M | FAIL: dollar_vol, short_float, rr (no TV drawing read)"
CNC,FAIL,rr,True,True,True,True,False,True,False,True,True,,62.13999938964844,257967324.42552644,4151389.2333333334,2.91,99.91,2026-10-27,27,263,38.70000076293945,38.86000061035156,38.78000068664551,34.39999984741211,67.47000122070312,6.550227177371739,0.8736289065253494,5.0135713304792136,4.659353016678852,,,,,,,,,,,,,,1,hammer,2026-09-11,hammer,2026-09-29,False,True,False,no TV drawing read (f_rr False),https://www.tradingview.com/chart/?symbol=NYSE:CNC,https://finviz.com/quote.ashx?t=CNC,FAIL: rr (no TV drawing read)
CNMD,FAIL,"dollar_vol,short_float,rr",False,False,True,True,False,True,True,False,True,,46.2599983215332,13973395.322998684,302062.1666666667,7.17,114.46,2026-10-28,28,263,39.08000183105469,40.029998779296875,39.55500030517578,36.249998321533205,51.06999969482422,3.484112701486881,0.8385288930112991,3.9414288657052174,1.7011592102291397,,,,,,,,,,,,,,14,,,hammer,2026-09-29,False,True,False,no TV drawing read (f_rr False),https://www.tradingview.com/chart/?symbol=NYSE:CNMD,https://finviz.com/quote.ashx?t=CNMD,"$vol(30d) $14.0M < $50M | FAIL: dollar_vol, short_float, rr (no TV drawing read)"
CNO,FAIL,rr,True,True,True,True,False,True,False,True,True,,52.93000030517578,51445500.81595001,971953.5333333333,2.42,96.53,2026-11-04,35,263,44.1458740234375,44.3436609545763,44.244767489006904,41.878941393176774,56.563594818115234,5.206987677928143,1.0000000000000009,2.3658260958301276,3.6711205576255086,,,,,,,,,,,,,,0,strong_close,2026-09-04,hammer,2026-09-29,False,True,False,no TV drawing read (f_rr False),https://www.tradingview.com/chart/?symbol=NYSE:CNO,https://finviz.com/quote.ashx?t=CNO,FAIL: rr (no TV drawing read)
COHR,FAIL,"short_float,rr",True,False,True,True,False,True,True,True,True,,287.7900085449219,1738601479.552715,6041215.566666666,5.44,86.05,2026-11-11,42,262,115.44000244140625,115.91999816894531,115.68000030517578,85.92642702375139,383.19000244140625,8.990852950870307,0.5000000000000001,59.507146562848774,2.8922577905490936,,,,,,,,,,,,,,5,strong_close,2026-09-18,strong_close,2026-09-18,False,True,False,no TV drawing read (f_rr False),https://www.tradingview.com/chart/?symbol=NYSE:COHR,https://finviz.com/quote.ashx?t=COHR,"short float 5.44% >= 5% | FAIL: short_float, rr (no TV drawing read)"
COLD,FAIL,"dollar_vol,short_float,rr",False,False,True,True,False,True,False,True,True,,13.970000267028809,46634521.24505968,3338190.433333333,9.74,110.01,2026-10-29,29,263,12.962912792921243,13.199568260654253,13.081240526787749,11.974281069202368,15.329999923706055,2.031474035935825,0.9999999999999998,1.1069594575853812,0.8028837317851893,,,,,,,,,,,,,,1,hammer,2026-09-25,strong_close,2026-09-25,False,True,False,no TV drawing read (f_rr False),https://www.tradingview.com/chart/?symbol=NYSE:COLD,https://finviz.com/quote.ashx?t=COLD,"$vol(30d) $46.6M < $50M | FAIL: dollar_vol, short_float, rr (no TV drawing read)"
COP,FAIL,rr,True,True,True,True,False,True,False,True,True,,125.20999908447266,843117584.9308459,6733628.233333333,1.34,87.13,2026-11-05,36,263,96.07120011843618,96.60439339860534,96.33779675852077,88.8402030436361,133.26416501512017,4.925095925548882,1.0000000000000009,7.497593714884666,3.8508624798691193,,,,,,,,,,,,,,1,hammer,2026-09-11,strong_close,2026-09-29,False,True,False,no TV drawing read (f_rr False),https://www.tradingview.com/chart/?symbol=NYSE:COP,https://finviz.com/quote.ashx?t=COP,FAIL: rr (no TV drawing read)
CPF,FAIL,"dollar_vol,rr",False,True,True,True,False,True,True,True,True,,35.91999816894531,5744298.568512471,159919.23333333334,2.8,95.61,2026-10-28,28,263,34.28493881225586,34.83586029457153,34.560399553413696,32.90254060223387,39.40501344247253,2.922211136002333,0.9999999999999986,1.657858951179828,0.8200930571108285,,,,,,,,,,,,,,5,hammer,2026-09-18,strong_close,2026-09-24,False,True,False,no TV drawing read (f_rr False),https://www.tradingview.com/chart/?symbol=NYSE:CPF,https://finviz.com/quote.ashx?t=CPF,"$vol(30d) $5.7M < $50M | FAIL: dollar_vol, rr (no TV drawing read)"
CRBG,FAIL,rr,True,True,True,True,False,False,True,True,True,,33.1349983215332,134483285.83169454,4058647.7333333334,3.19,96.53,2026-11-09,40,212,30.623624235784327,31.061938346028008,30.842781290906167,28.900420087972027,34.22392654418945,1.740739697732693,0.9999999999999997,1.9423612029341413,1.180118830197185,no,,,,,,,2026-09-30,,,,,,20,hammer,2026-09-25,hammer,2026-09-29,False,True,False,TV drawing not found (f_rr False),https://www.tradingview.com/chart/?symbol=NYSE:CRBG,https://finviz.com/quote.ashx?t=CRBG,FAIL: rr (TV drawing not found)
CRGY,FAIL,"short_float,rr",True,False,True,True,False,False,False,True,True,,12.880000114440918,78865057.72206233,6123063.433333334,11.19,83.27,2026-11-09,40,252,13.293253856071445,14.019232436309716,13.65624314619058,12.571649463998414,14.989999771118164,1.2297292957043728,0.9999999999999996,1.0845936821921662,-0.7156993853963168,,,,,,,,,,,,,,1,strong_close,2026-09-11,strong_close,2026-09-29,False,True,False,no TV drawing read (f_rr False),https://www.tradingview.com/chart/?symbol=NYSE:CRGY,https://finviz.com/quote.ashx?t=CRGY,"short float 11.19% >= 5% | FAIL: short_float, rr (no TV drawing read)"
CROX,FAIL,"short_float,rr",True,False,True,True,False,True,True,True,True,,117.30999755859375,125688871.95488282,1071425.0666666667,10.21,101.15,2026-10-29,29,263,105.87000274658203,106.70999908447266,106.29000091552734,95.16428538731166,139.61000061035156,2.994863531277796,0.9999999999999999,11.12571552821568,0.9904977900179847,,,,,,,,,,,,,,45,strong_close,2026-09-25,hammer,2026-09-29,False,True,False,no TV drawing read (f_rr False),https://www.tradingview.com/chart/?symbol=NASDAQ:CROX,https://finviz.com/quote.ashx?t=CROX,"short float 10.21% >= 5% | FAIL: short_float, rr (no TV drawing read)"
CSCO,FAIL,rr,True,True,True,True,False,True,True,True,True,,107.62999725341797,1705316117.5858128,15844245.666666666,1.47,83.61,2026-11-18,49,263,84.04844665527344,84.22680961332497,84.1376281342992,77.28048617143847,112.12999725341797,4.082221028925672,0.9900158539772321,6.926295104581663,3.3917655491720007,no,,,,,,,2026-09-30,,,,,,6,strong_close,2026-09-11,hammer,2026-09-29,False,True,False,TV drawing not found (f_rr False),https://www.tradingview.com/chart/?symbol=NASDAQ:CSCO,https://finviz.com/quote.ashx?t=CSCO,FAIL: rr (TV drawing not found)
CSX,FAIL,rr,True,True,True,True,False,True,False,True,True,,46.5099983215332,466606015.71931523,10032380.833333334,2.2,82.08,2026-10-21,21,263,42.44334030151367,42.522879890397,42.48311009595534,41.16432207386231,51.858033041478826,7.108741350747689,0.6244839057365308,2.111804659781619,1.9068469268337929,,,,,,,,,,,,,,1,hammer,2026-09-25,strong_close,2026-09-29,False,True,False,no TV drawing read (f_rr False),https://www.tradingview.com/chart/?symbol=NASDAQ:CSX,https://finviz.com/quote.ashx?t=CSX,FAIL: rr (no TV drawing read)
CTS,FAIL,"dollar_vol,rr",False,True,True,True,False,True,True,True,True,,58.7400016784668,11607907.38969027,197615.03333333333,3.71,99.33,2026-10-28,28,263,44.86566410073483,45.60394993421951,45.234807017477166,41.148736548029625,66.26000213623047,5.145578196940892,0.9999999999999993,4.086070469447544,3.305179086354719,,,,,,,,,,,,,,12,strong_close,2026-09-18,rejection,2026-09-28,False,True,False,no TV drawing read (f_rr False),https://www.tradingview.com/chart/?symbol=NYSE:CTS,https://finviz.com/quote.ashx?t=CTS,"$vol(30d) $11.6M < $50M | FAIL: dollar_vol, rr (no TV drawing read)"
CURB,FAIL,"dollar_vol,short_float,history,rr",False,False,True,False,False,True,False,True,True,,27.834999084472656,40647346.17355881,1460296.3,12.97,120.91,2026-11-03,34,106,28.070083618164062,28.089970778310413,28.08002719823724,26.842022829425023,31.65999984741211,2.891728607233929,0.9261052233851487,1.3367858614240373,-0.18329645819530296,,,,,,,,,,,,,,1,rejection,2026-09-04,hammer,2026-09-29,False,True,False,no TV drawing read (f_rr False),https://www.tradingview.com/chart/?symbol=NYSE:CURB,https://finviz.com/quote.ashx?t=CURB,"$vol(30d) $40.6M < $50M | FAIL: dollar_vol, short_float, history, rr (no TV drawing read)"
CUZ,FAIL,"dollar_vol,short_float,rr",False,False,True,True,False,True,True,True,True,,27.635000228881836,37715367.6770373,1364768.1333333333,7.43,106.46,2026-10-22,22,263,28.100339889526367,28.15654056930542,28.128440229415894,26.729551767953375,32.189998626708984,2.9034183276104697,0.9999999999999996,1.3988884614625199,-0.3527372010904805,,,,,,,,,,,,,,7,rejection,2026-09-04,rejection,2026-09-28,True,True,False,no TV drawing read (f_rr False),https://www.tradingview.com/chart/?symbol=NYSE:CUZ,https://finviz.com/quote.ashx?t=CUZ,"$vol(30d) $37.7M < $50M | FAIL: dollar_vol, short_float, rr (no TV drawing read)"
CVBF,FAIL,"dollar_vol,short_float,rr",False,False,True,True,False,True,True,True,True,,21.610000610351562,26443360.337864686,1223663.1,5.87,83.63,2026-10-28,28,263,20.493440628051758,20.959199955001317,20.726320291526537,19.769159937214255,23.25,2.636632093153002,1.0000000000000009,0.9571603543122819,0.9232312170513455,,,,,,,,,,,,,,14,hammer,2026-09-25,strong_close,2026-09-24,False,True,False,no TV drawing read (f_rr False),https://www.tradingview.com/chart/?symbol=NASDAQ:CVBF,https://finviz.com/quote.ashx?t=CVBF,"$vol(30d) $26.4M < $50M | FAIL: dollar_vol, short_float, rr (no TV drawing read)"
CVCO,FAIL,rr,True,True,True,True,False,False,True,True,True,,560.260009765625,55960319.828084305,99882.76666666666,4.82,100.23,2026-10-29,29,262,539.5900268554688,548.969970703125,544.2799987792969,505.7385777064732,606.3599853515625,1.6107342397927173,0.9999999999999998,38.54142107282366,0.414619143288309,no,,,,,,,2026-09-30,,,,,,28,strong_close,2026-09-25,hammer,2026-09-29,True,True,False,TV drawing not found (f_rr False),https://www.tradingview.com/chart/?symbol=NASDAQ:CVCO,https://finviz.com/quote.ashx?t=CVCO,FAIL: rr (TV drawing not found)
CVEO,FAIL,"dollar_vol,short_float,rr",False,False,True,True,False,True,True,True,True,,32.73500061035156,2517990.4321151734,76920.43333333333,11.91,87.72,2026-10-23,23,263,23.459999084472656,23.579999923706055,23.519999504089355,20.681428500584193,34.540000915527344,3.882235602995353,1.0000000000000002,2.838571003505162,3.2463521591967286,,,,,,,,,,,,,,7,hammer,2026-09-18,hammer,2026-09-29,False,True,False,no TV drawing read (f_rr False),https://www.tradingview.com/chart/?symbol=NYSE:CVEO,https://finviz.com/quote.ashx?t=CVEO,"$vol(30d) $2.5M < $50M | FAIL: dollar_vol, short_float, rr (no TV drawing read)"
CVSA,FAIL,"dollar_vol,short_float,rr",False,False,True,True,False,False,False,True,True,,122.33000183105469,42541664.931770325,347761.5,5.86,102.1,2026-10-29,29,263,133.72999572753906,133.74000549316406,133.73500061035156,121.84178761073521,138.89999389648438,0.4342807352646777,1.0000000000000002,11.89321299961635,-0.9589501827357145,,,,,,,,,,,,,,3,hammer,2026-09-18,strong_close,2026-09-29,False,True,False,no TV drawing read (f_rr False),https://www.tradingview.com/chart/?symbol=NYSE:CVSA,https://finviz.com/quote.ashx?t=CVSA,"$vol(30d) $42.5M < $50M | FAIL: dollar_vol, short_float, rr (no TV drawing read)"
CXW,FAIL,"short_float,rr",True,False,True,True,False,True,False,True,True,,32.25,60280646.5,1869167.3333333333,15.15,88.17,2026-11-09,40,263,20.610000610351562,20.770000457763672,20.690000534057617,17.95999931335449,32.29999923706055,4.252744876067386,0.933447818672128,2.924642562866211,3.952619582549377,,,,,,,,,,,,,,0,rejection,2026-09-18,engulfing,2026-09-29,False,True,False,no TV drawing read (f_rr False),https://www.tradingview.com/chart/?symbol=NYSE:CXW,https://finviz.com/quote.ashx?t=CXW,"short float 15.15% >= 5% | FAIL: short_float, rr (no TV drawing read)"
CZR,FAIL,"short_float,rr",True,False,True,True,False,True,False,True,True,,29.649999618530273,113071670.06024723,3813547.1,9.82,95.71,2026-11-03,34,263,24.790000915527344,25.110000610351562,24.950000762939453,24.506572450910294,30.149999618530273,11.726808402907931,1.0000000000000033,0.4434283120291574,10.599230423703244,,,,,,,,,,,,,,0,hammer,2026-09-04,rejection,2026-09-24,False,True,False,no TV drawing read (f_rr False),https://www.tradingview.com/chart/?symbol=NASDAQ:CZR,https://finviz.com/quote.ashx?t=CZR,"short float 9.82% >= 5% | FAIL: short_float, rr (no TV drawing read)"
DAL,FAIL,"no_earnings_14d,rr",True,True,False,True,False,True,True,True,True,,83.44999694824219,521690788.0784882,6251537.533333333,4.01,89.94,2026-10-09,9,263,74.76238250732422,75.06997012395297,74.9161763156386,69.63297343675231,91.33999633789062,3.1086862266614714,1.0000000000000009,5.283202878886281,1.615274072988572,,,,,,,,,,,,,,26,strong_close,2026-09-25,hammer,2026-09-29,True,True,True,no TV drawing read (f_rr False),https://www.tradingview.com/chart/?symbol=NYSE:DAL,https://finviz.com/quote.ashx?t=DAL,"FAIL: no_earnings_14d, rr (no TV drawing read)"
DAR,FAIL,rr,True,True,True,True,False,False,False,True,True,,60.75,153108374.85,2520302.466666667,4.34,106.16,2026-11-10,41,263,64.11000061035156,66.0199966430664,65.06499862670898,59.90656934465681,66.66000366210938,0.30920362540394286,0.9999999999999998,5.158429282052176,-0.8364946751760741,,,,,,,,,,,,,,1,hammer,2026-09-04,hammer,2026-09-29,False,True,False,no TV drawing read (f_rr False),https://www.tradingview.com/chart/?symbol=NYSE:DAR,https://finviz.com/quote.ashx?t=DAR,FAIL: rr (no TV drawing read)
DAVE,FAIL,"short_float,rr",True,False,True,True,False,True,True,True,True,,321.510009765625,106283643.02628581,330576.4666666667,22.39,97.61,2026-11-10,41,263,217.3300018310547,224.27999877929688,220.80500030517578,173.04999755859376,380.69000244140625,3.348026236846441,0.8859515259698767,53.902500697544646,1.8682808433234066,,,,,,,,,,,,,,16,hammer,2026-09-04,hammer,2026-09-29,False,True,False,no TV drawing read (f_rr False),https://www.tradingview.com/chart/?symbol=NASDAQ:DAVE,https://finviz.com/quote.ashx?t=DAVE,"short float 22.39% >= 5% | FAIL: short_float, rr (no TV drawing read)"
DBX,FAIL,"short_float,rr",True,False,True,True,False,True,False,True,True,,33.849998474121094,136527642.2806526,4033313.1,17.08,84.16,2026-10-29,29,262,28.899999618530273,29.100000381469727,29.0,26.19599982670375,36.47999954223633,2.6676173608945244,1.0000000000000004,2.8040001732962474,1.7296712462109691,,,,,,,,,,,,,,0,strong_close,2026-09-11,strong_close,2026-09-29,False,True,False,no TV drawing read (f_rr False),https://www.tradingview.com/chart/?symbol=NASDAQ:DBX,https://finviz.com/quote.ashx?t=DBX,"short float 17.08% >= 5% | FAIL: short_float, rr (no TV drawing read)"
DCO,FAIL,"dollar_vol,short_float,rr",False,False,True,True,False,True,True,True,True,,171.6300048828125,37855961.05498861,220567.26666666666,6.08,96.52,2026-11-05,36,263,128.91000366210938,140.02000427246094,134.46500396728516,119.96000122070312,207.0,5.000688197029609,0.8058333883335917,18.00000217982701,2.064722023043917,,,,,,,,,,,,,,11,strong_close,2026-09-25,strong_close,2026-09-29,False,True,False,no TV drawing read (f_rr False),https://www.tradingview.com/chart/?symbol=NYSE:DCO,https://finviz.com/quote.ashx?t=DCO,"$vol(30d) $37.9M < $50M | FAIL: dollar_vol, short_float, rr (no TV drawing read)"
DCOM,FAIL,"dollar_vol,short_float,rr",False,False,True,True,False,True,True,True,True,,39.38999938964844,10273746.908807373,260821.2,9.4,89.63,2026-10-23,23,263,35.759178161621094,35.99606384725181,35.87762100443645,34.07409028194394,41.25,2.978812020534272,1.0000000000000013,1.8035307224925081,1.9475012770272224,,,,,,,,,,,,,,7,hammer,2026-09-18,hammer,2026-09-24,False,True,False,no TV drawing read (f_rr False),https://www.tradingview.com/chart/?symbol=NYSE:DCOM,https://finviz.com/quote.ashx?t=DCOM,"$vol(30d) $10.3M < $50M | FAIL: dollar_vol, short_float, rr (no TV drawing read)"
DFIN,FAIL,"dollar_vol,rr",False,True,True,True,False,False,True,True,True,,47.1349983215332,10276535.735388184,218023.46666666667,4.5,94.97,2026-11-04,35,263,49.970001220703125,50.779998779296875,50.375,46.02464267185756,50.91999816894531,0.12527664461485094,0.9999999999999996,4.350357328142438,-0.7447667936395117,,,,,,,,,,,,,,7,engulfing,2026-09-25,hammer,2026-09-29,False,True,False,no TV drawing read (f_rr False),https://www.tradingview.com/chart/?symbol=NYSE:DFIN,https://finviz.com/quote.ashx?t=DFIN,"$vol(30d) $10.3M < $50M | FAIL: dollar_vol, rr (no TV drawing read)"
DFTX,FAIL,"short_float,rr",True,False,True,True,False,True,False,True,True,,38.060001373291016,81330742.98193067,2136908.566666667,9.29,84.37,2026-11-05,36,263,17.399999618530273,18.1200008392334,17.760000228881836,13.639999618530274,47.06999969482422,7.114076486372497,0.7860035483426598,5.241707393101284,3.8727841182295712,,,,,,,,,,,,,,1,hammer,2026-09-11,hammer,2026-09-29,False,True,False,no TV drawing read (f_rr False),https://www.tradingview.com/chart/?symbol=NASDAQ:DFTX,https://finviz.com/quote.ashx?t=DFTX,"short float 9.29% >= 5% | FAIL: short_float, rr (no TV drawing read)"
DGX,FAIL,rr,True,True,True,True,False,True,False,True,True,,233.0399932861328,229523854.79543254,984911.8666666667,3.28,97.84,2026-10-27,27,263,210.74019020158403,211.4739831603851,211.10708668098457,198.56725515123586,244.38999938964844,2.6541754272938656,1.0000000000000002,12.539831529748707,1.7490591124064148,,,,,,,,,,,,,,3,strong_close,2026-09-18,engulfing,2026-09-28,False,True,False,no TV drawing read (f_rr False),https://www.tradingview.com/chart/?symbol=NYSE:DGX,https://finviz.com/quote.ashx?t=DGX,FAIL: rr (no TV drawing read)
DNOW,FAIL,"dollar_vol,short_float,rr",False,False,True,True,False,True,False,True,True,,15.494999885559082,32895795.40254259,2122994.2333333334,5.37,108.05,2026-11-04,35,262,14.029999732971191,14.15999984741211,14.09499979019165,13.040000190734863,16.68000030517578,2.45023838522321,0.9909421514211983,1.0646429743085588,1.3149949129910647,,,,,,,,,,,,,,1,engulfing,2026-09-25,hammer,2026-09-28,False,True,False,no TV drawing read (f_rr False),https://www.tradingview.com/chart/?symbol=NYSE:DNOW,https://finviz.com/quote.ashx?t=DNOW,"$vol(30d) $32.9M < $50M | FAIL: dollar_vol, short_float, rr (no TV drawing read)"
DNTH,FAIL,"short_float,rr",True,False,True,True,False,True,False,True,True,,88.05000305175781,67243919.40563202,763701.5,18.98,115.66,2026-11-05,36,263,93.01000213623047,93.61000061035156,93.31000137329102,85.42000030517578,115.95999908447266,2.8707217547427106,0.7371863748311471,10.702857971191406,-0.4914573598651312,,,,,,,,,,,,,,1,rejection,2026-09-11,hammer,2026-09-29,False,True,False,no TV drawing read (f_rr False),https://www.tradingview.com/chart/?symbol=NASDAQ:DNTH,https://finviz.com/quote.ashx?t=DNTH,"short float 18.98% >= 5% | FAIL: short_float, rr (no TV drawing read)"
DOC,FAIL,rr,True,True,True,True,False,True,True,True,True,,19.979999542236328,92654063.06519394,4637340.6,3.69,99.31,2026-10-22,22,263,18.14604511932241,18.230271363830575,18.18815824157649,17.321201726105656,22.207807340773716,4.636506015545879,0.9999999999999998,0.8669565154708361,2.0668179645512024,no,,,,,,,2026-09-30,,,,,,17,rejection,2026-09-25,strong_close,2026-09-29,False,True,False,TV drawing not found (f_rr False),https://www.tradingview.com/chart/?symbol=NYSE:DOC,https://finviz.com/quote.ashx?t=DOC,FAIL: rr (TV drawing not found)
DRH,FAIL,"dollar_vol,short_float,rr",False,False,True,True,False,True,False,True,True,,12.359999656677246,34112798.12445145,2759935.2,7.03,114.77,2026-11-03,34,263,9.870772361755371,10.49015361087426,10.180462986314815,9.528094262869097,13.289999961853027,4.766532888201755,1.0000000000000009,0.652368723445718,3.3409582526434303,,,,,,,,,,,,,,3,strong_close,2026-09-25,strong_close,2026-09-28,False,True,False,no TV drawing read (f_rr False),https://www.tradingview.com/chart/?symbol=NASDAQ:DRH,https://finviz.com/quote.ashx?t=DRH,"$vol(30d) $34.1M < $50M | FAIL: dollar_vol, short_float, rr (no TV drawing read)"
DVA,FAIL,"short_float,rr",True,False,True,True,False,True,False,True,True,,174.97999572753906,114739935.89707844,655731.7333333333,6.88,93.41,2026-10-23,23,263,200.8300018310547,202.69000244140625,201.76000213623047,191.56000732421876,245.0,4.239217633017742,0.6493414806982534,15.708213806152344,-1.704840966590526,,,,,,,,,,,,,,1,hammer,2026-09-11,strong_close,2026-09-25,False,True,False,no TV drawing read (f_rr False),https://www.tradingview.com/chart/?symbol=NYSE:DVA,https://finviz.com/quote.ashx?t=DVA,"short float 6.88% >= 5% | FAIL: short_float, rr (no TV drawing read)"
DVN,FAIL,rr,True,True,True,True,False,True,False,True,True,,46.04999923706055,533947779.42374957,11594957.4,2.92,93.54,2026-11-10,41,262,36.07059860229492,36.33388435774501,36.202241480019964,33.316289383303804,50.24490610014743,4.865868922809288,0.9999999999999997,2.885952096716161,3.4123081142774523,,,,,,,,,,,,,,1,strong_close,2026-09-11,strong_close,2026-09-29,False,True,False,no TV drawing read (f_rr False),https://www.tradingview.com/chart/?symbol=NYSE:DVN,https://finviz.com/quote.ashx?t=DVN,FAIL: rr (no TV drawing read)
EAT,FAIL,"short_float,rr",True,False,True,True,False,True,False,True,True,,193.4600067138672,233350138.12155408,1206193.1666666667,13.47,113.11,2026-11-04,35,263,158.13999938964844,161.7100067138672,159.9250030517578,139.51500919887,248.8800048828125,4.3584041461368885,0.9999999999999994,20.409993852887833,1.6430677982474977,,,,,,,,,,,,,,1,strong_close,2026-09-25,hammer,2026-09-25,False,True,False,no TV drawing read (f_rr False),https://www.tradingview.com/chart/?symbol=NYSE:EAT,https://finviz.com/quote.ashx?t=EAT,"short float 13.47% >= 5% | FAIL: short_float, rr (no TV drawing read)"
EBC,FAIL,"dollar_vol,short_float,rr",False,False,True,True,False,True,True,True,True,,20.93000030517578,46403894.60693843,2217099.566666667,7.97,84.87,2026-10-22,22,263,20.751916885375977,21.185686711657443,20.968801798516708,19.93402886132773,23.46565818786621,2.4129509959280138,1.000000000000001,1.034772937188978,-0.037497591931939384,,,,,,,,,,,,,,8,hammer,2026-09-25,rejection,2026-09-29,False,True,False,no TV drawing read (f_rr False),https://www.tradingview.com/chart/?symbol=NASDAQ:EBC,https://finviz.com/quote.ashx?t=EBC,"$vol(30d) $46.4M < $50M | FAIL: dollar_vol, short_float, rr (no TV drawing read)"
ECL,FAIL,rr,True,True,True,True,False,False,True,True,True,,274.8299865722656,347814204.24637854,1265561.3333333333,2.1,83.29,2026-11-03,34,263,273.3269522781032,277.34530479561823,275.3361285368607,263.052088074792,285.990234375,0.867312825209064,0.9999999999999984,12.28404046206875,-0.04120321535556458,no,,,,,,,2026-09-30,,,,,,19,strong_close,2026-09-25,strong_close,2026-09-28,True,True,False,TV drawing not found (f_rr False),https://www.tradingview.com/chart/?symbol=NYSE:ECL,https://finviz.com/quote.ashx?t=ECL,FAIL: rr (TV drawing not found)
ECPG,FAIL,"dollar_vol,short_float,rr",False,False,True,True,False,True,True,True,True,,94.44000244140625,32917062.85095215,348550.0,6.35,107.0,2026-11-04,35,263,83.93000030517578,85.23999786376953,84.58499908447266,80.32000183105468,103.73999786376953,4.491210108973935,0.5713871501293171,7.464286259242466,1.3202874346801587,,,,,,,,,,,,,,18,hammer,2026-09-25,hammer,2026-09-29,False,True,False,no TV drawing read (f_rr False),https://www.tradingview.com/chart/?symbol=NASDAQ:ECPG,https://finviz.com/quote.ashx?t=ECPG,"$vol(30d) $32.9M < $50M | FAIL: dollar_vol, short_float, rr (no TV drawing read)"
EGP,FAIL,"short_float,rr",True,False,True,True,False,True,False,True,True,,197.38999938964844,89011941.15943196,450944.5333333333,5.6,103.31,2026-10-27,27,263,204.00093797051866,204.69570858202877,204.34832327627373,195.96019308828545,222.1999969482422,2.1282065575868,1.0,8.388130187988281,-0.8295440975140734,,,,,,,,,,,,,,0,hammer,2026-09-18,strong_close,2026-09-29,False,True,False,no TV drawing read (f_rr False),https://www.tradingview.com/chart/?symbol=NYSE:EGP,https://finviz.com/quote.ashx?t=EGP,"short float 5.60% >= 5% | FAIL: short_float, rr (no TV drawing read)"
EIG,FAIL,"dollar_vol,short_float,rr",False,False,True,True,False,True,True,True,True,,47.790000915527344,7139604.709775543,149395.36666666667,5.68,83.31,2026-10-22,22,263,42.07155227661133,42.27836377492538,42.174958025768355,40.04266653905418,51.565956115722656,4.404181205274931,0.9601808518510029,2.2207186100447815,2.5284801344758217,,,,,,,,,,,,,,24,strong_close,2026-09-11,strong_close,2026-09-29,False,True,False,no TV drawing read (f_rr False),https://www.tradingview.com/chart/?symbol=NYSE:EIG,https://finviz.com/quote.ashx?t=EIG,"$vol(30d) $7.1M < $50M | FAIL: dollar_vol, short_float, rr (no TV drawing read)"
ELV,FAIL,rr,True,True,True,True,False,False,True,True,True,,388.7799987792969,417939950.1330729,1075003.7333333334,2.47,94.71,2026-10-21,21,262,412.0526123046875,413.07399148050325,412.5633018925954,385.9112625640065,420.6292063892686,0.30263742287146855,1.0000000000000007,26.65203932858888,-0.8923633505143023,no,,,,,,,2026-09-30,,,,,,10,strong_close,2026-09-11,hammer,2026-09-21,False,True,False,TV drawing not found (f_rr False),https://www.tradingview.com/chart/?symbol=NYSE:ELV,https://finviz.com/quote.ashx?t=ELV,FAIL: rr (TV drawing not found)
ELVN,FAIL,"short_float,rr",True,False,True,True,False,True,False,True,True,,45.84000015258789,58083531.08934301,1267092.7333333334,14.14,96.04,2026-11-18,49,263,48.11000061035156,48.529998779296875,48.31999969482422,43.42464256286621,60.459999084472656,2.479900661464667,1.0,4.895357131958008,-0.5066023735114902,,,,,,,,,,,,,,0,strong_close,2026-09-04,hammer,2026-09-29,False,True,False,no TV drawing read (f_rr False),https://www.tradingview.com/chart/?symbol=NASDAQ:ELVN,https://finviz.com/quote.ashx?t=ELVN,"short float 14.14% >= 5% | FAIL: short_float, rr (no TV drawing read)"
ENR,FAIL,"dollar_vol,short_float,rr",False,False,True,True,False,False,True,True,True,,21.385000228881836,19959585.889959082,933345.1333333333,12.68,102.93,2026-11-17,48,262,19.83138084411621,19.976629849391394,19.904005346753802,18.09265529789212,22.4542236328125,1.4079102422313925,1.0000000000000002,1.8113500488616832,0.8176193679729347,,,,,,,,,,,,,,27,hammer,2026-09-18,strong_close,2026-09-28,True,True,False,no TV drawing read (f_rr False),https://www.tradingview.com/chart/?symbol=NYSE:ENR,https://finviz.com/quote.ashx?t=ENR,"$vol(30d) $20.0M < $50M | FAIL: dollar_vol, short_float, rr (no TV drawing read)"
EOG,FAIL,rr,True,True,True,True,False,False,False,True,True,,137.75,417933353.06666666,3033998.933333333,2.96,98.3,2026-11-05,36,263,140.17967224121094,144.62666418972194,142.40316821546645,133.5068529286732,153.0500030517578,1.196769054722778,1.0000000000000007,8.896315286793248,-0.5230444364279859,,,,,,,,,,,,,,1,hammer,2026-09-11,strong_close,2026-09-29,False,True,False,no TV drawing read (f_rr False),https://www.tradingview.com/chart/?symbol=NYSE:EOG,https://finviz.com/quote.ashx?t=EOG,FAIL: rr (no TV drawing read)
EPC,FAIL,"dollar_vol,short_float,rr",False,False,True,True,False,True,True,True,True,,26.959999084472656,14825942.448529815,549923.7,9.99,117.89,2026-11-05,36,263,23.11480140686035,24.01332622062832,23.564063813744333,21.224349214333728,28.892744064331055,2.2774915589829043,1.0,2.3397145994106054,1.4514314145767133,,,,,,,,,,,,,,19,hammer,2026-09-25,strong_close,2026-09-28,False,True,False,no TV drawing read (f_rr False),https://www.tradingview.com/chart/?symbol=NYSE:EPC,https://finviz.com/quote.ashx?t=EPC,"$vol(30d) $14.8M < $50M | FAIL: dollar_vol, short_float, rr (no TV drawing read)"
EQIX,FAIL,rr,True,True,True,True,False,True,True,True,True,,1011.5800170898438,513465540.5212606,507587.6666666667,1.72,101.46,2026-11-04,35,263,780.0664553539755,793.0867422285353,786.5765987912554,727.9265585912393,1100.5514592493814,5.3533613853864,0.9245707851017565,63.43488367260183,3.5469982014922437,no,,,,,,,2026-09-30,,,,,,8,hammer,2026-09-18,strong_close,2026-09-21,False,True,False,TV drawing not found (f_rr False),https://www.tradingview.com/chart/?symbol=NASDAQ:EQIX,https://finviz.com/quote.ashx?t=EQIX,FAIL: rr (TV drawing not found)
ESS,FAIL,rr,True,True,True,True,False,True,False,False,True,,269.3599853515625,135460831.3586507,502898.86666666664,3.43,104.65,2026-10-28,28,263,255.67339383830705,256.81922863785974,256.2463112380834,246.13637820236914,290.30999755859375,3.3693285801376915,0.9999999999999991,10.109933035714286,1.2971079103248058,,,,,,,,,,,,,,1,,,strong_close,2026-09-29,False,True,False,no TV drawing read (f_rr False),https://www.tradingview.com/chart/?symbol=NYSE:ESS,https://finviz.com/quote.ashx?t=ESS,FAIL: rr (no TV drawing read)
ETSY,FAIL,"short_float,rr",True,False,True,True,False,True,False,True,True,,71.47000122070312,221806474.58810732,3103490.566666667,11.36,123.76,2026-11-04,35,263,61.880001068115234,63.70000076293945,62.790000915527344,55.345071520124165,85.55000305175781,3.0571145711984156,0.9999999999999998,7.4449293954031805,1.1658942407882587,,,,,,,,,,,,,,0,engulfing,2026-08-28,hammer,2026-09-28,False,True,False,no TV drawing read (f_rr False),https://www.tradingview.com/chart/?symbol=NYSE:ETSY,https://finviz.com/quote.ashx?t=ETSY,"short float 11.36% >= 5% | FAIL: short_float, rr (no TV drawing read)"
EW,FAIL,rr,True,True,True,True,False,False,True,True,True,,86.36000061035156,263170336.74929658,3047363.7666666666,1.6,94.43,2026-10-28,28,263,84.1500015258789,84.73999786376953,84.44499969482422,79.41321454729352,91.5999984741211,1.4219603121981716,1.0000000000000013,5.031785147530692,0.38058081960576456,no,,,,,,,2026-09-30,,,,,,9,strong_close,2026-09-18,strong_close,2026-09-29,True,True,False,TV drawing not found (f_rr False),https://www.tradingview.com/chart/?symbol=NYSE:EW,https://finviz.com/quote.ashx?t=EW,FAIL: rr (TV drawing not found)
EWBC,FAIL,rr,True,True,True,True,False,True,True,True,True,,123.93000030517578,98564722.50571416,795325.7666666667,3.4,93.55,2026-10-20,20,263,124.25652313232422,125.93539541524018,125.0959592737822,119.93146745133323,136.60000610351562,2.227527358979976,0.9999999999999994,5.164491822448968,-0.22576451056389277,no,,,,,,,2026-09-30,,,,,,9,hammer,2026-09-25,hammer,2026-09-28,False,True,False,TV drawing not found (f_rr False),https://www.tradingview.com/chart/?symbol=NASDAQ:EWBC,https://finviz.com/quote.ashx?t=EWBC,FAIL: rr (TV drawing not found)
EWTX,FAIL,"short_float,rr",True,False,True,True,False,True,False,True,True,,40.599998474121094,56810864.65819778,1399282.4333333333,11.65,86.79,2026-11-05,36,263,30.440000534057617,31.81999969482422,31.130000114440918,25.99,45.40999984741211,2.7782100029241796,0.9970211619375081,5.155357088361468,1.8369238439485158,,,,,,,,,,,,,,0,strong_close,2026-09-11,hammer,2026-09-29,False,True,False,no TV drawing read (f_rr False),https://www.tradingview.com/chart/?symbol=NASDAQ:EWTX,https://finviz.com/quote.ashx?t=EWTX,"short float 11.65% >= 5% | FAIL: short_float, rr (no TV drawing read)"
EXLS,FAIL,"short_float,rr",True,False,True,True,False,True,True,True,True,,34.380001068115234,67760369.22517395,1970924.0,6.71,103.53,2026-11-03,34,262,32.5099983215332,32.97999954223633,32.744998931884766,30.190712928771973,38.400001525878906,2.2139269397016013,1.0,2.554286003112793,0.6401014350930027,,,,,,,,,,,,,,14,strong_close,2026-08-28,hammer,2026-09-29,True,True,False,no TV drawing read (f_rr False),https://www.tradingview.com/chart/?symbol=NASDAQ:EXLS,https://finviz.com/quote.ashx?t=EXLS,"short float 6.71% >= 5% | FAIL: short_float, rr (no TV drawing read)"
EXPE,FAIL,"short_float,rr",True,False,True,True,False,True,False,True,True,,263.3599853515625,544442991.6053467,2067295.8,5.53,104.06,2026-10-29,29,263,264.8948974609375,268.6913499380408,266.7931236994891,240.512149648782,332.2110900878906,2.4891758677658835,0.9999999999999996,26.280974050707112,-0.1306320816459329,,,,,,,,,,,,,,0,hammer,2026-09-11,hammer,2026-09-29,False,True,False,no TV drawing read (f_rr False),https://www.tradingview.com/chart/?symbol=NASDAQ:EXPE,https://finviz.com/quote.ashx?t=EXPE,"short float 5.53% >= 5% | FAIL: short_float, rr (no TV drawing read)"
EXTR,FAIL,"dollar_vol,short_float,rr",False,False,True,True,False,True,True,True,True,,21.450000762939453,29422473.411506526,1371677.0333333334,6.03,97.95,2026-11-04,35,263,21.149999618530273,21.649999618530273,21.399999618530273,18.680714062282018,33.709999084472656,4.5269241539039555,0.9999999999999999,2.719285556248256,0.01838760342557229,,,,,,,,,,,,,,7,strong_close,2026-09-18,hammer,2026-09-29,False,True,False,no TV drawing read (f_rr False),https://www.tradingview.com/chart/?symbol=NASDAQ:EXTR,https://finviz.com/quote.ashx?t=EXTR,"$vol(30d) $29.4M < $50M | FAIL: dollar_vol, short_float, rr (no TV drawing read)"
EZPW,FAIL,"dollar_vol,short_float,rr",False,False,True,True,False,True,False,True,True,,29.760000228881836,25688927.42957153,863203.2,22.59,113.66,2026-11-18,49,263,26.530000686645508,26.59000015258789,26.5600004196167,24.6199991607666,33.31999969482422,3.4845334477846612,0.5827079678110259,3.3292856216430664,0.9611671009728133,,,,,,,,,,,,,,1,hammer,2026-09-25,strong_close,2026-09-25,False,True,False,no TV drawing read (f_rr False),https://www.tradingview.com/chart/?symbol=NASDAQ:EZPW,https://finviz.com/quote.ashx?t=EZPW,"$vol(30d) $25.7M < $50M | FAIL: dollar_vol, short_float, rr (no TV drawing read)"
FAST,FAIL,rr,True,True,True,True,False,False,True,True,True,,49.529998779296875,315840069.70388997,6376742.933333334,3.11,88.41,2026-10-14,14,263,48.483942047714585,48.563507260854415,48.5237246542845,45.914688810137285,51.70000076293945,1.2174137491365686,0.9999999999999991,2.609035844147217,0.3856881181873081,no,,,,,,,2026-09-30,,,,,,10,engulfing,2026-09-25,rejection,2026-09-24,True,True,False,TV drawing not found (f_rr False),https://www.tradingview.com/chart/?symbol=NASDAQ:FAST,https://finviz.com/quote.ashx?t=FAST,FAIL: rr (TV drawing not found)
FBNC,FAIL,"dollar_vol,short_float,rr",False,False,True,True,False,True,True,True,True,,61.11000061035156,12931933.33216095,211617.3,5.41,82.95,2026-10-28,28,263,59.287010192871094,60.532326355386814,59.909668274128954,56.93859097281459,66.33999633789062,2.164308569459629,1.0000000000000002,2.9710773013143656,0.4040057576730155,,,,,,,,,,,,,,14,hammer,2026-09-25,rejection,2026-09-29,False,True,False,no TV drawing read (f_rr False),https://www.tradingview.com/chart/?symbol=NASDAQ:FBNC,https://finviz.com/quote.ashx?t=FBNC,"$vol(30d) $12.9M < $50M | FAIL: dollar_vol, short_float, rr (no TV drawing read)"
FBP,FAIL,"dollar_vol,rr",False,True,True,True,False,True,True,True,True,,26.334999084472656,33276532.641819254,1263585.8666666667,4.92,97.35,2026-10-28,28,263,23.937618255615234,24.134553408849484,24.03608583223236,22.873737267313434,29.4887638092041,4.691086771679431,0.999999999999999,1.1623485649189267,1.9778174306952796,,,,,,,,,,,,,,26,rejection,2026-09-18,strong_close,2026-09-25,False,True,False,no TV drawing read (f_rr False),https://www.tradingview.com/chart/?symbol=NYSE:FBP,https://finviz.com/quote.ashx?t=FBP,"$vol(30d) $33.3M < $50M | FAIL: dollar_vol, rr (no TV drawing read)"
FCFS,FAIL,"short_float,rr",True,False,True,True,False,True,False,True,True,,211.22999572753906,88560442.9107249,419260.73333333334,6.19,99.31,2026-10-22,22,262,162.90859985351562,164.29010707885658,163.5993534661861,153.2777266570131,228.3800048828125,6.276205545336583,0.6356686941467865,16.23743139187782,2.9333852819343362,,,,,,,,,,,,,,1,hammer,2026-09-11,hammer,2026-09-28,False,True,False,no TV drawing read (f_rr False),https://www.tradingview.com/chart/?symbol=NASDAQ:FCFS,https://finviz.com/quote.ashx?t=FCFS,"short float 6.19% >= 5% | FAIL: short_float, rr (no TV drawing read)"
FCX,FAIL,rr,True,True,True,True,False,True,False,True,True,,69.95999908447266,936429104.4454765,13385207.5,2.4,90.25,2026-10-15,15,262,70.04000091552734,70.53879027479837,70.28939559516286,66.53161438986663,78.38999938964844,2.1556879849919333,0.5913376156646991,6.35471362847813,-0.05183498894647881,,,,,,,,,,,,,,4,strong_close,2026-09-18,strong_close,2026-09-28,False,True,False,no TV drawing read (f_rr False),https://www.tradingview.com/chart/?symbol=NYSE:FCX,https://finviz.com/quote.ashx?t=FCX,FAIL: rr (no TV drawing read)
FDS,FAIL,"short_float,no_earnings_14d,rr",True,False,False,True,False,True,False,True,True,,270.1409912109375,235596666.93634033,872124.8333333334,10.84,115.23,2026-09-30,0,263,230.73046875,232.33656852734288,231.53351863867144,207.16926807674957,307.82000732421875,3.131082915588346,0.9320268369930563,26.141147008735093,1.4768851787324149,,,,,,,,,,,,,,2,strong_close,2026-09-18,rejection,2026-09-29,False,True,True,no TV drawing read (f_rr False),https://www.tradingview.com/chart/?symbol=NYSE:FDS,https://finviz.com/quote.ashx?t=FDS,"short float 10.84% >= 5% | FAIL: short_float, no_earnings_14d, rr (no TV drawing read)"
FFBC,FAIL,"dollar_vol,short_float,rr",False,False,True,True,False,True,False,True,True,,31.31999969482422,26162796.345074974,835338.3333333334,5.9,85.78,2026-10-22,22,263,30.133853912353516,30.221622568782454,30.177738240567983,28.64378178577478,35.43537902832031,3.4275032849359013,1.000000000000001,1.5339564547932005,0.7446505086157932,,,,,,,,,,,,,,1,hammer,2026-09-25,hammer,2026-09-24,False,True,False,no TV drawing read (f_rr False),https://www.tradingview.com/chart/?symbol=NASDAQ:FFBC,https://finviz.com/quote.ashx?t=FFBC,"$vol(30d) $26.2M < $50M | FAIL: dollar_vol, short_float, rr (no TV drawing read)"
FISI,FAIL,"dollar_vol,rr",False,True,True,True,False,True,True,True,True,,38.97999954223633,5741569.427240244,147295.26666666666,3.47,80.15,2026-10-22,22,263,34.20723342895508,34.528475599215206,34.36785451408514,32.56279272256092,41.87079449794637,4.156611158184039,0.9999999999999989,1.805061791524219,2.555117531049522,,,,,,,,,,,,,,7,hammer,2026-09-18,strong_close,2026-09-29,False,True,False,no TV drawing read (f_rr False),https://www.tradingview.com/chart/?symbol=NASDAQ:FISI,https://finviz.com/quote.ashx?t=FISI,"$vol(30d) $5.7M < $50M | FAIL: dollar_vol, rr (no TV drawing read)"
FIVE,FAIL,rr,True,True,True,True,False,True,False,True,True,,219.57000732421875,265006668.237854,1206934.7333333334,4.53,101.3,2026-12-02,63,263,163.47000122070312,168.97999572753906,166.2249984741211,147.44785635811942,252.1999969482422,4.5787052120596226,0.9999999999999998,18.777142116001674,2.840954630930637,,,,,,,,,,,,,,1,strong_close,2026-09-04,engulfing,2026-09-28,False,True,False,no TV drawing read (f_rr False),https://www.tradingview.com/chart/?symbol=NASDAQ:FIVE,https://finviz.com/quote.ashx?t=FIVE,FAIL: rr (no TV drawing read)
FLEX,FAIL,rr,True,True,True,True,False,True,True,True,True,,109.98999786376953,334676392.27323407,3042789.3333333335,2.45,96.61,2026-11-04,35,263,65.68000030517578,67.70999908447266,66.69499969482422,55.14999984741211,128.1999969482422,5.327414297645465,0.7122149525433586,16.209993634905135,2.6708831073022616,no,,,,,,,2026-09-30,,,,,,13,strong_close,2026-09-11,hammer,2026-09-29,False,True,False,TV drawing not found (f_rr False),https://www.tradingview.com/chart/?symbol=NASDAQ:FLEX,https://finviz.com/quote.ashx?t=FLEX,FAIL: rr (TV drawing not found)
FLYW,FAIL,"dollar_vol,short_float,rr",False,False,True,True,False,False,True,True,True,,17.5,25122163.5,1435552.2,10.39,104.85,2026-11-10,41,263,18.75,18.920000076293945,18.835000038146973,17.22215018953596,19.540000915527344,0.4371150097992805,0.9999999999999993,1.6128498486110143,-0.8277274163473272,,,,,,,,,,,,,,9,hammer,2026-09-25,hammer,2026-09-29,False,True,False,no TV drawing read (f_rr False),https://www.tradingview.com/chart/?symbol=NASDAQ:FLYW,https://finviz.com/quote.ashx?t=FLYW,"$vol(30d) $25.1M < $50M | FAIL: dollar_vol, short_float, rr (no TV drawing read)"
FOXF,FAIL,"dollar_vol,short_float,rr",False,False,True,True,False,False,True,True,True,,18.3700008392334,8270898.768189304,450239.43333333335,6.94,101.8,2026-10-29,29,263,19.719999313354492,20.0,19.859999656677246,17.839785643986293,21.979999542236328,1.0493937138547083,1.0000000000000002,2.020214012690953,-0.7375450363593651,,,,,,,,,,,,,,12,strong_close,2026-09-04,hammer,2026-09-29,False,True,False,no TV drawing read (f_rr False),https://www.tradingview.com/chart/?symbol=NASDAQ:FOXF,https://finviz.com/quote.ashx?t=FOXF,"$vol(30d) $8.3M < $50M | FAIL: dollar_vol, short_float, rr (no TV drawing read)"
FRST,FAIL,"dollar_vol,rr",False,True,True,True,False,True,True,True,True,,15.279999732971191,2257911.299208069,147769.06666666668,3.58,80.49,2026-10-22,22,263,14.509625434875488,14.776129374748734,14.642877404812111,14.104805881499399,16.65999984741211,3.7487998438967765,0.6268717498127215,0.8583438693376468,0.7422693292499712,,,,,,,,,,,,,,12,rejection,2026-09-18,hammer,2026-09-25,False,True,False,no TV drawing read (f_rr False),https://www.tradingview.com/chart/?symbol=NASDAQ:FRST,https://finviz.com/quote.ashx?t=FRST,"$vol(30d) $2.3M < $50M | FAIL: dollar_vol, rr (no TV drawing read)"
FTDR,FAIL,"dollar_vol,rr",False,True,True,True,False,True,False,True,True,,73.12000274658203,39589926.11110306,541437.7,4.91,105.81,2026-10-29,29,263,68.80000305175781,70.01000213623047,69.40500259399414,62.8164302280971,90.83000183105469,3.2518424397913557,1.0000000000000002,6.5885723658970425,0.5638551033934176,,,,,,,,,,,,,,0,hammer,2026-09-11,hammer,2026-09-29,False,True,False,no TV drawing read (f_rr False),https://www.tradingview.com/chart/?symbol=NASDAQ:FTDR,https://finviz.com/quote.ashx?t=FTDR,"$vol(30d) $39.6M < $50M | FAIL: dollar_vol, rr (no TV drawing read)"
FTI,FAIL,rr,True,True,True,True,False,True,False,True,True,,67.94999694824219,183001101.66108808,2693173.066666667,3.27,99.56,2026-10-29,29,263,40.23847198486328,40.79664885300429,40.51756041893378,37.8929646855615,80.30999755859375,15.161358617516154,0.5000000000000001,5.249191466744562,5.226030847436667,,,,,,,,,,,,,,1,strong_close,2026-09-04,hammer,2026-09-29,False,True,False,no TV drawing read (f_rr False),https://www.tradingview.com/chart/?symbol=NYSE:FTI,https://finviz.com/quote.ashx?t=FTI,FAIL: rr (no TV drawing read)
FULT,FAIL,"dollar_vol,short_float,rr",False,False,True,True,False,True,True,True,True,,22.559999465942383,36003928.027687386,1595918.8333333333,5.41,83.67,2026-10-20,20,263,21.817279815673828,22.20421596394416,22.010747889808997,21.061630458739113,24.81999969482422,2.9598569292405905,1.0,0.9491174310698831,0.5786971750315953,,,,,,,,,,,,,,14,hammer,2026-09-25,hammer,2026-09-24,False,True,False,no TV drawing read (f_rr False),https://www.tradingview.com/chart/?symbol=NASDAQ:FULT,https://finviz.com/quote.ashx?t=FULT,"$vol(30d) $36.0M < $50M | FAIL: dollar_vol, short_float, rr (no TV drawing read)"
FWONK,FAIL,rr,True,True,True,True,False,True,False,False,True,,92.4000015258789,188391711.23107073,2038871.3,4.06,89.93,2026-10-30,30,263,91.58999633789062,93.2249984741211,92.40749740600586,86.58463995797294,105.63999938964844,2.2725100351053222,0.9999999999999992,5.8228574480329245,-0.0012873198758258078,,,,,,,,,,,,,,0,,,hammer,2026-09-28,False,True,False,no TV drawing read (f_rr False),https://www.tradingview.com/chart/?symbol=NASDAQ:FWONK,https://finviz.com/quote.ashx?t=FWONK,FAIL: rr (no TV drawing read)
GCMG,FAIL,"dollar_vol,rr",False,True,True,True,False,True,True,True,True,,12.890000343322754,5998729.884108384,465378.56666666665,2.02,90.32,2026-11-11,42,263,11.173583954886555,11.418618698938745,11.29610132691265,10.372724387060696,13.73939037322998,2.646036456908991,1.0,0.9233769398519538,1.7261629001322643,,,,,,,,,,,,,,9,hammer,2026-09-25,rejection,2026-09-29,False,True,False,no TV drawing read (f_rr False),https://www.tradingview.com/chart/?symbol=NASDAQ:GCMG,https://finviz.com/quote.ashx?t=GCMG,"$vol(30d) $6.0M < $50M | FAIL: dollar_vol, rr (no TV drawing read)"
GCO,FAIL,"dollar_vol,short_float,rr",False,False,True,True,False,True,False,True,True,,34.18000030517578,7357977.657028961,215271.43333333332,13.73,94.32,2026-12-04,65,263,24.209999084472656,24.979999542236328,24.594999313354492,21.250000228881834,35.939998626708984,3.3916300204736953,0.9806300101600117,3.4110715048653737,2.8099677705816912,,,,,,,,,,,,,,1,strong_close,2026-09-25,strong_close,2026-09-28,False,True,False,no TV drawing read (f_rr False),https://www.tradingview.com/chart/?symbol=NYSE:GCO,https://finviz.com/quote.ashx?t=GCO,"$vol(30d) $7.4M < $50M | FAIL: dollar_vol, short_float, rr (no TV drawing read)"
GDDY,FAIL,"short_float,rr",True,False,True,True,False,False,False,True,True,,95.51499938964844,223723496.80171508,2342286.533333333,6.21,109.16,2026-10-29,29,262,91.41000366210938,92.58999633789062,92.0,81.07000183105468,101.30999755859375,0.8517839998405152,0.9814824006723358,11.136214120047432,0.31563683598007775,,,,,,,,,,,,,,1,rejection,2026-09-25,hammer,2026-09-29,False,True,False,no TV drawing read (f_rr False),https://www.tradingview.com/chart/?symbol=NYSE:GDDY,https://finviz.com/quote.ashx?t=GDDY,"short float 6.21% >= 5% | FAIL: short_float, rr (no TV drawing read)"
GEO,FAIL,"short_float,rr",True,False,True,True,False,True,True,True,True,,30.469999313354492,68946717.14794318,2262773.8333333335,7.65,95.01,2026-11-05,36,263,18.549999237060547,18.809999465942383,18.679999351501465,17.08000015258789,32.79999923706055,8.825004346968912,0.6902264291287601,2.3180787222726003,5.08610852969408,,,,,,,,,,,,,,29,hammer,2026-09-25,strong_close,2026-09-29,False,True,False,no TV drawing read (f_rr False),https://www.tradingview.com/chart/?symbol=NYSE:GEO,https://finviz.com/quote.ashx?t=GEO,"short float 7.65% >= 5% | FAIL: short_float, rr (no TV drawing read)"
GEV,FAIL,"history,rr",True,True,True,False,False,True,True,True,True,,949.9000244140625,1973230423.7220783,2077303.2666666666,3.29,82.37,2026-10-28,28,132,628.7223775529756,638.4403011905936,633.5813393717846,573.7267945417931,1072.6700439453125,7.335929223431544,0.5806035050174027,103.09022303989956,3.068367452458139,,,,,,,,,,,,,,9,hammer,2026-09-25,hammer,2026-09-25,False,True,False,no TV drawing read (f_rr False),https://www.tradingview.com/chart/?symbol=NYSE:GEV,https://finviz.com/quote.ashx?t=GEV,"history 132 weekly bars < ~3y (150) | FAIL: history, rr (no TV drawing read)"
GFF,FAIL,"dollar_vol,rr",False,True,True,True,False,False,False,True,True,,93.02999877929688,28003139.790553793,301011.93333333335,4.66,80.28,2026-11-12,43,263,96.2056884765625,97.48284224289681,96.84426535972966,89.80249177637356,106.01384412929028,1.3021689296051466,0.9999999999999992,7.041773583356109,-0.5416627693693762,,,,,,,,,,,,,,1,strong_close,2026-09-25,strong_close,2026-09-25,False,True,False,no TV drawing read (f_rr False),https://www.tradingview.com/chart/?symbol=NYSE:GFF,https://finviz.com/quote.ashx?t=GFF,"$vol(30d) $28.0M < $50M | FAIL: dollar_vol, rr (no TV drawing read)"
GKOS,FAIL,"short_float,rr",True,False,True,True,False,True,False,False,True,,164.23500061035156,116106738.43299103,706954.9,7.36,103.76,2026-11-04,35,263,144.99000549316406,148.11000061035156,146.5500030517578,131.4768327985491,184.88999938964844,2.5435920708006994,0.9999999999999998,15.073170253208705,1.1732765743045364,,,,,,,,,,,,,,1,,,strong_close,2026-09-29,False,True,False,no TV drawing read (f_rr False),https://www.tradingview.com/chart/?symbol=NYSE:GKOS,https://finviz.com/quote.ashx?t=GKOS,"short float 7.36% >= 5% | FAIL: short_float, rr (no TV drawing read)"
GPC,FAIL,"short_float,rr",True,False,True,True,False,True,True,True,True,,125.7300033569336,122246024.96391296,972290.0,5.8,95.97,2026-10-15,15,263,111.69415283203125,113.69657986606866,112.69536634904995,104.38709720340682,138.0800018310547,3.0553458291991547,1.0000000000000004,8.30826914564312,1.5688751506947807,,,,,,,,,,,,,,11,hammer,2026-09-25,hammer,2026-09-24,True,True,False,no TV drawing read (f_rr False),https://www.tradingview.com/chart/?symbol=NYSE:GPC,https://finviz.com/quote.ashx?t=GPC,"short float 5.80% >= 5% | FAIL: short_float, rr (no TV drawing read)"
GPN,FAIL,"short_float,rr",True,False,True,True,False,True,True,True,True,,81.69999694824219,194195448.8028417,2376933.3666666667,7.44,93.1,2026-11-03,34,263,75.2475653121576,75.55550671858524,75.40153601537142,68.84454634805552,93.36565351610253,2.7396897680463628,0.999999999999999,6.55698966731591,0.9605720387613528,,,,,,,,,,,,,,14,hammer,2026-09-25,hammer,2026-09-28,True,True,False,no TV drawing read (f_rr False),https://www.tradingview.com/chart/?symbol=NYSE:GPN,https://finviz.com/quote.ashx?t=GPN,"short float 7.44% >= 5% | FAIL: short_float, rr (no TV drawing read)"
GPRE,FAIL,"dollar_vol,short_float,rr",False,False,True,True,False,False,False,True,True,,15.0600004196167,23400639.790011883,1553827.3,17.61,112.54,2026-10-29,29,263,18.190000534057617,18.940000534057617,18.565000534057617,16.837143216814315,19.010000228881836,0.25754423723724507,0.9999999999999991,1.7278573172433036,-2.028524045048432,,,,,,,,,,,,,,4,hammer,2026-09-18,hammer,2026-09-29,False,True,False,no TV drawing read (f_rr False),https://www.tradingview.com/chart/?symbol=NASDAQ:GPRE,https://finviz.com/quote.ashx?t=GPRE,"$vol(30d) $23.4M < $50M | FAIL: dollar_vol, short_float, rr (no TV drawing read)"
GRPN,FAIL,"dollar_vol,short_float,rr",False,False,True,True,False,True,True,True,True,,19.760000228881836,22238353.46825549,1125422.7333333334,39.89,92.34,2026-11-05,36,263,20.229999542236328,22.389999389648438,21.309999465942383,18.208213806152344,28.350000381469727,2.2696606689463783,1.0,3.101785659790039,-0.49971191019223,,,,,,,,,,,,,,7,strong_close,2026-09-25,strong_close,2026-09-29,False,True,False,no TV drawing read (f_rr False),https://www.tradingview.com/chart/?symbol=NASDAQ:GRPN,https://finviz.com/quote.ashx?t=GRPN,"$vol(30d) $22.2M < $50M | FAIL: dollar_vol, short_float, rr (no TV drawing read)"
GTES,FAIL,"dollar_vol,rr",False,True,True,True,False,False,True,True,True,,26.21500015258789,46387101.97500229,1769487.0,4.96,90.89,2026-10-30,30,263,26.18000030517578,26.329999923706055,26.255000114440918,24.29614325932094,28.729999542236328,1.2634917254552618,1.0000000000000009,1.9588568551199776,-0.020420053537080634,,,,,,,,,,,,,,7,strong_close,2026-09-25,hammer,2026-09-28,False,True,False,no TV drawing read (f_rr False),https://www.tradingview.com/chart/?symbol=NYSE:GTES,https://finviz.com/quote.ashx?t=GTES,"$vol(30d) $46.4M < $50M | FAIL: dollar_vol, rr (no TV drawing read)"
GTX,FAIL,rr,True,True,True,True,False,True,False,True,True,,26.030000686645508,70056757.73636086,2691385.1666666665,3.91,94.98,2026-10-22,22,263,17.351736831272113,17.497647987157407,17.42469240921476,16.256775914192986,35.00577926635742,15.053376617319614,0.4999999999999999,2.3358329900435497,3.6840426152514905,,,,,,,,,,,,,,1,strong_close,2026-09-04,hammer,2026-09-29,False,True,False,no TV drawing read (f_rr False),https://www.tradingview.com/chart/?symbol=NASDAQ:GTX,https://finviz.com/quote.ashx?t=GTX,FAIL: rr (no TV drawing read)
HAFC,FAIL,"dollar_vol,rr",False,True,True,True,False,True,True,True,True,,30.899999618530273,6785904.626225981,219608.56666666668,4.33,94.01,2026-10-27,27,263,28.165475845336914,29.36132093663308,28.763398390984996,27.39762181524033,32.4900016784668,2.728559966296053,0.9999999999999997,1.3657765757446652,1.5643856143749824,,,,,,,,,,,,,,21,hammer,2026-09-25,strong_close,2026-09-25,True,True,False,no TV drawing read (f_rr False),https://www.tradingview.com/chart/?symbol=NASDAQ:HAFC,https://finviz.com/quote.ashx?t=HAFC,"$vol(30d) $6.8M < $50M | FAIL: dollar_vol, rr (no TV drawing read)"
HBNC,FAIL,"dollar_vol,rr",False,True,True,True,False,True,False,True,True,,18.829999923706055,9428757.159797287,500730.6,4.03,80.59,2026-10-28,28,263,18.25895881652832,18.29826856207387,18.278613689301096,17.404333767612876,20.690000534057617,2.7581404821697975,1.0000000000000013,0.8742799216882192,0.6306747080960539,,,,,,,,,,,,,,1,hammer,2026-09-25,hammer,2026-09-24,False,True,False,no TV drawing read (f_rr False),https://www.tradingview.com/chart/?symbol=NASDAQ:HBNC,https://finviz.com/quote.ashx?t=HBNC,"$vol(30d) $9.4M < $50M | FAIL: dollar_vol, rr (no TV drawing read)"
HFWA,FAIL,"dollar_vol,short_float,rr",False,False,True,True,False,True,False,True,True,,27.6299991607666,10706495.734800974,387495.3333333333,7.51,82.71,2026-10-15,15,263,24.839114844737473,25.413826005784966,25.126470425261218,23.76483814546372,30.270082473754883,3.7775338649129453,1.0000000000000009,1.3616322797974962,1.8386232264394555,,,,,,,,,,,,,,2,hammer,2026-09-25,strong_close,2026-09-25,False,True,False,no TV drawing read (f_rr False),https://www.tradingview.com/chart/?symbol=NASDAQ:HFWA,https://finviz.com/quote.ashx?t=HFWA,"$vol(30d) $10.7M < $50M | FAIL: dollar_vol, short_float, rr (no TV drawing read)"
HIW,FAIL,"dollar_vol,short_float,rr",False,False,True,True,False,True,True,True,True,,29.040000915527344,31104575.580616,1071094.1666666667,11.27,119.33,2026-10-27,27,263,28.898186068327096,29.044090305736304,28.9711381870317,27.30796982793161,33.30302810668945,2.6046009689612353,1.0000000000000009,1.6631683591000859,0.041404544596378615,,,,,,,,,,,,,,8,hammer,2026-09-11,rejection,2026-09-25,False,True,False,no TV drawing read (f_rr False),https://www.tradingview.com/chart/?symbol=NYSE:HIW,https://finviz.com/quote.ashx?t=HIW,"$vol(30d) $31.1M < $50M | FAIL: dollar_vol, short_float, rr (no TV drawing read)"
HNI,FAIL,"dollar_vol,short_float,rr",False,False,True,True,False,True,True,True,True,,45.314998626708984,24215288.489645004,534376.9,5.99,88.74,2026-11-03,34,263,37.259033203125,37.59293086872538,37.42598203592519,34.23369069660148,49.65999984741211,3.8323625606423226,0.9999999999999993,3.192291339323712,2.471270868546443,,,,,,,,,,,,,,19,hammer,2026-09-25,engulfing,2026-09-25,False,True,False,no TV drawing read (f_rr False),https://www.tradingview.com/chart/?symbol=NYSE:HNI,https://finviz.com/quote.ashx?t=HNI,"$vol(30d) $24.2M < $50M | FAIL: dollar_vol, short_float, rr (no TV drawing read)"
HOG,FAIL,"dollar_vol,short_float,rr",False,False,True,True,False,False,True,True,True,,24.440000534057617,40911750.3006614,1673966.8333333333,18.0,108.81,2026-10-28,28,263,26.031402296461586,26.289630865389874,26.16051658092573,24.174082783435868,28.18661686757852,1.0199686942565365,1.0000000000000004,1.9864337974898618,-0.8661330918967582,,,,,,,,,,,,,,9,hammer,2026-09-11,hammer,2026-09-29,False,True,False,no TV drawing read (f_rr False),https://www.tradingview.com/chart/?symbol=NYSE:HOG,https://finviz.com/quote.ashx?t=HOG,"$vol(30d) $40.9M < $50M | FAIL: dollar_vol, short_float, rr (no TV drawing read)"
HOPE,FAIL,"dollar_vol,short_float,rr",False,False,True,True,False,True,True,True,True,,13.289999961853027,11382850.413327217,856497.4,5.52,94.53,2026-10-26,26,263,12.248750686645508,12.383428447353165,12.316089566999336,11.71508306081478,14.449999809265137,3.550560967821744,0.9999999999999994,0.6010065061845559,1.6204656436025748,,,,,,,,,,,,,,5,hammer,2026-09-25,hammer,2026-09-24,False,True,False,no TV drawing read (f_rr False),https://www.tradingview.com/chart/?symbol=NASDAQ:HOPE,https://finviz.com/quote.ashx?t=HOPE,"$vol(30d) $11.4M < $50M | FAIL: dollar_vol, short_float, rr (no TV drawing read)"
HP,FAIL,"dollar_vol,short_float,rr",False,False,True,True,False,True,False,True,True,,37.15999984741211,43975745.811425015,1183416.2,7.61,102.77,2026-11-18,49,263,29.30034637451172,29.86909365405642,29.58472001428407,26.292080863921957,44.939998626708984,4.663516987804811,1.0000000000000004,3.292639150362112,2.3006711295086615,,,,,,,,,,,,,,1,hammer,2026-08-28,hammer,2026-09-24,False,True,False,no TV drawing read (f_rr False),https://www.tradingview.com/chart/?symbol=NYSE:HP,https://finviz.com/quote.ashx?t=HP,"$vol(30d) $44.0M < $50M | FAIL: dollar_vol, short_float, rr (no TV drawing read)"
HPP,FAIL,"dollar_vol,short_float,rr",False,False,True,True,False,False,True,True,True,,11.539999961853027,6777031.538264306,587264.4333333333,12.71,121.1,2026-11-04,35,263,16.520000457763672,17.149999618530273,16.835000038146973,15.171071597508021,16.959999084472656,0.07512284980097085,1.0000000000000002,1.663928440638951,-3.182228241895221,,,,,,,,,,,,,,26,strong_close,2026-09-11,hammer,2026-09-24,False,True,False,no TV drawing read (f_rr False),https://www.tradingview.com/chart/?symbol=NYSE:HPP,https://finviz.com/quote.ashx?t=HPP,"$vol(30d) $6.8M < $50M | FAIL: dollar_vol, short_float, rr (no TV drawing read)"
HRB,FAIL,"short_float,rr",True,False,True,True,False,True,False,False,True,,40.849998474121094,71141107.04431738,1741520.4333333333,14.39,105.13,2026-11-05,36,263,38.11940002441406,39.0505761008114,38.58498806261273,34.25320791535715,53.43327713012695,3.4277568488607235,1.0000000000000004,4.331780147255577,0.5228821257106904,,,,,,,,,,,,,,1,,,hammer,2026-09-29,False,True,False,no TV drawing read (f_rr False),https://www.tradingview.com/chart/?symbol=NYSE:HRB,https://finviz.com/quote.ashx?t=HRB,"short float 14.39% >= 5% | FAIL: short_float, rr (no TV drawing read)"
HRMY,FAIL,"dollar_vol,short_float,rr",False,False,True,True,False,True,False,True,True,,39.2599983215332,36924682.75470734,940516.6666666666,9.22,95.67,2026-11-03,34,262,31.829999923706055,31.857999801635742,31.8439998626709,30.069999923706053,42.25,5.865840189036959,0.5628681566034786,3.151714869907924,2.353004242125164,,,,,,,,,,,,,,2,hammer,2026-09-25,hammer,2026-09-25,False,True,False,no TV drawing read (f_rr False),https://www.tradingview.com/chart/?symbol=NASDAQ:HRMY,https://finviz.com/quote.ashx?t=HRMY,"$vol(30d) $36.9M < $50M | FAIL: dollar_vol, short_float, rr (no TV drawing read)"
HSIC,FAIL,"short_float,rr",True,False,True,True,False,True,False,True,True,,83.97000122070312,85627009.24479167,1019733.3333333334,8.01,98.66,2026-11-03,34,263,78.83000183105469,79.95999908447266,79.39500045776367,75.32392883300781,89.80999755859375,2.558293751821343,1.0,4.071071624755859,1.1237829212139725,,,,,,,,,,,,,,1,engulfing,2026-08-28,strong_close,2026-09-25,False,True,False,no TV drawing read (f_rr False),https://www.tradingview.com/chart/?symbol=NASDAQ:HSIC,https://finviz.com/quote.ashx?t=HSIC,"short float 8.01% >= 5% | FAIL: short_float, rr (no TV drawing read)"
HST,FAIL,"short_float,rr",True,False,True,True,False,True,False,True,True,,22.389999389648438,182905618.5953247,8169076.533333333,6.1,106.09,2026-11-04,35,263,19.44915133350018,19.582559924202123,19.51585562885115,18.447586162801937,25.1299991607666,5.255362724798523,1.0000000000000013,1.0682694660492111,2.6904670143075,,,,,,,,,,,,,,1,strong_close,2026-09-25,hammer,2026-09-25,False,True,False,no TV drawing read (f_rr False),https://www.tradingview.com/chart/?symbol=NASDAQ:HST,https://finviz.com/quote.ashx?t=HST,"short float 6.10% >= 5% | FAIL: short_float, rr (no TV drawing read)"
HTO,FAIL,"dollar_vol,short_float,rr",False,False,True,True,False,True,True,True,True,,61.630001068115234,24791785.487002056,402268.13333333336,13.22,112.45,2026-11-02,33,263,52.385643005371094,53.52891851002037,52.95728075769573,50.05526661512498,64.31999969482422,3.915459532207113,0.9999999999999992,2.9020141425707515,2.9885175896271723,,,,,,,,,,,,,,8,hammer,2026-09-18,strong_close,2026-09-29,False,True,False,no TV drawing read (f_rr False),https://www.tradingview.com/chart/?symbol=NASDAQ:HTO,https://finviz.com/quote.ashx?t=HTO,"$vol(30d) $24.8M < $50M | FAIL: dollar_vol, short_float, rr (no TV drawing read)"
HUM,FAIL,rr,True,True,True,True,False,True,True,True,True,,381.55999755859375,397833137.17580366,1042648.9666666667,2.38,100.68,2026-11-06,37,263,274.8027038574219,282.33658874909094,278.5696463032564,247.69480543062804,409.79998779296875,4.250397339085651,0.9999999999999998,30.874840872628347,3.3357370708472867,no,,,,,,,2026-09-30,,,,,,8,hammer,2026-09-25,strong_close,2026-09-24,False,True,False,TV drawing not found (f_rr False),https://www.tradingview.com/chart/?symbol=NYSE:HUM,https://finviz.com/quote.ashx?t=HUM,FAIL: rr (TV drawing not found)
HWC,FAIL,"short_float,rr",True,False,True,True,False,False,True,True,True,,72.04000091552734,55742480.35774205,773771.2333333333,7.85,97.61,2026-10-20,20,263,77.94108581542969,78.83513356942274,78.38810969242621,75.02297184878921,78.85500251461465,0.1387440407742196,1.000000000000001,3.365137843636997,-1.8864335049163738,,,,,,,,,,,,,,9,rejection,2026-09-25,strong_close,2026-09-25,False,True,False,no TV drawing read (f_rr False),https://www.tradingview.com/chart/?symbol=NASDAQ:HWC,https://finviz.com/quote.ashx?t=HWC,"short float 7.85% >= 5% | FAIL: short_float, rr (no TV drawing read)"
IART,FAIL,"dollar_vol,short_float,rr",False,False,True,True,False,True,False,True,True,,16.280000686645508,12948257.846121788,795347.5,10.23,94.8,2026-11-04,35,263,12.210000038146973,12.380000114440918,12.295000076293945,10.859999885559082,20.079999923706055,5.42508628059862,0.8505505668891759,1.6871427127293177,2.3619819356626706,,,,,,,,,,,,,,1,engulfing,2026-09-25,hammer,2026-09-29,False,True,False,no TV drawing read (f_rr False),https://www.tradingview.com/chart/?symbol=NASDAQ:IART,https://finviz.com/quote.ashx?t=IART,"$vol(30d) $12.9M < $50M | FAIL: dollar_vol, short_float, rr (no TV drawing read)"
IBCP,FAIL,"dollar_vol,rr",False,True,True,True,False,True,False,True,True,,35.2400016784668,6355413.312039058,180346.56666666668,3.59,82.37,2026-10-27,27,263,34.27873992919922,34.33830470021423,34.30852231470672,32.80959532236895,38.49781321842195,2.794859873182674,0.9999999999999977,1.4989269923377755,0.6214307758293885,,,,,,,,,,,,,,1,hammer,2026-09-25,rejection,2026-09-29,False,True,False,no TV drawing read (f_rr False),https://www.tradingview.com/chart/?symbol=NASDAQ:IBCP,https://finviz.com/quote.ashx?t=IBCP,"$vol(30d) $6.4M < $50M | FAIL: dollar_vol, rr (no TV drawing read)"
IBKR,FAIL,rr,True,True,True,True,False,True,True,True,True,,85.41999816894531,322569460.53209937,3776275.6666666665,2.83,88.2,2026-10-15,15,263,77.34832000732422,78.32538911470286,77.83685456101354,71.22368642924164,95.75331115722656,2.7092092986622096,0.9999999999999991,6.613168131771906,1.146673342765894,no,,,,,,,2026-09-30,,,,,,8,hammer,2026-09-18,hammer,2026-09-21,True,True,False,TV drawing not found (f_rr False),https://www.tradingview.com/chart/?symbol=NASDAQ:IBKR,https://finviz.com/quote.ashx?t=IBKR,FAIL: rr (TV drawing not found)
ICFI,FAIL,"dollar_vol,rr",False,True,True,True,False,True,True,True,True,,83.12999725341797,14337959.88727951,172476.36666666667,3.48,102.87,2026-10-29,29,263,73.09683990478516,73.83418321078032,73.46551155778275,67.548713841376,94.85221862792969,3.614574655956807,0.999999999999999,5.916797716406754,1.6333980235350047,,,,,,,,,,,,,,14,hammer,2026-09-11,hammer,2026-09-29,True,True,False,no TV drawing read (f_rr False),https://www.tradingview.com/chart/?symbol=NASDAQ:ICFI,https://finviz.com/quote.ashx?t=ICFI,"$vol(30d) $14.3M < $50M | FAIL: dollar_vol, rr (no TV drawing read)"
ICHR,FAIL,"dollar_vol,short_float,rr",False,False,True,True,False,True,True,True,True,,61.86000061035156,41359272.67407786,668594.7666666667,7.62,90.63,2026-11-09,40,263,50.349998474121094,50.5,50.42499923706055,43.51999877929688,103.94999694824219,7.7516284088005465,0.5072227567591487,13.613349097115654,0.8399844367257004,,,,,,,,,,,,,,7,hammer,2026-09-25,strong_close,2026-09-28,False,True,False,no TV drawing read (f_rr False),https://www.tradingview.com/chart/?symbol=NASDAQ:ICHR,https://finviz.com/quote.ashx?t=ICHR,"$vol(30d) $41.4M < $50M | FAIL: dollar_vol, short_float, rr (no TV drawing read)"
ICUI,FAIL,"dollar_vol,short_float,rr",False,False,True,True,False,True,True,True,True,,160.50999450683594,39314440.59986775,244934.53333333333,6.17,104.54,2026-11-09,40,263,157.02999877929688,159.88999938964844,158.45999908447266,146.56250653948103,184.55999755859375,2.193739426641471,0.9999999999999992,11.89749254499163,0.1723048293252554,,,,,,,,,,,,,,19,strong_close,2026-09-25,hammer,2026-09-29,True,True,False,no TV drawing read (f_rr False),https://www.tradingview.com/chart/?symbol=NASDAQ:ICUI,https://finviz.com/quote.ashx?t=ICUI,"$vol(30d) $39.3M < $50M | FAIL: dollar_vol, short_float, rr (no TV drawing read)"
IEX,PASS,,True,True,True,True,True,True,True,True,True,True,228.0050048828125,129832882.3302531,569429.9666666667,2.85,105.14,2026-10-27,27,263,216.15003459430062,216.58233466348923,216.36618462889493,206.41375723246006,239.0,2.2742005009966606,1.0000000000000004,9.952427396434867,1.1694453815444863,yes,220.92,218.6,219.67,210.38,238.24,2,2026-09-30,,228.005,9.9524,7.085,0.7119,26,strong_close,2026-09-25,rejection,2026-09-29,True,True,False,,https://www.tradingview.com/chart/?symbol=NYSE:IEX,https://finviz.com/quote.ashx?t=IEX,PASS (TV) entry=219.67 SL=210.38 TP=238.24 R:R=2 zone=[218.6-220.92]
IFF,FAIL,"short_float,rr",True,False,True,True,False,False,False,True,True,,83.48999786376953,132636618.87827149,1588652.8,6.51,107.28,2026-11-09,40,262,83.43508911132812,83.60195928955078,83.51852420043946,78.50710228902759,87.53567504882812,0.8015990110992094,0.9999999999999989,5.011421911411878,-0.005692264026895731,,,,,,,,,,,,,,1,strong_close,2026-09-25,strong_close,2026-09-28,False,True,False,no TV drawing read (f_rr False),https://www.tradingview.com/chart/?symbol=NYSE:IFF,https://finviz.com/quote.ashx?t=IFF,"short float 6.51% >= 5% | FAIL: short_float, rr (no TV drawing read)"
INBX,FAIL,"dollar_vol,short_float,history,rr",False,False,True,False,False,True,True,True,True,,100.08000183105469,34715867.795158386,346881.1666666667,30.91,87.78,2026-11-13,44,123,83.91000366210938,88.0,85.95500183105469,70.15321622576032,123.41000366210938,2.3703018612343048,1.0000000000000004,15.801785605294365,0.8938863210033327,,,,,,,,,,,,,,11,hammer,2026-09-18,rejection,2026-09-29,False,True,False,no TV drawing read (f_rr False),https://www.tradingview.com/chart/?symbol=NASDAQ:INBX,https://finviz.com/quote.ashx?t=INBX,"$vol(30d) $34.7M < $50M | FAIL: dollar_vol, short_float, history, rr (no TV drawing read)"
INCY,FAIL,rr,True,True,True,True,False,True,True,True,True,,121.3499984741211,171922039.99321824,1416745.3,4.97,103.03,2026-11-03,34,262,108.5,109.4800033569336,108.9900016784668,101.4778573172433,127.80999755859375,2.5052761202610556,0.9999999999999998,7.512144361223493,1.6453353664839903,no,,,,,,,2026-09-30,,,,,,14,strong_close,2026-09-18,rejection,2026-09-29,True,True,False,TV drawing not found (f_rr False),https://www.tradingview.com/chart/?symbol=NASDAQ:INCY,https://finviz.com/quote.ashx?t=INCY,FAIL: rr (TV drawing not found)
INDV,FAIL,"short_float,rr",True,False,True,True,False,False,True,True,True,,35.849998474121094,67651733.8605479,1887077.7333333334,9.23,91.81,2026-10-29,29,263,39.5,41.0,40.25,37.80449322291783,40.619998931884766,0.15129744695544267,1.0000000000000009,2.4455067770821706,-1.79921870064442,,,,,,,,,,,,,,27,rejection,2026-09-18,hammer,2026-09-29,False,True,False,no TV drawing read (f_rr False),https://www.tradingview.com/chart/?symbol=NASDAQ:INDV,https://finviz.com/quote.ashx?t=INDV,"short float 9.23% >= 5% | FAIL: short_float, rr (no TV drawing read)"
INTA,FAIL,"dollar_vol,rr",False,True,True,True,False,True,True,True,True,,36.209999084472656,21307380.47926788,588439.1333333333,4.36,89.04,2026-11-09,40,263,24.84000015258789,24.989999771118164,24.914999961853027,20.948214530944824,43.470001220703125,4.677591360065547,1.0,3.966785430908203,2.847393517837343,,,,,,,,,,,,,,18,strong_close,2026-08-28,hammer,2026-09-29,False,True,False,no TV drawing read (f_rr False),https://www.tradingview.com/chart/?symbol=NASDAQ:INTA,https://finviz.com/quote.ashx?t=INTA,"$vol(30d) $21.3M < $50M | FAIL: dollar_vol, rr (no TV drawing read)"
ITT,FAIL,"short_float,rr",True,False,True,True,False,True,True,True,True,,201.69000244140625,154451386.9325948,765786.0333333333,7.67,100.14,2026-11-04,35,262,188.93236629056855,191.2739242937497,190.10314529215913,178.2166626302015,218.9855194091797,2.4298503550977166,0.8801546265216093,13.504993672456465,0.8579683508388904,,,,,,,,,,,,,,10,hammer,2026-09-18,strong_close,2026-09-24,True,True,False,no TV drawing read (f_rr False),https://www.tradingview.com/chart/?symbol=NYSE:ITT,https://finviz.com/quote.ashx?t=ITT,"short float 7.67% >= 5% | FAIL: short_float, rr (no TV drawing read)"
J,FAIL,rr,True,True,True,True,False,True,True,True,True,,135.22000122070312,104589123.67284852,773473.7666666667,2.76,95.14,2026-11-24,55,263,128.57635591334733,128.58632609935245,128.58134100634987,120.7940095216351,151.97999572753906,3.004707680303174,1.0000000000000002,7.787331484714768,0.8524948793285394,no,,,,,,,2026-09-30,,,,,,14,hammer,2026-09-18,hammer,2026-09-28,True,True,False,TV drawing not found (f_rr False),https://www.tradingview.com/chart/?symbol=NYSE:J,https://finviz.com/quote.ashx?t=J,FAIL: rr (TV drawing not found)
JXN,FAIL,"short_float,rr",True,False,True,True,False,True,True,True,True,,129.22500610351562,100593138.40118408,778434.0,7.03,87.23,2026-11-11,42,263,112.49200439453125,116.44236633026902,114.46718536240013,105.41529958225922,139.71800231933594,2.7895642488479058,1.0000000000000004,9.051885780140903,1.630358700890034,,,,,,,,,,,,,,5,hammer,2026-09-25,hammer,2026-09-29,False,True,False,no TV drawing read (f_rr False),https://www.tradingview.com/chart/?symbol=NYSE:JXN,https://finviz.com/quote.ashx?t=JXN,"short float 7.03% >= 5% | FAIL: short_float, rr (no TV drawing read)"
KDP,FAIL,"short_float,rr",True,False,True,True,False,False,False,True,True,,30.34000015258789,294894967.27777153,9719675.866666667,6.09,108.82,2026-10-22,22,263,29.013338088989258,29.072915096860722,29.04312659292499,27.043430853627733,32.59000015258789,1.7737066144419327,0.9999999999999997,1.9996957392972596,0.6485354417560798,,,,,,,,,,,,,,1,engulfing,2026-09-25,hammer,2026-09-28,False,True,False,no TV drawing read (f_rr False),https://www.tradingview.com/chart/?symbol=NASDAQ:KDP,https://finviz.com/quote.ashx?t=KDP,"short float 6.09% >= 5% | FAIL: short_float, rr (no TV drawing read)"
KFRC,FAIL,"dollar_vol,short_float,rr",False,False,True,True,False,True,False,True,True,,52.61000061035156,12746219.42287445,242277.5,9.37,97.45,2026-11-02,33,263,43.337745666503906,46.753189950689816,45.04546780859686,40.68782877502306,58.630958557128906,3.117626458699646,1.0000000000000007,4.357639033573801,1.7359246012515295,,,,,,,,,,,,,,3,rejection,2026-09-25,strong_close,2026-09-29,False,True,False,no TV drawing read (f_rr False),https://www.tradingview.com/chart/?symbol=NYSE:KFRC,https://finviz.com/quote.ashx?t=KFRC,"$vol(30d) $12.7M < $50M | FAIL: dollar_vol, short_float, rr (no TV drawing read)"
KFY,FAIL,"dollar_vol,rr",False,True,True,True,False,True,False,True,True,,71.58999633789062,36351109.26049805,507768.0,4.02,94.26,2026-12-09,70,263,72.64205932617188,74.1302247028791,73.38614201452549,68.46445774011976,86.27999877929688,2.619805750609276,0.9999999999999998,4.921684274405735,-0.3649453269433336,,,,,,,,,,,,,,1,hammer,2026-09-04,strong_close,2026-09-29,False,True,False,no TV drawing read (f_rr False),https://www.tradingview.com/chart/?symbol=NYSE:KFY,https://finviz.com/quote.ashx?t=KFY,"$vol(30d) $36.4M < $50M | FAIL: dollar_vol, rr (no TV drawing read)"
KMX,FAIL,"short_float,rr",True,False,True,True,False,True,True,True,True,,55.11000061035156,136797752.4180557,2482267.3,7.06,102.99,2026-12-17,78,263,46.86000061035156,49.439998626708984,48.14999961853027,43.30799266270229,63.290000915527344,3.126802880523357,0.9999999999999997,4.842006955827985,1.4374206925589033,,,,,,,,,,,,,,23,hammer,2026-09-25,rejection,2026-09-29,False,True,False,no TV drawing read (f_rr False),https://www.tradingview.com/chart/?symbol=NYSE:KMX,https://finviz.com/quote.ashx?t=KMX,"short float 7.06% >= 5% | FAIL: short_float, rr (no TV drawing read)"
KOP,FAIL,"dollar_vol,rr",False,True,True,True,False,True,False,True,True,,45.654998779296875,7425024.634806315,162633.33333333334,4.3,103.07,2026-10-30,30,263,29.477861404418945,30.072239189067158,29.775050296743053,26.287947259181216,47.939998626708984,5.209180266341301,1.0,3.4871030375618375,4.553908591601868,,,,,,,,,,,,,,1,strong_close,2026-09-25,hammer,2026-09-29,False,True,False,no TV drawing read (f_rr False),https://www.tradingview.com/chart/?symbol=NYSE:KOP,https://finviz.com/quote.ashx?t=KOP,"$vol(30d) $7.4M < $50M | FAIL: dollar_vol, rr (no TV drawing read)"
KRYS,FAIL,"short_float,rr",True,False,True,True,False,True,False,True,True,,332.55999755859375,85647645.8805725,257540.43333333332,12.18,99.09,2026-11-09,40,263,289.0,298.3030090332031,293.65150451660156,267.4150717599051,358.239990234375,2.4617861092906477,1.0000000000000007,26.236432756696427,1.4829947883086896,,,,,,,,,,,,,,1,strong_close,2026-09-25,hammer,2026-09-25,False,True,False,no TV drawing read (f_rr False),https://www.tradingview.com/chart/?symbol=NASDAQ:KRYS,https://finviz.com/quote.ashx?t=KRYS,"short float 12.18% >= 5% | FAIL: short_float, rr (no TV drawing read)"
KURA,FAIL,"dollar_vol,short_float,rr",False,False,True,True,False,False,False,True,True,,10.710000038146973,22389981.931748837,2090567.8666666667,17.15,98.65,2026-10-29,29,263,11.449999809265137,12.220000267028809,11.835000038146973,10.459928580692836,13.25,1.0290374032436218,1.0000000000000002,1.3750714574541365,-0.8181393002534363,,,,,,,,,,,,,,0,strong_close,2026-09-04,strong_close,2026-09-29,False,True,False,no TV drawing read (f_rr False),https://www.tradingview.com/chart/?symbol=NASDAQ:KURA,https://finviz.com/quote.ashx?t=KURA,"$vol(30d) $22.4M < $50M | FAIL: dollar_vol, short_float, rr (no TV drawing read)"
KWR,FAIL,"dollar_vol,short_float,rr",False,False,True,True,False,False,True,True,True,,157.8699951171875,22353391.46529134,141593.66666666666,13.44,91.35,2026-10-29,29,263,160.63099670410156,162.94337340643094,161.78718505526626,150.0659358517401,170.72000122070312,0.7621044489651805,0.9999999999999997,11.72124920352616,-0.33419560236807666,,,,,,,,,,,,,,11,strong_close,2026-09-25,strong_close,2026-09-25,True,True,False,no TV drawing read (f_rr False),https://www.tradingview.com/chart/?symbol=NYSE:KWR,https://finviz.com/quote.ashx?t=KWR,"$vol(30d) $22.4M < $50M | FAIL: dollar_vol, short_float, rr (no TV drawing read)"
KYMR,FAIL,"short_float,rr",True,False,True,True,False,True,False,True,True,,111.79000091552734,79441369.3402682,710630.3666666667,14.12,108.49,2026-10-29,29,262,87.80999755859375,90.0999984741211,88.95499801635742,78.33663994925362,119.9800033569336,2.9218270041856265,1.0000000000000004,10.618358067103795,2.1505210838494797,,,,,,,,,,,,,,0,hammer,2026-09-18,hammer,2026-09-29,False,True,False,no TV drawing read (f_rr False),https://www.tradingview.com/chart/?symbol=NASDAQ:KYMR,https://finviz.com/quote.ashx?t=KYMR,"short float 14.12% >= 5% | FAIL: short_float, rr (no TV drawing read)"
LAMR,FAIL,rr,True,True,True,True,False,True,False,True,True,,144.11000061035156,70364633.23101653,488270.3,3.63,85.41,2026-10-29,29,263,134.6874542236328,135.62618083125926,135.15681752744604,129.04146108213354,162.32000732421875,4.441799924449809,1.0,6.1153564453125,1.4640492607374107,,,,,,,,,,,,,,1,hammer,2026-09-04,hammer,2026-09-29,False,True,False,no TV drawing read (f_rr False),https://www.tradingview.com/chart/?symbol=NASDAQ:LAMR,https://finviz.com/quote.ashx?t=LAMR,FAIL: rr (no TV drawing read)
LB,FAIL,"dollar_vol,short_float,history,rr",False,False,True,False,False,False,True,True,True,,81.31999969482422,20357328.86493683,250336.06666666668,12.14,96.4,2026-11-11,42,119,77.88435270045264,81.9588332526095,79.92159297653106,72.21563487469624,88.38012267646172,1.0976610031031249,1.0000000000000007,7.705958101834819,0.18147084370471642,,,,,,,,,,,,,,7,hammer,2026-09-18,hammer,2026-09-29,True,True,False,no TV drawing read (f_rr False),https://www.tradingview.com/chart/?symbol=NYSE:LB,https://finviz.com/quote.ashx?t=LB,"$vol(30d) $20.4M < $50M | FAIL: dollar_vol, short_float, history, rr (no TV drawing read)"
LBRX,FAIL,"dollar_vol,short_float,history,rr",False,False,True,False,False,True,False,True,True,,38.380001068115234,11965231.434325663,311756.93333333335,23.48,83.5,2026-11-05,36,56,31.989999771118164,33.470001220703125,32.730000495910645,29.35000061035156,49.34000015258789,4.914201248243473,0.6738915687156081,5.0156435285295755,1.1264757034798658,,,,,,,,,,,,,,0,engulfing,2026-09-04,hammer,2026-09-28,False,True,False,no TV drawing read (f_rr False),https://www.tradingview.com/chart/?symbol=NASDAQ:LBRX,https://finviz.com/quote.ashx?t=LBRX,"$vol(30d) $12.0M < $50M | FAIL: dollar_vol, short_float, history, rr (no TV drawing read)"
LECO,FAIL,rr,True,True,True,True,False,False,False,True,True,,264.5799865722656,116383356.30007935,439879.6666666667,2.02,82.34,2026-10-22,22,263,274.4068603515625,278.24533133300923,276.3260958422859,259.46924845297605,286.8699951171875,0.6254965137543013,1.0000000000000004,16.85684738930984,-0.6968153058957712,,,,,,,,,,,,,,2,strong_close,2026-09-25,rejection,2026-09-29,False,True,False,no TV drawing read (f_rr False),https://www.tradingview.com/chart/?symbol=NASDAQ:LECO,https://finviz.com/quote.ashx?t=LECO,FAIL: rr (no TV drawing read)
LFUS,PASS,,True,True,True,True,True,True,True,True,True,True,423.739990234375,82301252.71993002,194225.83333333334,4.94,101.57,2026-11-03,34,263,368.9876403808594,370.65160046091574,369.81962042088753,341.15074995958867,459.3824271344834,3.124043789395188,0.7374786994759642,38.87416745957588,1.3870488639932341,yes,396.4,368.98,397.74,364.97,484.02,2.63,2026-09-30,,423.74,38.8742,27.34,0.7033,13,strong_close,2026-09-25,hammer,2026-09-28,True,True,False,,https://www.tradingview.com/chart/?symbol=NASDAQ:LFUS,https://finviz.com/quote.ashx?t=LFUS,PASS (TV) entry=397.74 SL=364.97 TP=484.02 R:R=2.63 zone=[368.98-396.4]
LH,FAIL,rr,True,True,True,True,False,True,False,True,True,,308.1099853515625,228044473.20644125,740139.8333333334,3.03,101.2,2026-10-22,22,263,272.3859558105469,275.2320022818144,273.80897904618064,260.07239875490035,335.62042236328125,4.499769375376293,0.7778060343465064,17.6606759072285,1.9422250023478709,,,,,,,,,,,,,,0,strong_close,2026-09-18,strong_close,2026-09-29,False,True,False,no TV drawing read (f_rr False),https://www.tradingview.com/chart/?symbol=NYSE:LH,https://finviz.com/quote.ashx?t=LH,FAIL: rr (no TV drawing read)
LNC,FAIL,"short_float,rr",True,False,True,True,False,False,False,True,True,,40.27000045776367,72595290.92055029,1802713.9333333333,6.41,86.06,2026-11-04,35,263,44.72741751969957,44.939896801493546,44.83365716059656,43.40389315514787,45.470001220703125,0.44506929652832355,0.5032192271771383,2.8412348500058355,-1.6062229783023791,,,,,,,,,,,,,,1,hammer,2026-09-25,hammer,2026-09-29,False,True,False,no TV drawing read (f_rr False),https://www.tradingview.com/chart/?symbol=NYSE:LNC,https://finviz.com/quote.ashx?t=LNC,"short float 6.41% >= 5% | FAIL: short_float, rr (no TV drawing read)"
LNTH,FAIL,"short_float,rr",True,False,True,True,False,True,True,True,True,,99.52999877929688,108174494.35160829,1086853.1666666667,6.41,116.55,2026-10-29,29,263,57.689998626708984,58.29600143432617,57.99300003051758,54.10678482055664,110.37999725341797,13.480210022498204,1.0,3.8862152099609375,10.688290921798128,,,,,,,,,,,,,,5,strong_close,2026-08-28,rejection,2026-09-29,False,True,False,no TV drawing read (f_rr False),https://www.tradingview.com/chart/?symbol=NASDAQ:LNTH,https://finviz.com/quote.ashx?t=LNTH,"short float 6.41% >= 5% | FAIL: short_float, rr (no TV drawing read)"
LOCO,FAIL,"dollar_vol,short_float,rr",False,False,True,True,False,True,True,True,True,,14.350000381469727,3233006.2959438325,225296.6,6.7,91.45,2026-10-29,29,263,14.1899995803833,14.345000267028809,14.267499923706055,13.319999923706055,16.81999969482422,2.693931156852944,0.9397803272302008,1.008214337485177,0.08182829255280731,,,,,,,,,,,,,,7,hammer,2026-09-11,strong_close,2026-09-29,False,True,False,no TV drawing read (f_rr False),https://www.tradingview.com/chart/?symbol=NASDAQ:LOCO,https://finviz.com/quote.ashx?t=LOCO,"$vol(30d) $3.2M < $50M | FAIL: dollar_vol, short_float, rr (no TV drawing read)"
LTH,FAIL,"short_float,rr",True,False,True,True,False,True,False,True,True,,39.900001525878906,115493657.30677515,2894577.7666666666,5.99,85.18,2026-10-22,22,261,33.7400016784668,35.33000183105469,34.53500175476074,31.75457273210798,46.0,4.123463735931188,0.9999999999999997,2.780429022652762,1.9295582542867808,,,,,,,,,,,,,,1,hammer,2026-09-25,hammer,2026-09-29,False,True,False,no TV drawing read (f_rr False),https://www.tradingview.com/chart/?symbol=NYSE:LTH,https://finviz.com/quote.ashx?t=LTH,"short float 5.99% >= 5% | FAIL: short_float, rr (no TV drawing read)"
LYV,FAIL,"short_float,rr",True,False,True,True,False,True,True,True,True,,169.3800048828125,305111514.365621,1801343.1666666667,14.46,84.94,2026-10-29,29,263,160.58999633789062,165.97999572753906,163.28499603271484,154.0864246913365,188.4600067138672,2.736839205443402,0.999999999999999,9.198571341378349,0.6626038570446481,,,,,,,,,,,,,,8,hammer,2026-09-25,hammer,2026-09-25,False,True,False,no TV drawing read (f_rr False),https://www.tradingview.com/chart/?symbol=NYSE:LYV,https://finviz.com/quote.ashx?t=LYV,"short float 14.46% >= 5% | FAIL: short_float, rr (no TV drawing read)"
M,FAIL,"short_float,rr",True,False,True,True,False,False,True,True,True,,22.780000686645508,143868884.84456366,6315578.6,13.7,99.5,2026-11-12,43,263,22.08687400817871,22.203631770318612,22.14525288924866,20.13712081793609,25.18402099609375,1.513231201401444,0.9999999999999996,2.0081320713125708,0.3160886708920292,,,,,,,,,,,,,,28,hammer,2026-09-11,strong_close,2026-09-29,False,True,False,no TV drawing read (f_rr False),https://www.tradingview.com/chart/?symbol=NYSE:M,https://finviz.com/quote.ashx?t=M,"short float 13.70% >= 5% | FAIL: short_float, rr (no TV drawing read)"
MA,FAIL,rr,True,True,True,True,False,True,True,True,True,,551.5900268554688,1390961872.2619445,2521731.3666666667,0.89,83.79,2026-10-22,22,263,520.4276123046875,526.5872699856476,523.5074411451676,500.26621024400504,595.2999877929688,3.08901653931806,0.9999999999999992,23.241230901162584,1.2083088813035452,no,,,,,,,2026-09-30,,,,,,14,hammer,2026-09-25,hammer,2026-09-28,True,True,False,TV drawing not found (f_rr False),https://www.tradingview.com/chart/?symbol=NYSE:MA,https://finviz.com/quote.ashx?t=MA,FAIL: rr (TV drawing not found)
MAC,FAIL,"short_float,rr",True,False,True,True,False,True,False,True,True,,22.3700008392334,66705635.67152996,2981923.7,11.54,111.17,2026-11-04,35,263,21.9844913482666,22.240813006470994,22.112652177368798,20.91975221983516,24.553985531356954,2.0465533078194587,1.000000000000001,1.1928999575336356,0.21573364995056132,,,,,,,,,,,,,,2,hammer,2026-09-18,engulfing,2026-09-29,False,True,False,no TV drawing read (f_rr False),https://www.tradingview.com/chart/?symbol=NYSE:MAC,https://finviz.com/quote.ashx?t=MAC,"short float 11.54% >= 5% | FAIL: short_float, rr (no TV drawing read)"
MAN,FAIL,"dollar_vol,short_float,rr",False,False,True,True,False,True,True,True,True,,55.56999969482422,44011211.921302035,791995.9,9.92,120.79,2026-10-15,15,262,30.4213809967041,31.789511211864244,31.105446104284173,25.740190503227602,62.38999938964844,5.830953007943079,0.9314679492813328,5.760000228881836,4.24731816291772,,,,,,,,,,,,,,22,hammer,2026-09-25,hammer,2026-09-29,False,True,False,no TV drawing read (f_rr False),https://www.tradingview.com/chart/?symbol=NYSE:MAN,https://finviz.com/quote.ashx?t=MAN,"$vol(30d) $44.0M < $50M | FAIL: dollar_vol, short_float, rr (no TV drawing read)"
MANH,FAIL,"short_float,rr",True,False,True,True,False,True,True,True,True,,198.6999969482422,133227096.1438156,670493.7,5.14,111.01,2026-10-27,27,262,153.00999450683594,162.77000427246094,157.88999938964844,139.06071254185267,223.27999877929688,3.4727815194606397,1.0000000000000007,18.82928684779576,2.1673682008498982,,,,,,,,,,,,,,9,hammer,2026-09-18,strong_close,2026-09-29,False,True,False,no TV drawing read (f_rr False),https://www.tradingview.com/chart/?symbol=NASDAQ:MANH,https://finviz.com/quote.ashx?t=MANH,"short float 5.14% >= 5% | FAIL: short_float, rr (no TV drawing read)"
MBIN,FAIL,"dollar_vol,short_float,rr",False,False,True,True,False,False,False,True,True,,48.959999084472656,9937100.934181213,202963.66666666666,13.25,97.95,2026-10-22,22,263,50.006271017370125,50.89442807468335,50.450349546026736,47.24778960011143,55.82420204245969,1.6779865442603243,0.8979182113519749,3.5666499525533433,-0.41785722775714135,,,,,,,,,,,,,,1,hammer,2026-09-25,engulfing,2026-09-24,False,True,False,no TV drawing read (f_rr False),https://www.tradingview.com/chart/?symbol=NASDAQ:MBIN,https://finviz.com/quote.ashx?t=MBIN,"$vol(30d) $9.9M < $50M | FAIL: dollar_vol, short_float, rr (no TV drawing read)"
MBX,FAIL,"dollar_vol,short_float,history,rr",False,False,True,False,False,True,True,True,True,,58.619998931884766,27596497.8171641,470769.3333333333,13.54,81.37,2026-11-05,36,108,38.189998626708984,40.970001220703125,39.579999923706055,31.861677987234934,68.56999969482422,3.755997742738965,0.9999999999999999,7.7183219364711215,2.4668573253221866,,,,,,,,,,,,,,19,strong_close,2026-09-18,hammer,2026-09-29,False,True,False,no TV drawing read (f_rr False),https://www.tradingview.com/chart/?symbol=NASDAQ:MBX,https://finviz.com/quote.ashx?t=MBX,"$vol(30d) $27.6M < $50M | FAIL: dollar_vol, short_float, history, rr (no TV drawing read)"
MCK,FAIL,rr,True,True,True,True,False,True,False,True,True,,854.4000244140625,728207476.1681721,852302.7333333333,2.49,94.43,2026-11-04,35,262,724.4781494140625,729.2436456497278,726.8608975318951,694.3528343392941,907.989990234375,5.571820493560052,0.6218883688505779,52.27314872070205,2.439859277726219,,,,,,,,,,,,,,1,strong_close,2026-08-28,strong_close,2026-09-29,False,True,False,no TV drawing read (f_rr False),https://www.tradingview.com/chart/?symbol=NYSE:MCK,https://finviz.com/quote.ashx?t=MCK,FAIL: rr (no TV drawing read)
MD,FAIL,"dollar_vol,short_float,rr",False,False,True,True,False,False,False,True,True,,25.739999771118164,17989962.974032022,698910.7666666667,5.91,104.33,2026-10-29,29,263,23.510000228881836,23.739999771118164,23.625,21.72358594621931,27.030000686645508,1.7907728618472916,0.9999999999999994,1.901414053780692,1.1123299351410532,,,,,,,,,,,,,,1,hammer,2026-09-25,hammer,2026-09-29,False,True,False,no TV drawing read (f_rr False),https://www.tradingview.com/chart/?symbol=NYSE:MD,https://finviz.com/quote.ashx?t=MD,"$vol(30d) $18.0M < $50M | FAIL: dollar_vol, short_float, rr (no TV drawing read)"
MDB,FAIL,rr,True,True,True,True,False,False,False,True,True,,348.6099853515625,958865499.9428955,2750539.4,3.71,93.32,2026-12-07,68,262,354.8800048828125,363.1759948730469,359.0279998779297,302.45435660226,460.3299865722656,1.7906215832824461,1.0000000000000004,56.573643275669646,-0.18414961319713366,,,,,,,,,,,,,,3,hammer,2026-08-28,hammer,2026-09-29,False,True,False,no TV drawing read (f_rr False),https://www.tradingview.com/chart/?symbol=NASDAQ:MDB,https://finviz.com/quote.ashx?t=MDB,FAIL: rr (no TV drawing read)
MEI,FAIL,"dollar_vol,short_float,rr",False,False,True,True,False,True,False,True,True,,13.779999732971191,9793504.145554828,710704.2333333333,9.44,93.12,2026-12-03,64,263,8.996204376220703,9.174347336172405,9.085275856196553,7.540039456424582,18.209999084472656,5.905066195452442,0.5,3.0904727995439423,1.5190956792978194,,,,,,,,,,,,,,3,engulfing,2026-08-28,hammer,2026-09-24,False,True,False,no TV drawing read (f_rr False),https://www.tradingview.com/chart/?symbol=NYSE:MEI,https://finviz.com/quote.ashx?t=MEI,"$vol(30d) $9.8M < $50M | FAIL: dollar_vol, short_float, rr (no TV drawing read)"
MGRC,FAIL,"dollar_vol,rr",False,True,True,True,False,False,True,True,True,,114.3499984741211,15839899.008633424,138521.2,2.16,92.78,2026-10-22,22,263,116.39197540283203,117.3580014793891,116.87498844111056,110.85823642020688,122.27999877929688,0.8983269244615659,1.0000000000000002,6.016752020903679,-0.4196599690691969,,,,,,,,,,,,,,8,strong_close,2026-09-25,hammer,2026-09-29,True,True,False,no TV drawing read (f_rr False),https://www.tradingview.com/chart/?symbol=NASDAQ:MGRC,https://finviz.com/quote.ashx?t=MGRC,"$vol(30d) $15.8M < $50M | FAIL: dollar_vol, rr (no TV drawing read)"
MHK,FAIL,"short_float,rr",True,False,True,True,False,True,True,True,True,,124.80999755859375,123239708.89497681,987418.5666666667,9.66,90.16,2026-10-22,22,263,108.83000183105469,112.76000213623047,110.79500198364258,100.99107197352818,140.10000610351562,2.989107846510534,1.0000000000000002,9.803930010114398,1.4295283177758669,,,,,,,,,,,,,,21,hammer,2026-09-25,strong_close,2026-09-28,False,True,False,no TV drawing read (f_rr False),https://www.tradingview.com/chart/?symbol=NYSE:MHK,https://finviz.com/quote.ashx?t=MHK,"short float 9.66% >= 5% | FAIL: short_float, rr (no TV drawing read)"
MITK,FAIL,"dollar_vol,short_float,rr",False,False,True,True,False,True,True,True,True,,17.049999237060547,11017153.677013397,646167.4,9.58,88.7,2026-10-29,29,263,14.649999618530273,15.609999656677246,15.12999963760376,13.151785237448555,19.43000030517578,2.173677770839529,1.0000000000000004,1.9782144001552038,0.970572046844948,,,,,,,,,,,,,,12,hammer,2026-09-04,hammer,2026-09-28,True,True,False,no TV drawing read (f_rr False),https://www.tradingview.com/chart/?symbol=NASDAQ:MITK,https://finviz.com/quote.ashx?t=MITK,"$vol(30d) $11.0M < $50M | FAIL: dollar_vol, short_float, rr (no TV drawing read)"
MLKN,FAIL,"dollar_vol,short_float,rr",False,False,True,True,False,True,False,True,True,,19.65999984741211,13309582.666033173,676987.9333333333,5.74,97.9,2026-12-23,84,263,21.121780395507812,21.159853863126354,21.140817129317085,19.750620351447495,24.293996810913086,2.2681534958152447,0.7919589859040905,1.7553898656539129,-0.843583132658309,,,,,,,,,,,,,,1,rejection,2026-09-25,strong_close,2026-09-28,False,True,False,no TV drawing read (f_rr False),https://www.tradingview.com/chart/?symbol=NASDAQ:MLKN,https://finviz.com/quote.ashx?t=MLKN,"$vol(30d) $13.3M < $50M | FAIL: dollar_vol, short_float, rr (no TV drawing read)"
MMSI,FAIL,"short_float,rr",True,False,True,True,False,True,True,True,True,,86.2300033569336,52402510.5403628,607706.2333333333,6.77,105.48,2026-10-22,22,262,70.93000030517578,71.91000366210938,71.42000198364258,66.76714542933873,91.0,4.208167130844834,1.0000000000000004,4.652856554303851,3.1829911798144512,,,,,,,,,,,,,,20,strong_close,2026-09-25,strong_close,2026-09-29,False,True,False,no TV drawing read (f_rr False),https://www.tradingview.com/chart/?symbol=NASDAQ:MMSI,https://finviz.com/quote.ashx?t=MMSI,"short float 6.77% >= 5% | FAIL: short_float, rr (no TV drawing read)"
MOH,FAIL,"short_float,rr",True,False,True,True,False,True,True,True,True,,189.0500030517578,107509882.08048859,568684.9,6.24,108.71,2026-10-21,21,263,192.6999969482422,198.4199981689453,195.55999755859375,178.10699244907923,235.6199951171875,2.295306585153923,1.0000000000000007,17.45300510951451,-0.3730013522592171,,,,,,,,,,,,,,9,hammer,2026-09-11,hammer,2026-09-29,False,True,False,no TV drawing read (f_rr False),https://www.tradingview.com/chart/?symbol=NYSE:MOH,https://finviz.com/quote.ashx?t=MOH,"short float 6.24% >= 5% | FAIL: short_float, rr (no TV drawing read)"
MSA,FAIL,"dollar_vol,rr",False,True,True,True,False,True,True,True,True,,178.13999938964844,40246772.216104634,225927.76666666666,2.43,91.96,2026-10-28,28,263,171.77980293646493,172.84675029575328,172.3132766161091,163.81132431178878,193.63743591308594,2.508148544439706,0.9999999999999993,8.501952304320332,0.6853393861758595,,,,,,,,,,,,,,16,hammer,2026-09-25,hammer,2026-09-28,False,True,False,no TV drawing read (f_rr False),https://www.tradingview.com/chart/?symbol=NYSE:MSA,https://finviz.com/quote.ashx?t=MSA,"$vol(30d) $40.2M < $50M | FAIL: dollar_vol, rr (no TV drawing read)"
MSI,FAIL,rr,True,True,True,True,False,True,False,True,True,,446.3999938964844,412268324.76315814,923540.1666666666,1.93,91.83,2026-10-29,29,262,441.9690493476176,447.498134987632,444.7335921676248,427.0940190996935,484.7465160721933,2.26836124380538,0.7914169670692369,22.288596027014528,0.07476476880104219,,,,,,,,,,,,,,1,hammer,2026-09-11,hammer,2026-09-21,False,True,False,no TV drawing read (f_rr False),https://www.tradingview.com/chart/?symbol=NYSE:MSI,https://finviz.com/quote.ashx?t=MSI,FAIL: rr (no TV drawing read)
MTCH,FAIL,rr,True,True,True,True,False,True,False,True,True,,40.150001525878906,137368900.71229678,3421392.1666666665,4.29,108.43,2026-11-03,34,262,31.463987350463867,31.52329688367061,31.49364211706724,28.571132503833173,38.46468734741211,2.385294200155144,1.0000000000000004,2.9225096132340647,2.961960969987193,,,,,,,,,,,,,,0,hammer,2026-09-11,engulfing,2026-09-29,False,True,False,no TV drawing read (f_rr False),https://www.tradingview.com/chart/?symbol=NASDAQ:MTCH,https://finviz.com/quote.ashx?t=MTCH,FAIL: rr (no TV drawing read)
MTUS,FAIL,"dollar_vol,short_float,rr",False,False,True,True,False,False,True,True,True,,18.979999542236328,6219335.882000733,327678.4,5.91,86.81,2026-10-29,29,263,20.5,20.549999237060547,20.524999618530273,18.85000061035156,21.809999465942383,0.7671645422699901,0.9635528708312662,1.7383571352277483,-0.8887702331037571,,,,,,,,,,,,,,8,hammer,2026-09-04,strong_close,2026-09-22,False,True,False,no TV drawing read (f_rr False),https://www.tradingview.com/chart/?symbol=NYSE:MTUS,https://finviz.com/quote.ashx?t=MTUS,"$vol(30d) $6.2M < $50M | FAIL: dollar_vol, short_float, rr (no TV drawing read)"
MYE,FAIL,"dollar_vol,rr",False,True,True,True,False,True,True,True,True,,30.81999969482422,9799178.836969757,317948.7,3.28,97.28,2026-10-29,29,263,22.237417221069336,22.476208046672213,22.356812633870774,20.15789341947137,34.369998931884766,5.463223123135601,0.8821940163763374,2.4925573893955777,3.395383029879079,,,,,,,,,,,,,,19,strong_close,2026-09-18,hammer,2026-09-28,False,True,False,no TV drawing read (f_rr False),https://www.tradingview.com/chart/?symbol=NYSE:MYE,https://finviz.com/quote.ashx?t=MYE,"$vol(30d) $9.8M < $50M | FAIL: dollar_vol, rr (no TV drawing read)"
NATL,FAIL,"dollar_vol,short_float,rr",False,False,True,True,False,True,False,True,True,,45.18000030517578,32237079.29575068,713525.4333333333,6.07,96.68,2026-11-17,48,156,44.689998626708984,45.20000076293945,44.94499969482422,43.57499967302595,47.75,2.0474454456532953,0.9999999999999992,1.3700000217982702,0.17153328949812666,,,,,,,,,,,,,,1,engulfing,2026-09-11,hammer,2026-09-28,False,True,False,no TV drawing read (f_rr False),https://www.tradingview.com/chart/?symbol=NYSE:NATL,https://finviz.com/quote.ashx?t=NATL,"$vol(30d) $32.2M < $50M | FAIL: dollar_vol, short_float, rr (no TV drawing read)"
NEM,FAIL,rr,True,True,True,True,False,False,True,True,True,,115.36000061035156,876111426.3687006,7594585.833333333,1.59,81.85,2026-10-22,22,262,120.3677978515625,121.46294861920876,120.91537323538563,111.73224077521134,133.1228732047779,1.3293394190200518,0.9999999999999998,9.183132460174294,-0.6049539902780219,no,,,,,,,2026-09-30,,,,,,13,hammer,2026-09-18,hammer,2026-09-29,False,True,False,TV drawing not found (f_rr False),https://www.tradingview.com/chart/?symbol=NYSE:NEM,https://finviz.com/quote.ashx?t=NEM,FAIL: rr (TV drawing not found)
NESR,FAIL,"dollar_vol,history,rr",False,True,True,False,False,True,True,True,True,,25.469999313354492,49501367.316493034,1943516.6333333333,4.73,87.54,2026-11-04,35,117,28.6200008392334,29.03499984741211,28.827500343322754,26.030000915527342,36.849998474121094,2.867738971128414,0.779286489391317,3.5898215430123463,-0.9352835481484307,,,,,,,,,,,,,,12,hammer,2026-09-18,hammer,2026-09-24,False,True,False,no TV drawing read (f_rr False),https://www.tradingview.com/chart/?symbol=NASDAQ:NESR,https://finviz.com/quote.ashx?t=NESR,"$vol(30d) $49.5M < $50M | FAIL: dollar_vol, history, rr (no TV drawing read)"
NGVT,FAIL,"dollar_vol,rr",False,True,True,True,False,False,True,True,True,,70.76000213623047,17426443.11276754,246275.33333333334,4.26,102.65,2026-11-04,35,263,77.12000274658203,77.2742427520752,77.19712274932861,72.14997854069301,77.30999755859375,0.02236409434705848,0.9999999999999997,5.047144208635602,-1.275398591164546,,,,,,,,,,,,,,27,strong_close,2026-09-25,strong_close,2026-09-28,False,True,False,no TV drawing read (f_rr False),https://www.tradingview.com/chart/?symbol=NYSE:NGVT,https://finviz.com/quote.ashx?t=NGVT,"$vol(30d) $17.4M < $50M | FAIL: dollar_vol, rr (no TV drawing read)"
NOVT,FAIL,"short_float,rr",True,False,True,True,False,True,False,True,True,,142.19000244140625,50587145.71391602,355771.4666666667,13.24,120.48,2026-11-10,41,263,128.8300018310547,131.6699981689453,130.25,115.88428388323102,166.6300048828125,2.5324184737540807,1.0000000000000004,14.365716116768974,0.8311456487344052,,,,,,,,,,,,,,1,strong_close,2026-09-25,hammer,2026-09-28,False,True,False,no TV drawing read (f_rr False),https://www.tradingview.com/chart/?symbol=NASDAQ:NOVT,https://finviz.com/quote.ashx?t=NOVT,"short float 13.24% >= 5% | FAIL: short_float, rr (no TV drawing read)"
NPO,FAIL,"dollar_vol,rr",False,True,True,True,False,True,True,True,True,,306.0849914550781,44939082.157610066,146818.96666666667,2.64,100.47,2026-11-03,34,263,273.64581298828125,285.38612586181665,279.515969425049,252.3923559019459,344.5766566764277,2.3986732887180393,1.0000000000000002,27.123613523103067,0.9795531855443399,,,,,,,,,,,,,,12,strong_close,2026-09-25,hammer,2026-09-25,False,True,False,no TV drawing read (f_rr False),https://www.tradingview.com/chart/?symbol=NYSE:NPO,https://finviz.com/quote.ashx?t=NPO,"$vol(30d) $44.9M < $50M | FAIL: dollar_vol, rr (no TV drawing read)"
NRIX,FAIL,"dollar_vol,short_float,no_earnings_14d,rr",False,False,False,True,False,True,True,True,True,,23.709999084472656,32468094.17662481,1369384.0333333334,18.19,110.46,2026-10-09,9,263,17.510000228881836,17.68000030517578,17.59500026702881,15.442500523158483,27.049999237060547,4.392566826991149,0.9999999999999998,2.1524997438703264,2.8408824831954242,,,,,,,,,,,,,,16,engulfing,2026-09-18,hammer,2026-09-29,False,True,True,no TV drawing read (f_rr False),https://www.tradingview.com/chart/?symbol=NASDAQ:NRIX,https://finviz.com/quote.ashx?t=NRIX,"$vol(30d) $32.5M < $50M | FAIL: dollar_vol, short_float, no_earnings_14d, rr (no TV drawing read)"
NSP,FAIL,"dollar_vol,short_float,rr",False,False,True,True,False,False,True,True,True,,46.58000183105469,16876304.198072307,362307.93333333335,8.41,112.18,2026-11-02,33,263,44.116486806655885,44.204719780269194,44.16060329346254,39.42902964493133,52.91501998901367,1.8502124971189453,1.0,4.73157364853121,0.5113306306334641,,,,,,,,,,,,,,21,hammer,2026-09-18,hammer,2026-09-29,True,True,False,no TV drawing read (f_rr False),https://www.tradingview.com/chart/?symbol=NYSE:NSP,https://finviz.com/quote.ashx?t=NSP,"$vol(30d) $16.9M < $50M | FAIL: dollar_vol, short_float, rr (no TV drawing read)"
NTRS,FAIL,rr,True,True,True,True,False,True,False,True,True,,169.36000061035156,165679406.9784205,978267.6333333333,2.19,87.0,2026-10-21,21,263,149.8953399658203,150.3189701451915,150.10715505550593,144.57520863497314,190.51141357421875,7.303805107140106,0.6426062183820229,8.608610160140255,2.2364638654437523,,,,,,,,,,,,,,1,strong_close,2026-09-11,hammer,2026-09-25,False,True,False,no TV drawing read (f_rr False),https://www.tradingview.com/chart/?symbol=NASDAQ:NTRS,https://finviz.com/quote.ashx?t=NTRS,FAIL: rr (no TV drawing read)
NUE,FAIL,rr,True,True,True,True,False,True,True,True,True,,233.7949981689453,309930806.9126587,1325652.0,1.9,82.68,2026-10-26,26,263,191.71368408203125,191.9622239178054,191.83795399991834,174.29595437864825,273.0,4.626727154963038,0.9484809242715424,18.494836503689093,2.2685815125025823,no,,,,,,,2026-09-30,,,,,,5,hammer,2026-09-25,rejection,2026-09-28,False,True,False,TV drawing not found (f_rr False),https://www.tradingview.com/chart/?symbol=NYSE:NUE,https://finviz.com/quote.ashx?t=NUE,FAIL: rr (TV drawing not found)
NWPX,FAIL,"dollar_vol,short_float,rr",False,False,True,True,False,True,False,True,True,,103.02999877929688,14037366.830018105,136245.43333333332,7.77,91.35,2026-11-04,35,263,77.5999984741211,82.76000213623047,80.18000030517578,70.94999908447265,148.3000030517578,7.380281011641376,0.9532347256486281,9.682821001325335,2.3598493115790844,,,,,,,,,,,,,,3,hammer,2026-09-25,hammer,2026-09-28,False,True,False,no TV drawing read (f_rr False),https://www.tradingview.com/chart/?symbol=NASDAQ:NWPX,https://finviz.com/quote.ashx?t=NWPX,"$vol(30d) $14.0M < $50M | FAIL: dollar_vol, short_float, rr (no TV drawing read)"
NX,FAIL,"dollar_vol,short_float,rr",False,False,True,True,False,False,False,True,True,,18.8700008392334,8103163.308383942,429420.4,9.27,109.27,2026-12-10,71,263,21.89618682861328,21.936035215234913,21.916111021924095,19.739665364673215,22.812678432851737,0.41194109668702533,0.9999999999999996,2.1764456572508815,-1.3995801698712333,,,,,,,,,,,,,,1,engulfing,2026-09-04,strong_close,2026-09-25,False,True,False,no TV drawing read (f_rr False),https://www.tradingview.com/chart/?symbol=NYSE:NX,https://finviz.com/quote.ashx?t=NX,"$vol(30d) $8.1M < $50M | FAIL: dollar_vol, short_float, rr (no TV drawing read)"
OFG,FAIL,"dollar_vol,rr",False,True,True,True,False,True,True,True,True,,50.084999084472656,12575890.835619355,251090.96666666667,4.97,98.58,2026-10-21,21,263,42.16169179286037,42.53567610326576,42.34868394806306,40.353978971818975,53.95000076293945,5.816056486067926,1.0000000000000002,1.9947049762440865,3.8784257464362604,,,,,,,,,,,,,,14,rejection,2026-09-18,hammer,2026-09-24,False,True,False,no TV drawing read (f_rr False),https://www.tradingview.com/chart/?symbol=NYSE:OFG,https://finviz.com/quote.ashx?t=OFG,"$vol(30d) $12.6M < $50M | FAIL: dollar_vol, rr (no TV drawing read)"
OII,FAIL,"dollar_vol,short_float,rr",False,False,True,True,False,True,False,True,True,,43.63999938964844,37985064.26340535,870418.5333333333,7.7,105.34,2026-10-28,28,263,26.940000534057617,27.709999084472656,27.324999809265137,23.840000381469725,53.0,7.367289643136815,0.7756312180863326,4.493113926478794,3.6311119297990277,,,,,,,,,,,,,,1,hammer,2026-09-11,hammer,2026-09-24,False,True,False,no TV drawing read (f_rr False),https://www.tradingview.com/chart/?symbol=NYSE:OII,https://finviz.com/quote.ashx?t=OII,"$vol(30d) $38.0M < $50M | FAIL: dollar_vol, short_float, rr (no TV drawing read)"
ONB,FAIL,"short_float,rr",True,False,True,True,False,True,True,True,True,,24.639999389648438,96080481.81201324,3899370.3,6.23,86.53,2026-10-27,27,263,24.107157917767047,24.31472360859983,24.210940763183437,23.143809325978165,27.01835823059082,2.6308075739571244,0.9999999999999993,1.0671314372052734,0.4020672726020221,,,,,,,,,,,,,,7,hammer,2026-09-25,strong_close,2026-09-25,False,True,False,no TV drawing read (f_rr False),https://www.tradingview.com/chart/?symbol=NASDAQ:ONB,https://finviz.com/quote.ashx?t=ONB,"short float 6.23% >= 5% | FAIL: short_float, rr (no TV drawing read)"
OPLN,FAIL,"dollar_vol,rr",False,True,True,True,False,True,False,True,True,,34.130001068115234,37153402.66206741,1088584.8666666667,2.29,88.02,2026-11-03,34,263,31.020000457763672,31.06999969482422,31.045000076293945,29.84017835344587,40.400001525878906,7.764635441225866,0.49999999999999956,2.4096434456961497,1.2802728126982403,,,,,,,,,,,,,,1,hammer,2026-09-25,hammer,2026-09-29,False,True,False,no TV drawing read (f_rr False),https://www.tradingview.com/chart/?symbol=NYSE:OPLN,https://finviz.com/quote.ashx?t=OPLN,"$vol(30d) $37.2M < $50M | FAIL: dollar_vol, rr (no TV drawing read)"
ORKA,FAIL,"short_float,rr",True,False,True,True,False,True,True,True,True,,83.29000091552734,79117166.3169927,949899.9333333333,12.97,103.55,2026-11-18,49,263,34.38999938964844,36.5099983215332,35.44999885559082,29.809106826782227,111.04000091552734,13.400363218067444,0.5,11.281784057617188,4.240464257746195,,,,,,,,,,,,,,12,hammer,2026-09-04,rejection,2026-09-23,False,True,False,no TV drawing read (f_rr False),https://www.tradingview.com/chart/?symbol=NASDAQ:ORKA,https://finviz.com/quote.ashx?t=ORKA,"short float 12.97% >= 5% | FAIL: short_float, rr (no TV drawing read)"
OVV,FAIL,rr,True,True,True,True,False,False,False,True,True,,57.81999969482422,181527068.5698944,3139520.4,4.13,93.64,2026-11-10,41,263,62.84023666381836,64.31344306209049,63.57683986295442,59.42034507342674,65.9757722113199,0.5771527380257061,1.0000000000000007,4.156494789527682,-1.3850228280412147,,,,,,,,,,,,,,1,hammer,2026-09-25,strong_close,2026-09-25,False,True,False,no TV drawing read (f_rr False),https://www.tradingview.com/chart/?symbol=NYSE:OVV,https://finviz.com/quote.ashx?t=OVV,FAIL: rr (no TV drawing read)
OXY,FAIL,rr,True,True,True,True,False,True,True,True,True,,55.31999969482422,436645013.5432241,7893076.933333334,2.17,84.93,2026-11-10,41,263,47.308015123332105,48.48458765145014,47.89630138739112,44.29562521501581,59.07481002807617,3.104558173391852,1.0000000000000007,3.6006761723753065,2.0617511689577483,no,,,,,,,2026-09-30,,,,,,20,strong_close,2026-09-11,strong_close,2026-09-17,False,True,False,TV drawing not found (f_rr False),https://www.tradingview.com/chart/?symbol=NYSE:OXY,https://finviz.com/quote.ashx?t=OXY,FAIL: rr (TV drawing not found)
PAGP,FAIL,"dollar_vol,short_float,rr",False,False,True,True,False,True,True,True,True,,25.899999618530273,44594927.55318088,1721811.9,9.46,81.16,2026-10-29,29,262,25.542062759399414,25.738917602217157,25.640490180808285,24.462194023456025,28.31999969482422,2.274054360015089,1.0000000000000009,1.1782961573522595,0.2202412662578224,,,,,,,,,,,,,,7,rejection,2026-09-04,hammer,2026-09-28,False,True,False,no TV drawing read (f_rr False),https://www.tradingview.com/chart/?symbol=NASDAQ:PAGP,https://finviz.com/quote.ashx?t=PAGP,"$vol(30d) $44.6M < $50M | FAIL: dollar_vol, short_float, rr (no TV drawing read)"
PBI,FAIL,"dollar_vol,short_float,rr",False,False,True,True,False,True,True,True,True,,16.329999923706055,25276625.533907317,1547864.4,13.62,88.08,2026-11-04,35,263,10.600667953491211,10.777269590974814,10.688968772233013,9.797314962463306,17.399999618530273,7.52649825836617,0.7385297821775905,1.2073362933863319,4.6722948546929715,,,,,,,,,,,,,,18,hammer,2026-09-11,rejection,2026-09-29,False,True,False,no TV drawing read (f_rr False),https://www.tradingview.com/chart/?symbol=NYSE:PBI,https://finviz.com/quote.ashx?t=PBI,"$vol(30d) $25.3M < $50M | FAIL: dollar_vol, short_float, rr (no TV drawing read)"
PCRX,FAIL,"dollar_vol,short_float,rr",False,False,True,True,False,False,True,True,True,,25.049999237060547,12875702.94784902,514000.13333333336,19.8,112.4,2026-10-29,29,263,24.719999313354492,24.889999389648438,24.804999351501465,23.058570998055593,26.350000381469727,0.8846632768643647,1.0000000000000007,1.7464283534458704,0.14028625054997176,,,,,,,,,,,,,,6,hammer,2026-09-25,strong_close,2026-09-29,False,True,False,no TV drawing read (f_rr False),https://www.tradingview.com/chart/?symbol=NASDAQ:PCRX,https://finviz.com/quote.ashx?t=PCRX,"$vol(30d) $12.9M < $50M | FAIL: dollar_vol, short_float, rr (no TV drawing read)"
PCTY,FAIL,"short_float,rr",True,False,True,True,False,True,True,True,True,,142.57000732421875,86581016.58924153,607287.7333333333,6.57,88.04,2026-10-29,29,263,117.55000305175781,123.36499786376953,120.45750045776367,108.43671580723354,157.92999267578125,3.1173083378018083,0.9999999999999999,12.020784650530134,1.8395227524086695,,,,,,,,,,,,,,14,strong_close,2026-08-28,hammer,2026-09-29,False,True,False,no TV drawing read (f_rr False),https://www.tradingview.com/chart/?symbol=NASDAQ:PCTY,https://finviz.com/quote.ashx?t=PCTY,"short float 6.57% >= 5% | FAIL: short_float, rr (no TV drawing read)"
PCVX,FAIL,"short_float,rr",True,False,True,True,False,True,False,True,True,,56.900001525878906,70943295.54580918,1246806.5666666667,11.1,111.42,2026-11-09,40,263,49.61000061035156,50.27000045776367,49.94000053405762,45.376207624162944,62.619998931884766,2.7783903976746807,1.0000000000000004,4.563792909894671,1.5250475052738361,,,,,,,,,,,,,,1,strong_close,2026-09-04,strong_close,2026-09-28,False,True,False,no TV drawing read (f_rr False),https://www.tradingview.com/chart/?symbol=NASDAQ:PCVX,https://finviz.com/quote.ashx?t=PCVX,"short float 11.10% >= 5% | FAIL: short_float, rr (no TV drawing read)"
PFBC,FAIL,"dollar_vol,short_float,rr",False,False,True,True,False,True,True,True,True,,104.7300033569336,15153042.067703756,144686.73333333334,10.38,88.93,2026-10-21,21,262,95.00786590576172,96.7249908535623,95.86642837966201,89.89220612718972,107.9000015258789,2.0142493261339736,1.0000000000000009,5.974222252472282,1.4836366312960008,,,,,,,,,,,,,,9,strong_close,2026-09-25,hammer,2026-09-25,True,True,False,no TV drawing read (f_rr False),https://www.tradingview.com/chart/?symbol=NASDAQ:PFBC,https://finviz.com/quote.ashx?t=PFBC,"$vol(30d) $15.2M < $50M | FAIL: dollar_vol, short_float, rr (no TV drawing read)"
PFG,FAIL,rr,True,True,True,True,False,True,True,True,True,,111.95999908447266,148529982.47742996,1326634.3666666667,4.45,81.86,2026-10-22,22,262,94.98644256591797,95.51338696573315,95.24991476582557,89.88505643171214,113.26871592747503,3.3586723151800038,0.9999999999999996,5.364858334113424,3.114729835901349,no,,,,,,,2026-09-30,,,,,,9,strong_close,2026-09-18,hammer,2026-09-29,False,True,False,TV drawing not found (f_rr False),https://www.tradingview.com/chart/?symbol=NASDAQ:PFG,https://finviz.com/quote.ashx?t=PFG,FAIL: rr (TV drawing not found)
PGNY,FAIL,"dollar_vol,short_float,rr",False,False,True,True,False,True,True,True,True,,25.190000534057617,27285525.610818543,1083188.7666666666,6.32,103.53,2026-10-29,29,263,23.670000076293945,23.8799991607666,23.774999618530273,21.607142448425293,31.969999313354492,3.7802304542173175,1.0,2.1678571701049805,0.6527187007706883,,,,,,,,,,,,,,7,strong_close,2026-09-11,rejection,2026-09-29,False,True,False,no TV drawing read (f_rr False),https://www.tradingview.com/chart/?symbol=NASDAQ:PGNY,https://finviz.com/quote.ashx?t=PGNY,"$vol(30d) $27.3M < $50M | FAIL: dollar_vol, short_float, rr (no TV drawing read)"
PH,FAIL,rr,True,True,True,True,False,False,True,True,True,,955.5800170898438,558190504.4648255,584137.9,1.16,91.12,2026-10-29,29,263,966.9724731445312,1001.7723946354896,984.3724338900104,932.5156364741127,1082.6694406412896,1.8955471924524312,0.9999999999999993,51.85679741589767,-0.5552293669284669,no,,,,,,,2026-09-30,,,,,,19,strong_close,2026-09-25,hammer,2026-09-29,True,True,False,TV drawing not found (f_rr False),https://www.tradingview.com/chart/?symbol=NYSE:PH,https://finviz.com/quote.ashx?t=PH,FAIL: rr (TV drawing not found)
PKG,FAIL,rr,True,True,True,True,False,True,True,True,True,,229.35000610351562,126387716.73845926,551069.1666666666,3.89,98.84,2026-10-21,21,263,222.27140433922395,222.5082841555742,222.38984424739908,209.65481825389756,254.39352416992188,2.5130439418697494,1.0000000000000009,12.735025993501512,0.5465369179197754,no,,,,,,,2026-09-30,,,,,,27,hammer,2026-09-11,hammer,2026-09-29,False,True,False,TV drawing not found (f_rr False),https://www.tradingview.com/chart/?symbol=NYSE:PKG,https://finviz.com/quote.ashx?t=PKG,FAIL: rr (TV drawing not found)
PNTG,FAIL,"dollar_vol,rr",False,True,True,True,False,True,True,True,True,,39.0,13304892.899999999,341151.1,3.19,91.3,2026-11-09,40,263,33.709999084472656,35.0,34.35499954223633,31.25428581237793,42.0099983215332,2.4687860428980843,1.0,3.1007137298583984,1.498042342004851,,,,,,,,,,,,,,7,strong_close,2026-09-25,rejection,2026-09-29,False,True,False,no TV drawing read (f_rr False),https://www.tradingview.com/chart/?symbol=NASDAQ:PNTG,https://finviz.com/quote.ashx?t=PNTG,"$vol(30d) $13.3M < $50M | FAIL: dollar_vol, rr (no TV drawing read)"
PR,FAIL,rr,True,True,True,True,False,False,False,True,True,,21.1299991607666,217401516.9299946,10288761.266666668,2.66,88.44,2026-11-10,41,263,21.78944947590495,22.336154565538486,22.06280202072172,20.597450358345945,24.061764464624872,1.364152029323962,0.9999999999999997,1.4653516623757743,-0.6365726971249784,,,,,,,,,,,,,,1,hammer,2026-09-11,strong_close,2026-09-29,False,True,False,no TV drawing read (f_rr False),https://www.tradingview.com/chart/?symbol=NYSE:PR,https://finviz.com/quote.ashx?t=PR,FAIL: rr (no TV drawing read)
PRGS,FAIL,"dollar_vol,short_float,no_earnings_14d,rr",False,False,False,True,False,True,True,True,True,,39.970001220703125,20439765.960906982,511377.6666666667,11.68,114.32,2026-09-30,0,263,33.650001525878906,35.380001068115234,34.51500129699707,30.879999389648436,44.7599983215332,2.8184296145277186,0.9175161554669028,3.9617851802280972,1.376904520449538,,,,,,,,,,,,,,22,hammer,2026-08-28,strong_close,2026-09-29,True,True,True,no TV drawing read (f_rr False),https://www.tradingview.com/chart/?symbol=NASDAQ:PRGS,https://finviz.com/quote.ashx?t=PRGS,"$vol(30d) $20.4M < $50M | FAIL: dollar_vol, short_float, no_earnings_14d, rr (no TV drawing read)"
PSMT,FAIL,"dollar_vol,short_float,rr",False,False,True,True,False,True,False,True,True,,169.11000061035156,36675517.17636922,216873.73333333334,7.59,91.57,2026-10-26,26,263,161.1516306511763,164.60814848667107,162.8798895689237,152.41565536881046,197.43016587276261,3.3017491431398858,0.906961882700815,11.537678043262513,0.5399796231154137,,,,,,,,,,,,,,1,strong_close,2026-09-25,engulfing,2026-09-25,False,True,False,no TV drawing read (f_rr False),https://www.tradingview.com/chart/?symbol=NASDAQ:PSMT,https://finviz.com/quote.ashx?t=PSMT,"$vol(30d) $36.7M < $50M | FAIL: dollar_vol, short_float, rr (no TV drawing read)"
PTEN,FAIL,"short_float,rr",True,False,True,True,False,False,False,True,True,,10.920000076293945,88879632.55296867,8139160.433333334,9.21,112.61,2026-10-28,28,263,12.211823463439941,12.221656074466415,12.216739768953179,11.081696948588553,12.880000114440918,0.5843483026258607,1.0,1.1350428203646263,-1.142458830093003,,,,,,,,,,,,,,1,hammer,2026-08-28,hammer,2026-09-24,False,True,False,no TV drawing read (f_rr False),https://www.tradingview.com/chart/?symbol=NASDAQ:PTEN,https://finviz.com/quote.ashx?t=PTEN,"short float 9.21% >= 5% | FAIL: short_float, rr (no TV drawing read)"
PTGX,FAIL,"short_float,rr",True,False,True,True,False,True,False,True,True,,140.88999938964844,87470945.59773254,620845.6666666666,13.3,114.66,2026-11-05,36,263,105.9800033569336,106.90299987792969,106.44150161743164,95.3900015258789,155.11000061035156,4.403791212934061,0.9505264480646113,11.626714978899274,2.9628745380561576,,,,,,,,,,,,,,1,hammer,2026-09-25,rejection,2026-09-29,False,True,False,no TV drawing read (f_rr False),https://www.tradingview.com/chart/?symbol=NASDAQ:PTGX,https://finviz.com/quote.ashx?t=PTGX,"short float 13.30% >= 5% | FAIL: short_float, rr (no TV drawing read)"
PVLA,FAIL,"dollar_vol,short_float,rr",False,False,True,True,False,False,True,True,True,,137.92999267578125,28822632.87282308,208965.66666666666,25.45,88.37,2026-11-17,48,263,130.00999450683594,133.3300018310547,131.6699981689453,114.01356996808732,157.24000549316406,1.4481981878405177,1.0000000000000004,17.65642820085798,0.35454478310237997,,,,,,,,,,,,,,9,strong_close,2026-09-04,hammer,2026-09-29,True,True,False,no TV drawing read (f_rr False),https://www.tradingview.com/chart/?symbol=NASDAQ:PVLA,https://finviz.com/quote.ashx?t=PVLA,"$vol(30d) $28.8M < $50M | FAIL: dollar_vol, short_float, rr (no TV drawing read)"
QNST,FAIL,"dollar_vol,short_float,rr",False,False,True,True,False,True,False,True,True,,15.010000228881836,15517995.174294727,1033843.7666666667,11.27,94.3,2026-11-04,35,263,13.210000038146973,13.850000381469727,13.53000020980835,11.364286422729492,21.829999923706055,3.8324545761390065,1.0,2.1657137870788574,0.6833774748554052,,,,,,,,,,,,,,0,hammer,2026-09-11,engulfing,2026-09-29,False,True,False,no TV drawing read (f_rr False),https://www.tradingview.com/chart/?symbol=NASDAQ:QNST,https://finviz.com/quote.ashx?t=QNST,"$vol(30d) $15.5M < $50M | FAIL: dollar_vol, short_float, rr (no TV drawing read)"
RAMP,FAIL,"dollar_vol,short_float,rr",False,False,True,True,False,True,False,True,True,,37.529998779296875,43871375.11903686,1168968.2,13.52,101.42,2026-11-11,42,263,29.389999389648438,29.68000030517578,29.53499984741211,29.209999356951034,38.0,26.04611500917634,0.9999999999999953,0.325000490461077,24.59995958942182,,,,,,,,,,,,,,0,strong_close,2026-08-28,strong_close,2026-09-29,False,True,False,no TV drawing read (f_rr False),https://www.tradingview.com/chart/?symbol=NYSE:RAMP,https://finviz.com/quote.ashx?t=RAMP,"$vol(30d) $43.9M < $50M | FAIL: dollar_vol, short_float, rr (no TV drawing read)"
RDNT,FAIL,"dollar_vol,short_float,rr",False,False,True,True,False,True,True,True,True,,68.94000244140625,47602669.53577677,690494.1666666666,13.73,103.99,2026-11-11,42,262,63.45000076293945,63.576900764465336,63.513450763702394,57.43680096163069,76.9800033569336,2.2161146407746024,0.9999999999999999,6.0766498020717075,0.8930170166880088,,,,,,,,,,,,,,14,hammer,2026-09-11,engulfing,2026-09-28,False,True,False,no TV drawing read (f_rr False),https://www.tradingview.com/chart/?symbol=NASDAQ:RDNT,https://finviz.com/quote.ashx?t=RDNT,"$vol(30d) $47.6M < $50M | FAIL: dollar_vol, short_float, rr (no TV drawing read)"
REGN,FAIL,rr,True,True,True,True,False,False,True,True,True,,758.27001953125,535685213.7393229,706457.0666666667,2.55,91.71,2026-10-30,30,262,764.7933395314827,773.5699248936681,769.1816322125754,720.1934587710175,834.510009765625,1.3335540593483286,1.000000000000001,48.98817344155788,-0.22273973317953605,no,,,,,,,2026-09-30,,,,,,15,hammer,2026-09-18,strong_close,2026-09-29,False,True,False,TV drawing not found (f_rr False),https://www.tradingview.com/chart/?symbol=NASDAQ:REGN,https://finviz.com/quote.ashx?t=REGN,FAIL: rr (TV drawing not found)
RELY,FAIL,"short_float,rr",True,False,True,True,False,True,True,True,True,,21.34000015258789,83641188.79272817,3919455.8666666667,9.44,85.39,2026-11-04,35,263,17.149999618530273,17.878999710083008,17.51449966430664,15.133856773376465,26.670000076293945,3.8458100737696217,1.0,2.380642890930176,1.6069190817554886,,,,,,,,,,,,,,16,hammer,2026-09-25,engulfing,2026-09-28,False,True,False,no TV drawing read (f_rr False),https://www.tradingview.com/chart/?symbol=NASDAQ:RELY,https://finviz.com/quote.ashx?t=RELY,"short float 9.44% >= 5% | FAIL: short_float, rr (no TV drawing read)"
RHI,FAIL,"short_float,rr",True,False,True,True,False,True,True,True,True,,36.755001068115234,67678750.15710525,1841348.0666666667,19.91,124.41,2026-10-27,27,263,26.628504898582214,29.19673419757267,27.912619548077444,23.475052341017985,45.310001373291016,3.9204773727228566,0.9999999999999998,4.43756720705946,1.992619177906979,,,,,,,,,,,,,,9,hammer,2026-09-25,hammer,2026-09-29,False,True,False,no TV drawing read (f_rr False),https://www.tradingview.com/chart/?symbol=NYSE:RHI,https://finviz.com/quote.ashx?t=RHI,"short float 19.91% >= 5% | FAIL: short_float, rr (no TV drawing read)"
RHP,FAIL,rr,True,True,True,True,False,True,False,True,True,,119.54000091552734,66122176.79641342,553138.5,4.37,94.29,2026-11-02,33,263,102.76312827616329,103.40852128131385,103.08582477873857,96.32616819973722,134.4499969482422,4.639906155430353,1.0000000000000002,6.7596565790013425,2.4341733850656184,,,,,,,,,,,,,,3,hammer,2026-09-18,hammer,2026-09-29,False,True,False,no TV drawing read (f_rr False),https://www.tradingview.com/chart/?symbol=NYSE:RHP,https://finviz.com/quote.ashx?t=RHP,FAIL: rr (no TV drawing read)
RIOT,FAIL,"short_float,rr",True,False,True,True,False,True,False,True,True,,20.149999618530273,331078633.6588513,16430701.733333332,14.71,84.69,2026-11-10,41,262,16.290000915527344,17.408000946044922,16.849000930786133,12.441858291625977,28.809999465942383,2.714003043349554,1.0,4.407142639160156,0.7490110845092123,,,,,,,,,,,,,,0,engulfing,2026-09-18,hammer,2026-09-25,False,True,False,no TV drawing read (f_rr False),https://www.tradingview.com/chart/?symbol=NASDAQ:RIOT,https://finviz.com/quote.ashx?t=RIOT,"short float 14.71% >= 5% | FAIL: short_float, rr (no TV drawing read)"
RLAY,FAIL,"short_float,rr",True,False,True,True,False,True,False,True,True,,18.049999237060547,57778700.36613655,3201036.1666666665,25.93,98.95,2026-11-11,42,263,8.5600004196167,8.8100004196167,8.6850004196167,6.831428936549596,20.0049991607666,6.107128235712123,0.9999999999999998,1.8535714830671037,5.052407691311473,,,,,,,,,,,,,,1,hammer,2026-09-11,strong_close,2026-09-29,False,True,False,no TV drawing read (f_rr False),https://www.tradingview.com/chart/?symbol=NASDAQ:RLAY,https://finviz.com/quote.ashx?t=RLAY,"short float 25.93% >= 5% | FAIL: short_float, rr (no TV drawing read)"
RLJ,FAIL,"dollar_vol,short_float,rr",False,False,True,True,False,True,True,True,True,,11.050000190734863,17691807.59871292,1601068.5333333334,8.95,94.92,2026-11-04,35,263,8.060415837466191,8.176531888559357,8.118473863012774,7.467583707189209,12.390000343322754,6.56259192444731,0.9999999999999998,0.6508901558235652,4.503872583558828,,,,,,,,,,,,,,7,strong_close,2026-09-25,hammer,2026-09-29,False,True,False,no TV drawing read (f_rr False),https://www.tradingview.com/chart/?symbol=NYSE:RLJ,https://finviz.com/quote.ashx?t=RLJ,"$vol(30d) $17.7M < $50M | FAIL: dollar_vol, short_float, rr (no TV drawing read)"
RPRX,FAIL,rr,True,True,True,True,False,True,False,True,True,,58.36000061035156,174866865.27282563,2996347.9,2.79,85.12,2026-11-11,42,263,45.822017669677734,45.98067415053724,45.90134591010749,44.44080602390541,63.959999084472656,12.364368371564353,0.5000000000000007,2.9210797724041515,4.265085403672548,,,,,,,,,,,,,,1,engulfing,2026-09-04,hammer,2026-09-29,False,True,False,no TV drawing read (f_rr False),https://www.tradingview.com/chart/?symbol=NASDAQ:RPRX,https://finviz.com/quote.ashx?t=RPRX,FAIL: rr (no TV drawing read)
RS,FAIL,rr,True,True,True,True,False,True,False,True,True,,384.7799987792969,120841030.78463541,314052.26666666666,2.3,83.26,2026-10-21,21,263,349.6131591796875,350.71168485924875,350.1624220194681,327.0223569917048,426.5400085449219,3.3006642995089375,1.0,23.14006502776334,1.4960017060580748,,,,,,,,,,,,,,1,hammer,2026-09-04,hammer,2026-09-29,False,True,False,no TV drawing read (f_rr False),https://www.tradingview.com/chart/?symbol=NYSE:RS,https://finviz.com/quote.ashx?t=RS,FAIL: rr (no TV drawing read)
RXO,FAIL,"dollar_vol,short_float,rr",False,False,True,True,False,True,True,True,True,,20.459999084472656,32029589.786766052,1565473.6666666667,9.05,110.54,2026-11-05,36,206,17.110000610351562,17.399999618530273,17.255000114440918,14.486314228602819,29.290000915527344,4.346827808328048,0.9999999999999999,2.7686858858381,1.1575885102840273,,,,,,,,,,,,,,8,strong_close,2026-09-18,strong_close,2026-09-29,False,True,False,no TV drawing read (f_rr False),https://www.tradingview.com/chart/?symbol=NYSE:RXO,https://finviz.com/quote.ashx?t=RXO,"$vol(30d) $32.0M < $50M | FAIL: dollar_vol, short_float, rr (no TV drawing read)"
SCL,FAIL,"dollar_vol,rr",False,True,True,True,False,True,True,True,True,,62.38999938964844,8564863.761877948,137279.43333333332,3.09,88.19,2026-10-21,21,263,52.202964782714844,52.804591375734766,52.5037780792248,48.7602710474121,64.75885009765625,3.2736874578534505,1.0000000000000002,3.7435070318127037,2.6408982877311358,,,,,,,,,,,,,,27,strong_close,2026-09-25,strong_close,2026-09-25,False,True,False,no TV drawing read (f_rr False),https://www.tradingview.com/chart/?symbol=NYSE:SCL,https://finviz.com/quote.ashx?t=SCL,"$vol(30d) $8.6M < $50M | FAIL: dollar_vol, rr (no TV drawing read)"
SFNC,FAIL,"dollar_vol,rr",False,True,True,True,False,True,True,True,True,,22.579999923706055,28554157.5955204,1264577.4,4.42,82.24,2026-10-27,27,263,21.176232841110334,21.75519394637739,21.46571339374386,20.438560354734108,23.857324600219727,2.3283883858062113,1.000000000000001,1.0271530390097527,1.0848300960453208,,,,,,,,,,,,,,7,hammer,2026-09-25,hammer,2026-09-25,False,True,False,no TV drawing read (f_rr False),https://www.tradingview.com/chart/?symbol=NASDAQ:SFNC,https://finviz.com/quote.ashx?t=SFNC,"$vol(30d) $28.6M < $50M | FAIL: dollar_vol, rr (no TV drawing read)"
SFST,FAIL,"dollar_vol,rr",False,True,True,True,False,False,True,True,True,,59.2599983215332,5662614.818946712,95555.43333333333,4.7,89.07,2026-10-27,27,263,58.40999984741211,59.70000076293945,59.05500030517578,55.936793191092356,64.18000030517578,1.6435726725312334,0.9999999999999997,3.118207114083426,0.06574227075281351,,,,,,,,,,,,,,5,rejection,2026-09-25,rejection,2026-09-29,False,True,False,no TV drawing read (f_rr False),https://www.tradingview.com/chart/?symbol=NASDAQ:SFST,https://finviz.com/quote.ashx?t=SFST,"$vol(30d) $5.7M < $50M | FAIL: dollar_vol, rr (no TV drawing read)"
SHC,FAIL,"dollar_vol,rr",False,True,True,True,False,True,True,True,True,,18.489999771118164,37466250.78888384,2026298.0666666667,4.39,103.24,2026-11-10,41,263,16.299999237060547,16.5,16.399999618530273,15.396499497549874,19.56999969482422,3.158943392250833,1.0000000000000007,1.003500120980399,2.0827104141711543,,,,,,,,,,,,,,10,hammer,2026-09-04,hammer,2026-09-29,False,True,False,no TV drawing read (f_rr False),https://www.tradingview.com/chart/?symbol=NASDAQ:SHC,https://finviz.com/quote.ashx?t=SHC,"$vol(30d) $37.5M < $50M | FAIL: dollar_vol, rr (no TV drawing read)"
SHO,FAIL,"dollar_vol,short_float,rr",False,False,True,True,False,True,False,True,True,,11.21500015258789,21909195.511256535,1953561.7666666666,8.49,106.12,2026-11-10,41,263,9.234066009521484,9.283183571273746,9.258624790397615,8.768845349795729,11.850000381469727,5.290903162222552,0.9999999999999994,0.48977944060188633,3.994400744519003,,,,,,,,,,,,,,3,strong_close,2026-09-25,hammer,2026-09-29,False,True,False,no TV drawing read (f_rr False),https://www.tradingview.com/chart/?symbol=NYSE:SHO,https://finviz.com/quote.ashx?t=SHO,"$vol(30d) $21.9M < $50M | FAIL: dollar_vol, short_float, rr (no TV drawing read)"
SHOO,FAIL,"dollar_vol,short_float,rr",False,False,True,True,False,False,True,True,True,,44.77000045776367,46938651.818271,1048439.8333333334,5.1,101.48,2026-11-11,42,263,46.33468519715657,46.871957531086096,46.60332136412133,43.40705481281503,48.54346928930143,0.6070044203250735,1.0000000000000009,3.1962665513062913,-0.5735819828945089,,,,,,,,,,,,,,27,strong_close,2026-09-25,hammer,2026-09-29,False,True,False,no TV drawing read (f_rr False),https://www.tradingview.com/chart/?symbol=NASDAQ:SHOO,https://finviz.com/quote.ashx?t=SHOO,"$vol(30d) $46.9M < $50M | FAIL: dollar_vol, short_float, rr (no TV drawing read)"
SIRI,FAIL,"short_float,rr",True,False,True,True,False,True,False,True,True,,25.8799991607666,102645135.34876963,3966195.466666667,11.88,84.17,2026-11-03,34,263,21.340167999267578,21.61139908431277,21.47578354179017,19.85776291551338,29.149999618530273,4.742965542039566,0.9309431914399513,1.7380444275811207,2.5340063516707025,,,,,,,,,,,,,,0,hammer,2026-09-11,strong_close,2026-09-28,False,True,False,no TV drawing read (f_rr False),https://www.tradingview.com/chart/?symbol=NASDAQ:SIRI,https://finviz.com/quote.ashx?t=SIRI,"short float 11.88% >= 5% | FAIL: short_float, rr (no TV drawing read)"
SKWD,FAIL,"dollar_vol,short_float,rr",False,False,True,True,False,True,True,True,True,,52.79999923706055,19863526.912979763,376203.1666666667,5.18,89.72,2026-11-04,35,195,46.83000183105469,47.625,47.227500915527344,43.28171512058803,64.19999694824219,4.301423573089803,0.9999999999999994,3.945785794939314,1.412265797266602,,,,,,,,,,,,,,6,hammer,2026-09-11,hammer,2026-09-29,False,True,False,no TV drawing read (f_rr False),https://www.tradingview.com/chart/?symbol=NASDAQ:SKWD,https://finviz.com/quote.ashx?t=SKWD,"$vol(30d) $19.9M < $50M | FAIL: dollar_vol, short_float, rr (no TV drawing read)"
SKY,FAIL,"dollar_vol,short_float,rr",False,False,True,True,False,False,True,True,True,,85.68000030517578,46710805.51037496,545177.4666666667,5.42,111.18,2026-11-03,34,263,88.81999969482422,90.54000091552734,89.68000030517578,82.98035594395229,94.52999877929688,0.7239187951814483,0.9999999999999998,6.699644361223493,-0.5970466168549755,,,,,,,,,,,,,,5,strong_close,2026-09-25,hammer,2026-09-29,False,True,False,no TV drawing read (f_rr False),https://www.tradingview.com/chart/?symbol=NYSE:SKY,https://finviz.com/quote.ashx?t=SKY,"$vol(30d) $46.7M < $50M | FAIL: dollar_vol, short_float, rr (no TV drawing read)"
SKYW,FAIL,"dollar_vol,rr",False,True,True,True,False,False,True,True,True,,96.91999816894531,30819622.524408974,317990.3333333333,4.74,94.93,2026-10-22,22,263,99.30000305175781,101.37999725341797,100.34000015258789,93.07285690307617,111.83999633789062,1.582464496771193,1.0,7.267143249511719,-0.47061160984715267,,,,,,,,,,,,,,10,strong_close,2026-09-25,hammer,2026-09-28,True,True,False,no TV drawing read (f_rr False),https://www.tradingview.com/chart/?symbol=NASDAQ:SKYW,https://finviz.com/quote.ashx?t=SKYW,"$vol(30d) $30.8M < $50M | FAIL: dollar_vol, rr (no TV drawing read)"
SLG,FAIL,"dollar_vol,short_float,rr",False,False,True,True,False,True,True,True,True,,48.91999816894531,38610622.21482086,789260.5,16.03,94.98,2026-10-21,21,263,45.2158317565918,46.24369158241842,45.72976166950511,41.82804398719779,57.540000915527344,3.0269333169790302,0.9999999999999992,3.9017176823073245,0.8176492404631442,,,,,,,,,,,,,,22,hammer,2026-09-18,hammer,2026-09-25,False,True,False,no TV drawing read (f_rr False),https://www.tradingview.com/chart/?symbol=NYSE:SLG,https://finviz.com/quote.ashx?t=SLG,"$vol(30d) $38.6M < $50M | FAIL: dollar_vol, short_float, rr (no TV drawing read)"
SM,FAIL,"short_float,rr",True,False,True,True,False,False,False,True,True,,33.810001373291016,132119639.89442138,3907708.8,5.72,98.24,2026-10-29,29,263,33.343101501464844,35.42643045537445,34.38476597841965,30.94586140745441,39.0,1.342065162420291,1.0,3.438904570965242,-0.16713595660123495,,,,,,,,,,,,,,1,hammer,2026-08-28,hammer,2026-09-18,False,True,False,no TV drawing read (f_rr False),https://www.tradingview.com/chart/?symbol=NYSE:SM,https://finviz.com/quote.ashx?t=SM,"short float 5.72% >= 5% | FAIL: short_float, rr (no TV drawing read)"
SNDA,FAIL,"dollar_vol,short_float,rr",False,False,True,True,False,False,True,True,True,,37.63999938964844,16558816.88082377,439926.06666666665,7.51,83.0,2026-11-16,47,263,38.27000045776367,38.86000061035156,38.56500053405762,35.530000915527346,42.75,1.3789126826872584,0.9074289566083706,3.344614028930664,-0.2765643917079783,,,,,,,,,,,,,,8,strong_close,2026-09-11,hammer,2026-09-25,True,True,False,no TV drawing read (f_rr False),https://www.tradingview.com/chart/?symbol=NYSE:SNDA,https://finviz.com/quote.ashx?t=SNDA,"$vol(30d) $16.6M < $50M | FAIL: dollar_vol, short_float, rr (no TV drawing read)"
SPB,FAIL,"dollar_vol,short_float,rr",False,False,True,True,False,False,True,True,True,,79.51000213623047,22350675.052505493,281105.2,17.85,116.57,2026-11-13,44,263,83.75386047363281,84.37674682272748,84.06530364818015,78.861694359506,89.65047454833984,1.0733263376087891,0.9999999999999988,5.2036092886741505,-0.8754119034002923,,,,,,,,,,,,,,5,hammer,2026-09-18,hammer,2026-09-25,False,True,False,no TV drawing read (f_rr False),https://www.tradingview.com/chart/?symbol=NYSE:SPB,https://finviz.com/quote.ashx?t=SPB,"$vol(30d) $22.4M < $50M | FAIL: dollar_vol, short_float, rr (no TV drawing read)"
SPHR,FAIL,"short_float,rr",True,False,True,True,False,True,True,True,True,,134.3800048828125,73885575.7713623,549825.6666666666,23.88,102.08,2026-11-10,41,263,119.01000213623047,120.2699966430664,119.63999938964844,110.49,168.10000610351562,5.296175950425839,0.5702595959365422,16.045322963169642,0.918648102440705,,,,,,,,,,,,,,5,rejection,2026-09-25,hammer,2026-09-25,False,True,False,no TV drawing read (f_rr False),https://www.tradingview.com/chart/?symbol=NYSE:SPHR,https://finviz.com/quote.ashx?t=SPHR,"short float 23.88% >= 5% | FAIL: short_float, rr (no TV drawing read)"
SSB,FAIL,rr,True,True,True,True,False,True,True,True,True,,99.6500015258789,62711270.60525895,629315.3,3.2,89.36,2026-10-28,28,263,98.71031951904297,99.76725949141188,99.23878950522743,94.81763475927599,111.58999633789062,2.793660828988964,1.0000000000000004,4.421154745951439,0.09301009448448577,no,,,,,,,2026-09-30,,,,,,8,hammer,2026-09-04,strong_close,2026-09-18,True,True,False,TV drawing not found (f_rr False),https://www.tradingview.com/chart/?symbol=NYSE:SSB,https://finviz.com/quote.ashx?t=SSB,FAIL: rr (TV drawing not found)
SSNC,FAIL,rr,True,True,True,True,False,True,True,False,True,,77.06999969482422,115043030.79446156,1492708.3333333333,2.36,87.18,2026-10-22,22,262,71.56195068359375,72.33602132157533,71.94898600258455,67.73630696312036,83.6500015258789,2.7775710928081065,0.9999999999999986,4.212679039464198,1.2156192399815493,no,,,,,,,2026-09-30,,,,,,15,,,hammer,2026-09-29,True,True,False,TV drawing not found (f_rr False),https://www.tradingview.com/chart/?symbol=NASDAQ:SSNC,https://finviz.com/quote.ashx?t=SSNC,FAIL: rr (TV drawing not found)
STLD,FAIL,rr,True,True,True,True,False,True,False,True,True,,221.61000061035156,256449286.64530486,1157209.9,2.83,86.0,2026-10-19,19,263,133.47352600097656,137.9203468520754,135.69693642652598,119.05236549628881,262.7099914550781,7.630899922918131,0.8781224663994726,18.954726210894226,4.532540498234528,,,,,,,,,,,,,,1,hammer,2026-09-25,hammer,2026-09-28,False,True,False,no TV drawing read (f_rr False),https://www.tradingview.com/chart/?symbol=NASDAQ:STLD,https://finviz.com/quote.ashx?t=STLD,FAIL: rr (no TV drawing read)
STT,FAIL,rr,True,True,True,True,False,True,False,True,True,,174.52000427246094,285329974.2958898,1634941.3666666667,1.92,94.69,2026-10-14,14,263,130.82041931152344,132.6490334945846,131.73472640305403,122.4995415973202,194.25999450683594,6.770332096111604,1.0000000000000007,9.235184805733818,4.632855624377215,,,,,,,,,,,,,,1,hammer,2026-09-25,hammer,2026-09-25,False,True,False,no TV drawing read (f_rr False),https://www.tradingview.com/chart/?symbol=NYSE:STT,https://finviz.com/quote.ashx?t=STT,FAIL: rr (no TV drawing read)
SUNC,FAIL,"dollar_vol,short_float,history,rr",False,False,True,False,False,True,True,True,True,,73.16000366210938,34791866.478880815,475558.56666666665,5.16,92.7,2026-12-02,63,48,70.4206314086914,70.72637683368852,70.57350412118996,66.45986705585676,81.80999755859375,2.7315228006128605,1.0000000000000002,4.113637065333193,0.6287622120863792,,,,,,,,,,,,,,40,rejection,2026-09-18,hammer,2026-09-25,True,True,False,no TV drawing read (f_rr False),https://www.tradingview.com/chart/?symbol=NYSE:SUNC,https://finviz.com/quote.ashx?t=SUNC,"$vol(30d) $34.8M < $50M | FAIL: dollar_vol, short_float, history, rr (no TV drawing read)"
SYNA,FAIL,"short_float,rr",True,False,True,True,False,True,False,True,True,,101.3949966430664,67471968.8618393,665436.8666666667,6.57,105.79,2026-11-05,36,263,90.80999755859375,97.0,93.90499877929688,82.3571423121861,147.5,4.641121178925803,1.0000000000000004,11.54785646711077,0.648605036363385,,,,,,,,,,,,,,4,strong_close,2026-09-25,strong_close,2026-09-25,False,True,False,no TV drawing read (f_rr False),https://www.tradingview.com/chart/?symbol=NASDAQ:SYNA,https://finviz.com/quote.ashx?t=SYNA,"short float 6.57% >= 5% | FAIL: short_float, rr (no TV drawing read)"
SYRE,FAIL,"short_float,rr",True,False,True,True,False,True,False,True,True,,89.02999877929688,114187169.9223633,1282569.6,15.35,100.8,2026-11-05,36,263,75.1500015258789,78.80000305175781,76.97500228881836,66.12924575805664,106.48999786376953,2.7213404146808995,1.0,10.845756530761719,1.1114942933014438,,,,,,,,,,,,,,4,engulfing,2026-09-11,rejection,2026-09-29,False,True,False,no TV drawing read (f_rr False),https://www.tradingview.com/chart/?symbol=NASDAQ:SYRE,https://finviz.com/quote.ashx?t=SYRE,"short float 15.35% >= 5% | FAIL: short_float, rr (no TV drawing read)"
TDW,FAIL,"dollar_vol,short_float,rr",False,False,True,True,False,True,False,True,True,,81.12000274658203,45514711.09304886,561078.7666666667,12.95,115.53,2026-11-11,42,263,59.599998474121094,59.71919847106933,59.65959847259521,52.70138303157261,95.37000274658203,5.1321210986733545,1.0000000000000002,6.958215441022601,3.084182209631746,,,,,,,,,,,,,,1,rejection,2026-09-04,strong_close,2026-09-15,False,True,False,no TV drawing read (f_rr False),https://www.tradingview.com/chart/?symbol=NYSE:TDW,https://finviz.com/quote.ashx?t=TDW,"$vol(30d) $45.5M < $50M | FAIL: dollar_vol, short_float, rr (no TV drawing read)"
TFX,FAIL,"short_float,rr",True,False,True,True,False,False,False,True,True,,125.04499816894531,88436520.22884268,707237.5666666667,9.53,113.53,2026-10-22,22,263,132.75062526878483,133.41896517435038,133.08479522156762,124.57729765050442,139.6699981689453,0.7740469970601156,0.9999999999999996,8.507497571063201,-0.9450249013256613,,,,,,,,,,,,,,1,rejection,2026-09-25,hammer,2026-09-29,False,True,False,no TV drawing read (f_rr False),https://www.tradingview.com/chart/?symbol=NYSE:TFX,https://finviz.com/quote.ashx?t=TFX,"short float 9.53% >= 5% | FAIL: short_float, rr (no TV drawing read)"
THG,FAIL,rr,True,True,True,True,False,True,False,True,True,,214.14999389648438,60410642.52822876,282095.0,2.16,93.11,2026-10-28,28,263,178.01681518554688,178.7953795713839,178.4060973784654,169.29469008273662,231.64344787597656,5.842933892601597,0.8994073788629543,10.130456464841965,3.528359915673018,,,,,,,,,,,,,,1,hammer,2026-09-11,engulfing,2026-09-29,False,True,False,no TV drawing read (f_rr False),https://www.tradingview.com/chart/?symbol=NYSE:THG,https://finviz.com/quote.ashx?t=THG,FAIL: rr (no TV drawing read)
TILE,FAIL,"dollar_vol,short_float,rr",False,False,True,True,False,True,False,True,True,,34.400001525878906,17138860.49356079,498222.6666666667,7.59,104.56,2026-10-30,30,263,29.605663299560547,30.284417857288204,29.945040578424376,27.286365945074426,39.05777275005759,3.42754696544086,1.0000000000000004,2.6586746333499485,1.675632246071889,,,,,,,,,,,,,,3,strong_close,2026-09-25,rejection,2026-09-29,False,True,False,no TV drawing read (f_rr False),https://www.tradingview.com/chart/?symbol=NASDAQ:TILE,https://finviz.com/quote.ashx?t=TILE,"$vol(30d) $17.1M < $50M | FAIL: dollar_vol, short_float, rr (no TV drawing read)"
TKR,FAIL,"short_float,rr",True,False,True,True,False,True,True,True,True,,116.80000305175781,102404881.55564117,876754.1,6.79,95.15,2026-11-04,35,263,107.74349212646484,109.86098416374651,108.80223814510568,101.78862054727331,141.48865294954925,4.660421579663207,0.8363793211265251,8.38568986663333,0.9537396485976966,,,,,,,,,,,,,,7,hammer,2026-09-25,hammer,2026-09-29,False,True,False,no TV drawing read (f_rr False),https://www.tradingview.com/chart/?symbol=NYSE:TKR,https://finviz.com/quote.ashx?t=TKR,"short float 6.79% >= 5% | FAIL: short_float, rr (no TV drawing read)"
TNET,FAIL,"dollar_vol,rr",False,True,True,True,False,True,True,True,True,,62.529998779296875,19034586.013075765,304407.26666666666,4.0,96.37,2026-10-28,28,263,44.209415435791016,46.10822304583507,45.158819240813045,39.732991654666066,70.6500015258789,4.698118744161535,1.0000000000000002,5.425827586146978,3.2015723431454552,,,,,,,,,,,,,,28,hammer,2026-09-04,rejection,2026-09-29,False,True,False,no TV drawing read (f_rr False),https://www.tradingview.com/chart/?symbol=NYSE:TNET,https://finviz.com/quote.ashx?t=TNET,"$vol(30d) $19.0M < $50M | FAIL: dollar_vol, rr (no TV drawing read)"
TNGX,FAIL,"short_float,rr",True,False,True,True,False,True,True,True,True,,24.950000762939453,67874061.08383623,2720403.1666666665,33.73,111.02,2026-11-10,41,263,10.90999984741211,11.199999809265137,11.054999828338623,8.819999923706055,31.469999313354492,9.134228347258956,0.6544861472703769,3.4148926053728377,4.0689422890602955,,,,,,,,,,,,,,14,strong_close,2026-09-25,hammer,2026-09-29,False,True,False,no TV drawing read (f_rr False),https://www.tradingview.com/chart/?symbol=NASDAQ:TNGX,https://finviz.com/quote.ashx?t=TNGX,"short float 33.73% >= 5% | FAIL: short_float, rr (no TV drawing read)"
TPC,FAIL,"dollar_vol,rr",False,True,True,True,False,True,False,True,True,,82.54000091552734,33804485.73562342,409552.76666666666,4.09,81.23,2026-11-11,42,263,79.45196533203125,85.635893885523,82.54392960877712,74.6157463738604,99.87191409742356,2.185618567988163,1.0000000000000009,7.92818323491671,-0.0004955351224065438,,,,,,,,,,,,,,1,hammer,2026-09-11,rejection,2026-09-29,False,True,False,no TV drawing read (f_rr False),https://www.tradingview.com/chart/?symbol=NYSE:TPC,https://finviz.com/quote.ashx?t=TPC,"$vol(30d) $33.8M < $50M | FAIL: dollar_vol, rr (no TV drawing read)"
TRAX,FAIL,"dollar_vol,short_float,history,rr",False,False,True,False,False,False,False,False,True,,35.439998626708984,24088113.434591673,679687.2,14.82,89.85,2026-12-02,63,26,,,,,,,,,,,,,,,,,,,,,,,0,,,hammer,2026-09-29,False,True,False,too few weekly bars for computed retest (26); no TV drawing read (f_rr False),https://www.tradingview.com/chart/?symbol=NASDAQ:TRAX,https://finviz.com/quote.ashx?t=TRAX,"$vol(30d) $24.1M < $50M | FAIL: dollar_vol, short_float, history, rr (no TV drawing read)"
TREX,FAIL,"short_float,rr",True,False,True,True,False,False,True,True,True,,43.56999969482422,61899518.055106096,1420691.2666666666,10.05,109.24,2026-11-02,33,263,42.77000045776367,43.619998931884766,43.19499969482422,39.58214214869908,49.630001068115234,1.7811389713366022,1.0000000000000007,3.6128575461251393,0.10379595519956077,,,,,,,,,,,,,,42,strong_close,2026-09-25,hammer,2026-09-28,True,True,False,no TV drawing read (f_rr False),https://www.tradingview.com/chart/?symbol=NYSE:TREX,https://finviz.com/quote.ashx?t=TREX,"short float 10.05% >= 5% | FAIL: short_float, rr (no TV drawing read)"
TRGP,FAIL,rr,True,True,True,True,False,False,True,True,True,,270.3500061035156,315113839.18078613,1165577.3333333333,2.68,97.46,2026-10-29,29,262,283.77191861982357,289.6842600997971,286.7280893598103,273.94784661093036,296.20001220703125,0.7411379449776899,0.7390397686270418,17.293037927610566,-0.9470911545359522,no,,,,,,,2026-09-30,,,,,,7,hammer,2026-09-18,strong_close,2026-09-18,False,True,False,TV drawing not found (f_rr False),https://www.tradingview.com/chart/?symbol=NYSE:TRGP,https://finviz.com/quote.ashx?t=TRGP,FAIL: rr (TV drawing not found)
TRMK,FAIL,"dollar_vol,short_float,rr",False,False,True,True,False,False,False,True,True,,44.83000183105469,16339631.59571584,364479.8333333333,6.23,81.12,2026-10-27,27,263,44.788429260253906,45.312558479832276,45.05049387004309,43.15552878605729,48.027099609375,1.5707971426423446,1.0000000000000016,1.8949650839857992,-0.1163567819015583,,,,,,,,,,,,,,1,hammer,2026-09-11,hammer,2026-09-18,False,True,False,no TV drawing read (f_rr False),https://www.tradingview.com/chart/?symbol=NASDAQ:TRMK,https://finviz.com/quote.ashx?t=TRMK,"$vol(30d) $16.3M < $50M | FAIL: dollar_vol, short_float, rr (no TV drawing read)"
TROW,FAIL,"short_float,rr",True,False,True,True,False,True,True,True,True,,104.05000305175781,146259541.18475187,1405665.9,13.1,92.12,2026-10-22,22,263,102.80223083496094,104.36383483538079,103.58303283517085,98.35799933039183,117.09334131100715,2.585688390989118,1.0000000000000004,5.2250335047790175,0.08937171716886581,,,,,,,,,,,,,,8,hammer,2026-09-25,strong_close,2026-09-29,True,True,False,no TV drawing read (f_rr False),https://www.tradingview.com/chart/?symbol=NASDAQ:TROW,https://finviz.com/quote.ashx?t=TROW,"short float 13.10% >= 5% | FAIL: short_float, rr (no TV drawing read)"
TRS,FAIL,"dollar_vol,short_float,rr",False,False,True,True,False,True,True,True,True,,38.595001220703125,12998680.62612915,336797.0,13.21,83.13,2026-10-22,22,263,38.46530532836914,38.79466376519861,38.629984546783874,36.26870918745179,44.536415100097656,2.501373052478086,1.0000000000000013,2.36127535933208,-0.014815436896205167,,,,,,,,,,,,,,7,hammer,2026-09-04,hammer,2026-09-29,False,True,False,no TV drawing read (f_rr False),https://www.tradingview.com/chart/?symbol=NASDAQ:TRS,https://finviz.com/quote.ashx?t=TRS,"$vol(30d) $13.0M < $50M | FAIL: dollar_vol, short_float, rr (no TV drawing read)"
TRV,FAIL,rr,True,True,True,True,False,True,False,True,True,,356.6499938964844,496677593.5151276,1392619.1,2.98,91.47,2026-10-16,16,263,305.1965026855469,306.353432038302,305.77496736192444,288.61243484281977,386.20955984085373,4.686638897225254,0.9345202611544812,18.36507268221509,2.7702055643824264,,,,,,,,,,,,,,1,engulfing,2026-09-11,strong_close,2026-09-29,False,True,False,no TV drawing read (f_rr False),https://www.tradingview.com/chart/?symbol=NYSE:TRV,https://finviz.com/quote.ashx?t=TRV,FAIL: rr (no TV drawing read)
TVTX,FAIL,"short_float,rr",True,False,True,True,False,True,True,True,True,,58.880001068115234,84679886.84813918,1438177.4,14.17,113.69,2026-10-22,22,263,40.18000030517578,40.75,40.46500015258789,35.35650798252651,66.16999816894531,5.031817052985433,0.9999999999999997,5.108492170061384,3.6047820575021197,,,,,,,,,,,,,,19,engulfing,2026-09-11,engulfing,2026-09-28,False,True,False,no TV drawing read (f_rr False),https://www.tradingview.com/chart/?symbol=NASDAQ:TVTX,https://finviz.com/quote.ashx?t=TVTX,"short float 14.17% >= 5% | FAIL: short_float, rr (no TV drawing read)"
UAL,FAIL,"short_float,rr",True,False,True,True,False,True,True,True,True,,110.94999694824219,404933575.14535016,3649694.3333333335,5.66,91.28,2026-10-20,20,263,101.80000305175781,105.9800033569336,103.8900032043457,94.58071735927037,129.55999755859375,2.757461182463058,1.0000000000000002,9.309285845075335,0.7583818846459915,,,,,,,,,,,,,,22,rejection,2026-09-25,hammer,2026-09-29,True,True,False,no TV drawing read (f_rr False),https://www.tradingview.com/chart/?symbol=NASDAQ:UAL,https://finviz.com/quote.ashx?t=UAL,"short float 5.66% >= 5% | FAIL: short_float, rr (no TV drawing read)"
UMBF,FAIL,rr,True,True,True,True,False,True,False,True,True,,130.00999450683594,76970202.74419911,592032.9666666667,4.98,96.84,2026-10-27,27,263,132.90444946289062,134.67557855210754,133.79001400749908,126.7115968445191,151.50167846679688,2.5022069272675145,0.9999999999999991,7.078417162979995,-0.5340204474571778,,,,,,,,,,,,,,1,hammer,2026-09-25,hammer,2026-09-24,False,True,False,no TV drawing read (f_rr False),https://www.tradingview.com/chart/?symbol=NASDAQ:UMBF,https://finviz.com/quote.ashx?t=UMBF,FAIL: rr (no TV drawing read)
UNFI,FAIL,"dollar_vol,short_float,rr",False,False,True,True,False,True,False,True,True,,44.775001525878906,27024650.660968017,603565.6,5.25,98.31,2026-12-09,70,263,40.900001525878906,41.900001525878906,41.400001525878906,38.04500143868582,50.91999816894531,2.8375548124146803,1.0000000000000009,3.3550000871930803,1.0059612257189694,,,,,,,,,,,,,,2,hammer,2026-09-25,rejection,2026-09-28,False,True,False,no TV drawing read (f_rr False),https://www.tradingview.com/chart/?symbol=NYSE:UNFI,https://finviz.com/quote.ashx?t=UNFI,"$vol(30d) $27.0M < $50M | FAIL: dollar_vol, short_float, rr (no TV drawing read)"
UNM,FAIL,rr,True,True,True,True,False,True,False,True,True,,87.76000213623047,154346894.51707077,1758738.5,2.72,90.31,2026-11-03,34,262,78.87035369873047,79.45974330307754,79.165048500904,74.16986107090206,92.18831634521484,2.6071629997486916,1.0000000000000009,4.995187430001944,1.720646873769683,,,,,,,,,,,,,,0,hammer,2026-09-11,strong_close,2026-09-25,False,True,False,no TV drawing read (f_rr False),https://www.tradingview.com/chart/?symbol=NYSE:UNM,https://finviz.com/quote.ashx?t=UNM,FAIL: rr (no TV drawing read)
URGN,FAIL,"dollar_vol,short_float,rr",False,False,True,True,False,True,True,False,True,,40.630001068115234,31738160.547025807,781150.8666666667,15.05,80.62,2026-11-05,36,263,30.459999084472656,32.369998931884766,31.41499900817871,26.637141636439733,48.5099983215332,3.577963506083584,0.9999999999999998,4.777857371738979,1.9286892309601475,,,,,,,,,,,,,,5,,,rejection,2026-09-29,False,True,False,no TV drawing read (f_rr False),https://www.tradingview.com/chart/?symbol=NASDAQ:URGN,https://finviz.com/quote.ashx?t=URGN,"$vol(30d) $31.7M < $50M | FAIL: dollar_vol, short_float, rr (no TV drawing read)"
USB,FAIL,rr,True,True,True,True,False,True,False,True,True,,57.77000045776367,403564899.3214744,6985717.433333334,1.54,84.08,2026-10-15,15,263,56.44691467285156,56.90301038568536,56.67496252926846,54.10995162280188,65.41999816894531,3.409356123059737,1.000000000000001,2.56501090646658,0.42691355648217266,,,,,,,,,,,,,,1,rejection,2026-09-25,strong_close,2026-09-25,False,True,False,no TV drawing read (f_rr False),https://www.tradingview.com/chart/?symbol=NYSE:USB,https://finviz.com/quote.ashx?t=USB,FAIL: rr (no TV drawing read)
USFD,FAIL,rr,True,True,True,True,False,True,True,True,True,,92.18000030517578,202123501.4791603,2192704.5,4.94,109.51,2026-11-05,36,263,93.69000244140625,93.73999786376953,93.71500015258789,88.7599966430664,109.7300033569336,3.232087156663243,0.7994888776828694,6.197714124407087,-0.2476719346197591,no,,,,,,,2026-09-30,,,,,,11,hammer,2026-09-18,hammer,2026-09-28,False,True,False,TV drawing not found (f_rr False),https://www.tradingview.com/chart/?symbol=NYSE:USFD,https://finviz.com/quote.ashx?t=USFD,FAIL: rr (TV drawing not found)
UVSP,FAIL,"dollar_vol,rr",False,True,True,True,False,True,False,True,True,,40.97999954223633,9118859.936138535,222519.76666666666,3.3,82.82,2026-10-28,28,263,35.21139907836914,35.57501000171196,35.39320454004055,33.70057440003776,44.46081763382424,5.357114280009654,0.9999999999999986,1.6926301400027934,3.3006590572625383,,,,,,,,,,,,,,1,hammer,2026-09-25,rejection,2026-09-29,False,True,False,no TV drawing read (f_rr False),https://www.tradingview.com/chart/?symbol=NASDAQ:UVSP,https://finviz.com/quote.ashx?t=UVSP,"$vol(30d) $9.1M < $50M | FAIL: dollar_vol, rr (no TV drawing read)"
V,FAIL,rr,True,True,True,True,False,True,False,True,True,,359.5,2134739208.7666667,5938078.466666667,1.09,82.58,2026-11-03,34,263,328.2701721191406,334.5485043686942,331.40933824391743,317.2711937721487,381.6000061035156,3.550018035239329,0.9999999999999982,14.13814447176875,1.9868704703205151,,,,,,,,,,,,,,1,hammer,2026-09-25,hammer,2026-09-25,False,True,False,no TV drawing read (f_rr False),https://www.tradingview.com/chart/?symbol=NYSE:V,https://finviz.com/quote.ashx?t=V,FAIL: rr (no TV drawing read)
VAC,FAIL,"dollar_vol,short_float,rr",False,False,True,True,False,True,True,True,True,,102.27999877929688,48860365.730189,477711.8333333333,6.15,90.62,2026-11-11,42,263,100.49881744384766,101.19327651998854,100.84604698191811,93.41520465004895,120.54897189974993,2.65150625432201,0.6818718285110027,10.897711301691142,0.13158283952303293,,,,,,,,,,,,,,28,hammer,2026-09-25,strong_close,2026-09-28,False,True,False,no TV drawing read (f_rr False),https://www.tradingview.com/chart/?symbol=NYSE:VAC,https://finviz.com/quote.ashx?t=VAC,"$vol(30d) $48.9M < $50M | FAIL: dollar_vol, short_float, rr (no TV drawing read)"
VCEL,FAIL,"dollar_vol,short_float,rr",False,False,True,True,False,True,True,True,True,,40.13999938964844,20795928.907786053,518084.93333333335,10.84,109.09,2026-11-11,42,263,35.68000030517578,35.86000061035156,35.77000045776367,32.79104314531599,47.0,3.769775248309655,0.9999999999999997,2.978957312447684,1.4669558753408658,,,,,,,,,,,,,,20,hammer,2026-09-25,strong_close,2026-09-29,False,True,False,no TV drawing read (f_rr False),https://www.tradingview.com/chart/?symbol=NASDAQ:VCEL,https://finviz.com/quote.ashx?t=VCEL,"$vol(30d) $20.8M < $50M | FAIL: dollar_vol, short_float, rr (no TV drawing read)"
VIRT,FAIL,"short_float,rr",True,False,True,True,False,True,True,True,True,,55.150001525878906,72199481.10760039,1309147.4,5.46,94.47,2026-11-04,35,263,40.92362976074219,41.48558142369565,41.20460559221892,36.22087027089234,67.68162536621094,5.312685780220032,0.782571493108297,6.368408976324541,2.1897770676324284,,,,,,,,,,,,,,10,rejection,2026-09-04,strong_close,2026-09-29,False,True,False,no TV drawing read (f_rr False),https://www.tradingview.com/chart/?symbol=NYSE:VIRT,https://finviz.com/quote.ashx?t=VIRT,"short float 5.46% >= 5% | FAIL: short_float, rr (no TV drawing read)"
VLTO,FAIL,rr,True,True,True,True,False,False,True,True,True,,94.3499984741211,149027398.23484877,1579516.7,2.73,100.92,2026-10-28,28,157,90.84608459472656,92.61746779485162,91.73177619478909,87.21741876419479,99.08999633789062,1.6299595803456008,0.9999999999999987,4.514357430594308,0.579976734138953,no,,,,,,,2026-09-30,,,,,,17,strong_close,2026-09-25,strong_close,2026-09-29,False,True,False,TV drawing not found (f_rr False),https://www.tradingview.com/chart/?symbol=NYSE:VLTO,https://finviz.com/quote.ashx?t=VLTO,FAIL: rr (TV drawing not found)
VNO,FAIL,"dollar_vol,short_float,rr",False,False,True,True,False,False,True,True,True,,33.88999938964844,40538688.58590698,1196184.4,6.56,100.52,2026-11-02,33,263,39.13450060722655,39.212769608441,39.173635107833775,36.833992174396975,40.90999984741211,0.7421494599723881,0.9999999999999987,2.3396429334368025,-2.2583085831922123,,,,,,,,,,,,,,7,rejection,2026-09-25,strong_close,2026-09-25,False,True,False,no TV drawing read (f_rr False),https://www.tradingview.com/chart/?symbol=NYSE:VNO,https://finviz.com/quote.ashx?t=VNO,"$vol(30d) $40.5M < $50M | FAIL: dollar_vol, short_float, rr (no TV drawing read)"
VOYA,FAIL,rr,True,True,True,True,False,False,True,True,True,,94.4800033569336,95090939.40264054,1006466.3,3.76,103.63,2026-11-03,34,263,77.40950012207031,78.62838351894207,78.0189418205062,72.8092433896699,81.74494171142578,0.7152045248656471,1.0000000000000004,5.209698430836295,3.1596956628034527,no,,,,,,,2026-09-30,,,,,,14,hammer,2026-09-18,rejection,2026-09-29,False,True,False,TV drawing not found (f_rr False),https://www.tradingview.com/chart/?symbol=NYSE:VOYA,https://finviz.com/quote.ashx?t=VOYA,FAIL: rr (TV drawing not found)
VRSN,FAIL,rr,True,True,True,True,False,True,False,True,True,,282.010009765625,195732939.0159668,694063.8,2.19,100.13,2026-10-22,22,262,248.8050956360197,251.74760384411098,250.27634974006534,233.96482494249184,293.6978454589844,2.662013285562268,1.0000000000000007,16.311524797573487,1.9454747743926661,,,,,,,,,,,,,,0,hammer,2026-09-18,hammer,2026-09-29,False,True,False,no TV drawing read (f_rr False),https://www.tradingview.com/chart/?symbol=NASDAQ:VRSN,https://finviz.com/quote.ashx?t=VRSN,FAIL: rr (no TV drawing read)
VSAT,FAIL,"short_float,rr",True,False,True,True,False,True,True,True,True,,70.37999725341797,114118472.33852234,1621461.7333333334,8.67,101.92,2026-11-11,42,263,48.849998474121094,49.5,49.17499923706055,41.659998168945314,82.87000274658203,4.483699097859505,0.660929227555705,11.370356695992607,1.8649369217969176,,,,,,,,,,,,,,11,engulfing,2026-09-18,hammer,2026-09-28,False,True,False,no TV drawing read (f_rr False),https://www.tradingview.com/chart/?symbol=NASDAQ:VSAT,https://finviz.com/quote.ashx?t=VSAT,"short float 8.67% >= 5% | FAIL: short_float, rr (no TV drawing read)"
VSH,FAIL,"short_float,rr",True,False,True,True,False,True,True,True,True,,32.560001373291016,105001451.45533815,3224860.1666666665,12.43,100.48,2026-11-11,42,263,19.93852996826172,20.096850653767337,20.017690311014526,17.16869357451147,68.24396480102472,16.92745866364331,0.5000000000000001,5.697993473006114,2.2011803140342123,,,,,,,,,,,,,,12,hammer,2026-09-25,strong_close,2026-09-28,False,True,False,no TV drawing read (f_rr False),https://www.tradingview.com/chart/?symbol=NYSE:VSH,https://finviz.com/quote.ashx?t=VSH,"short float 12.43% >= 5% | FAIL: short_float, rr (no TV drawing read)"
VSTS,FAIL,"dollar_vol,short_float,rr",False,False,True,True,False,True,False,True,True,,13.350000381469727,17979665.258760136,1346791.3666666667,7.42,98.79,2026-12-02,63,158,7.980000019073486,8.050000190734863,8.015000104904175,7.305000057220459,16.5,11.950703274988577,0.5714844273540619,1.2423786435808455,4.294182215808821,,,,,,,,,,,,,,2,strong_close,2026-09-18,hammer,2026-09-29,False,True,False,no TV drawing read (f_rr False),https://www.tradingview.com/chart/?symbol=NYSE:VSTS,https://finviz.com/quote.ashx?t=VSTS,"$vol(30d) $18.0M < $50M | FAIL: dollar_vol, short_float, rr (no TV drawing read)"
WAB,FAIL,rr,True,True,True,True,False,True,True,True,True,True,287.20001220703125,216090504.9979553,752404.2333333333,2.17,96.01,2026-10-28,28,263,266.67999267578125,275.2208124024074,270.9504025390943,255.99980558782667,302.4877564025922,2.1094377680233003,0.9999999999999998,14.950596951267617,1.0868870133348896,yes,278.51,273.48,276.42,259.64,301.16,1.47,2026-09-30,,287.2,14.9506,8.69,0.5812,8,hammer,2026-09-18,strong_close,2026-09-28,False,True,False,TV R:R 1.47 < 2 (f_rr False),https://www.tradingview.com/chart/?symbol=NYSE:WAB,https://finviz.com/quote.ashx?t=WAB,FAIL: rr (TV R:R 1.47 < 2)
WABC,FAIL,"dollar_vol,rr",False,True,True,True,False,True,True,True,True,,58.31999969482422,12521154.246479543,214697.43333333332,4.34,81.02,2026-10-15,15,263,52.199039459228516,52.48422351324328,52.3416314862359,49.53979072422247,60.87034606933594,3.0439683435011604,1.0000000000000004,2.8018407620134256,2.13372875776574,,,,,,,,,,,,,,14,hammer,2026-09-25,strong_close,2026-09-25,False,True,False,no TV drawing read (f_rr False),https://www.tradingview.com/chart/?symbol=NASDAQ:WABC,https://finviz.com/quote.ashx?t=WABC,"$vol(30d) $12.5M < $50M | FAIL: dollar_vol, rr (no TV drawing read)"
WBI,FAIL,"dollar_vol,short_float,history,rr",False,False,True,False,False,True,False,True,True,,28.139999389648438,17414324.18628642,618845.9333333333,17.05,107.14,2026-11-18,49,55,24.837726256959588,25.354972127147505,25.096349192053545,22.42178780672598,32.779998779296875,2.872863427025917,0.9999999999999997,2.674561385327565,1.1379997536389033,,,,,,,,,,,,,,1,hammer,2026-09-25,strong_close,2026-09-24,False,True,False,no TV drawing read (f_rr False),https://www.tradingview.com/chart/?symbol=NYSE:WBI,https://finviz.com/quote.ashx?t=WBI,"$vol(30d) $17.4M < $50M | FAIL: dollar_vol, short_float, history, rr (no TV drawing read)"
WEX,FAIL,"short_float,rr",True,False,True,True,False,True,False,True,True,,168.83999633789062,88284982.0611145,522891.4,7.43,117.37,2026-10-22,22,263,167.07000732421875,167.5399932861328,167.30500030517578,153.21143450055803,199.97000122070312,2.3177243692880523,1.0000000000000007,14.093565804617745,0.10891466744433859,,,,,,,,,,,,,,1,hammer,2026-09-11,hammer,2026-09-24,False,True,False,no TV drawing read (f_rr False),https://www.tradingview.com/chart/?symbol=NYSE:WEX,https://finviz.com/quote.ashx?t=WEX,"short float 7.43% >= 5% | FAIL: short_float, rr (no TV drawing read)"
WHD,FAIL,"dollar_vol,short_float,rr",False,False,True,True,False,True,False,True,True,,62.220001220703125,43838464.47807312,704571.9,5.09,110.55,2026-11-04,35,262,62.59322977270104,64.00675567807671,63.299992725388876,58.313974965551004,73.32175086648901,2.00997241161572,1.0000000000000004,4.986017759837869,-0.21660402283061037,,,,,,,,,,,,,,1,hammer,2026-08-28,hammer,2026-09-29,False,True,False,no TV drawing read (f_rr False),https://www.tradingview.com/chart/?symbol=NYSE:WHD,https://finviz.com/quote.ashx?t=WHD,"$vol(30d) $43.8M < $50M | FAIL: dollar_vol, short_float, rr (no TV drawing read)"
WK,FAIL,"short_float,rr",True,False,True,True,False,True,False,True,True,,66.55000305175781,60473178.08142853,908687.8333333334,7.82,91.32,2026-11-04,35,262,51.189998626708984,53.619998931884766,52.404998779296875,45.787999289376394,79.1500015258789,4.04186259759005,1.0000000000000002,6.61699948992048,2.1376764943094964,,,,,,,,,,,,,,1,strong_close,2026-08-28,hammer,2026-09-28,False,True,False,no TV drawing read (f_rr False),https://www.tradingview.com/chart/?symbol=NYSE:WK,https://finviz.com/quote.ashx?t=WK,"short float 7.82% >= 5% | FAIL: short_float, rr (no TV drawing read)"
WKC,FAIL,"dollar_vol,short_float,rr",False,False,True,True,False,True,False,True,True,,35.15999984741211,33855790.04907214,962906.4333333333,19.99,117.69,2026-10-22,22,263,27.560400009155273,27.649018809672977,27.604709409414127,25.37056112354291,39.86000061035156,5.485442160862846,0.9999999999999996,2.2341482858712185,3.3817318598670165,,,,,,,,,,,,,,3,hammer,2026-09-18,engulfing,2026-09-29,False,True,False,no TV drawing read (f_rr False),https://www.tradingview.com/chart/?symbol=NYSE:WKC,https://finviz.com/quote.ashx?t=WKC,"$vol(30d) $33.9M < $50M | FAIL: dollar_vol, short_float, rr (no TV drawing read)"
WLY,FAIL,"dollar_vol,short_float,rr",False,False,True,True,False,True,False,True,True,,47.77000045776367,24660495.231646474,516233.93333333335,11.92,85.19,2026-12-09,70,263,41.237430572509766,41.6942990720334,41.465864822271584,37.376400216010445,53.709999084472656,2.994067791528211,0.9999999999999996,4.08946460626114,1.5415552504942074,,,,,,,,,,,,,,3,rejection,2026-09-25,hammer,2026-09-24,False,True,False,no TV drawing read (f_rr False),https://www.tradingview.com/chart/?symbol=NYSE:WLY,https://finviz.com/quote.ashx?t=WLY,"$vol(30d) $24.7M < $50M | FAIL: dollar_vol, short_float, rr (no TV drawing read)"
WNC,FAIL,"dollar_vol,short_float,rr",False,False,True,True,False,False,True,True,True,,12.3100004196167,8175302.296341992,664118.7666666667,10.86,92.79,2026-10-28,28,263,13.965169906616211,14.233539223208567,14.099354564912389,12.6392202614367,14.220000267028809,0.08262644184801081,1.0000000000000002,1.4601343034756886,-1.225472301442634,,,,,,,,,,,,,,9,strong_close,2026-09-25,hammer,2026-09-29,False,True,False,no TV drawing read (f_rr False),https://www.tradingview.com/chart/?symbol=NYSE:WNC,https://finviz.com/quote.ashx?t=WNC,"$vol(30d) $8.2M < $50M | FAIL: dollar_vol, short_float, rr (no TV drawing read)"
WSBC,FAIL,"dollar_vol,short_float,rr",False,False,True,True,False,True,False,True,True,,37.41999816894531,35473461.004860945,947981.3666666667,6.67,85.91,2026-10-28,28,263,35.6299934387207,36.11995483641904,35.87497413756987,33.93553888951217,42.297306060791016,3.3114443648752734,0.9999999999999984,1.9394352480577015,0.7966360480055963,,,,,,,,,,,,,,1,rejection,2026-09-25,hammer,2026-09-24,False,True,False,no TV drawing read (f_rr False),https://www.tradingview.com/chart/?symbol=NASDAQ:WSBC,https://finviz.com/quote.ashx?t=WSBC,"$vol(30d) $35.5M < $50M | FAIL: dollar_vol, short_float, rr (no TV drawing read)"
WSFS,FAIL,"dollar_vol,short_float,rr",False,False,True,True,False,True,False,True,True,,75.56999969482422,26566210.200717166,351544.4,5.11,93.2,2026-10-26,26,263,71.793760834154,72.10299926965995,71.94838005190698,68.79642953095245,81.66000366210938,3.0811472279270906,0.9999999999999984,3.1519505209545335,1.1490090402245499,,,,,,,,,,,,,,1,hammer,2026-09-25,hammer,2026-09-24,False,True,False,no TV drawing read (f_rr False),https://www.tradingview.com/chart/?symbol=NASDAQ:WSFS,https://finviz.com/quote.ashx?t=WSFS,"$vol(30d) $26.6M < $50M | FAIL: dollar_vol, short_float, rr (no TV drawing read)"
WTTR,FAIL,"dollar_vol,short_float,rr",False,False,True,True,False,False,True,True,True,,19.790000915527344,30153164.84928258,1523656.5666666667,5.28,92.48,2026-11-03,34,263,20.26125144958496,20.410742785440835,20.335997117512896,19.10000061035156,21.059999465942383,0.5857640731463509,0.6567761561110425,1.8819144021305834,-0.29012807456460843,,,,,,,,,,,,,,9,hammer,2026-09-18,hammer,2026-09-28,True,True,False,no TV drawing read (f_rr False),https://www.tradingview.com/chart/?symbol=NYSE:WTTR,https://finviz.com/quote.ashx?t=WTTR,"$vol(30d) $30.2M < $50M | FAIL: dollar_vol, short_float, rr (no TV drawing read)"
WWW,FAIL,"dollar_vol,short_float,rr",False,False,True,True,False,False,True,True,True,,19.100000381469727,12750493.664655875,667565.1,7.35,102.91,2026-11-11,42,263,18.348322862272337,18.55705342513436,18.452688143703348,16.83958342229722,21.200000762939453,1.7031210576591083,0.999999999999999,1.6131047214061291,0.4012834561677571,,,,,,,,,,,,,,19,hammer,2026-09-04,hammer,2026-09-29,True,True,False,no TV drawing read (f_rr False),https://www.tradingview.com/chart/?symbol=NYSE:WWW,https://finviz.com/quote.ashx?t=WWW,"$vol(30d) $12.8M < $50M | FAIL: dollar_vol, short_float, rr (no TV drawing read)"
XHR,FAIL,"dollar_vol,rr",False,True,True,True,False,True,False,True,True,,18.059999465942383,14333885.660128403,793681.4,3.54,97.34,2026-11-03,34,263,15.916731810340291,16.21185013042073,16.06429097038051,15.071014374311176,21.489999771118164,5.462434957401241,1.0,0.9932765960693359,2.0092172748853936,,,,,,,,,,,,,,3,strong_close,2026-09-25,hammer,2026-09-29,False,True,False,no TV drawing read (f_rr False),https://www.tradingview.com/chart/?symbol=NYSE:XHR,https://finviz.com/quote.ashx?t=XHR,"$vol(30d) $14.3M < $50M | FAIL: dollar_vol, rr (no TV drawing read)"
