ticker,status,current_price,entry,sl,tp,rr,atrs_from_entry,zone_lo,zone_hi,atr,short_float_pct,inst_own_pct,dollar_vol_30d,avg_vol_30d,weekly_bars,earnings_date,days_to_earnings,earnings_known,earnings_blackout,tradingview_url,finviz_url,reason
GTX,PASS,26.399999618530277,17.42469240921476,16.250661123906493,35.00577926635742,14.974973049824964,3.822431021060416,17.351736831272113,17.497647987157407,2.348062570616537,2.72,94.85,75543193.22843024,2861484.6333333333,262.0,2026-10-22,31.0,True,False,https://www.tradingview.com/chart/?symbol=NASDAQ:GTX,,PASS entry=17.42 SL=16.25 TP=35.01 R:R=14.97 zone=[17.35-17.50] short=2.72% $vol=$75.5M
SNEX,PASS,67.4800033569336,45.45111083984375,41.97147192273821,93.76000213623048,13.883305839265471,3.165399204037828,45.38666534423828,45.51555633544922,6.959277834211077,3.83,84.01,56543888.10356039,837935.4666666667,262.0,2026-11-30,70.0,True,False,https://www.tradingview.com/chart/?symbol=NASDAQ:SNEX,,PASS entry=45.45 SL=41.97 TP=93.76 R:R=13.88 zone=[45.39-45.52] short=3.83% $vol=$56.5M
FTI,PASS,71.30999755859375,40.51756041893378,37.9260005618086,75.69096374511719,13.572290537483958,5.994808448143399,40.23847198486328,40.79664885300429,5.13651727257381,3.29,99.59,214499162.9292948,3007981.6333333333,262.0,2026-10-29,38.0,True,False,https://www.tradingview.com/chart/?symbol=NYSE:FTI,,PASS entry=40.52 SL=37.93 TP=75.69 R:R=13.57 zone=[40.24-40.80] short=3.29% $vol=$214.5M
RPRX,PASS,58.43999862670898,45.90134591010749,44.3711147027534,63.959999084472656,11.801257932512236,4.096979808130445,45.82201766967773,45.98067415053724,3.060462414708165,2.85,85.11,179061338.22820854,3064020.2333333334,262.0,2026-11-11,51.0,True,False,https://www.tradingview.com/chart/?symbol=NASDAQ:RPRX,,PASS entry=45.90 SL=44.37 TP=63.96 R:R=11.80 zone=[45.82-45.98] short=2.85% $vol=$179.1M
VIAV,PASS,36.20000076293945,10.46999979019165,7.323392527444022,44.650001525878906,10.862493753300868,4.0885307291702295,10.4399995803833,10.5,6.293214525495257,3.95,98.35,162956646.781088,4501564.733333333,262.0,2026-10-29,38.0,True,False,https://www.tradingview.com/chart/?symbol=NASDAQ:VIAV,,PASS entry=10.47 SL=7.32 TP=44.65 R:R=10.86 zone=[10.44-10.50] short=3.95% $vol=$163.0M
TXN,PASS,270.8699951171875,180.5676381580629,169.2927432908253,288.07000732421875,9.534667101733662,4.00457645159619,180.47420853227015,180.6610677838556,22.54978973447513,2.35,92.06,1588853859.0296752,5865743.3,262.0,2026-10-27,36.0,True,False,https://www.tradingview.com/chart/?symbol=NASDAQ:TXN,,PASS entry=180.57 SL=169.29 TP=288.07 R:R=9.53 zone=[180.47-180.66] short=2.35% $vol=$1588.9M
ROST,PASS,231.25,192.4792350767896,184.9943125962721,255.75570326720648,8.453857518914715,2.936522796699772,191.2069091796875,193.7515609738917,13.202950430619213,2.74,96.37,597484209.375,2583715.5,262.0,2026-11-12,52.0,True,False,https://www.tradingview.com/chart/?symbol=NASDAQ:ROST,,PASS entry=192.48 SL=184.99 TP=255.76 R:R=8.45 zone=[191.21-193.75] short=2.74% $vol=$597.5M
LRCX,PASS,302.2799987792969,165.26782968976136,143.19604362670333,337.8699951171875,7.820036173525336,3.103785273608994,163.97741612160212,166.55824325792057,44.14357212611607,2.22,89.12,2577231218.8683176,8525973.366666667,262.0,2026-10-21,30.0,True,False,https://www.tradingview.com/chart/?symbol=NASDAQ:LRCX,,PASS entry=165.27 SL=143.20 TP=337.87 R:R=7.82 zone=[163.98-166.56] short=2.22% $vol=$2577.2M
STLD,PASS,229.9900054931641,135.69693642652598,119.0523654962888,262.7099914550781,7.630899922918131,4.995384635186334,133.47352600097656,137.9203468520754,18.87603777343981,2.85,86.0,268266053.8256963,1166424.8333333333,262.0,2026-10-19,28.0,True,False,https://www.tradingview.com/chart/?symbol=NASDAQ:STLD,,PASS entry=135.70 SL=119.05 TP=262.71 R:R=7.63 zone=[133.47-137.92] short=2.85% $vol=$268.3M
AMGN,PASS,393.1600036621094,351.2739863221368,339.2295195367183,440.30999755859375,7.392275044026653,1.7388074576568824,350.58819580078125,351.9597768434924,24.08893357083697,2.41,85.57,1078438270.0998363,2743000.966666667,262.0,2026-11-03,43.0,True,False,https://www.tradingview.com/chart/?symbol=NASDAQ:AMGN,,PASS entry=351.27 SL=339.23 TP=440.31 R:R=7.39 zone=[350.59-351.96] short=2.41% $vol=$1078.4M
NTRS,PASS,178.9499969482422,150.10715505550593,144.57520863497314,190.51141357421875,7.303805107140106,3.5436703769581546,149.8953399658203,150.3189701451915,8.139256427539014,2.08,87.0,182998669.04919735,1022624.6,262.0,2026-10-21,30.0,True,False,https://www.tradingview.com/chart/?symbol=NASDAQ:NTRS,,PASS entry=150.11 SL=144.58 TP=190.51 R:R=7.30 zone=[149.90-150.32] short=2.08% $vol=$183.0M
ARMK,PASS,56.47999954223633,41.79420801158478,38.93372713347664,62.26625061035156,7.156853505102466,5.134028912077346,41.66974639892578,41.918669624243776,2.860480878108133,3.38,100.04,146504944.94059488,2593926.1,262.0,2026-11-17,57.0,True,False,https://www.tradingview.com/chart/?symbol=NYSE:ARMK,,PASS entry=41.79 SL=38.93 TP=62.27 R:R=7.16 zone=[41.67-41.92] short=3.38% $vol=$146.5M
CSX,PASS,45.9900016784668,42.48311009595534,41.16432207386231,51.858033041478826,7.108741350747689,1.582806288098687,42.44334030151367,42.522879890397,2.2156164079459386,2.22,82.08,456463916.7332629,9925285.933333334,262.0,2026-10-15,24.0,True,False,https://www.tradingview.com/chart/?symbol=NASDAQ:CSX,,PASS entry=42.48 SL=41.16 TP=51.86 R:R=7.11 zone=[42.44-42.52] short=2.22% $vol=$456.5M
KLIC,PASS,84.08000183105469,74.00547873768456,66.79939380341911,124.89730834960938,7.062341073712654,0.7121401005722717,71.08734893798828,76.92360853738083,14.14682740836291,4.08,93.46,59335955.15619049,705708.3,262.0,2026-11-18,58.0,True,False,https://www.tradingview.com/chart/?symbol=NASDAQ:KLIC,,PASS entry=74.01 SL=66.80 TP=124.90 R:R=7.06 zone=[71.09-76.92] short=4.08% $vol=$59.3M
CGNX,PASS,61.9900016784668,38.70606801081001,34.643742606371056,66.7962417602539,6.914801487529639,3.890258720334937,38.38741788753602,39.02471813408399,5.985188991659693,4.59,107.43,113913120.50369188,1837604.7333333332,262.0,2026-10-29,38.0,True,False,https://www.tradingview.com/chart/?symbol=NASDAQ:CGNX,,PASS entry=38.71 SL=34.64 TP=66.80 R:R=6.91 zone=[38.39-39.02] short=4.59% $vol=$113.9M
FIX,PASS,1632.5899658203125,1021.1998158136744,908.740562600455,1796.0,6.889608120705971,3.235671339652767,1007.2098104218238,1035.189821205525,188.9531061186977,2.62,95.63,592267124.0040406,362777.63333333336,262.0,2026-10-22,31.0,True,False,https://www.tradingview.com/chart/?symbol=NYSE:FIX,,PASS entry=1021.20 SL=908.74 TP=1796.00 R:R=6.89 zone=[1007.21-1035.19] short=2.62% $vol=$592.3M
STT,PASS,184.3999938964844,131.73472640305403,122.6390466177833,194.25999450683597,6.8741720882735375,5.790140895099991,130.82041931152344,132.6490334945846,9.095679785270727,1.71,94.65,283202082.2662018,1535803.1,262.0,2026-10-14,23.0,True,False,https://www.tradingview.com/chart/?symbol=NYSE:STT,,PASS entry=131.73 SL=122.64 TP=194.26 R:R=6.87 zone=[130.82-132.65] short=1.71% $vol=$283.2M
CNC,PASS,64.98999786376953,38.78000068664551,34.39999984741211,67.47000122070312,6.550227177371739,5.305667456467857,38.70000076293945,38.86000061035156,4.939999989100865,2.77,99.89,266149407.05396447,4095236.433333333,262.0,2026-10-27,36.0,True,False,https://www.tradingview.com/chart/?symbol=NYSE:CNC,,PASS entry=38.78 SL=34.40 TP=67.47 R:R=6.55 zone=[38.70-38.86] short=2.77% $vol=$266.1M
SLB,PASS,51.7599983215332,35.777037954992096,31.997174533668137,57.88962760211447,5.850102816513162,4.228449175272797,35.67535781860352,35.878718091380684,3.77986342132396,3.72,93.73,649510742.6657463,12548507.8,262.0,2026-10-16,25.0,True,False,https://www.tradingview.com/chart/?symbol=NYSE:SLB,,PASS entry=35.78 SL=32.00 TP=57.89 R:R=5.85 zone=[35.68-35.88] short=3.72% $vol=$649.5M
THG,PASS,223.2100067138672,178.4060973784654,169.29469008273662,231.64344787597656,5.842933892601597,4.327510988516015,178.01681518554688,178.7953795713839,10.353274539174745,2.07,93.15,67271388.95943603,301381.6,262.0,2026-11-04,44.0,True,False,https://www.tradingview.com/chart/?symbol=NYSE:THG,,PASS entry=178.41 SL=169.29 TP=231.64 R:R=5.84 zone=[178.02-178.80] short=2.07% $vol=$67.3M
CSCO,PASS,111.45999908447266,84.1376281342992,77.28048617143847,123.0500030517578,5.674722082204744,3.826825116949006,84.04844665527344,84.22680961332497,7.139696776098465,1.41,83.65,2087312268.5275788,18727007.766666666,262.0,2026-11-18,58.0,True,False,https://www.tradingview.com/chart/?symbol=NASDAQ:CSCO,,PASS entry=84.14 SL=77.28 TP=123.05 R:R=5.67 zone=[84.05-84.23] short=1.41% $vol=$2087.3M
VRTX,PASS,510.7200012207031,444.4540197753906,426.000009765625,548.97998046875,5.664132653989326,1.9802848346680968,444.010009765625,444.89802978515627,33.46285356794085,1.84,98.17,555405260.4635081,1087494.6333333333,262.0,2026-11-09,49.0,True,False,https://www.tradingview.com/chart/?symbol=NASDAQ:VRTX,,PASS entry=444.45 SL=426.00 TP=548.98 R:R=5.66 zone=[444.01-444.90] short=1.84% $vol=$555.4M
CNO,PASS,54.400001525878906,44.2447674890069,41.97517203497823,56.563594818115234,5.427763484122968,4.474468795240943,44.1458740234375,44.3436609545763,2.269595454028674,2.21,96.77,51903353.34918314,954105.7333333332,262.0,2026-11-04,44.0,True,False,https://www.tradingview.com/chart/?symbol=NYSE:CNO,,PASS entry=44.24 SL=41.98 TP=56.56 R:R=5.43 zone=[44.15-44.34] short=2.21% $vol=$51.9M
CVS,PASS,87.5999984741211,78.79619336700439,73.45348830996254,107.73999786376952,5.41744382063844,1.6478179149180263,78.71747589111328,78.8749108428955,5.342705057041853,1.42,91.62,605291005.9366119,6909714.8,262.0,2026-11-04,44.0,True,False,https://www.tradingview.com/chart/?symbol=NYSE:CVS,,PASS entry=78.80 SL=73.45 TP=107.74 R:R=5.42 zone=[78.72-78.87] short=1.42% $vol=$605.3M
BPOP,PASS,162.5800018310547,145.34340087467507,139.46928459204034,177.02821362200743,5.393970977557955,2.5023272536806944,145.18597412109375,145.50082762825642,6.8882281208527605,2.69,93.55,81140383.95917562,499079.7333333333,262.0,2026-10-28,37.0,True,False,https://www.tradingview.com/chart/?symbol=NASDAQ:BPOP,,PASS entry=145.34 SL=139.47 TP=177.03 R:R=5.39 zone=[145.19-145.50] short=2.69% $vol=$81.1M
FLEX,PASS,111.61000061035156,66.69499969482422,55.14999984741211,128.1999969482422,5.327414297645465,2.695862774917823,65.68000030517578,67.70999908447266,16.660714830671036,2.69,96.61,344573186.5713364,3087296.7,262.0,2026-11-04,44.0,True,False,https://www.tradingview.com/chart/?symbol=NASDAQ:FLEX,,PASS entry=66.69 SL=55.15 TP=128.20 R:R=5.33 zone=[65.68-67.71] short=2.69% $vol=$344.6M
BALL,PASS,59.709999084472656,49.53781999651614,46.51346543319872,65.22218655604959,5.186021093482248,3.363421475555634,49.41947467416583,49.65616531886645,3.0243545633174267,2.96,95.88,106847227.89272232,1789436.1,262.0,2026-10-29,38.0,True,False,https://www.tradingview.com/chart/?symbol=NYSE:BALL,,PASS entry=49.54 SL=46.51 TP=65.22 R:R=5.19 zone=[49.42-49.66] short=2.96% $vol=$106.8M
BWA,PASS,63.31999969482422,45.152824484560696,40.43195497387961,68.75734005811681,5.0000355909330505,3.848268876985447,44.46606935696455,45.83957961215685,4.720869510681082,4.29,106.9,126703889.26934052,2001009.0,262.0,2026-10-29,38.0,True,False,https://www.tradingview.com/chart/?symbol=NYSE:BWA,,PASS entry=45.15 SL=40.43 TP=68.76 R:R=5.00 zone=[44.47-45.84] short=4.29% $vol=$126.7M
IESC,PASS,321.69000244140625,262.41749572753906,237.9005949837821,384.4750061035156,4.978504895528345,1.208809125863114,259.8349914550781,265.0,49.03380148751395,3.11,97.46,94495130.01115316,293745.93333333335,262.0,2026-12-09,79.0,True,False,https://www.tradingview.com/chart/?symbol=NASDAQ:IESC,,PASS entry=262.42 SL=237.90 TP=384.48 R:R=4.98 zone=[259.83-265.00] short=3.11% $vol=$94.5M
NUE,PASS,242.3999938964844,191.83795399991837,174.29595437864825,273.0,4.626727154963038,2.778483537579939,191.71368408203125,191.9622239178054,18.19771080616357,1.82,82.69,324348983.9930481,1338073.4,262.0,2026-10-26,35.0,True,False,https://www.tradingview.com/chart/?symbol=NYSE:NUE,,PASS entry=191.84 SL=174.30 TP=273.00 R:R=4.63 zone=[191.71-191.96] short=1.82% $vol=$324.3M
RHP,PASS,121.68000030517578,103.08582477873856,96.01664709498368,134.4499969482422,4.436749728554584,2.630316616481011,102.76312827616329,103.40852128131384,7.069177683754883,4.0,94.3,102582652.79327926,843052.7,262.0,2026-11-02,42.0,True,False,https://www.tradingview.com/chart/?symbol=NYSE:RHP,,PASS entry=103.09 SL=96.02 TP=134.45 R:R=4.44 zone=[102.76-103.41] short=4.00% $vol=$102.6M
LAMR,PASS,146.0800018310547,135.15681752744604,128.89539850365978,162.32000732421875,4.33818431470303,1.74452217015232,134.6874542236328,135.62618083125926,6.261419023786273,3.55,85.48,75908909.89548798,519639.3,262.0,2026-10-29,38.0,True,False,https://www.tradingview.com/chart/?symbol=NASDAQ:LAMR,,PASS entry=135.16 SL=128.90 TP=162.32 R:R=4.34 zone=[134.69-135.63] short=3.55% $vol=$75.9M
GL,PASS,172.16000366210938,148.98553768352096,140.30417638370787,186.6100006103516,4.333935845711277,2.6694506976788728,145.89846801757812,152.0726073494638,8.681361299813089,2.71,88.08,75125741.99270733,436371.63333333336,262.0,2026-10-28,37.0,True,False,https://www.tradingview.com/chart/?symbol=NYSE:GL,,PASS entry=148.99 SL=140.30 TP=186.61 R:R=4.33 zone=[145.90-152.07] short=2.71% $vol=$75.1M
KLAC,PASS,183.97000122070312,193.2526348638288,176.56481444417352,265.31012955787185,4.317969206402302,-0.3321068035118351,193.03515625,193.47011347765763,27.95074820800796,2.25,94.16,1751978681.9479706,9523175.9,262.0,2026-10-28,37.0,True,False,https://www.tradingview.com/chart/?symbol=NASDAQ:KLAC,,PASS entry=193.25 SL=176.56 TP=265.31 R:R=4.32 zone=[193.04-193.47] short=2.25% $vol=$1752.0M
BNY,PASS,153.88999938964844,135.24273174997546,128.37167784605347,164.83999633789062,4.307529092592488,2.713887549190839,134.03237915039062,136.45308434956033,6.871053903921982,1.49,87.74,457259269.6921056,2971338.433333333,262.0,2026-10-15,24.0,True,False,https://www.tradingview.com/chart/?symbol=NYSE:BNY,,PASS entry=135.24 SL=128.37 TP=164.84 R:R=4.31 zone=[134.03-136.45] short=1.49% $vol=$457.3M
AIZ,PASS,277.3800048828125,242.23713472283177,231.39619469032485,288.6579895019531,4.281995347260189,3.241681076973369,240.75289916992188,243.7213702757417,10.840940032506918,2.85,101.3,94470340.95099284,340580.93333333335,262.0,2026-11-03,43.0,True,False,https://www.tradingview.com/chart/?symbol=NYSE:AIZ,,PASS entry=242.24 SL=231.40 TP=288.66 R:R=4.28 zone=[240.75-243.72] short=2.85% $vol=$94.5M
DOC,PASS,20.71999931335449,18.18815824157649,17.249329350162675,22.20780734077372,4.281556666991669,2.696807794192628,18.14604511932241,18.23027136383057,0.938828891413815,3.52,99.23,94023679.08412457,4537822.5,262.0,2026-10-22,31.0,True,False,https://www.tradingview.com/chart/?symbol=NYSE:DOC,,PASS entry=18.19 SL=17.25 TP=22.21 R:R=4.28 zone=[18.15-18.23] short=3.52% $vol=$94.0M
HUM,PASS,378.5799865722656,278.5696463032564,249.7335055256898,400.3200073242188,4.222144771733099,3.468229019980839,274.8027038574219,282.33658874909094,28.836140777566577,2.6,100.69,363520920.2017242,960222.2333333332,262.0,2026-11-06,46.0,True,False,https://www.tradingview.com/chart/?symbol=NYSE:HUM,,PASS entry=278.57 SL=249.73 TP=400.32 R:R=4.22 zone=[274.80-282.34] short=2.60% $vol=$363.5M
BAX,PASS,22.93000030517578,18.93285108782013,16.889275017241665,27.53937530517578,4.2115017597164615,1.955958124046833,18.69306755065918,19.17263462498108,2.0435760705784647,4.53,109.61,134066460.04995956,5846770.966666667,262.0,2026-10-29,38.0,True,False,https://www.tradingview.com/chart/?symbol=NYSE:BAX,,PASS entry=18.93 SL=16.89 TP=27.54 R:R=4.21 zone=[18.69-19.17] short=4.53% $vol=$134.1M
AIT,PASS,320.3900146484375,292.0732006093056,274.89307271042094,361.9500122070313,4.067304504890344,1.648230688723239,290.3217468261719,293.8246543924392,17.180127898884628,2.03,97.3,97366952.63834634,303901.3333333333,262.0,2026-10-22,31.0,True,False,https://www.tradingview.com/chart/?symbol=NYSE:AIT,,PASS entry=292.07 SL=274.89 TP=361.95 R:R=4.07 zone=[290.32-293.82] short=2.03% $vol=$97.4M
LTH,PASS,39.90999984741211,34.53500175476074,31.689572743007115,46.0,4.029268766811872,1.8889939163651024,33.7400016784668,35.33000183105469,2.845429011753627,4.85,85.2,122413577.19930954,3067240.7333333334,260.0,2026-10-22,31.0,True,False,https://www.tradingview.com/chart/?symbol=NYSE:LTH,,PASS entry=34.54 SL=31.69 TP=46.00 R:R=4.03 zone=[33.74-35.33] short=4.85% $vol=$122.4M
WTS,PASS,350.6199951171875,306.6682156771436,285.11353734018576,391.5543823242188,3.9381783072832257,2.0390830590444837,302.1103943028199,311.22603705146736,21.554678336957856,2.92,82.46,67277677.59040934,191882.03333333333,262.0,2026-11-04,44.0,True,False,https://www.tradingview.com/chart/?symbol=NYSE:WTS,,PASS entry=306.67 SL=285.11 TP=391.55 R:R=3.94 zone=[302.11-311.23] short=2.92% $vol=$67.3M
R,PASS,237.13999938964844,223.08289094126692,210.9294960044649,270.889957823935,3.933638882901936,1.156640471364487,222.27438354492188,223.891398337612,12.15339493680204,2.27,92.01,62609062.36085662,264017.3,262.0,2026-10-22,31.0,True,False,https://www.tradingview.com/chart/?symbol=NYSE:R,,PASS entry=223.08 SL=210.93 TP=270.89 R:R=3.93 zone=[222.27-223.89] short=2.27% $vol=$62.6M
ALL,PASS,242.8600006103516,212.3132462311384,198.511152877138,265.8934020996094,3.8820311161669614,2.2131972010143914,211.5108302868161,213.11566217546076,13.80209335400046,2.51,86.76,411087074.9138036,1692691.566666667,262.0,2026-11-04,44.0,True,False,https://www.tradingview.com/chart/?symbol=NYSE:ALL,,PASS entry=212.31 SL=198.51 TP=265.89 R:R=3.88 zone=[211.51-213.12] short=2.51% $vol=$411.1M
SWK,PASS,88.68000030517578,79.76577380245658,73.63149368677782,102.99365997314452,3.786570833522781,1.4531821720914102,79.62845014666357,79.90309745824958,6.134280115678757,4.65,100.15,143295124.4811236,1615867.433333333,262.0,2026-10-22,31.0,True,False,https://www.tradingview.com/chart/?symbol=NYSE:SWK,,PASS entry=79.77 SL=73.63 TP=102.99 R:R=3.79 zone=[79.63-79.90] short=4.65% $vol=$143.3M
AMP,PASS,535.719970703125,472.62841767930433,446.8736195455048,569.5399780273438,3.762854589058361,2.4497009332417123,468.9648602543218,476.2919751042868,25.75479813379955,3.16,91.69,253556565.7084391,473300.56666666665,262.0,2026-10-27,36.0,True,False,https://www.tradingview.com/chart/?symbol=NYSE:AMP,,PASS entry=472.63 SL=446.87 TP=569.54 R:R=3.76 zone=[468.96-476.29] short=3.16% $vol=$253.6M
UNF,PASS,264.0,263.3002153637044,254.49876279594864,296.07663908860803,3.723978908320264,0.0539066067092893,262.42755126953125,264.1728794578776,12.981426192700813,4.44,85.31,75200303.2,284849.63333333336,262.0,2026-10-28,37.0,True,False,https://www.tradingview.com/chart/?symbol=NYSE:UNF,,PASS entry=263.30 SL=254.50 TP=296.08 R:R=3.72 zone=[262.43-264.17] short=4.44% $vol=$75.2M
MOG-A,PASS,369.4200134277344,344.9263961938456,317.66173064387937,443.3500061035156,3.6099327801874352,0.775953969925563,344.507080078125,345.34571230956607,31.56581212702408,2.43,90.24,91460600.5624237,247578.9,262.0,2026-10-30,39.0,True,False,https://www.tradingview.com/chart/?symbol=NYSE:MOG.A,,PASS entry=344.93 SL=317.66 TP=443.35 R:R=3.61 zone=[344.51-345.35] short=2.43% $vol=$91.5M
UNH,PASS,377.55999755859375,350.1423214836716,329.49459355678147,424.6352826432401,3.607804278675824,1.3278786010743255,349.3529357910156,350.9317071763275,20.64772792689013,1.71,90.19,1740788268.5222533,4610626.866666666,262.0,2026-10-13,22.0,True,False,https://www.tradingview.com/chart/?symbol=NYSE:UNH,,PASS entry=350.14 SL=329.49 TP=424.64 R:R=3.61 zone=[349.35-350.93] short=1.71% $vol=$1740.8M
CAH,PASS,225.75,216.2292979700813,207.4941952921315,247.17999267578125,3.5432548244486437,0.7011119430087208,215.4609662413644,216.99762969879825,13.579432107606042,2.89,91.7,388991894.375,1723109.1666666667,262.0,2026-10-30,39.0,True,False,https://www.tradingview.com/chart/?symbol=NYSE:CAH,,PASS entry=216.23 SL=207.49 TP=247.18 R:R=3.54 zone=[215.46-217.00] short=2.89% $vol=$389.0M
PNC,PASS,233.25,223.800731994146,214.1247119334108,256.9700012207031,3.427986818790944,0.9566220310440418,223.0318603515625,224.56960363672957,9.877744500135757,1.76,86.02,356121800.425,1526781.566666667,262.0,2026-10-15,24.0,True,False,https://www.tradingview.com/chart/?symbol=NYSE:PNC,,PASS entry=223.80 SL=214.12 TP=256.97 R:R=3.43 zone=[223.03-224.57] short=1.76% $vol=$356.1M
USB,PASS,60.43999862670898,56.67496252926846,54.11490402368592,65.41999816894531,3.4159514794709445,1.4706836149370708,56.44691467285156,56.90301038568536,2.560058505582538,1.61,84.08,406572817.4140316,6726883.3,262.0,2026-10-15,24.0,True,False,https://www.tradingview.com/chart/?symbol=NYSE:USB,,PASS entry=56.67 SL=54.11 TP=65.42 R:R=3.42 zone=[56.45-56.90] short=1.61% $vol=$406.6M
MTB,PASS,226.9600067138672,218.8728714798337,208.91103689904807,252.46080017089844,3.371660954484139,0.8118118373127732,216.99322509765625,220.75251786201116,9.961834580785624,3.88,93.45,230732286.2894577,1016620.9,262.0,2026-10-16,25.0,True,False,https://www.tradingview.com/chart/?symbol=NYSE:MTB,,PASS entry=218.87 SL=208.91 TP=252.46 R:R=3.37 zone=[216.99-220.75] short=3.88% $vol=$230.7M
LW,PASS,47.290000915527344,44.225320734674966,40.93591605514703,54.97999954223633,3.269490942994821,0.931682319273709,44.09986877441406,44.35077269493586,3.2894046795279346,4.63,95.34,61797044.1530482,1306767.6666666667,262.0,2026-10-06,15.0,True,False,https://www.tradingview.com/chart/?symbol=NYSE:LW,,PASS entry=44.23 SL=40.94 TP=54.98 R:R=3.27 zone=[44.10-44.35] short=4.63% $vol=$61.8M
RS,PASS,384.6499938964844,350.1624220194681,326.11686945217104,426.5400085449219,3.176370612057813,1.4342599023455491,349.6131591796875,350.71168485924875,24.04555256729706,2.09,83.28,127866684.42438152,332423.4666666667,262.0,2026-10-21,30.0,True,False,https://www.tradingview.com/chart/?symbol=NYSE:RS,,PASS entry=350.16 SL=326.12 TP=426.54 R:R=3.18 zone=[349.61-350.71] short=2.09% $vol=$127.9M
OXY,PASS,57.25,47.89630138739112,44.359801428729625,59.07481002807617,3.160896019044753,2.6449027914449896,47.308015123332105,48.48458765145014,3.536499958661496,2.11,84.95,452871983.9166667,7910427.666666667,262.0,2026-11-10,50.0,True,False,https://www.tradingview.com/chart/?symbol=NYSE:OXY,,PASS entry=47.90 SL=44.36 TP=59.07 R:R=3.16 zone=[47.31-48.48] short=2.11% $vol=$452.9M
LFUS,PASS,409.5400085449219,369.81962042088753,341.15074995958867,459.3824271344834,3.124043789395188,1.0066906981800825,368.9876403808594,370.6516004609157,39.456397278570016,4.9,101.58,86864118.37905884,212101.66666666663,262.0,2026-11-03,43.0,True,False,https://www.tradingview.com/chart/?symbol=NASDAQ:LFUS,,PASS entry=369.82 SL=341.15 TP=459.38 R:R=3.12 zone=[368.99-370.65] short=4.90% $vol=$86.9M
JBL,PASS,303.6700134277344,274.358747256628,245.0816749595404,365.7699890136719,3.1222808356468463,0.8688659608284884,270.9702453613281,277.747249151928,33.73508399748705,2.92,100.19,310943132.9406718,1023950.7333333332,262.0,2026-09-30,9.0,True,True,https://www.tradingview.com/chart/?symbol=NYSE:JBL,,PASS entry=274.36 SL=245.08 TP=365.77 R:R=3.12 zone=[270.97-277.75] short=2.92% $vol=$310.9M | earnings blackout (<14d)
ST,PASS,41.84000015258789,38.167222182972615,35.39191506721856,46.8081828406849,3.113515116457491,1.0941852544940611,38.1473274230957,38.18711694284953,3.356632667576503,4.35,107.18,58266480.44449425,1392602.3,262.0,2026-10-27,36.0,True,False,https://www.tradingview.com/chart/?symbol=NYSE:ST,,PASS entry=38.17 SL=35.39 TP=46.81 R:R=3.11 zone=[38.15-38.19] short=4.35% $vol=$58.3M
PRI,PASS,285.510009765625,279.5258984670611,266.3730605872277,320.22467979774984,3.0942965847005715,0.4549673122436232,277.65155029296875,281.4002466411534,13.152837879833369,3.66,95.88,52750372.58828125,184758.4,262.0,2026-11-10,50.0,True,False,https://www.tradingview.com/chart/?symbol=NYSE:PRI,,PASS entry=279.53 SL=266.37 TP=320.22 R:R=3.09 zone=[277.65-281.40] short=3.66% $vol=$52.8M
ESS,PASS,271.3900146484375,256.2463112380834,245.2254268112859,290.3099975585937,3.0908305541870784,1.3740914815812648,255.67339383830705,256.81922863785974,11.02088442679751,3.73,104.57,128264918.64217529,472622.1,262.0,2026-10-28,37.0,True,False,https://www.tradingview.com/chart/?symbol=NYSE:ESS,,PASS entry=256.25 SL=245.23 TP=290.31 R:R=3.09 zone=[255.67-256.82] short=3.73% $vol=$128.3M
WSM,PASS,227.16000366210935,201.10852214668523,184.6117322220024,251.77999877929688,3.071596162887176,1.5791848980537344,198.02880859375,204.18823569962044,16.49678992468284,4.72,97.84,266926702.05119932,1175060.3,262.0,2026-11-12,52.0,True,False,https://www.tradingview.com/chart/?symbol=NYSE:WSM,,PASS entry=201.11 SL=184.61 TP=251.78 R:R=3.07 zone=[198.03-204.19] short=4.72% $vol=$266.9M
UNP,PASS,269.6300048828125,263.95735695308025,249.8591825371612,307.0749771113229,3.0583832265229995,0.4023675521652595,262.3927820459206,265.5219318602399,14.098174415919084,4.68,92.24,653993949.0990437,2425523.6333333333,262.0,2026-10-22,31.0,True,False,https://www.tradingview.com/chart/?symbol=NYSE:UNP,,PASS entry=263.96 SL=249.86 TP=307.07 R:R=3.06 zone=[262.39-265.52] short=4.68% $vol=$654.0M
WMB,PASS,71.6500015258789,61.47282011617562,57.0738287346554,74.66776925526774,2.999539665961375,2.313526107929364,60.95363235473633,61.99200787761491,4.39899138152022,2.15,92.18,530189765.3894061,7399717.433333334,262.0,2026-11-02,42.0,True,False,https://www.tradingview.com/chart/?symbol=NYSE:WMB,,PASS entry=61.47 SL=57.07 TP=74.67 R:R=3.00 zone=[60.95-61.99] short=2.15% $vol=$530.2M
IRM,PASS,116.88999938964844,108.80974531743512,102.1426206814936,128.6404567879491,2.9744023928410424,0.9311296861143108,108.49203420768968,109.1274564271806,8.677904047859268,2.19,88.91,179430781.8034195,1535039.6333333333,262.0,2026-10-29,38.0,True,False,https://www.tradingview.com/chart/?symbol=NYSE:IRM,,PASS entry=108.81 SL=102.14 TP=128.64 R:R=2.97 zone=[108.49-109.13] short=2.19% $vol=$179.4M
FITB,PASS,53.310001373291016,50.35772659050557,47.75618221011739,58.08000183105469,2.9683426885828696,1.1348162287913484,50.07473373413086,50.64071944688028,2.6015443803881846,3.42,93.53,274325576.21075743,5145855.733333333,262.0,2026-10-19,28.0,True,False,https://www.tradingview.com/chart/?symbol=NYSE:FITB,,PASS entry=50.36 SL=47.76 TP=58.08 R:R=2.97 zone=[50.07-50.64] short=3.42% $vol=$274.3M
ASB,PASS,29.36000061035156,28.224319728671876,26.92455935165695,32.076515197753906,2.9637735825807563,0.8737617346729221,28.170221585616805,28.278417871726944,1.2997603770149226,4.19,80.99,55500153.567100525,1890332.1666666667,262.0,2026-10-22,31.0,True,False,https://www.tradingview.com/chart/?symbol=NYSE:ASB,,PASS entry=28.22 SL=26.92 TP=32.08 R:R=2.96 zone=[28.17-28.28] short=4.19% $vol=$55.5M
AMAT,PASS,464.239990234375,375.376451698104,314.96744308908114,554.4071376484701,2.963642179746442,1.2761774169805191,374.5134582519531,376.2394451442549,69.63258975897352,1.98,86.96,3365705730.1866045,7249926.333333333,262.0,2026-11-12,52.0,True,False,https://www.tradingview.com/chart/?symbol=NASDAQ:AMAT,,PASS entry=375.38 SL=314.97 TP=554.41 R:R=2.96 zone=[374.51-376.24] short=1.98% $vol=$3365.7M
CFG,PASS,67.36000061035156,64.48117029837792,61.00951892485626,74.7300033569336,2.952149267269084,0.8292394604857292,64.00444030761719,64.95790028913866,3.4716513735216625,3.47,100.05,219033631.56867215,3251686.9,262.0,2026-10-16,25.0,True,False,https://www.tradingview.com/chart/?symbol=NYSE:CFG,,PASS entry=64.48 SL=61.01 TP=74.73 R:R=2.95 zone=[64.00-64.96] short=3.47% $vol=$219.0M
SPG,PASS,204.97999572753903,202.0704667340393,193.27422884677983,227.8346030991588,2.928994951629994,0.3307697030015445,201.8258056640625,202.31512780401616,8.796237887259469,2.97,96.69,257451478.79852653,1255983.433333333,262.0,2026-11-02,42.0,True,False,https://www.tradingview.com/chart/?symbol=NYSE:SPG,,PASS entry=202.07 SL=193.27 TP=227.83 R:R=2.93 zone=[201.83-202.32] short=2.97% $vol=$257.5M
ZION,PASS,64.9800033569336,62.68406235707895,59.42506031230244,72.19999694824219,2.919892181846056,0.7044920402963699,62.36366653442383,63.00445817973407,3.259002044776508,3.82,84.45,92146767.35039648,1418078.8333333333,262.0,2026-10-19,28.0,True,False,https://www.tradingview.com/chart/?symbol=NASDAQ:ZION,,PASS entry=62.68 SL=59.43 TP=72.20 R:R=2.92 zone=[62.36-63.00] short=3.82% $vol=$92.1M
DAL,PASS,82.5,74.9161763156386,69.28275871220238,91.33999633789062,2.9154273974352614,1.3462207523432144,74.76238250732422,75.06997012395297,5.633417603436213,3.86,89.96,473990220.0,5745336.0,262.0,2026-10-09,18.0,True,False,https://www.tradingview.com/chart/?symbol=NYSE:DAL,,PASS entry=74.92 SL=69.28 TP=91.34 R:R=2.92 zone=[74.76-75.07] short=3.86% $vol=$474.0M
ATI,PASS,189.16000366210935,202.8300018310547,192.95928846086773,231.25999450683597,2.8802368794995044,-0.6924523920547403,202.80999755859372,202.8500061035156,19.741426740373885,2.75,94.57,345271074.9177297,1825285.8333333333,262.0,2026-11-03,43.0,True,False,https://www.tradingview.com/chart/?symbol=NYSE:ATI,,PASS entry=202.83 SL=192.96 TP=231.26 R:R=2.88 zone=[202.81-202.85] short=2.75% $vol=$345.3M
DASH,PASS,193.8300018310547,186.16500091552732,168.1020725795201,236.7400054931641,2.799933855509951,0.4243498492017859,183.88999938964844,188.44000244140625,18.062928336007253,4.82,82.54,775601706.9268799,4001453.3333333335,262.0,2026-11-04,44.0,True,False,https://www.tradingview.com/chart/?symbol=NASDAQ:DASH,,PASS entry=186.17 SL=168.10 TP=236.74 R:R=2.80 zone=[183.89-188.44] short=4.82% $vol=$775.6M
SSB,PASS,103.11000061035156,99.23878950522744,94.79275034436402,111.58999633789062,2.778024750970621,0.870710078129935,98.71031951904295,99.76725949141188,4.446039160863412,3.01,89.37,71234557.83666739,690859.8333333334,262.0,2026-10-28,37.0,True,False,https://www.tradingview.com/chart/?symbol=NYSE:SSB,,PASS entry=99.24 SL=94.79 TP=111.59 R:R=2.78 zone=[98.71-99.77] short=3.01% $vol=$71.2M
AJG,PASS,236.6100006103516,222.3140390242772,206.258352530416,266.8470153808594,2.7736575682147957,0.8903986504432783,220.2862243652344,224.34185368332,16.055686493861202,2.66,94.44,315667056.7932846,1334123.9,262.0,2026-10-22,31.0,True,False,https://www.tradingview.com/chart/?symbol=NYSE:AJG,,PASS entry=222.31 SL=206.26 TP=266.85 R:R=2.77 zone=[220.29-224.34] short=2.66% $vol=$315.7M
RJF,PASS,165.19000244140625,156.92063582639236,147.98527582290336,180.80999755859372,2.673575739855283,0.9254654106588808,155.6451873779297,158.19608427485502,8.935360003489007,4.55,80.9,193680388.2384765,1172470.4,262.0,2026-10-28,37.0,True,False,https://www.tradingview.com/chart/?symbol=NYSE:RJF,,PASS entry=156.92 SL=147.99 TP=180.81 R:R=2.67 zone=[155.65-158.20] short=4.55% $vol=$193.7M
MUSA,PASS,508.9800109863281,505.6050618311606,461.5788169861692,622.5089585338304,2.6553229128277387,0.0766576656049167,505.0862426757813,506.1238809865399,44.0262448449914,4.73,83.88,140849224.07222903,276728.4,262.0,2026-10-28,37.0,True,False,https://www.tradingview.com/chart/?symbol=NYSE:MUSA,,PASS entry=505.61 SL=461.58 TP=622.51 R:R=2.66 zone=[505.09-506.12] short=4.73% $vol=$140.8M
LSCC,PASS,117.23999786376952,98.68000030517578,85.85000061035156,132.58999633789062,2.643023915767866,1.1837812066143345,97.76000213623048,99.5999984741211,15.678570883614675,4.09,101.4,182375367.3809377,1555572.933333333,262.0,2026-11-02,42.0,True,False,https://www.tradingview.com/chart/?symbol=NASDAQ:LSCC,,PASS entry=98.68 SL=85.85 TP=132.59 R:R=2.64 zone=[97.76-99.60] short=4.09% $vol=$182.4M
BMY,PASS,62.619998931884766,59.03361080892649,55.86329256601941,67.41000366210938,2.6421299728894105,1.131239152719782,58.954503866693024,59.11271775115996,3.1703182429070824,2.16,85.17,572264273.777501,9138682.266666668,262.0,2026-10-29,38.0,True,False,https://www.tradingview.com/chart/?symbol=NYSE:BMY,,PASS entry=59.03 SL=55.86 TP=67.41 R:R=2.64 zone=[58.95-59.11] short=2.16% $vol=$572.3M
CHE,PASS,499.9599914550781,477.1545021663086,448.446975656006,551.993896484375,2.6069607317512324,0.794408019812681,474.8237160779636,479.48528825465365,28.707526510302603,4.41,105.8,74278839.28115134,148569.56666666668,262.0,2026-11-03,43.0,True,False,https://www.tradingview.com/chart/?symbol=NYSE:CHE,,PASS entry=477.15 SL=448.45 TP=551.99 R:R=2.61 zone=[474.82-479.49] short=4.41% $vol=$74.3M
PLXS,PASS,252.3600006103516,207.56999969482425,182.69178662981307,271.6099853515625,2.574139287632537,1.800370500826694,206.22000122070312,208.9199981689453,24.87821306501116,3.3,100.86,55116273.74530283,218403.36666666667,262.0,2026-10-28,37.0,True,False,https://www.tradingview.com/chart/?symbol=NASDAQ:PLXS,,PASS entry=207.57 SL=182.69 TP=271.61 R:R=2.57 zone=[206.22-208.92] short=3.30% $vol=$55.1M
KEX,PASS,135.6300048828125,130.9749984741211,124.0599996948242,148.64999389648438,2.556037388651641,0.5954324573158253,130.94000244140625,131.00999450683594,7.817858014787946,3.36,102.92,53265316.27260336,392725.1666666667,262.0,2026-11-04,44.0,True,False,https://www.tradingview.com/chart/?symbol=NYSE:KEX,,PASS entry=130.97 SL=124.06 TP=148.65 R:R=2.56 zone=[130.94-131.01] short=3.36% $vol=$53.3M
CECO,PASS,71.52999877929688,62.96500015258789,56.28999923706055,79.9000015258789,2.537078509442138,0.8621654868158851,61.95000076293945,63.97999954223633,9.934286117553713,3.36,88.08,57544870.67629497,804485.8333333334,262.0,2026-11-09,49.0,True,False,https://www.tradingview.com/chart/?symbol=NASDAQ:CECO,,PASS entry=62.97 SL=56.29 TP=79.90 R:R=2.54 zone=[61.95-63.98] short=3.36% $vol=$57.5M
EXPE,PASS,281.0199890136719,266.7931236994891,240.5901564835141,332.2110900878906,2.496586201448152,0.5429486361952607,264.8948974609375,268.6913499380408,26.20296721597501,4.57,104.0,469110208.51238406,1669312.6,262.0,2026-10-29,38.0,True,False,https://www.tradingview.com/chart/?symbol=NASDAQ:EXPE,,PASS entry=266.79 SL=240.59 TP=332.21 R:R=2.50 zone=[264.89-268.69] short=4.57% $vol=$469.1M
PKG,PASS,238.30999755859372,222.38984424739908,209.13751450204063,254.39352416992188,2.414947449804586,1.2013097785142757,222.27140433922395,222.5082841555742,13.25232974535842,3.1,98.84,134075984.90976968,562611.6666666666,262.0,2026-10-21,30.0,True,False,https://www.tradingview.com/chart/?symbol=NYSE:PKG,,PASS entry=222.39 SL=209.14 TP=254.39 R:R=2.41 zone=[222.27-222.51] short=3.10% $vol=$134.1M
UMBF,PASS,133.52999877929688,133.79001400749908,126.3217616740248,151.50167846679688,2.3715942724525223,-0.0348160743092147,132.90444946289062,134.67557855210754,7.468252333474276,4.7,96.85,74102833.3535675,554952.7,262.0,2026-10-27,36.0,True,False,https://www.tradingview.com/chart/?symbol=NASDAQ:UMBF,,PASS entry=133.79 SL=126.32 TP=151.50 R:R=2.37 zone=[132.90-134.68] short=4.70% $vol=$74.1M
COLB,PASS,29.899999618530277,29.44395088871605,27.95920105005182,32.92817293374404,2.3466727891094554,0.3071552647714164,29.37565839183771,29.512243385594385,1.4847498386642246,3.8,96.49,88237124.43092111,2951074.433333333,262.0,2026-10-29,38.0,True,False,https://www.tradingview.com/chart/?symbol=NASDAQ:COLB,,PASS entry=29.44 SL=27.96 TP=32.93 R:R=2.35 zone=[29.38-29.51] short=3.80% $vol=$88.2M
CCK,PASS,108.7300033569336,107.22993827142597,101.41813139748106,120.69000244140624,2.3159861402696515,0.2581064921879318,106.46979522705078,107.99008131580116,5.811806873944905,2.5,100.32,92165371.52484997,847653.5333333333,262.0,2026-10-26,35.0,True,False,https://www.tradingview.com/chart/?symbol=NYSE:CCK,,PASS entry=107.23 SL=101.42 TP=120.69 R:R=2.32 zone=[106.47-107.99] short=2.50% $vol=$92.2M
FWONK,PASS,96.43000030517578,92.40749740600586,86.68713978358677,105.63999938964844,2.31322984629179,0.7031908081070014,91.58999633789062,93.2249984741211,5.720357622419085,3.78,89.9,186345331.220401,1932441.4666666663,262.0,2026-10-30,39.0,True,False,https://www.tradingview.com/chart/?symbol=NASDAQ:FWONK,,PASS entry=92.41 SL=86.69 TP=105.64 R:R=2.31 zone=[91.59-93.22] short=3.78% $vol=$186.3M
OMF,PASS,60.43999862670898,57.87188632244735,54.459343681209496,65.68000030517578,2.288063418863584,0.7525509786245765,57.38434982299805,58.35942282189664,3.4125426412378475,3.44,95.06,52426273.31145998,867410.2333333333,262.0,2026-10-28,37.0,True,False,https://www.tradingview.com/chart/?symbol=NYSE:OMF,,PASS entry=57.87 SL=54.46 TP=65.68 R:R=2.29 zone=[57.38-58.36] short=3.44% $vol=$52.4M
IEX,PASS,222.52999877929688,216.36618462889493,206.39655158098745,239.0,2.270275672368464,0.6182588788155701,216.15003459430065,216.58233466348923,9.969633047907502,2.57,105.1,121224544.59734802,544755.9666666667,262.0,2026-10-27,36.0,True,False,https://www.tradingview.com/chart/?symbol=NYSE:IEX,,PASS entry=216.37 SL=206.40 TP=239.00 R:R=2.27 zone=[216.15-216.58] short=2.57% $vol=$121.2M
ROK,PASS,424.8900146484375,421.0242927199648,395.570064148603,478.6056823730469,2.2621541836025663,0.1518695378111734,417.6122741699219,424.4363112700077,25.454228571361785,3.29,92.64,299842985.4953369,705695.5333333333,262.0,2026-11-04,44.0,True,False,https://www.tradingview.com/chart/?symbol=NYSE:ROK,,PASS entry=421.02 SL=395.57 TP=478.61 R:R=2.26 zone=[417.61-424.44] short=3.29% $vol=$299.8M
SJM,PASS,119.87999725341795,116.02762911669105,108.74945934895266,132.33999633789062,2.241273251622504,0.5293045174355725,115.40843200683594,116.64682622654612,7.278169767738383,4.32,89.87,165192598.25525665,1377983.0,262.0,2026-12-01,71.0,True,False,https://www.tradingview.com/chart/?symbol=NYSE:SJM,,PASS entry=116.03 SL=108.75 TP=132.34 R:R=2.24 zone=[115.41-116.65] short=4.32% $vol=$165.2M
MPWR,PASS,1277.6800537109375,1104.5581756815816,960.0765190654032,1428.219970703125,2.2401583882815266,1.198227388057027,1091.576035445554,1117.5403159176092,144.48165661617853,4.22,99.72,825367175.0380045,645988.9333333333,262.0,2026-11-04,44.0,True,False,https://www.tradingview.com/chart/?symbol=NASDAQ:MPWR,,PASS entry=1104.56 SL=960.08 TP=1428.22 R:R=2.24 zone=[1091.58-1117.54] short=4.22% $vol=$825.4M
EWBC,PASS,127.7699966430664,125.0959592737822,119.91266977926584,136.60000610351562,2.2194490278623427,0.515895817147237,124.25652313232422,125.93539541524018,5.1832894945163615,3.03,93.56,97875305.54949725,766027.3,262.0,2026-10-20,29.0,True,False,https://www.tradingview.com/chart/?symbol=NASDAQ:EWBC,,PASS entry=125.10 SL=119.91 TP=136.60 R:R=2.22 zone=[124.26-125.94] short=3.03% $vol=$97.9M
FR,PASS,62.0,63.380934809745,60.84499570393617,68.97000122070312,2.203943461479731,-0.5445457292652749,63.24700164794922,63.51486797154077,2.5359391058088323,3.14,100.75,51807386.0,835603.0,262.0,2026-10-21,30.0,True,False,https://www.tradingview.com/chart/?symbol=NYSE:FR,,PASS entry=63.38 SL=60.84 TP=68.97 R:R=2.20 zone=[63.25-63.51] short=3.14% $vol=$51.8M
DIOD,PASS,90.7300033569336,76.38999938964844,62.69856916155134,106.5199966430664,2.200646444634118,1.0473707807280117,71.06999969482422,81.70999908447266,13.6914302280971,4.98,100.14,58163375.95199585,641060.0,262.0,2026-11-05,45.0,True,False,https://www.tradingview.com/chart/?symbol=NASDAQ:DIOD,,PASS entry=76.39 SL=62.70 TP=106.52 R:R=2.20 zone=[71.07-81.71] short=4.98% $vol=$58.2M
URI,PASS,1029.9200439453125,984.0309658696532,903.6370340768514,1160.8367919921875,2.1992434277031494,0.5708027590182899,970.7264404296876,997.3354913096188,80.39393179280171,2.31,95.9,438252469.6969808,425520.8666666666,262.0,2026-10-28,37.0,True,False,https://www.tradingview.com/chart/?symbol=NYSE:URI,,PASS entry=984.03 SL=903.64 TP=1160.84 R:R=2.20 zone=[970.73-997.34] short=2.31% $vol=$438.3M
RTX,PASS,194.33999633789065,201.5233254024473,191.1894684643704,223.6370938324958,2.13993367264128,-0.695125654206461,200.247880561738,202.79877024315664,10.33385693807691,0.92,82.37,787860784.2856872,4054033.133333333,262.0,2026-10-27,36.0,True,False,https://www.tradingview.com/chart/?symbol=NYSE:RTX,,PASS entry=201.52 SL=191.19 TP=223.64 R:R=2.14 zone=[200.25-202.80] short=0.92% $vol=$787.9M
WAB,PASS,283.3800048828125,270.9504025390943,255.842531334582,302.4877564025922,2.087478337390018,0.8227236104584893,266.67999267578125,275.2208124024074,15.107871204512312,1.98,96.04,232491086.459965,820421.6333333333,262.0,2026-10-28,37.0,True,False,https://www.tradingview.com/chart/?symbol=NYSE:WAB,,PASS entry=270.95 SL=255.84 TP=302.49 R:R=2.09 zone=[266.68-275.22] short=1.98% $vol=$232.5M
MTG,FAIL,29.450000762939453,28.799446590697745,27.560658152045438,31.15999984741211,1.9055338127650208,0.5251535709757296,28.398972945414464,29.199920235981025,1.238788438652309,3.98,100.72,53059189.74623197,1801670.2333333332,262.0,2026-11-04,44.0,True,False,https://www.tradingview.com/chart/?symbol=NYSE:MTG,,R:R 1.91 < 2.0
WELL,FAIL,232.75999450683597,217.84263058940343,206.0264153032392,239.8500061035156,1.862472456801035,1.2624485553254496,216.76171204387023,218.92354913493656,11.816215286164216,2.56,101.7,611040645.3327,2625196.1666666665,262.0,2026-11-02,42.0,True,False,https://www.tradingview.com/chart/?symbol=NYSE:WELL,,R:R 1.86 < 2.0
LPLA,FAIL,332.260009765625,330.0911472301626,308.0578140562998,370.6900024414063,1.8426106885818,0.0984355166940971,320.8233826009228,339.3589118594025,22.033333173862843,2.44,105.88,189510222.51732585,570367.2333333333,262.0,2026-10-22,31.0,True,False,https://www.tradingview.com/chart/?symbol=NASDAQ:LPLA,,R:R 1.84 < 2.0
PH,FAIL,958.1699829101562,984.3724338900104,930.541560858878,1082.6694406412896,1.826034043594848,-0.4867550813210914,966.9724731445312,1001.7723946354896,53.83087303113224,1.05,91.18,578851885.8056438,604122.3333333334,262.0,2026-10-29,38.0,True,False,https://www.tradingview.com/chart/?symbol=NYSE:PH,,R:R 1.83 < 2.0
JLL,FAIL,340.07000732421875,347.9599914550781,325.6028485979353,387.75,1.7797447911466673,-0.3529066384409944,346.42999267578125,349.489990234375,22.357142857142858,1.62,95.22,106741502.6332662,313880.9666666667,262.0,2026-11-04,44.0,True,False,https://www.tradingview.com/chart/?symbol=NYSE:JLL,,R:R 1.78 < 2.0
VLTO,FAIL,95.18000030517578,91.73177619478908,86.94158294778492,99.08999633789062,1.5361008969112953,0.7198507309790154,90.84608459472656,92.61746779485162,4.790193247004162,2.33,100.92,143162522.77902222,1504124.0,156.0,2026-10-28,37.0,True,False,https://www.tradingview.com/chart/?symbol=NYSE:VLTO,,R:R 1.54 < 2.0
OHI,FAIL,46.83000183105469,47.64636205989352,45.41517298845072,51.02536010742188,1.5144382386846875,-0.3658857240237965,47.35532405553296,47.93740006425408,2.231189071442802,4.31,82.61,89871895.1549942,1919109.3666666667,262.0,2026-11-03,43.0,True,False,https://www.tradingview.com/chart/?symbol=NYSE:OHI,,R:R 1.51 < 2.0
TTMI,FAIL,124.0199966430664,109.11000061035156,88.0099966430664,140.42999267578125,1.4843595344337503,0.5877018659903848,107.93000030517578,110.29000091552734,25.36999947684152,3.23,94.09,273467858.6718595,2205030.3666666667,262.0,2026-11-04,44.0,True,False,https://www.tradingview.com/chart/?symbol=NASDAQ:TTMI,,R:R 1.48 < 2.0
EW,FAIL,88.33999633789062,84.44499969482422,79.30642918178013,91.5999984741211,1.392410352477241,0.757992253522471,84.1500015258789,84.73999786376953,5.138570513044085,1.58,94.44,269796179.25567627,3054066.0,262.0,2026-10-28,37.0,True,False,https://www.tradingview.com/chart/?symbol=NYSE:EW,,R:R 1.39 < 2.0
ZBH,FAIL,94.31999969482422,93.21999740600586,87.38208928367627,101.31999969482422,1.387483687493541,0.1884240494657543,93.0999984741211,93.33999633789062,5.837908122329589,4.62,106.72,179840719.98611882,1906708.2333333332,262.0,2026-11-04,44.0,True,False,https://www.tradingview.com/chart/?symbol=NYSE:ZBH,,R:R 1.39 < 2.0
ALSN,FAIL,118.8000030517578,121.26203780209836,111.94748461820602,133.22999572753906,1.2848665619449025,-0.2643212939723343,119.79034664000524,122.7337289641915,9.31455318389234,3.39,103.87,92128495.52661487,775492.3666666667,262.0,2026-10-28,37.0,True,False,https://www.tradingview.com/chart/?symbol=NYSE:ALSN,,R:R 1.28 < 2.0
EOG,FAIL,141.3800048828125,142.40316821546645,133.66382836524636,153.0500030517578,1.2182653402617398,-0.1170755858210714,140.17967224121094,144.62666418972194,8.739339850220082,2.82,98.34,434762516.4873047,3075134.4,262.0,2026-10-29,38.0,True,False,https://www.tradingview.com/chart/?symbol=NYSE:EOG,,R:R 1.22 < 2.0
AME,FAIL,241.22999572753903,241.34328551946555,230.0260882712883,254.88855028326455,1.1968744969944416,-0.0100104106557599,238.33266762509,244.35390341384115,11.317197248177246,1.13,92.82,328173314.7286728,1360416.7,262.0,2026-11-03,43.0,True,False,https://www.tradingview.com/chart/?symbol=NYSE:AME,,R:R 1.20 < 2.0
CTVA,FAIL,79.11000061035156,82.83213511559889,77.51271473808185,89.06017303466797,1.1708113811407712,-0.6997255793092098,81.84650421142578,83.817766019772,5.319420377517039,2.69,91.11,366826245.6371476,4636913.7,262.0,2026-11-11,51.0,True,False,https://www.tradingview.com/chart/?symbol=NYSE:CTVA,,R:R 1.17 < 2.0
PGR,FAIL,212.2400054931641,205.54872894709345,192.7371755696733,220.3999938964844,1.1592087635185395,0.5222845621409001,202.7299793447737,208.3674785494131,12.811553377420124,1.04,90.36,488187909.49387306,2300169.1333333333,262.0,2026-10-08,17.0,True,False,https://www.tradingview.com/chart/?symbol=NYSE:PGR,,R:R 1.16 < 2.0
CLH,FAIL,311.42999267578125,312.75,299.1500036621094,324.6300048828125,0.8735300060128627,-0.087703981609792,311.42999267578125,314.07000732421875,15.050711495535714,2.1,95.25,128850463.83369142,413738.13333333336,262.0,2026-11-04,44.0,True,False,https://www.tradingview.com/chart/?symbol=NYSE:CLH,,R:R 0.87 < 2.0
GM,FAIL,83.94999694824219,83.46609300439289,78.52946401036493,87.76000213623047,0.8698059216181933,0.0980231539446648,83.0777353887578,83.85445062002798,4.93662899402796,2.48,90.28,520995936.5173757,6206026.866666666,262.0,2026-10-20,29.0,True,False,https://www.tradingview.com/chart/?symbol=NYSE:GM,,R:R 0.87 < 2.0
VTR,FAIL,87.02999877929688,88.83964835100645,83.52810652077432,93.4499969482422,0.8679868754858805,-0.3407013687455951,88.52151204654766,89.15778465546525,5.311541830232132,3.99,104.67,280790237.40657043,3226361.5,262.0,2026-10-29,38.0,True,False,https://www.tradingview.com/chart/?symbol=NYSE:VTR,,R:R 0.87 < 2.0
OKE,FAIL,91.8000030517578,93.93004216955649,88.66898755131157,97.5999984741211,0.6975704627428682,-0.4048692272480638,92.92205810546876,94.9380262336442,5.26105461824491,4.13,84.22,335446320.7714259,3654099.233333333,262.0,2026-11-03,43.0,True,False,https://www.tradingview.com/chart/?symbol=NYSE:OKE,,R:R 0.70 < 2.0
SKY,FAIL,86.48999786376953,89.68000030517578,82.5753560747419,94.52999877929688,0.6826518424871089,-0.4490024184098294,88.81999969482422,90.54000091552734,7.104644230433872,4.96,111.18,51977164.61720759,600961.5666666667,262.0,2026-11-03,43.0,True,False,https://www.tradingview.com/chart/?symbol=NYSE:SKY,,R:R 0.68 < 2.0
MDLZ,FAIL,60.16999816894531,62.52886340521021,59.27811356942263,64.7300033569336,0.6771176076027086,-0.7256372699910949,62.46639700820201,62.59132980221841,3.250749835787577,2.53,89.63,443296466.5722203,7367400.366666666,262.0,2026-11-03,43.0,True,False,https://www.tradingview.com/chart/?symbol=NASDAQ:MDLZ,,R:R 0.68 < 2.0
OVV,FAIL,60.18000030517578,63.57683986295442,59.55428410631253,65.9757722113199,0.5963701918623396,-0.8444480979958845,62.84023666381836,64.31344306209049,4.022555756641891,4.1,93.59,208502553.80532685,3464648.6,262.0,2026-11-10,50.0,True,False,https://www.tradingview.com/chart/?symbol=NYSE:OVV,,R:R 0.60 < 2.0
CHD,FAIL,95.48999786376952,99.4866519335582,94.90492686818234,102.04883984305152,0.5592190436863653,-0.8723033383193204,99.27729034423828,99.69601352287812,4.581725065375851,4.98,95.29,170313197.34588113,1783571.066666667,262.0,2026-10-30,39.0,True,False,https://www.tradingview.com/chart/?symbol=NYSE:CHD,,R:R 0.56 < 2.0
TTC,FAIL,93.38999938964844,97.58000183105467,92.71964372907368,100.0,0.4979053226466897,-0.8620768991689013,97.08000183105467,98.08000183105467,4.860358101981027,3.98,96.33,80736006.24134877,864503.7666666667,262.0,2026-12-23,93.0,True,False,https://www.tradingview.com/chart/?symbol=NYSE:TTC,,R:R 0.50 < 2.0
PM,FAIL,187.47999572753903,188.3286452601345,177.43959867565673,193.0,0.4289957530831504,-0.0779360732835092,188.2195491203068,188.4377413999622,10.889046584477738,1.07,85.56,786803559.9016205,4196733.4,262.0,2026-10-20,29.0,True,False,https://www.tradingview.com/chart/?symbol=NYSE:PM,,R:R 0.43 < 2.0
DLR,FAIL,186.3300018310547,193.6868839475729,180.7640916533912,198.7869110107422,0.3946536435059348,-0.5692950833722328,191.68560791015625,195.6881599849896,12.922792294181756,2.28,104.88,377340371.0791031,2025118.7,262.0,2026-10-22,31.0,True,False,https://www.tradingview.com/chart/?symbol=NYSE:DLR,,R:R 0.39 < 2.0
DAR,FAIL,63.2599983215332,65.06499862670898,60.06299781799317,66.66000366210938,0.3188734061420277,-0.3608556604050579,64.11000061035156,66.0199966430664,5.00200080871582,4.7,106.18,157950766.8737858,2496850.6333333333,262.0,2026-11-10,50.0,True,False,https://www.tradingview.com/chart/?symbol=NYSE:DAR,,R:R 0.32 < 2.0
CUBE,FAIL,39.54999923706055,41.662282546768566,40.03725251328523,42.09000015258789,0.2632059697398272,-1.2998426282499125,41.62774912854072,41.69681596499641,1.625030033483333,3.36,104.08,84778528.03957939,2143578.5,261.0,2026-10-29,38.0,True,False,https://www.tradingview.com/chart/?symbol=NYSE:CUBE,,R:R 0.26 < 2.0
ACAD,FAIL,26.395000457763672,,,,,,,,,,,41231792.98424213,1562106.1666666667,,,,False,False,https://www.tradingview.com/chart/?symbol=NASDAQ:ACAD,https://finviz.com/quote.ashx?t=ACAD,$vol(30d) $41.2M < $50M
ACHC,FAIL,28.3700008392334,,,,,,,,,,,42355442.89028015,1492965.8666666667,,,,False,False,https://www.tradingview.com/chart/?symbol=NASDAQ:ACHC,https://finviz.com/quote.ashx?t=ACHC,$vol(30d) $42.4M < $50M
ACIW,FAIL,49.59000015258789,,,,,,,,,,,41441201.06851412,835676.5666666667,,,,False,False,https://www.tradingview.com/chart/?symbol=NASDAQ:ACIW,https://finviz.com/quote.ashx?t=ACIW,$vol(30d) $41.4M < $50M
ADEA,FAIL,25.530000686645508,,,,,,,,,,,21991665.98647976,861404.8333333334,,,,False,False,https://www.tradingview.com/chart/?symbol=NASDAQ:ADEA,https://finviz.com/quote.ashx?t=ADEA,$vol(30d) $22.0M < $50M
ADUS,FAIL,115.36000061035156,,,,,,,,,,,23651991.751805626,205027.66666666663,,,,False,False,https://www.tradingview.com/chart/?symbol=NASDAQ:ADUS,https://finviz.com/quote.ashx?t=ADUS,$vol(30d) $23.7M < $50M
AGIO,FAIL,33.95000076293945,,,,,,,,,,,31216364.80817464,919480.5333333332,,,,False,False,https://www.tradingview.com/chart/?symbol=NASDAQ:AGIO,https://finviz.com/quote.ashx?t=AGIO,$vol(30d) $31.2M < $50M
AGYS,FAIL,100.25,,,,,,,,,,,24845512.216666665,247835.53333333333,,,,False,False,https://www.tradingview.com/chart/?symbol=NASDAQ:AGYS,https://finviz.com/quote.ashx?t=AGYS,$vol(30d) $24.8M < $50M
AHR,FAIL,52.29999923706055,,,,,,,,,,,174223936.62513095,3331241.6666666665,138.0,,,False,False,https://www.tradingview.com/chart/?symbol=NYSE:AHR,https://finviz.com/quote.ashx?t=AHR,history 138 weekly bars < ~3y (150)
AIR,FAIL,116.26000213623048,,,,,,,,,,,46549799.54466706,400393.93333333335,,,,False,False,https://www.tradingview.com/chart/?symbol=NYSE:AIR,https://finviz.com/quote.ashx?t=AIR,$vol(30d) $46.5M < $50M
ALRM,FAIL,53.13999938964844,,,,,,,,,,,21528248.37206573,405123.2333333333,,,,False,False,https://www.tradingview.com/chart/?symbol=NASDAQ:ALRM,https://finviz.com/quote.ashx?t=ALRM,$vol(30d) $21.5M < $50M
AMBA,FAIL,68.8499984741211,,,,,,,,,10.37,82.06,104955031.76894812,1524401.3666666667,262.0,,,False,False,https://www.tradingview.com/chart/?symbol=NASDAQ:AMBA,https://finviz.com/quote.ashx?t=AMBA,short float 10.37% >= 5%
ANAB,FAIL,54.91999816894531,,,,,,,,,,,24187583.670909625,440414.8666666666,,,,False,False,https://www.tradingview.com/chart/?symbol=NASDAQ:ANAB,https://finviz.com/quote.ashx?t=ANAB,$vol(30d) $24.2M < $50M
ANDE,FAIL,68.4800033569336,,,,,,,,,,,25868067.892069243,377746.3,,,,False,False,https://www.tradingview.com/chart/?symbol=NASDAQ:ANDE,https://finviz.com/quote.ashx?t=ANDE,$vol(30d) $25.9M < $50M
APLE,FAIL,15.68000030517578,,,,,,,,,,,37021590.86454162,2361070.8,,,,False,False,https://www.tradingview.com/chart/?symbol=NYSE:APLE,https://finviz.com/quote.ashx?t=APLE,$vol(30d) $37.0M < $50M
ARCB,FAIL,129.75,,,,,,,,,,,34564448.5,266392.6666666667,,,,False,False,https://www.tradingview.com/chart/?symbol=NASDAQ:ARCB,https://finviz.com/quote.ashx?t=ARCB,$vol(30d) $34.6M < $50M
ASH,FAIL,69.05999755859375,,,,,,,,,,,42603243.70789184,616901.9,,,,False,False,https://www.tradingview.com/chart/?symbol=NYSE:ASH,https://finviz.com/quote.ashx?t=ASH,$vol(30d) $42.6M < $50M
ATEN,FAIL,26.940000534057617,,,,,,,,,,,33577487.74363893,1246380.3666666667,,,,False,False,https://www.tradingview.com/chart/?symbol=NYSE:ATEN,https://finviz.com/quote.ashx?t=ATEN,$vol(30d) $33.6M < $50M
ATEX,FAIL,83.62000274658203,,,,,,,,,,,29505485.209136963,352852.0,,,,False,False,https://www.tradingview.com/chart/?symbol=NASDAQ:ATEX,https://finviz.com/quote.ashx?t=ATEX,$vol(30d) $29.5M < $50M
AUB,FAIL,38.88999938964844,,,,,,,,,,,42297013.52851105,1087606.433333333,,,,False,False,https://www.tradingview.com/chart/?symbol=NYSE:AUB,https://finviz.com/quote.ashx?t=AUB,$vol(30d) $42.3M < $50M
AVNT,FAIL,40.43999862670898,,,,,,,,,,,30546324.654685594,755349.3,,,,False,False,https://www.tradingview.com/chart/?symbol=NYSE:AVNT,https://finviz.com/quote.ashx?t=AVNT,$vol(30d) $30.5M < $50M
AWK,FAIL,133.97000122070312,,,,,,,,,5.88,105.63,278536757.1322947,2079097.9666666663,262.0,,,False,False,https://www.tradingview.com/chart/?symbol=NYSE:AWK,https://finviz.com/quote.ashx?t=AWK,short float 5.88% >= 5%
AWR,FAIL,84.8499984741211,,,,,,,,,,,17540533.91289749,206724.03333333333,,,,False,False,https://www.tradingview.com/chart/?symbol=NYSE:AWR,https://finviz.com/quote.ashx?t=AWR,$vol(30d) $17.5M < $50M
BANR,FAIL,69.72000122070312,,,,,,,,,,,21392648.1265564,306836.6,,,,False,False,https://www.tradingview.com/chart/?symbol=NASDAQ:BANR,https://finviz.com/quote.ashx?t=BANR,$vol(30d) $21.4M < $50M
BCAX,FAIL,22.01000022888184,,,,,,,,,,,13010508.048962846,591118.0333333333,,,,False,False,https://www.tradingview.com/chart/?symbol=NASDAQ:BCAX,https://finviz.com/quote.ashx?t=BCAX,$vol(30d) $13.0M < $50M
BELFB,FAIL,243.4600067138672,,,,,,,,,,,36248460.13228607,148888.76666666666,,,,False,False,https://www.tradingview.com/chart/?symbol=NASDAQ:BELFB,https://finviz.com/quote.ashx?t=BELFB,$vol(30d) $36.2M < $50M
BHE,FAIL,77.16000366210938,,,,,,,,,,,25468099.52874756,330068.6666666667,,,,False,False,https://www.tradingview.com/chart/?symbol=NYSE:BHE,https://finviz.com/quote.ashx?t=BHE,$vol(30d) $25.5M < $50M
BHVN,FAIL,14.220000267028809,,,,,,,,,,,48161120.24238863,3386857.9,,,,False,False,https://www.tradingview.com/chart/?symbol=NYSE:BHVN,https://finviz.com/quote.ashx?t=BHVN,$vol(30d) $48.2M < $50M
BILL,FAIL,47.060001373291016,,,,,,,,,15.41,105.13,105357190.66383564,2238784.2666666666,262.0,,,False,False,https://www.tradingview.com/chart/?symbol=NYSE:BILL,https://finviz.com/quote.ashx?t=BILL,short float 15.41% >= 5%
BJRI,FAIL,61.11000061035156,,,,,,,,,,,27733832.682998657,453834.6,,,,False,False,https://www.tradingview.com/chart/?symbol=NASDAQ:BJRI,https://finviz.com/quote.ashx?t=BJRI,$vol(30d) $27.7M < $50M
BRZE,FAIL,25.399999618530277,,,,,,,,,11.21,82.96,73138007.73491064,2879449.1666666665,254.0,,,False,False,https://www.tradingview.com/chart/?symbol=NASDAQ:BRZE,https://finviz.com/quote.ashx?t=BRZE,short float 11.21% >= 5%
BTSG,FAIL,55.86000061035156,,,,,,,,,,,142485929.96686554,2550768.5,140.0,,,False,False,https://www.tradingview.com/chart/?symbol=NASDAQ:BTSG,https://finviz.com/quote.ashx?t=BTSG,history 140 weekly bars < ~3y (150)
BXP,FAIL,64.12999725341797,,,,,,,,,7.06,113.96,83929443.43910702,1308739.2333333334,262.0,,,False,False,https://www.tradingview.com/chart/?symbol=NYSE:BXP,https://finviz.com/quote.ashx?t=BXP,short float 7.06% >= 5%
CAKE,FAIL,99.47000122070312,,,,,,,,,20.59,98.28,160780063.93543804,1616367.3666666667,262.0,,,False,False,https://www.tradingview.com/chart/?symbol=NASDAQ:CAKE,https://finviz.com/quote.ashx?t=CAKE,short float 20.59% >= 5%
CARS,FAIL,11.449999809265137,,,,,,,,,,,6296269.020116329,549892.5,,,,False,False,https://www.tradingview.com/chart/?symbol=NYSE:CARS,https://finviz.com/quote.ashx?t=CARS,$vol(30d) $6.3M < $50M
CBRL,FAIL,44.869998931884766,,,,,,,,,,,38298979.03363902,853554.2666666667,,,,False,False,https://www.tradingview.com/chart/?symbol=NASDAQ:CBRL,https://finviz.com/quote.ashx?t=CBRL,$vol(30d) $38.3M < $50M
CCSI,FAIL,35.58000183105469,,,,,,,,,,,6640808.093756103,186644.4,,,,False,False,https://www.tradingview.com/chart/?symbol=NASDAQ:CCSI,https://finviz.com/quote.ashx?t=CCSI,$vol(30d) $6.6M < $50M
CDP,FAIL,34.58000183105469,,,,,,,,,,,27685711.94266001,800627.8333333334,,,,False,False,https://www.tradingview.com/chart/?symbol=NYSE:CDP,https://finviz.com/quote.ashx?t=CDP,$vol(30d) $27.7M < $50M
CF,FAIL,123.2699966430664,,,,,,,,,5.54,107.94,327560895.596742,2657263.7666666666,262.0,,,False,False,https://www.tradingview.com/chart/?symbol=NYSE:CF,https://finviz.com/quote.ashx?t=CF,short float 5.54% >= 5%
CFR,FAIL,158.74000549316406,,,,,,,,,6.67,92.66,80210885.59501393,505297.2333333333,262.0,,,False,False,https://www.tradingview.com/chart/?symbol=NYSE:CFR,https://finviz.com/quote.ashx?t=CFR,short float 6.67% >= 5%
CHRD,FAIL,139.42999267578125,,,,,,,,,7.56,98.13,97893156.47969972,702095.4,262.0,,,False,False,https://www.tradingview.com/chart/?symbol=NASDAQ:CHRD,https://finviz.com/quote.ashx?t=CHRD,short float 7.56% >= 5%
CLDT,FAIL,13.140000343322754,,,,,,,,,,,3646068.461264705,277478.56666666665,,,,False,False,https://www.tradingview.com/chart/?symbol=NYSE:CLDT,https://finviz.com/quote.ashx?t=CLDT,$vol(30d) $3.6M < $50M
CLDX,FAIL,37.88999938964844,,,,,,,,,,,30800698.40884654,812897.8333333334,,,,False,False,https://www.tradingview.com/chart/?symbol=NASDAQ:CLDX,https://finviz.com/quote.ashx?t=CLDX,$vol(30d) $30.8M < $50M
CLYM,FAIL,13.640000343322754,,,,,,,,,,,22385787.151456736,1641186.7,,,,False,False,https://www.tradingview.com/chart/?symbol=NASDAQ:CLYM,https://finviz.com/quote.ashx?t=CLYM,$vol(30d) $22.4M < $50M
CNA,FAIL,47.81999969482422,,,,,,,,,,,20347663.316146087,425505.3,,,,False,False,https://www.tradingview.com/chart/?symbol=NYSE:CNA,https://finviz.com/quote.ashx?t=CNA,$vol(30d) $20.3M < $50M
CNMD,FAIL,44.66999816894531,,,,,,,,,,,14181530.240689088,317473.26666666666,,,,False,False,https://www.tradingview.com/chart/?symbol=NYSE:CNMD,https://finviz.com/quote.ashx?t=CNMD,$vol(30d) $14.2M < $50M
COLD,FAIL,14.729999542236328,,,,,,,,,9.3,110.01,50720463.89076195,3443344.566666667,262.0,,,False,False,https://www.tradingview.com/chart/?symbol=NYSE:COLD,https://finviz.com/quote.ashx?t=COLD,short float 9.30% >= 5%
CPF,FAIL,36.95000076293945,,,,,,,,,,,6110329.25116539,165367.5,,,,False,False,https://www.tradingview.com/chart/?symbol=NYSE:CPF,https://finviz.com/quote.ashx?t=CPF,$vol(30d) $6.1M < $50M
CPK,FAIL,131.14999389648438,,,,,,,,,,,21858415.377743527,166667.3,,,,False,False,https://www.tradingview.com/chart/?symbol=NYSE:CPK,https://finviz.com/quote.ashx?t=CPK,$vol(30d) $21.9M < $50M
CROX,FAIL,122.23999786376952,,,,,,,,,9.97,101.14,126558366.19363631,1035326.9666666668,261.0,,,False,False,https://www.tradingview.com/chart/?symbol=NASDAQ:CROX,https://finviz.com/quote.ashx?t=CROX,short float 9.97% >= 5%
CTRN,FAIL,55.34000015258789,,,,,,,,,,,10648557.878027726,192420.63333333333,,,,False,False,https://www.tradingview.com/chart/?symbol=NASDAQ:CTRN,https://finviz.com/quote.ashx?t=CTRN,$vol(30d) $10.6M < $50M
CTS,FAIL,58.66999816894531,,,,,,,,,,,11353321.306336466,193511.53333333333,,,,False,False,https://www.tradingview.com/chart/?symbol=NYSE:CTS,https://finviz.com/quote.ashx?t=CTS,$vol(30d) $11.4M < $50M
CUBI,FAIL,78.87000274658203,,,,,,,,,,,19902159.02407608,252341.3,,,,False,False,https://www.tradingview.com/chart/?symbol=NYSE:CUBI,https://finviz.com/quote.ashx?t=CUBI,$vol(30d) $19.9M < $50M
CURB,FAIL,28.649999618530277,,,,,,,,,,,42845749.72951635,1495488.6666666667,,,,False,False,https://www.tradingview.com/chart/?symbol=NYSE:CURB,https://finviz.com/quote.ashx?t=CURB,$vol(30d) $42.8M < $50M
CUZ,FAIL,28.65999984741211,,,,,,,,,,,38105775.01645546,1329580.433333333,,,,False,False,https://www.tradingview.com/chart/?symbol=NYSE:CUZ,https://finviz.com/quote.ashx?t=CUZ,$vol(30d) $38.1M < $50M
CVBF,FAIL,22.43000030517578,,,,,,,,,,,26038787.72727585,1160891.1,,,,False,False,https://www.tradingview.com/chart/?symbol=NASDAQ:CVBF,https://finviz.com/quote.ashx?t=CVBF,$vol(30d) $26.0M < $50M
CVSA,FAIL,125.79000091552734,,,,,,,,,,,42300246.40087052,336276.7,,,,False,False,https://www.tradingview.com/chart/?symbol=NYSE:CVSA,https://finviz.com/quote.ashx?t=CVSA,$vol(30d) $42.3M < $50M
CWT,FAIL,47.2599983215332,,,,,,,,,,,22873398.094304405,483990.6666666667,,,,False,False,https://www.tradingview.com/chart/?symbol=NYSE:CWT,https://finviz.com/quote.ashx?t=CWT,$vol(30d) $22.9M < $50M
CXW,FAIL,32.40999984741211,,,,,,,,,14.97,88.23,59944653.08544426,1849572.7666666664,262.0,,,False,False,https://www.tradingview.com/chart/?symbol=NYSE:CXW,https://finviz.com/quote.ashx?t=CXW,short float 14.97% >= 5%
CZR,FAIL,29.649999618530277,,,,,,,,,10.46,95.74,112265111.99229088,3786344.466666667,262.0,,,False,False,https://www.tradingview.com/chart/?symbol=NASDAQ:CZR,https://finviz.com/quote.ashx?t=CZR,short float 10.46% >= 5%
DAVE,FAIL,350.6499938964844,,,,,,,,,24.6,97.44,128199309.20019226,365604.76666666666,262.0,,,False,False,https://www.tradingview.com/chart/?symbol=NASDAQ:DAVE,https://finviz.com/quote.ashx?t=DAVE,short float 24.60% >= 5%
DCO,FAIL,168.08999633789062,,,,,,,,,,,37664749.12041321,224074.9,,,,False,False,https://www.tradingview.com/chart/?symbol=NYSE:DCO,https://finviz.com/quote.ashx?t=DCO,$vol(30d) $37.7M < $50M
DFIN,FAIL,48.40999984741211,,,,,,,,,,,10617486.102200445,219324.2333333333,,,,False,False,https://www.tradingview.com/chart/?symbol=NYSE:DFIN,https://finviz.com/quote.ashx?t=DFIN,$vol(30d) $10.6M < $50M
DFTX,FAIL,39.27999877929688,,,,,,,,,7.75,84.37,91017622.9847819,2317149.333333333,262.0,,,False,False,https://www.tradingview.com/chart/?symbol=NASDAQ:DFTX,https://finviz.com/quote.ashx?t=DFTX,short float 7.75% >= 5%
DNTH,FAIL,96.47000122070312,,,,,,,,,18.12,115.66,70294856.88715719,728670.6333333333,262.0,,,False,False,https://www.tradingview.com/chart/?symbol=NASDAQ:DNTH,https://finviz.com/quote.ashx?t=DNTH,short float 18.12% >= 5%
DRH,FAIL,12.270000457763672,,,,,,,,,,,32184636.151729964,2623034.6333333333,,,,False,False,https://www.tradingview.com/chart/?symbol=NASDAQ:DRH,https://finviz.com/quote.ashx?t=DRH,$vol(30d) $32.2M < $50M
DVA,FAIL,182.33999633789065,,,,,,,,,7.49,93.6,130907608.8468567,717931.4,262.0,,,False,False,https://www.tradingview.com/chart/?symbol=NYSE:DVA,https://finviz.com/quote.ashx?t=DVA,short float 7.49% >= 5%
EAT,FAIL,200.3000030517578,,,,,,,,,13.52,113.1,259395654.6621353,1295035.7,262.0,,,False,False,https://www.tradingview.com/chart/?symbol=NYSE:EAT,https://finviz.com/quote.ashx?t=EAT,short float 13.52% >= 5%
EBC,FAIL,21.479999542236328,,,,,,,,,,,45634220.36348191,2124498.2,,,,False,False,https://www.tradingview.com/chart/?symbol=NASDAQ:EBC,https://finviz.com/quote.ashx?t=EBC,$vol(30d) $45.6M < $50M
EBF,FAIL,21.489999771118164,,,,,,,,,,,3430092.645800717,159613.43333333332,,,,False,False,https://www.tradingview.com/chart/?symbol=NYSE:EBF,https://finviz.com/quote.ashx?t=EBF,$vol(30d) $3.4M < $50M
EFSC,FAIL,60.97999954223633,,,,,,,,,,,15200098.27922948,249263.66666666663,,,,False,False,https://www.tradingview.com/chart/?symbol=NASDAQ:EFSC,https://finviz.com/quote.ashx?t=EFSC,$vol(30d) $15.2M < $50M
EGP,FAIL,202.57000732421875,,,,,,,,,5.11,103.33,84857717.21248983,418905.63333333336,262.0,,,False,False,https://www.tradingview.com/chart/?symbol=NYSE:EGP,https://finviz.com/quote.ashx?t=EGP,short float 5.11% >= 5%
EIG,FAIL,48.45000076293945,,,,,,,,,,,7324992.500346247,151186.63333333333,,,,False,False,https://www.tradingview.com/chart/?symbol=NYSE:EIG,https://finviz.com/quote.ashx?t=EIG,$vol(30d) $7.3M < $50M
ELVN,FAIL,48.869998931884766,,,,,,,,,14.18,96.06,57638674.42223435,1179428.6,262.0,,,False,False,https://www.tradingview.com/chart/?symbol=NASDAQ:ELVN,https://finviz.com/quote.ashx?t=ELVN,short float 14.18% >= 5%
EPC,FAIL,27.07999992370605,,,,,,,,,,,14898176.596693229,550154.2333333333,,,,False,False,https://www.tradingview.com/chart/?symbol=NYSE:EPC,https://finviz.com/quote.ashx?t=EPC,$vol(30d) $14.9M < $50M
EPR,FAIL,57.43000030517578,,,,,,,,,,,49261811.76377106,857771.4,,,,False,False,https://www.tradingview.com/chart/?symbol=NYSE:EPR,https://finviz.com/quote.ashx?t=EPR,$vol(30d) $49.3M < $50M
EROK,FAIL,23.6200008392334,,,,,,,,,,,3747954.809833844,158677.16666666666,,,,False,False,https://www.tradingview.com/chart/?symbol=NYSE:EROK,https://finviz.com/quote.ashx?t=EROK,$vol(30d) $3.7M < $50M
ETSY,FAIL,73.4800033569336,,,,,,,,,11.86,123.77,227387184.3361824,3094545.1,262.0,,,False,False,https://www.tradingview.com/chart/?symbol=NYSE:ETSY,https://finviz.com/quote.ashx?t=ETSY,short float 11.86% >= 5%
EVER,FAIL,22.82999992370605,,,,,,,,,,,12828728.682128588,561924.1666666666,,,,False,False,https://www.tradingview.com/chart/?symbol=NASDAQ:EVER,https://finviz.com/quote.ashx?t=EVER,$vol(30d) $12.8M < $50M
EXTR,FAIL,22.729999542236328,,,,,,,,,,,32438244.49938685,1427111.5333333334,,,,False,False,https://www.tradingview.com/chart/?symbol=NASDAQ:EXTR,https://finviz.com/quote.ashx?t=EXTR,$vol(30d) $32.4M < $50M
EZPW,FAIL,30.11000061035156,,,,,,,,,,,29652367.74407501,984801.3,,,,False,False,https://www.tradingview.com/chart/?symbol=NASDAQ:EZPW,https://finviz.com/quote.ashx?t=EZPW,$vol(30d) $29.7M < $50M
FAF,FAIL,69.26000213623047,,,,,,,,,6.11,97.28,51219309.15178985,739522.2,262.0,,,False,False,https://www.tradingview.com/chart/?symbol=NYSE:FAF,https://finviz.com/quote.ashx?t=FAF,short float 6.11% >= 5%
FBNC,FAIL,62.75,,,,,,,,,,,13224512.3,210749.2,,,,False,False,https://www.tradingview.com/chart/?symbol=NASDAQ:FBNC,https://finviz.com/quote.ashx?t=FBNC,$vol(30d) $13.2M < $50M
FBP,FAIL,27.459999084472656,,,,,,,,,,,34859809.79776001,1269476.0,,,,False,False,https://www.tradingview.com/chart/?symbol=NYSE:FBP,https://finviz.com/quote.ashx?t=FBP,$vol(30d) $34.9M < $50M
FFBC,FAIL,31.739999771118164,,,,,,,,,,,23178107.324859235,730249.1333333333,,,,False,False,https://www.tradingview.com/chart/?symbol=NASDAQ:FFBC,https://finviz.com/quote.ashx?t=FFBC,$vol(30d) $23.2M < $50M
FHI,FAIL,58.18000030517578,,,,,,,,,,,35689516.612538144,613432.7333333333,,,,False,False,https://www.tradingview.com/chart/?symbol=NYSE:FHI,https://finviz.com/quote.ashx?t=FHI,$vol(30d) $35.7M < $50M
FIBK,FAIL,36.83000183105469,,,,,,,,,,,38694219.89540354,1050616.8333333333,,,,False,False,https://www.tradingview.com/chart/?symbol=NASDAQ:FIBK,https://finviz.com/quote.ashx?t=FIBK,$vol(30d) $38.7M < $50M
FISI,FAIL,40.33000183105469,,,,,,,,,,,5938372.298946126,147244.53333333333,,,,False,False,https://www.tradingview.com/chart/?symbol=NASDAQ:FISI,https://finviz.com/quote.ashx?t=FISI,$vol(30d) $5.9M < $50M
FLYW,FAIL,17.125,,,,,,,,,,,24139753.916666668,1409620.6666666667,,,,False,False,https://www.tradingview.com/chart/?symbol=NASDAQ:FLYW,https://finviz.com/quote.ashx?t=FLYW,$vol(30d) $24.1M < $50M
FNB,FAIL,17.90999984741211,,,,,,,,,7.3,93.61,62660103.969154485,3498609.966666667,262.0,,,False,False,https://www.tradingview.com/chart/?symbol=NYSE:FNB,https://finviz.com/quote.ashx?t=FNB,short float 7.30% >= 5%
FOXF,FAIL,18.46999931335449,,,,,,,,,,,8560107.728767203,463460.1,,,,False,False,https://www.tradingview.com/chart/?symbol=NASDAQ:FOXF,https://finviz.com/quote.ashx?t=FOXF,$vol(30d) $8.6M < $50M
FRST,FAIL,15.920000076293944,,,,,,,,,,,2565314.318960508,161137.83333333334,,,,False,False,https://www.tradingview.com/chart/?symbol=NASDAQ:FRST,https://finviz.com/quote.ashx?t=FRST,$vol(30d) $2.6M < $50M
FULT,FAIL,23.280000686645508,,,,,,,,,,,35143744.34056759,1509610.9666666666,,,,False,False,https://www.tradingview.com/chart/?symbol=NASDAQ:FULT,https://finviz.com/quote.ashx?t=FULT,$vol(30d) $35.1M < $50M
FVR,FAIL,17.68000030517578,,,,,,,,,,,3267523.363067627,184814.66666666663,,,,False,False,https://www.tradingview.com/chart/?symbol=NYSE:FVR,https://finviz.com/quote.ashx?t=FVR,$vol(30d) $3.3M < $50M
GCO,FAIL,33.630001068115234,,,,,,,,,,,8338503.8358374275,247948.36666666667,,,,False,False,https://www.tradingview.com/chart/?symbol=NYSE:GCO,https://finviz.com/quote.ashx?t=GCO,$vol(30d) $8.3M < $50M
GDOT,FAIL,13.149999618530272,,,,,,,,,,,4627597.517424202,351908.56666666665,,,,False,False,https://www.tradingview.com/chart/?symbol=NYSE:GDOT,https://finviz.com/quote.ashx?t=GDOT,$vol(30d) $4.6M < $50M
GEO,FAIL,30.25,,,,,,,,,8.48,95.15,67100203.13333333,2218188.533333333,262.0,,,False,False,https://www.tradingview.com/chart/?symbol=NYSE:GEO,https://finviz.com/quote.ashx?t=GEO,short float 8.48% >= 5%
GEV,FAIL,946.219970703125,,,,,,,,,,,2044584164.4475584,2160791.6,131.0,,,False,False,https://www.tradingview.com/chart/?symbol=NYSE:GEV,https://finviz.com/quote.ashx?t=GEV,history 131 weekly bars < ~3y (150)
GFF,FAIL,95.12000274658205,,,,,,,,,,,31061807.864907075,326553.9,,,,False,False,https://www.tradingview.com/chart/?symbol=NYSE:GFF,https://finviz.com/quote.ashx?t=GFF,$vol(30d) $31.1M < $50M
GKOS,FAIL,161.52999877929688,,,,,,,,,6.75,103.76,112145329.95016988,694269.3666666667,262.0,,,False,False,https://www.tradingview.com/chart/?symbol=NYSE:GKOS,https://finviz.com/quote.ashx?t=GKOS,short float 6.75% >= 5%
GPC,FAIL,126.4499969482422,,,,,,,,,5.47,96.05,139855542.79471132,1106014.6,262.0,,,False,False,https://www.tradingview.com/chart/?symbol=NYSE:GPC,https://finviz.com/quote.ashx?t=GPC,short float 5.47% >= 5%
GPN,FAIL,85.29000091552734,,,,,,,,,7.35,93.14,220845672.39962083,2589350.1,262.0,,,False,False,https://www.tradingview.com/chart/?symbol=NYSE:GPN,https://finviz.com/quote.ashx?t=GPN,short float 7.35% >= 5%
GPRE,FAIL,14.850000381469728,,,,,,,,,,,23853411.07275111,1606290.2666666666,,,,False,False,https://www.tradingview.com/chart/?symbol=NASDAQ:GPRE,https://finviz.com/quote.ashx?t=GPRE,$vol(30d) $23.9M < $50M
GRPN,FAIL,22.049999237060547,,,,,,,,,,,27275662.36625036,1236991.5333333334,,,,False,False,https://www.tradingview.com/chart/?symbol=NASDAQ:GRPN,https://finviz.com/quote.ashx?t=GRPN,$vol(30d) $27.3M < $50M
GTES,FAIL,25.450000762939453,,,,,,,,,,,43377962.822050095,1704438.566666667,,,,False,False,https://www.tradingview.com/chart/?symbol=NYSE:GTES,https://finviz.com/quote.ashx?t=GTES,$vol(30d) $43.4M < $50M
HBNC,FAIL,19.3700008392334,,,,,,,,,,,9325400.2280365,481435.2,,,,False,False,https://www.tradingview.com/chart/?symbol=NASDAQ:HBNC,https://finviz.com/quote.ashx?t=HBNC,$vol(30d) $9.3M < $50M
HCSG,FAIL,21.299999237060547,,,,,,,,,,,13868545.233245976,651105.4333333333,,,,False,False,https://www.tradingview.com/chart/?symbol=NASDAQ:HCSG,https://finviz.com/quote.ashx?t=HCSG,$vol(30d) $13.9M < $50M
HESM,FAIL,39.58000183105469,,,,,,,,,5.06,89.59,50873870.37753296,1285342.8,262.0,,,False,False,https://www.tradingview.com/chart/?symbol=NYSE:HESM,https://finviz.com/quote.ashx?t=HESM,short float 5.06% >= 5%
HFWA,FAIL,28.0,,,,,,,,,,,10233852.533333331,365494.7333333333,,,,False,False,https://www.tradingview.com/chart/?symbol=NASDAQ:HFWA,https://finviz.com/quote.ashx?t=HFWA,$vol(30d) $10.2M < $50M
HIW,FAIL,31.07999992370605,,,,,,,,,,,32205402.57694346,1036209.8666666668,,,,False,False,https://www.tradingview.com/chart/?symbol=NYSE:HIW,https://finviz.com/quote.ashx?t=HIW,$vol(30d) $32.2M < $50M
HMN,FAIL,48.20000076293945,,,,,,,,,,,14132675.630367406,293209.0333333333,,,,False,False,https://www.tradingview.com/chart/?symbol=NYSE:HMN,https://finviz.com/quote.ashx?t=HMN,$vol(30d) $14.1M < $50M
HNI,FAIL,46.209999084472656,,,,,,,,,,,23829647.804212697,515681.63333333336,,,,False,False,https://www.tradingview.com/chart/?symbol=NYSE:HNI,https://finviz.com/quote.ashx?t=HNI,$vol(30d) $23.8M < $50M
HOG,FAIL,26.209999084472656,,,,,,,,,,,46223759.55771612,1763592.566666667,,,,False,False,https://www.tradingview.com/chart/?symbol=NYSE:HOG,https://finviz.com/quote.ashx?t=HOG,$vol(30d) $46.2M < $50M
HOPE,FAIL,13.81999969482422,,,,,,,,,,,12048999.901931765,871852.4,,,,False,False,https://www.tradingview.com/chart/?symbol=NASDAQ:HOPE,https://finviz.com/quote.ashx?t=HOPE,$vol(30d) $12.0M < $50M
HPP,FAIL,12.260000228881836,,,,,,,,,,,7476264.609574318,609809.5,,,,False,False,https://www.tradingview.com/chart/?symbol=NYSE:HPP,https://finviz.com/quote.ashx?t=HPP,$vol(30d) $7.5M < $50M
HQY,FAIL,94.5199966430664,,,,,,,,,5.61,109.55,81399950.01703262,861192.9,262.0,,,False,False,https://www.tradingview.com/chart/?symbol=NASDAQ:HQY,https://finviz.com/quote.ashx?t=HQY,short float 5.61% >= 5%
HRB,FAIL,44.5,,,,,,,,,13.82,104.97,99140106.71666668,2227867.566666667,262.0,,,False,False,https://www.tradingview.com/chart/?symbol=NYSE:HRB,https://finviz.com/quote.ashx?t=HRB,short float 13.82% >= 5%
HSIC,FAIL,85.19999694824219,,,,,,,,,8.62,98.68,88249378.67901713,1035790.8666666668,262.0,,,False,False,https://www.tradingview.com/chart/?symbol=NASDAQ:HSIC,https://finviz.com/quote.ashx?t=HSIC,short float 8.62% >= 5%
HST,FAIL,22.309999465942383,,,,,,,,,5.83,105.97,193590683.30181885,8677305.6,262.0,,,False,False,https://www.tradingview.com/chart/?symbol=NASDAQ:HST,https://finviz.com/quote.ashx?t=HST,short float 5.83% >= 5%
HTO,FAIL,62.61000061035156,,,,,,,,,,,24489267.290732827,391139.8666666666,,,,False,False,https://www.tradingview.com/chart/?symbol=NASDAQ:HTO,https://finviz.com/quote.ashx?t=HTO,$vol(30d) $24.5M < $50M
HWC,FAIL,74.51000213623047,,,,,,,,,6.94,97.67,53327086.69957478,715703.7333333333,262.0,,,False,False,https://www.tradingview.com/chart/?symbol=NASDAQ:HWC,https://finviz.com/quote.ashx?t=HWC,short float 6.94% >= 5%
IART,FAIL,15.59000015258789,,,,,,,,,,,12121254.219970703,777501.8666666667,,,,False,False,https://www.tradingview.com/chart/?symbol=NASDAQ:IART,https://finviz.com/quote.ashx?t=IART,$vol(30d) $12.1M < $50M
IBCP,FAIL,35.88999938964844,,,,,,,,,,,6127167.015133667,170720.73333333334,,,,False,False,https://www.tradingview.com/chart/?symbol=NASDAQ:IBCP,https://finviz.com/quote.ashx?t=IBCP,$vol(30d) $6.1M < $50M
ICFI,FAIL,84.0999984741211,,,,,,,,,,,15743800.047683716,187203.3333333333,,,,False,False,https://www.tradingview.com/chart/?symbol=NASDAQ:ICFI,https://finviz.com/quote.ashx?t=ICFI,$vol(30d) $15.7M < $50M
ICUI,FAIL,155.22000122070312,,,,,,,,,,,37413613.38823344,241036.03333333333,,,,False,False,https://www.tradingview.com/chart/?symbol=NASDAQ:ICUI,https://finviz.com/quote.ashx?t=ICUI,$vol(30d) $37.4M < $50M
IMNM,FAIL,25.06999969482422,,,,,,,,,,,28705875.009231567,1145028.933333333,,,,False,False,https://www.tradingview.com/chart/?symbol=NASDAQ:IMNM,https://finviz.com/quote.ashx?t=IMNM,$vol(30d) $28.7M < $50M
INDB,FAIL,81.19999694824219,,,,,,,,,,,25102267.20324249,309141.23333333334,,,,False,False,https://www.tradingview.com/chart/?symbol=NASDAQ:INDB,https://finviz.com/quote.ashx?t=INDB,$vol(30d) $25.1M < $50M
ITRI,FAIL,92.43000030517578,,,,,,,,,14.47,119.23,50195112.99072902,543060.8333333334,262.0,,,False,False,https://www.tradingview.com/chart/?symbol=NASDAQ:ITRI,https://finviz.com/quote.ashx?t=ITRI,short float 14.47% >= 5%
KALU,FAIL,150.94000244140625,,,,,,,,,,,33849457.785504155,224257.7,,,,False,False,https://www.tradingview.com/chart/?symbol=NASDAQ:KALU,https://finviz.com/quote.ashx?t=KALU,$vol(30d) $33.8M < $50M
KDP,FAIL,30.6200008392334,,,,,,,,,5.84,108.85,320146454.2445784,10455468.5,262.0,,,False,False,https://www.tradingview.com/chart/?symbol=NASDAQ:KDP,https://finviz.com/quote.ashx?t=KDP,short float 5.84% >= 5%
KFRC,FAIL,51.58000183105469,,,,,,,,,,,13841108.360683186,268342.5333333333,,,,False,False,https://www.tradingview.com/chart/?symbol=NYSE:KFRC,https://finviz.com/quote.ashx?t=KFRC,$vol(30d) $13.8M < $50M
KFY,FAIL,76.7699966430664,,,,,,,,,,,34610688.44257304,450836.13333333336,,,,False,False,https://www.tradingview.com/chart/?symbol=NYSE:KFY,https://finviz.com/quote.ashx?t=KFY,$vol(30d) $34.6M < $50M
KHC,FAIL,24.3700008392334,,,,,,,,,8.35,92.83,487940352.5049423,20022172.166666668,262.0,,,False,False,https://www.tradingview.com/chart/?symbol=NYSE:KHC,https://finviz.com/quote.ashx?t=KHC,short float 8.35% >= 5%
KMX,FAIL,57.86000061035156,,,,,,,,,8.05,103.0,102943373.24392548,1779180.3,262.0,,,False,False,https://www.tradingview.com/chart/?symbol=NYSE:KMX,https://finviz.com/quote.ashx?t=KMX,short float 8.05% >= 5%
KN,FAIL,36.0099983215332,,,,,,,,,,,26506015.10219129,736073.7666666667,,,,False,False,https://www.tradingview.com/chart/?symbol=NYSE:KN,https://finviz.com/quote.ashx?t=KN,$vol(30d) $26.5M < $50M
KNSL,FAIL,358.19000244140625,,,,,,,,,11.0,96.21,67448920.65106201,188304.86666666667,262.0,,,False,False,https://www.tradingview.com/chart/?symbol=NYSE:KNSL,https://finviz.com/quote.ashx?t=KNSL,short float 11.00% >= 5%
KNX,FAIL,66.62000274658203,,,,,,,,,6.97,100.73,217978887.99807715,3271973.566666667,262.0,,,False,False,https://www.tradingview.com/chart/?symbol=NYSE:KNX,https://finviz.com/quote.ashx?t=KNX,short float 6.97% >= 5%
KOP,FAIL,45.61000061035156,,,,,,,,,,,8851620.99778544,194071.9333333333,,,,False,False,https://www.tradingview.com/chart/?symbol=NYSE:KOP,https://finviz.com/quote.ashx?t=KOP,$vol(30d) $8.9M < $50M
KRYS,FAIL,333.8500061035156,,,,,,,,,12.89,99.18,81923030.1210673,245388.7333333333,262.0,,,False,False,https://www.tradingview.com/chart/?symbol=NASDAQ:KRYS,https://finviz.com/quote.ashx?t=KRYS,short float 12.89% >= 5%
KSS,FAIL,17.43000030517578,,,,,,,,,28.37,106.45,75796299.1910909,4348611.466666667,262.0,,,False,False,https://www.tradingview.com/chart/?symbol=NYSE:KSS,https://finviz.com/quote.ashx?t=KSS,short float 28.37% >= 5%
KWR,FAIL,155.4199981689453,,,,,,,,,,,24132632.98901876,155273.66666666666,,,,False,False,https://www.tradingview.com/chart/?symbol=NYSE:KWR,https://finviz.com/quote.ashx?t=KWR,$vol(30d) $24.1M < $50M
LAD,FAIL,316.1499938964844,,,,,,,,,9.1,112.38,72867905.11156312,230485.2333333333,262.0,,,False,False,https://www.tradingview.com/chart/?symbol=NYSE:LAD,https://finviz.com/quote.ashx?t=LAD,short float 9.10% >= 5%
LAUR,FAIL,36.27999877929688,,,,,,,,,,,34082790.143892415,939437.4666666668,,,,False,False,https://www.tradingview.com/chart/?symbol=NASDAQ:LAUR,https://finviz.com/quote.ashx?t=LAUR,$vol(30d) $34.1M < $50M
LGND,FAIL,290.07000732421875,,,,,,,,,12.76,114.61,62533475.88995972,215580.63333333333,262.0,,,False,False,https://www.tradingview.com/chart/?symbol=NASDAQ:LGND,https://finviz.com/quote.ashx?t=LGND,short float 12.76% >= 5%
LIND,FAIL,28.290000915527344,,,,,,,,,,,23151887.02224655,818377.0333333333,,,,False,False,https://www.tradingview.com/chart/?symbol=NASDAQ:LIND,https://finviz.com/quote.ashx?t=LIND,$vol(30d) $23.2M < $50M
LKFN,FAIL,59.93000030517578,,,,,,,,,,,10132742.710597992,169076.3,,,,False,False,https://www.tradingview.com/chart/?symbol=NASDAQ:LKFN,https://finviz.com/quote.ashx?t=LKFN,$vol(30d) $10.1M < $50M
LNC,FAIL,41.68000030517578,,,,,,,,,7.29,86.16,81544549.00505905,1956443.1,262.0,,,False,False,https://www.tradingview.com/chart/?symbol=NYSE:LNC,https://finviz.com/quote.ashx?t=LNC,short float 7.29% >= 5%
LNTH,FAIL,100.27999877929688,,,,,,,,,6.72,116.53,124627601.4189148,1242796.2,262.0,,,False,False,https://www.tradingview.com/chart/?symbol=NASDAQ:LNTH,https://finviz.com/quote.ashx?t=LNTH,short float 6.72% >= 5%
LOCO,FAIL,14.25,,,,,,,,,,,3357905.625,235642.5,,,,False,False,https://www.tradingview.com/chart/?symbol=NASDAQ:LOCO,https://finviz.com/quote.ashx?t=LOCO,$vol(30d) $3.4M < $50M
LYV,FAIL,169.17999267578125,,,,,,,,,15.1,84.86,316568074.03565466,1871190.9666666663,262.0,,,False,False,https://www.tradingview.com/chart/?symbol=NYSE:LYV,https://finviz.com/quote.ashx?t=LYV,short float 15.10% >= 5%
M,FAIL,22.190000534057617,,,,,,,,,12.44,99.51,139092953.84995162,6268271.766666667,262.0,,,False,False,https://www.tradingview.com/chart/?symbol=NYSE:M,https://finviz.com/quote.ashx?t=M,short float 12.44% >= 5%
MAC,FAIL,22.57999992370605,,,,,,,,,10.76,111.17,70753304.52427006,3133450.1666666665,262.0,,,False,False,https://www.tradingview.com/chart/?symbol=NYSE:MAC,https://finviz.com/quote.ashx?t=MAC,short float 10.76% >= 5%
MBIN,FAIL,52.34999847412109,,,,,,,,,,,10828656.514370218,206851.13333333333,,,,False,False,https://www.tradingview.com/chart/?symbol=NASDAQ:MBIN,https://finviz.com/quote.ashx?t=MBIN,$vol(30d) $10.8M < $50M
MBX,FAIL,60.93999862670898,,,,,,,,,,,28014139.71336428,459700.3666666666,,,,False,False,https://www.tradingview.com/chart/?symbol=NASDAQ:MBX,https://finviz.com/quote.ashx?t=MBX,$vol(30d) $28.0M < $50M
MCB,FAIL,89.2699966430664,,,,,,,,,,,9911558.45728302,111029.0,,,,False,False,https://www.tradingview.com/chart/?symbol=NYSE:MCB,https://finviz.com/quote.ashx?t=MCB,$vol(30d) $9.9M < $50M
MD,FAIL,25.770000457763672,,,,,,,,,,,19555305.42936936,758839.9333333333,,,,False,False,https://www.tradingview.com/chart/?symbol=NYSE:MD,https://finviz.com/quote.ashx?t=MD,$vol(30d) $19.6M < $50M
MDGL,FAIL,521.9600219726562,,,,,,,,,10.41,103.59,123504979.8911194,236617.7,262.0,,,False,False,https://www.tradingview.com/chart/?symbol=NASDAQ:MDGL,https://finviz.com/quote.ashx?t=MDGL,short float 10.41% >= 5%
MEI,FAIL,13.399999618530272,,,,,,,,,,,9689947.084147643,723130.4,,,,False,False,https://www.tradingview.com/chart/?symbol=NYSE:MEI,https://finviz.com/quote.ashx?t=MEI,$vol(30d) $9.7M < $50M
MHK,FAIL,117.2699966430664,,,,,,,,,7.7,80.51,115550396.32029116,985336.4,262.0,,,False,False,https://www.tradingview.com/chart/?symbol=NYSE:MHK,https://finviz.com/quote.ashx?t=MHK,short float 7.70% >= 5%
MHO,FAIL,140.33999633789062,,,,,,,,,,,27606014.033633426,196708.1,,,,False,False,https://www.tradingview.com/chart/?symbol=NYSE:MHO,https://finviz.com/quote.ashx?t=MHO,$vol(30d) $27.6M < $50M
MITK,FAIL,17.139999389648438,,,,,,,,,,,11985216.561209103,699254.2,,,,False,False,https://www.tradingview.com/chart/?symbol=NASDAQ:MITK,https://finviz.com/quote.ashx?t=MITK,$vol(30d) $12.0M < $50M
MLKN,FAIL,20.31999969482422,,,,,,,,,,,11978426.46010208,589489.5,,,,False,False,https://www.tradingview.com/chart/?symbol=NASDAQ:MLKN,https://finviz.com/quote.ashx?t=MLKN,$vol(30d) $12.0M < $50M
MOH,FAIL,197.8000030517578,,,,,,,,,5.99,108.8,114976084.68724214,581274.4333333333,262.0,,,False,False,https://www.tradingview.com/chart/?symbol=NYSE:MOH,https://finviz.com/quote.ashx?t=MOH,short float 5.99% >= 5%
MSA,FAIL,177.25,,,,,,,,,,,42965943.56666667,242403.06666666668,,,,False,False,https://www.tradingview.com/chart/?symbol=NYSE:MSA,https://finviz.com/quote.ashx?t=MSA,$vol(30d) $43.0M < $50M
MSEX,FAIL,55.22999954223633,,,,,,,,,,,6818377.250487137,123454.23333333334,,,,False,False,https://www.tradingview.com/chart/?symbol=NASDAQ:MSEX,https://finviz.com/quote.ashx?t=MSEX,$vol(30d) $6.8M < $50M
MSM,FAIL,121.62999725341795,,,,,,,,,5.06,84.71,78317328.18881428,643898.1333333333,262.0,,,False,False,https://www.tradingview.com/chart/?symbol=NYSE:MSM,https://finviz.com/quote.ashx?t=MSM,short float 5.06% >= 5%
MTDR,FAIL,54.09000015258789,,,,,,,,,12.03,97.77,104335825.79733138,1928930.0333333332,262.0,,,False,False,https://www.tradingview.com/chart/?symbol=NYSE:MTDR,https://finviz.com/quote.ashx?t=MTDR,short float 12.03% >= 5%
MTN,FAIL,140.42999267578125,,,,,,,,,16.42,130.38,95700849.30065918,681484.4,262.0,,,False,False,https://www.tradingview.com/chart/?symbol=NYSE:MTN,https://finviz.com/quote.ashx?t=MTN,short float 16.42% >= 5%
MUR,FAIL,36.18000030517578,,,,,,,,,7.81,89.03,61117892.83152517,1689272.8666666667,262.0,,,False,False,https://www.tradingview.com/chart/?symbol=NYSE:MUR,https://finviz.com/quote.ashx?t=MUR,short float 7.81% >= 5%
MYE,FAIL,31.18000030517578,,,,,,,,,,,10179068.6302948,326461.4666666667,,,,False,False,https://www.tradingview.com/chart/?symbol=NYSE:MYE,https://finviz.com/quote.ashx?t=MYE,$vol(30d) $10.2M < $50M
NATL,FAIL,46.08000183105469,,,,,,,,,,,32217840.896221925,699171.8666666667,,,,False,False,https://www.tradingview.com/chart/?symbol=NYSE:NATL,https://finviz.com/quote.ashx?t=NATL,$vol(30d) $32.2M < $50M
NKTR,FAIL,66.83999633789062,,,,,,,,,,,49482375.61690064,740310.8666666667,,,,False,False,https://www.tradingview.com/chart/?symbol=NASDAQ:NKTR,https://finviz.com/quote.ashx?t=NKTR,$vol(30d) $49.5M < $50M
NMIH,FAIL,42.51499938964844,,,,,,,,,,,20282915.60931549,477076.7,,,,False,False,https://www.tradingview.com/chart/?symbol=NASDAQ:NMIH,https://finviz.com/quote.ashx?t=NMIH,$vol(30d) $20.3M < $50M
NOV,FAIL,20.149999618530277,,,,,,,,,7.05,103.71,64595641.64210758,3205739.1,262.0,,,False,False,https://www.tradingview.com/chart/?symbol=NYSE:NOV,https://finviz.com/quote.ashx?t=NOV,short float 7.05% >= 5%
NPO,FAIL,296.19000244140625,,,,,,,,,,,46182241.3706665,155921.0,,,,False,False,https://www.tradingview.com/chart/?symbol=NYSE:NPO,https://finviz.com/quote.ashx?t=NPO,$vol(30d) $46.2M < $50M
NSP,FAIL,50.2599983215332,,,,,,,,,,,18798132.324890263,374017.76666666666,,,,False,False,https://www.tradingview.com/chart/?symbol=NYSE:NSP,https://finviz.com/quote.ashx?t=NSP,$vol(30d) $18.8M < $50M
NTCT,FAIL,38.93999862670898,,,,,,,,,,,25835519.59086265,663469.9666666667,,,,False,False,https://www.tradingview.com/chart/?symbol=NASDAQ:NTCT,https://finviz.com/quote.ashx?t=NTCT,$vol(30d) $25.8M < $50M
NVEC,FAIL,103.94000244140624,,,,,,,,,,,12927070.073638916,124370.5,,,,False,False,https://www.tradingview.com/chart/?symbol=NASDAQ:NVEC,https://finviz.com/quote.ashx?t=NVEC,$vol(30d) $12.9M < $50M
NVRI,FAIL,20.71999931335449,,,,,,,,,,,7543926.592666499,364089.13333333336,,,,False,False,https://www.tradingview.com/chart/?symbol=NYSE:NVRI,https://finviz.com/quote.ashx?t=NVRI,$vol(30d) $7.5M < $50M
NWE,FAIL,69.83000183105469,,,,,,,,,,,27763172.736994933,397582.3,,,,False,False,https://www.tradingview.com/chart/?symbol=NASDAQ:NWE,https://finviz.com/quote.ashx?t=NWE,$vol(30d) $27.8M < $50M
NWPX,FAIL,102.51000213623048,,,,,,,,,,,15014059.122881573,146464.33333333334,,,,False,False,https://www.tradingview.com/chart/?symbol=NASDAQ:NWPX,https://finviz.com/quote.ashx?t=NWPX,$vol(30d) $15.0M < $50M
OFG,FAIL,52.2400016784668,,,,,,,,,,,13268166.378305051,253984.8,,,,False,False,https://www.tradingview.com/chart/?symbol=NYSE:OFG,https://finviz.com/quote.ashx?t=OFG,$vol(30d) $13.3M < $50M
OII,FAIL,45.93000030517578,,,,,,,,,,,42062672.84547984,915799.5333333332,,,,False,False,https://www.tradingview.com/chart/?symbol=NYSE:OII,https://finviz.com/quote.ashx?t=OII,$vol(30d) $42.1M < $50M
ONB,FAIL,25.25,,,,,,,,,5.17,86.55,88114378.75833334,3489678.3666666667,262.0,,,False,False,https://www.tradingview.com/chart/?symbol=NASDAQ:ONB,https://finviz.com/quote.ashx?t=ONB,short float 5.17% >= 5%
ONTO,FAIL,275.9800109863281,,,,,,,,,5.06,100.84,269213165.1036173,975480.6666666666,262.0,,,False,False,https://www.tradingview.com/chart/?symbol=NYSE:ONTO,https://finviz.com/quote.ashx?t=ONTO,short float 5.06% >= 5%
OPLN,FAIL,34.77000045776367,,,,,,,,,,,49746070.15093079,1430718.1333333333,,,,False,False,https://www.tradingview.com/chart/?symbol=NYSE:OPLN,https://finviz.com/quote.ashx?t=OPLN,$vol(30d) $49.7M < $50M
ORKA,FAIL,93.37999725341795,,,,,,,,,13.26,103.55,79573836.25083135,852150.7666666667,262.0,,,False,False,https://www.tradingview.com/chart/?symbol=NASDAQ:ORKA,https://finviz.com/quote.ashx?t=ORKA,short float 13.26% >= 5%
PAYX,FAIL,115.01000213623048,,,,,,,,,6.39,85.79,290839083.7244662,2528815.566666667,262.0,,,False,False,https://www.tradingview.com/chart/?symbol=NASDAQ:PAYX,https://finviz.com/quote.ashx?t=PAYX,short float 6.39% >= 5%
PBI,FAIL,16.540000915527344,,,,,,,,,,,26854929.34848252,1623635.3,,,,False,False,https://www.tradingview.com/chart/?symbol=NYSE:PBI,https://finviz.com/quote.ashx?t=PBI,$vol(30d) $26.9M < $50M
PCRX,FAIL,24.11000061035156,,,,,,,,,,,13358677.865512084,554072.0666666667,,,,False,False,https://www.tradingview.com/chart/?symbol=NASDAQ:PCRX,https://finviz.com/quote.ashx?t=PCRX,$vol(30d) $13.4M < $50M
PDFS,FAIL,46.709999084472656,,,,,,,,,,,29086244.80790253,622698.4666666667,,,,False,False,https://www.tradingview.com/chart/?symbol=NASDAQ:PDFS,https://finviz.com/quote.ashx?t=PDFS,$vol(30d) $29.1M < $50M
PEB,FAIL,18.229999542236328,,,,,,,,,,,36447809.89911207,1999331.3666666667,,,,False,False,https://www.tradingview.com/chart/?symbol=NYSE:PEB,https://finviz.com/quote.ashx?t=PEB,$vol(30d) $36.4M < $50M
PGNY,FAIL,26.86000061035156,,,,,,,,,,,29440238.523650102,1096062.4666666666,,,,False,False,https://www.tradingview.com/chart/?symbol=NASDAQ:PGNY,https://finviz.com/quote.ashx?t=PGNY,$vol(30d) $29.4M < $50M
PKE,FAIL,30.299999237060547,,,,,,,,,,,7524338.2105407715,248328.0,,,,False,False,https://www.tradingview.com/chart/?symbol=NYSE:PKE,https://finviz.com/quote.ashx?t=PKE,$vol(30d) $7.5M < $50M
PNTG,FAIL,38.959999084472656,,,,,,,,,,,12488958.866519928,320558.5,,,,False,False,https://www.tradingview.com/chart/?symbol=NASDAQ:PNTG,https://finviz.com/quote.ashx?t=PNTG,$vol(30d) $12.5M < $50M
PRGS,FAIL,40.40999984741211,,,,,,,,,,,19400552.66874364,480092.8666666666,,,,False,False,https://www.tradingview.com/chart/?symbol=NASDAQ:PRGS,https://finviz.com/quote.ashx?t=PRGS,$vol(30d) $19.4M < $50M
PRM,FAIL,31.6299991607666,,,,,,,,,,,34505748.07646484,1090918.4,,,,False,False,https://www.tradingview.com/chart/?symbol=NYSE:PRM,https://finviz.com/quote.ashx?t=PRM,$vol(30d) $34.5M < $50M
PRSU,FAIL,48.380001068115234,,,,,,,,,,,11029953.247515105,227985.8,,,,False,False,https://www.tradingview.com/chart/?symbol=NYSE:PRSU,https://finviz.com/quote.ashx?t=PRSU,$vol(30d) $11.0M < $50M
PSMT,FAIL,170.61000061035156,,,,,,,,,,,38585976.66604004,226164.8,,,,False,False,https://www.tradingview.com/chart/?symbol=NASDAQ:PSMT,https://finviz.com/quote.ashx?t=PSMT,$vol(30d) $38.6M < $50M
QNST,FAIL,17.260000228881836,,,,,,,,,,,16947213.35406736,981877.9333333332,,,,False,False,https://www.tradingview.com/chart/?symbol=NASDAQ:QNST,https://finviz.com/quote.ashx?t=QNST,$vol(30d) $16.9M < $50M
QTWO,FAIL,57.93000030517578,,,,,,,,,,,37185157.12889175,641898.1,,,,False,False,https://www.tradingview.com/chart/?symbol=NYSE:QTWO,https://finviz.com/quote.ashx?t=QTWO,$vol(30d) $37.2M < $50M
RAMP,FAIL,37.61000061035156,,,,,,,,,,,43257627.37100372,1150162.9,,,,False,False,https://www.tradingview.com/chart/?symbol=NYSE:RAMP,https://finviz.com/quote.ashx?t=RAMP,$vol(30d) $43.3M < $50M
RELY,FAIL,21.59000015258789,,,,,,,,,8.76,85.4,81236153.82413864,3762675.0,262.0,,,False,False,https://www.tradingview.com/chart/?symbol=NASDAQ:RELY,https://finviz.com/quote.ashx?t=RELY,short float 8.76% >= 5%
REX,FAIL,43.130001068115234,,,,,,,,,,,8429254.087750625,195438.3,,,,False,False,https://www.tradingview.com/chart/?symbol=NYSE:REX,https://finviz.com/quote.ashx?t=REX,$vol(30d) $8.4M < $50M
RHI,FAIL,36.959999084472656,,,,,,,,,21.94,124.41,71093912.20694962,1923536.6333333333,262.0,,,False,False,https://www.tradingview.com/chart/?symbol=NYSE:RHI,https://finviz.com/quote.ashx?t=RHI,short float 21.94% >= 5%
RLAY,FAIL,18.190000534057617,,,,,,,,,25.38,98.97,53793210.3623663,2957295.7,262.0,,,False,False,https://www.tradingview.com/chart/?symbol=NASDAQ:RLAY,https://finviz.com/quote.ashx?t=RLAY,short float 25.38% >= 5%
RLI,FAIL,59.06999969482422,,,,,,,,,,,34837906.682015486,589773.2666666667,,,,False,False,https://www.tradingview.com/chart/?symbol=NYSE:RLI,https://finviz.com/quote.ashx?t=RLI,$vol(30d) $34.8M < $50M
RLJ,FAIL,10.9399995803833,,,,,,,,,,,18950842.717117883,1732252.6,,,,False,False,https://www.tradingview.com/chart/?symbol=NYSE:RLJ,https://finviz.com/quote.ashx?t=RLJ,$vol(30d) $19.0M < $50M
RNST,FAIL,40.52000045776367,,,,,,,,,,,25437433.832705814,627774.7666666667,,,,False,False,https://www.tradingview.com/chart/?symbol=NYSE:RNST,https://finviz.com/quote.ashx?t=RNST,$vol(30d) $25.4M < $50M
ROG,FAIL,129.85000610351562,,,,,,,,,,,25305268.74112447,194880.76666666663,,,,False,False,https://www.tradingview.com/chart/?symbol=NYSE:ROG,https://finviz.com/quote.ashx?t=ROG,$vol(30d) $25.3M < $50M
RUSHA,FAIL,48.09000015258789,,,,,,,,,,,30665497.498300552,637668.9,,,,False,False,https://www.tradingview.com/chart/?symbol=NASDAQ:RUSHA,https://finviz.com/quote.ashx?t=RUSHA,$vol(30d) $30.7M < $50M
RVMD,FAIL,192.75999450683597,,,,,,,,,5.04,92.45,359686937.0831807,1865983.3333333333,262.0,,,False,False,https://www.tradingview.com/chart/?symbol=NASDAQ:RVMD,https://finviz.com/quote.ashx?t=RVMD,short float 5.04% >= 5%
RXO,FAIL,19.71999931335449,,,,,,,,,,,31228063.073979888,1583573.2333333334,,,,False,False,https://www.tradingview.com/chart/?symbol=NYSE:RXO,https://finviz.com/quote.ashx?t=RXO,$vol(30d) $31.2M < $50M
SBCF,FAIL,33.290000915527344,,,,,,,,,,,27177011.31141052,816371.6,,,,False,False,https://www.tradingview.com/chart/?symbol=NASDAQ:SBCF,https://finviz.com/quote.ashx?t=SBCF,$vol(30d) $27.2M < $50M
SCL,FAIL,61.810001373291016,,,,,,,,,,,8119186.652058283,131357.16666666666,,,,False,False,https://www.tradingview.com/chart/?symbol=NYSE:SCL,https://finviz.com/quote.ashx?t=SCL,$vol(30d) $8.1M < $50M
SFNC,FAIL,22.649999618530277,,,,,,,,,,,27094834.788670663,1196239.9666666666,,,,False,False,https://www.tradingview.com/chart/?symbol=NASDAQ:SFNC,https://finviz.com/quote.ashx?t=SFNC,$vol(30d) $27.1M < $50M
SFST,FAIL,61.22999954223633,,,,,,,,,,,5708948.410319137,93237.76666666666,,,,False,False,https://www.tradingview.com/chart/?symbol=NASDAQ:SFST,https://finviz.com/quote.ashx?t=SFST,$vol(30d) $5.7M < $50M
SHO,FAIL,11.09000015258789,,,,,,,,,,,25152365.06540604,2268022.066666667,,,,False,False,https://www.tradingview.com/chart/?symbol=NYSE:SHO,https://finviz.com/quote.ashx?t=SHO,$vol(30d) $25.2M < $50M
SHOO,FAIL,42.83000183105469,,,,,,,,,,,42870094.99576873,1000936.1,,,,False,False,https://www.tradingview.com/chart/?symbol=NASDAQ:SHOO,https://finviz.com/quote.ashx?t=SHOO,$vol(30d) $42.9M < $50M
SIGI,FAIL,87.77999877929688,,,,,,,,,,,34425466.28926595,392178.93333333335,,,,False,False,https://www.tradingview.com/chart/?symbol=NASDAQ:SIGI,https://finviz.com/quote.ashx?t=SIGI,$vol(30d) $34.4M < $50M
SIRI,FAIL,27.440000534057617,,,,,,,,,10.21,84.17,104645247.31935,3813602.233333333,262.0,,,False,False,https://www.tradingview.com/chart/?symbol=NASDAQ:SIRI,https://finviz.com/quote.ashx?t=SIRI,short float 10.21% >= 5%
SKWD,FAIL,56.29499816894531,,,,,,,,,,,24920283.230441287,442673.13333333336,,,,False,False,https://www.tradingview.com/chart/?symbol=NASDAQ:SKWD,https://finviz.com/quote.ashx?t=SKWD,$vol(30d) $24.9M < $50M
SKYW,FAIL,100.1999969482422,,,,,,,,,,,31315328.02623952,312528.23333333334,,,,False,False,https://www.tradingview.com/chart/?symbol=NASDAQ:SKYW,https://finviz.com/quote.ashx?t=SKYW,$vol(30d) $31.3M < $50M
SLG,FAIL,52.93999862670898,,,,,,,,,,,43150690.54331537,815086.7333333333,,,,False,False,https://www.tradingview.com/chart/?symbol=NYSE:SLG,https://finviz.com/quote.ashx?t=SLG,$vol(30d) $43.2M < $50M
SLM,FAIL,25.06999969482422,,,,,,,,,,,46361894.44597244,1849297.7666666664,,,,False,False,https://www.tradingview.com/chart/?symbol=NASDAQ:SLM,https://finviz.com/quote.ashx?t=SLM,$vol(30d) $46.4M < $50M
SNDA,FAIL,38.119998931884766,,,,,,,,,,,18497866.713693235,485253.6,,,,False,False,https://www.tradingview.com/chart/?symbol=NYSE:SNDA,https://finviz.com/quote.ashx?t=SNDA,$vol(30d) $18.5M < $50M
SPB,FAIL,85.22000122070312,,,,,,,,,,,28583342.339431763,335406.5,,,,False,False,https://www.tradingview.com/chart/?symbol=NYSE:SPB,https://finviz.com/quote.ashx?t=SPB,$vol(30d) $28.6M < $50M
SPHR,FAIL,145.13999938964844,,,,,,,,,23.37,102.08,92495147.79503378,637282.2666666667,262.0,,,False,False,https://www.tradingview.com/chart/?symbol=NYSE:SPHR,https://finviz.com/quote.ashx?t=SPHR,short float 23.37% >= 5%
SYRE,FAIL,92.02999877929688,,,,,,,,,15.01,100.8,109180841.26147155,1186361.433333333,262.0,,,False,False,https://www.tradingview.com/chart/?symbol=NASDAQ:SYRE,https://finviz.com/quote.ashx?t=SYRE,short float 15.01% >= 5%
TDW,FAIL,85.56999969482422,,,,,,,,,13.02,115.6,52731822.04727122,616241.9333333333,262.0,,,False,False,https://www.tradingview.com/chart/?symbol=NYSE:TDW,https://finviz.com/quote.ashx?t=TDW,short float 13.02% >= 5%
TFX,FAIL,124.8000030517578,,,,,,,,,9.58,113.53,83465938.3610082,668797.5666666667,262.0,,,False,False,https://www.tradingview.com/chart/?symbol=NYSE:TFX,https://finviz.com/quote.ashx?t=TFX,short float 9.58% >= 5%
THRM,FAIL,36.27999877929688,,,,,,,,,,,11053960.544070436,304684.7,,,,False,False,https://www.tradingview.com/chart/?symbol=NASDAQ:THRM,https://finviz.com/quote.ashx?t=THRM,$vol(30d) $11.1M < $50M
TILE,FAIL,34.2400016784668,,,,,,,,,,,18087336.81198616,528251.6333333333,,,,False,False,https://www.tradingview.com/chart/?symbol=NASDAQ:TILE,https://finviz.com/quote.ashx?t=TILE,$vol(30d) $18.1M < $50M
TKR,FAIL,114.83999633789062,,,,,,,,,6.62,95.16,104755869.46346132,912189.7666666668,262.0,,,False,False,https://www.tradingview.com/chart/?symbol=NYSE:TKR,https://finviz.com/quote.ashx?t=TKR,short float 6.62% >= 5%
TNGX,FAIL,22.32999992370605,,,,,,,,,34.34,111.02,53046723.54875755,2375581.0,262.0,,,False,False,https://www.tradingview.com/chart/?symbol=NASDAQ:TNGX,https://finviz.com/quote.ashx?t=TNGX,short float 34.34% >= 5%
TPC,FAIL,86.0199966430664,,,,,,,,,,,39063432.41621475,454120.3666666666,,,,False,False,https://www.tradingview.com/chart/?symbol=NYSE:TPC,https://finviz.com/quote.ashx?t=TPC,$vol(30d) $39.1M < $50M
TRAX,FAIL,38.9900016784668,,,,,,,,,,,25424886.221173607,652087.3333333334,,,,False,False,https://www.tradingview.com/chart/?symbol=NASDAQ:TRAX,https://finviz.com/quote.ashx?t=TRAX,$vol(30d) $25.4M < $50M
TREX,FAIL,42.900001525878906,,,,,,,,,10.4,109.27,63071516.46334483,1470198.4666666666,262.0,,,False,False,https://www.tradingview.com/chart/?symbol=NYSE:TREX,https://finviz.com/quote.ashx?t=TREX,short float 10.40% >= 5%
TRMK,FAIL,46.43999862670898,,,,,,,,,,,15891092.602079771,342185.4666666667,,,,False,False,https://www.tradingview.com/chart/?symbol=NASDAQ:TRMK,https://finviz.com/quote.ashx?t=TRMK,$vol(30d) $15.9M < $50M
TRNO,FAIL,66.37999725341797,,,,,,,,,,,44918428.09742584,676686.2,,,,False,False,https://www.tradingview.com/chart/?symbol=NYSE:TRNO,https://finviz.com/quote.ashx?t=TRNO,$vol(30d) $44.9M < $50M
TRNS,FAIL,88.16000366210938,,,,,,,,,,,9540746.124316407,108220.8,,,,False,False,https://www.tradingview.com/chart/?symbol=NASDAQ:TRNS,https://finviz.com/quote.ashx?t=TRNS,$vol(30d) $9.5M < $50M
TROW,FAIL,104.62999725341795,,,,,,,,,12.52,92.13,146784324.5318489,1402889.5,262.0,,,False,False,https://www.tradingview.com/chart/?symbol=NASDAQ:TROW,https://finviz.com/quote.ashx?t=TROW,short float 12.52% >= 5%
UAL,FAIL,114.38999938964844,,,,,,,,,5.42,91.29,387337849.1162786,3386116.3666666667,262.0,,,False,False,https://www.tradingview.com/chart/?symbol=NASDAQ:UAL,https://finviz.com/quote.ashx?t=UAL,short float 5.42% >= 5%
UCB,FAIL,34.59000015258789,,,,,,,,,,,26699935.795782216,771897.5333333333,,,,False,False,https://www.tradingview.com/chart/?symbol=NYSE:UCB,https://finviz.com/quote.ashx?t=UCB,$vol(30d) $26.7M < $50M
UCTT,FAIL,73.05000305175781,,,,,,,,,8.86,103.18,64120100.393699646,877756.3,262.0,,,False,False,https://www.tradingview.com/chart/?symbol=NASDAQ:UCTT,https://finviz.com/quote.ashx?t=UCTT,short float 8.86% >= 5%
UFPT,FAIL,281.69000244140625,,,,,,,,,,,34624809.27875976,122918.13333333332,,,,False,False,https://www.tradingview.com/chart/?symbol=NASDAQ:UFPT,https://finviz.com/quote.ashx?t=UFPT,$vol(30d) $34.6M < $50M
UNFI,FAIL,46.22999954223633,,,,,,,,,,,28048138.300270844,606708.6,,,,False,False,https://www.tradingview.com/chart/?symbol=NYSE:UNFI,https://finviz.com/quote.ashx?t=UNFI,$vol(30d) $28.0M < $50M
URGN,FAIL,43.20000076293945,,,,,,,,,,,35178613.10127665,814319.7333333333,,,,False,False,https://www.tradingview.com/chart/?symbol=NASDAQ:URGN,https://finviz.com/quote.ashx?t=URGN,$vol(30d) $35.2M < $50M
USFD,FAIL,94.22000122070312,,,,,,,,,5.48,109.53,209003627.63115945,2218251.1666666665,262.0,,,False,False,https://www.tradingview.com/chart/?symbol=NYSE:USFD,https://finviz.com/quote.ashx?t=USFD,short float 5.48% >= 5%
UVSP,FAIL,42.150001525878906,,,,,,,,,,,9124949.86033376,216487.53333333333,,,,False,False,https://www.tradingview.com/chart/?symbol=NASDAQ:UVSP,https://finviz.com/quote.ashx?t=UVSP,$vol(30d) $9.1M < $50M
VAC,FAIL,103.02999877929688,,,,,,,,,6.51,90.63,50464756.22842509,489806.43333333335,262.0,,,False,False,https://www.tradingview.com/chart/?symbol=NYSE:VAC,https://finviz.com/quote.ashx?t=VAC,short float 6.51% >= 5%
VCEL,FAIL,39.54999923706055,,,,,,,,,,,19732246.06935501,498919.0,,,,False,False,https://www.tradingview.com/chart/?symbol=NASDAQ:VCEL,https://finviz.com/quote.ashx?t=VCEL,$vol(30d) $19.7M < $50M
VIRT,FAIL,57.93999862670898,,,,,,,,,6.4,94.14,75167404.64171918,1297331.8333333333,262.0,,,False,False,https://www.tradingview.com/chart/?symbol=NYSE:VIRT,https://finviz.com/quote.ashx?t=VIRT,short float 6.40% >= 5%
VNO,FAIL,35.58000183105469,,,,,,,,,,,43103286.47822571,1211447.0,,,,False,False,https://www.tradingview.com/chart/?symbol=NYSE:VNO,https://finviz.com/quote.ashx?t=VNO,$vol(30d) $43.1M < $50M
VSH,FAIL,32.619998931884766,,,,,,,,,11.09,100.38,114199520.62262993,3500905.1,262.0,,,False,False,https://www.tradingview.com/chart/?symbol=NYSE:VSH,https://finviz.com/quote.ashx?t=VSH,short float 11.09% >= 5%
VSXY,FAIL,81.62999725341797,,,,,,,,,13.26,96.43,159468852.54439545,1953557.0,262.0,,,False,False,https://www.tradingview.com/chart/?symbol=NYSE:VSXY,https://finviz.com/quote.ashx?t=VSXY,short float 13.26% >= 5%
VVX,FAIL,77.2699966430664,,,,,,,,,,,46268004.18625666,598783.5666666667,,,,False,False,https://www.tradingview.com/chart/?symbol=NYSE:VVX,https://finviz.com/quote.ashx?t=VVX,$vol(30d) $46.3M < $50M
WBI,FAIL,29.93000030517578,,,,,,,,,,,19189082.950991318,641132.0666666667,,,,False,False,https://www.tradingview.com/chart/?symbol=NYSE:WBI,https://finviz.com/quote.ashx?t=WBI,$vol(30d) $19.2M < $50M
WDC,FAIL,448.1700134277344,,,,,,,,,5.56,92.52,2990384342.3886566,6672432.9,262.0,,,False,False,https://www.tradingview.com/chart/?symbol=NASDAQ:WDC,https://finviz.com/quote.ashx?t=WDC,short float 5.56% >= 5%
WKC,FAIL,35.59000015258789,,,,,,,,,,,36195173.70151583,1017004.0333333332,,,,False,False,https://www.tradingview.com/chart/?symbol=NYSE:WKC,https://finviz.com/quote.ashx?t=WKC,$vol(30d) $36.2M < $50M
WLY,FAIL,47.290000915527344,,,,,,,,,,,25571965.533402763,540747.8333333334,,,,False,False,https://www.tradingview.com/chart/?symbol=NYSE:WLY,https://finviz.com/quote.ashx?t=WLY,$vol(30d) $25.6M < $50M
WNC,FAIL,11.789999961853027,,,,,,,,,,,8204100.555455335,695852.4666666667,,,,False,False,https://www.tradingview.com/chart/?symbol=NYSE:WNC,https://finviz.com/quote.ashx?t=WNC,$vol(30d) $8.2M < $50M
WRLD,FAIL,171.08999633789062,,,,,,,,,,,11901636.069250489,69563.6,,,,False,False,https://www.tradingview.com/chart/?symbol=NASDAQ:WRLD,https://finviz.com/quote.ashx?t=WRLD,$vol(30d) $11.9M < $50M
WSBC,FAIL,39.09999847412109,,,,,,,,,,,36405229.18595123,931080.0666666668,,,,False,False,https://www.tradingview.com/chart/?symbol=NASDAQ:WSBC,https://finviz.com/quote.ashx?t=WSBC,$vol(30d) $36.4M < $50M
WSFS,FAIL,77.79000091552734,,,,,,,,,,,27028301.77010193,347452.13333333336,,,,False,False,https://www.tradingview.com/chart/?symbol=NASDAQ:WSFS,https://finviz.com/quote.ashx?t=WSFS,$vol(30d) $27.0M < $50M
WWW,FAIL,19.479999542236328,,,,,,,,,,,15452073.28488922,793227.6,,,,False,False,https://www.tradingview.com/chart/?symbol=NYSE:WWW,https://finviz.com/quote.ashx?t=WWW,$vol(30d) $15.5M < $50M
XHR,FAIL,17.860000610351562,,,,,,,,,,,13741939.304286703,769425.4666666667,,,,False,False,https://www.tradingview.com/chart/?symbol=NYSE:XHR,https://finviz.com/quote.ashx?t=XHR,$vol(30d) $13.7M < $50M
XPRO,FAIL,16.40999984741211,,,,,,,,,,,13680081.502796171,833643.0,,,,False,False,https://www.tradingview.com/chart/?symbol=NYSE:XPRO,https://finviz.com/quote.ashx?t=XPRO,$vol(30d) $13.7M < $50M
