ticker,status,failed_filters,f_dollar_vol,f_short_float,f_no_earnings_14d,f_history,f_rr,f_rr_computed,f_smooth_streak,f_weekly_reversal,f_daily_reversal,f_near_zone,needs_drawing,current_price,dollar_vol_30d,avg_vol_30d,short_float_pct,inst_own_pct,earnings_date,days_to_earnings,weekly_bars,zone_lo,zone_hi,entry,sl,tp,rr,sl_atr_mult,atr,atrs_from_entry,tv_found,tv_zone_top,tv_zone_bottom,tv_entry,tv_sl,tv_tp,tv_rr,tv_read_date,tv_screenshot,tv_source,f_bot_review,tv_bot_status,tv_bot_note,tv_price,tv_weekly_atr,tv_zone_dist,tv_zone_dist_atr,f_tv_stale,tv_stale,tv_stale_detail,f_technical,tech_computed,tech_override,tech_new_high_atr,tech_hh,tech_hl,tech_structure,tech_ema30_slope_pct,tech_ema_rising,tech_detail,ev_pullback_high,ev_pullback_high_date,ev_first_reaction,ev_first_reaction_detail,ev_double_bottom,ev_double_bottom_detail,ev_ma_support,ev_ma_support_mas,ev_ma_support_detail,ev_fib,ev_fib_levels,ev_fib_detail,smooth_streak_weeks,weekly_reversal_kind,weekly_reversal_date,daily_reversal_kind,daily_reversal_date,smooth_pullback,earnings_known,earnings_blackout,filter_notes,tradingview_url,finviz_url,reason
AIZ,PASS,,True,True,True,True,True,True,False,False,False,False,False,270.2699890136719,86441009.14421996,319832.06666666665,2.7,101.33,2026-11-03,25,264,240.75289916992188,243.72137027574166,242.23713472283177,230.77776009125517,288.6579895019531,4.050906464931125,0.9999999999999997,11.459374631576598,2.4462813366442235,yes,244.73,239.39,242.36,231.66,286.63,4.1374,2026-10-07,charts/latest/AIZ.webp,user,False,,,270.27,11.4594,25.54,2.2287,False,,,True,True,,5.17,7/7,4/5,0.9,19.6,True,"clear uptrend: recent high +5.2 ATR vs prior 2.5y high, 30w EMA +19.6% in 26w (7/7 HH, 4/5 HL)",303.0037,2026-08-07,False,no weekly low <= zone top 244.73 since the 2026-08-07 high,False,no daily touch of the zone in the pullback,False,,no SMA50/100/150/200 support with an earlier bounce,True,0.618,"swing 199.51 (2025-08-15) -> 303.00 (2026-08-07): 0.382=263.47, 0.5=251.26, 0.618=239.04; zone 239.39-244.73 +/- 2.86",1,,,,,False,True,False,,https://www.tradingview.com/chart/?symbol=NYSE:AIZ,https://finviz.com/quote.ashx?t=AIZ,PASS (TV) entry=242.36 SL=231.66 TP=286.63 R:R=4.1374 zone=[239.39-244.73]
DGX,PASS,,True,True,True,True,True,True,False,False,False,,False,231.3350067138672,221057794.81726584,955574.3333333334,3.28,97.87,2026-10-27,18,264,210.74019020158403,211.4739831603851,211.10708668098457,198.61031051048997,244.38999938964844,2.663319903836175,1.0000000000000009,12.496776170494588,1.618651063035088,yes,,,189.15,179.08,226.84,3.7428,2026-10-07,charts/latest/DGX.webp,user,False,user drawing (no rectangle),hline 188.86,,,,,True,target hit,close 231.34 >= TP 226.84,True,True,,2.97,4/7,3/6,0.54,16.7,True,"clear uptrend: recent high +3.0 ATR vs prior 2.5y high, 30w EMA +16.7% in 26w (4/7 HH, 3/6 HL)",,,,,,,False,,no SMA50/100/150/200 support with an earlier bounce,,,,4,,,,,False,True,False,,https://www.tradingview.com/chart/?symbol=NYSE:DGX,https://finviz.com/quote.ashx?t=DGX,PASS (TV) entry=189.15 SL=179.08 TP=226.84 R:R=3.7428 zone=[-]
FTI,PASS,,True,True,True,True,True,True,False,False,False,True,False,69.83999633789062,178856068.15755615,2560940.4,3.27,99.59,2026-10-29,20,264,40.23847198486328,40.79664885300429,40.51756041893378,37.803262864234135,80.30999755859375,14.660307625728683,0.5000000000000006,5.42859510939929,5.40147779085362,yes,64.55,63.6,64.07,59.83,79.75,3.6981,2026-10-07,charts/latest/FTI.webp,user,False,,,69.84,5.4286,5.29,0.9745,False,,,True,True,,1.21,4/4,4/4,1.0,27.2,True,"clear uptrend: recent high +1.2 ATR vs prior 2.5y high, 30w EMA +27.2% in 26w (4/4 HH, 4/4 HL)",80.7,2026-09-04,False,no weekly low <= zone top 64.55 since the 2026-09-04 high,False,no daily touch of the zone in the pullback,False,,no SMA50/100/150/200 support with an earlier bounce,True,0.382,"swing 35.18 (2025-10-17) -> 80.70 (2026-09-04): 0.382=63.31, 0.5=57.94, 0.618=52.57; zone 63.6-64.55 +/- 1.36",2,,,,,False,True,False,,https://www.tradingview.com/chart/?symbol=NYSE:FTI,https://finviz.com/quote.ashx?t=FTI,PASS (TV) entry=64.07 SL=59.83 TP=79.75 R:R=3.6981 zone=[63.6-64.55]
BPOP,PASS,,True,True,True,True,True,True,True,False,False,False,False,154.97000122070312,80040755.53914998,516491.93333333335,2.83,93.69,2026-10-28,19,264,145.18597412109375,145.50082762825642,145.34340087467507,139.46928459204034,177.02821362200743,5.393970977557955,0.841233729598698,6.982739845009446,1.3786279540269817,yes,146.69,143.39,145.45,136.59,176.59,3.5147,2026-10-07,charts/latest/BPOP.webp,user,False,,,154.97,6.9827,8.28,1.1858,False,,,True,True,,4.49,3/3,3/4,0.88,24.4,True,"clear uptrend: recent high +4.5 ATR vs prior 2.5y high, 30w EMA +24.4% in 26w (3/3 HH, 3/4 HL)",178.2614,2026-08-21,False,no weekly low <= zone top 146.69 since the 2026-08-21 high,False,no daily touch of the zone in the pullback,False,,no SMA50/100/150/200 support with an earlier bounce,True,0.5,"swing 106.31 (2025-10-31) -> 178.26 (2026-08-21): 0.382=150.77, 0.5=142.28, 0.618=133.79; zone 143.39-146.69 +/- 1.75",15,,,,,False,True,False,,https://www.tradingview.com/chart/?symbol=NASDAQ:BPOP,https://finviz.com/quote.ashx?t=BPOP,PASS (TV) entry=145.45 SL=136.59 TP=176.59 R:R=3.5147 zone=[143.39-146.69]
ROST,PASS,,True,True,True,True,True,True,True,False,False,True,False,220.35000610351562,425508179.35122985,1931055.9,3.03,96.38,2026-11-12,34,264,191.2069091796875,193.7515609738917,192.47923507678962,184.9943125962721,255.75570326720648,8.453857518914715,0.6043604139791598,12.38486556595619,2.250389467556098,yes,212.6,205.24,210.04,197.13,253.89,3.3966,2026-10-07,charts/latest/ROST.webp,user,False,,,220.35,12.3849,7.75,0.6258,False,,,True,True,,2.48,3/4,2/4,0.62,19.9,True,"clear uptrend: recent high +2.5 ATR vs prior 2.5y high, 30w EMA +19.9% in 26w (3/4 HH, 2/4 HL)",256.5043,2026-08-07,False,no weekly low <= zone top 212.6 since the 2026-08-07 high,False,no daily touch of the zone in the pullback,True,SMA200,"SMA200 218.21 (latest low 220.10 / close 220.35); held before 3x, last 2025-09-18",True,0.382,"swing 142.21 (2025-09-19) -> 256.50 (2026-08-07): 0.382=212.84, 0.5=199.36, 0.618=185.87; zone 205.24-212.6 +/- 3.10",14,,,,,False,True,False,,https://www.tradingview.com/chart/?symbol=NASDAQ:ROST,https://finviz.com/quote.ashx?t=ROST,PASS (TV) entry=210.04 SL=197.13 TP=253.89 R:R=3.3966 zone=[205.24-212.6]
RPRX,PASS,,True,True,True,True,True,True,False,False,False,False,False,56.5,171146057.81666666,3029133.7666666666,2.79,85.47,2026-11-11,33,264,45.822017669677734,45.98067415053724,45.90134591010749,44.43313143973505,63.959999084472656,12.299737905310444,0.499999999999999,2.936428940744881,3.609368489333838,yes,52.75,50.92,53.02,49.82,63.46,3.2625,2026-10-07,charts/latest/RPRX.webp,user,False,,,56.5,2.9364,3.75,1.2771,False,,,True,True,,5.36,3/4,2/2,0.88,31.9,True,"clear uptrend: recent high +5.4 ATR vs prior 2.5y high, 30w EMA +31.9% in 26w (3/4 HH, 2/2 HL)",64.38,2026-09-04,False,no weekly low <= zone top 52.75 since the 2026-09-04 high,False,no daily touch of the zone in the pullback,False,,no SMA50/100/150/200 support with an earlier bounce,True,0.382,"swing 33.43 (2025-09-12) -> 64.38 (2026-09-04): 0.382=52.56, 0.5=48.91, 0.618=45.25; zone 50.92-52.75 +/- 0.73",2,,,,,False,True,False,,https://www.tradingview.com/chart/?symbol=NASDAQ:RPRX,https://finviz.com/quote.ashx?t=RPRX,PASS (TV) entry=53.02 SL=49.82 TP=63.46 R:R=3.2625 zone=[50.92-52.75]
MDB,PASS,,True,True,True,True,True,False,False,True,True,False,False,381.5199890136719,1107269300.3841786,2902257.6333333333,3.71,93.28,2026-12-07,59,263,354.8800048828125,363.1759948730469,359.0279998779297,303.7608904157366,460.3299865722656,1.832952504303381,1.0000000000000004,55.26710946219308,0.40696879852434514,yes,297.71,288.09,292.9,242.41,452.39,3.1588,2026-10-07,charts/latest/MDB.webp,user,False,,,381.52,55.2671,83.81,1.5165,False,,,True,True,,0.51,5/7,4/6,0.69,14.1,True,"clear uptrend: recent high +0.5 ATR vs prior 2.5y high, 30w EMA +14.1% in 26w (5/7 HH, 4/6 HL)",473.1,2026-08-14,False,no weekly low <= zone top 297.71 since the 2026-08-14 high,False,no daily touch of the zone in the pullback,True,SMA100,"SMA100 365.15 (latest low 371.53 / close 381.52); held before 6x, last 2026-09-08",True,0.618,"swing 206.92 (2025-08-22) -> 473.10 (2026-08-14): 0.382=371.42, 0.5=340.01, 0.618=308.60; zone 288.09-297.71 +/- 13.82",4,strong_close,2026-10-02,strong_close,2026-09-28,True,True,False,,https://www.tradingview.com/chart/?symbol=NASDAQ:MDB,https://finviz.com/quote.ashx?t=MDB,PASS (TV) entry=292.9 SL=242.41 TP=452.39 R:R=3.1588 zone=[288.09-297.71]
BWA,PASS,,True,True,True,True,True,True,False,True,True,True,False,61.38999938964844,125329975.64727783,2041537.3333333333,3.16,106.99,2026-10-29,20,264,44.466069356964546,45.83957961215685,45.152824484560696,40.46499611642697,68.75734005811681,5.035277258444789,0.9999999999999997,4.687828368133731,3.463688008601713,yes,62.15,59.77,61.21,56.67,75.26,3.0947,2026-10-07,charts/latest/BWA.webp,user,False,,,61.39,4.6878,0.0,0.0,False,,,True,True,,1.94,3/4,4/4,0.88,28.4,True,"clear uptrend: recent high +1.9 ATR vs prior 2.5y high, 30w EMA +28.4% in 26w (3/4 HH, 4/4 HL)",78.6112,2026-06-05,True,week 2026-07-17 low 59.91 <= zone top 62.15; week 2026-08-07 close 68.24 >= 64.49 (top + 0.5 wATR 4.69),True,1st touch 2026-07-16 low 62.02; push 2026-07-22 high 65.15 >= 64.05; 2nd touch 2026-10-09 low 61.17,True,SMA200,"SMA200 59.63 (latest low 61.17 / close 61.39); held before 2x, last 2025-06-23",True,0.382,"swing 31.73 (2025-06-27) -> 78.61 (2026-06-05): 0.382=60.70, 0.5=55.17, 0.618=49.64; zone 59.77-62.15 +/- 1.17",2,hammer,2026-09-25,hammer,2026-10-08,False,True,False,,https://www.tradingview.com/chart/?symbol=NYSE:BWA,https://finviz.com/quote.ashx?t=BWA,PASS (TV) entry=61.21 SL=56.67 TP=75.26 R:R=3.0947 zone=[59.77-62.15]
IRM,PASS,,True,True,True,True,True,True,True,True,True,True,False,113.60269927978516,174540512.53828686,1536411.6666666667,2.69,88.93,2026-10-29,20,264,108.49203420768968,109.12745642718059,108.80974531743513,102.1426206814936,128.6404567879491,2.9744023928410424,0.8163886972429807,8.166605758331814,0.5868966990919222,yes,116.65,114.84,116.09,108.82,137.81,2.9876,2026-10-08,charts/latest/IRM.webp,user,False,,,113.6027,8.1666,1.2373,0.1515,False,,,True,True,,1.41,4/5,2/4,0.65,19.8,True,"clear uptrend: recent high +1.4 ATR vs prior 2.5y high, 30w EMA +19.8% in 26w (4/5 HH, 2/4 HL)",133.6416,2026-06-26,True,week 2026-07-03 low 114.79 <= zone top 116.65; week 2026-07-17 close 122.87 >= 120.73 (top + 0.5 wATR 8.17),True,1st touch 2026-07-02 low 114.79; push 2026-07-10 high 121.01 >= 119.50; 2nd touch 2026-10-09 low 113.03,True,SMA200,"SMA200 111.69 (latest low 113.03 / close 113.60); held before 5x, last 2026-09-02",False,,"swing 76.03 (2025-12-19) -> 133.64 (2026-06-26): 0.382=111.63, 0.5=104.83, 0.618=98.04; zone 114.84-116.65 +/- 2.04",8,hammer,2026-09-04,strong_close,2026-10-06,True,True,False,,https://www.tradingview.com/chart/?symbol=NYSE:IRM,https://finviz.com/quote.ashx?t=IRM,PASS (TV) entry=116.09 SL=108.82 TP=137.81 R:R=2.9876 zone=[114.84-116.65]
WTS,PASS,,True,True,True,True,True,True,True,True,True,True,False,348.3800048828125,63907629.36971435,183442.3,2.75,82.48,2026-11-04,26,264,302.1103943028199,311.22603705146736,306.6682156771436,286.49284456302973,391.55438232421875,4.207415376250112,0.9999999999999988,20.17537111411391,2.0674608149581406,yes,343.78,337.04,345.17,330.54,388.28,2.9467,2026-10-08,charts/latest/WTS.webp,user,False,,,348.38,20.1754,4.6,0.228,False,,,True,True,,2.5,3/5,2/3,0.63,18.2,True,"clear uptrend: recent high +2.5 ATR vs prior 2.5y high, 30w EMA +18.2% in 26w (3/5 HH, 2/3 HL)",393.8604,2026-07-03,True,week 2026-07-17 low 343.31 <= zone top 343.78; week 2026-08-07 close 391.55 >= 353.87 (top + 0.5 wATR 20.18),True,1st touch 2026-07-15 low 343.31; push 2026-07-16 high 358.50 >= 351.37; 2nd touch 2026-10-08 low 340.40,False,,no SMA50/100/150/200 support with an earlier bounce,True,0.382,"swing 240.58 (2025-07-18) -> 393.86 (2026-07-03): 0.382=335.31, 0.5=317.22, 0.618=299.13; zone 337.04-343.78 +/- 5.04",22,strong_close,2026-10-02,hammer,2026-10-08,False,True,False,,https://www.tradingview.com/chart/?symbol=NYSE:WTS,https://finviz.com/quote.ashx?t=WTS,PASS (TV) entry=345.17 SL=330.54 TP=388.28 R:R=2.9467 zone=[337.04-343.78]
MOG-A,PASS,,True,True,True,True,True,True,True,True,True,True,False,360.93499755859375,87482257.68509318,242376.76666666666,2.57,90.21,2026-10-30,21,264,344.507080078125,345.34571230956607,344.92639619384556,317.66173064387937,443.3500061035156,3.6099327801874352,0.8011061754983502,34.03377278049999,0.47037398609890485,yes,353.61,344.29,349.88,316.8,439.61,2.7125,2026-10-08,charts/latest/MOG-A.webp,user,False,,,360.935,34.0338,7.325,0.2152,False,,,True,True,,2.8,3/4,4/4,0.88,34.2,True,"clear uptrend: recent high +2.8 ATR vs prior 2.5y high, 30w EMA +34.2% in 26w (3/4 HH, 4/4 HL)",448.85,2026-08-21,True,week 2026-09-18 low 349.71 <= zone top 353.61; week 2026-09-25 close 387.95 >= 370.63 (top + 0.5 wATR 34.03),True,1st touch 2026-09-15 low 349.71; push 2026-09-16 high 366.35 >= 365.84; close 360.93 within 0.60 dATR of the zone,True,SMA150,"SMA150 360.36 (latest low 360.87 / close 360.93); held before 3x, last 2026-09-03",True,0.382,"swing 190.17 (2025-09-12) -> 448.85 (2026-08-21): 0.382=350.04, 0.5=319.51, 0.618=288.99; zone 344.29-353.61 +/- 8.51",9,strong_close,2026-09-25,strong_close,2026-10-08,False,True,False,,https://www.tradingview.com/chart/?symbol=NYSE:MOG.A,https://finviz.com/quote.ashx?t=MOG-A,PASS (TV) entry=349.88 SL=316.8 TP=439.61 R:R=2.7125 zone=[344.29-353.61]
AXTA,PASS,,True,True,True,True,True,True,False,True,True,True,False,32.670501708984375,61106694.03822327,1870393.5,3.74,106.76,2026-11-04,26,264,30.0,31.229999542236328,30.614999771118164,28.43699904850551,38.189998626708984,3.4779597531556883,1.0000000000000007,2.1780007226126537,0.9437563158383633,yes,32.3,31.5,32.29,30.14,38.04,2.6744,2026-10-08,charts/latest/AXTA.webp,user,False,,,32.6705,2.178,0.3705,0.1701,False,,,False,False,,-1.4,4/7,3/6,0.54,8.4,True,not near a new high: recent 26w high 38.61 is -1.40 ATR vs prior 2.5y high 41.65 (needs >= -1),38.61,2026-08-07,False,entered zone week 2026-10-09 (low 32.24) but no later weekly close >= 33.39,True,1st touch 2026-09-18 low 32.07; push 2026-09-22 high 33.59 >= 33.12; 2nd touch 2026-10-05 low 32.24,True,"SMA150,SMA200","SMA150 31.83 (latest low 32.56 / close 32.67); held before 5x, last 2026-07-23; SMA200 32.19 (latest low 32.56 / close 32.67); held before 3x, last 2026-07-23",True,0.5,"swing 24.94 (2026-03-20) -> 38.61 (2026-08-07): 0.382=33.39, 0.5=31.77, 0.618=30.16; zone 31.5-32.3 +/- 0.54",2,hammer,2026-10-02,strong_close,2026-10-08,False,True,False,,https://www.tradingview.com/chart/?symbol=NYSE:AXTA,https://finviz.com/quote.ashx?t=AXTA,PASS (TV) entry=32.29 SL=30.14 TP=38.04 R:R=2.6744 zone=[31.5-32.3]
WELL,PASS,,True,True,True,True,True,True,True,False,True,True,False,225.2449951171875,489448942.7186646,2172962.566666667,2.44,101.72,2026-10-26,17,264,216.76171204387026,218.92354913493656,217.84263058940343,206.87464337837162,239.85000610351562,2.0065099539846982,0.9999999999999996,10.967987211031817,0.6749063784774137,yes,220.4,214.72,218.23,206.34,249.6,2.6384,2026-10-08,charts/latest/WELL.webp,user,False,,,225.245,10.968,4.845,0.4417,False,,,True,True,,3.66,6/8,3/4,0.75,17.6,True,"clear uptrend: recent high +3.7 ATR vs prior 2.5y high, 30w EMA +17.6% in 26w (6/8 HH, 3/4 HL)",254.2402,2026-07-31,False,entered zone week 2026-10-09 (low 220.00) but no later weekly close >= 225.88,False,"1st touch 2026-10-08, push 2026-10-09; no 2nd touch in the last 10 sessions and close 225.24 is 1.01 dATR from the zone",True,SMA150,"SMA150 220.92 (latest low 224.10 / close 225.24); held before 3x, last 2026-06-18",True,0.382,"swing 158.92 (2025-08-15) -> 254.24 (2026-07-31): 0.382=217.83, 0.5=206.58, 0.618=195.33; zone 214.72-220.4 +/- 2.74",9,,,strong_close,2026-10-08,True,True,False,,https://www.tradingview.com/chart/?symbol=NYSE:WELL,https://finviz.com/quote.ashx?t=WELL,PASS (TV) entry=218.23 SL=206.34 TP=249.6 R:R=2.6384 zone=[214.72-220.4]
LFUS,PASS,,True,True,True,True,True,True,True,True,False,True,False,424.489990234375,78388005.40697429,184663.96666666667,4.94,101.26,2026-11-03,25,264,368.9876403808594,370.65160046091574,369.81962042088753,341.15074995958867,459.3824271344834,3.124043789395188,0.7186018088698515,39.895349701925376,1.370344419135372,yes,396.4,368.98,397.74,364.97,484.02,2.63,2026-09-30,,user,False,,,424.49,39.8953,28.09,0.7041,False,,,True,True,,2.88,6/7,3/3,0.93,36.3,True,"clear uptrend: recent high +2.9 ATR vs prior 2.5y high, 30w EMA +36.3% in 26w (6/7 HH, 3/3 HL)",499.6047,2026-06-05,True,week 2026-07-10 low 394.63 <= zone top 396.4; week 2026-07-31 close 441.28 >= 416.35 (top + 0.5 wATR 39.90),False,"1st touch 2026-07-07, push 2026-07-09; no 2nd touch in the last 10 sessions and close 424.49 is 1.98 dATR from the zone",True,SMA150,"SMA150 416.19 (latest low 422.80 / close 424.49); held before 6x, last 2026-08-24",True,0.382,"swing 212.61 (2025-06-20) -> 499.60 (2026-06-05): 0.382=389.97, 0.5=356.11, 0.618=322.24; zone 368.98-396.4 +/- 9.97",14,strong_close,2026-09-25,,,False,True,False,,https://www.tradingview.com/chart/?symbol=NASDAQ:LFUS,https://finviz.com/quote.ashx?t=LFUS,PASS (TV) entry=397.74 SL=364.97 TP=484.02 R:R=2.63 zone=[368.98-396.4]
RHP,PASS,,True,True,True,True,True,True,False,True,True,True,False,119.84010314941406,60673210.67097016,506284.7,4.37,94.27,2026-11-02,24,264,102.76312827616329,103.40852128131385,103.08582477873857,96.44975343736022,134.4499969482422,4.726316303132009,1.0000000000000009,6.636071341378348,2.5247284890092123,yes,117.25,114.4,115.82,108.83,134.08,2.6123,2026-10-08,charts/latest/RHP.webp,user,False,,,119.8401,6.6361,2.5901,0.3903,False,,,True,True,,3.82,3/5,1/3,0.47,26.2,True,"clear uptrend: recent high +3.8 ATR vs prior 2.5y high, 30w EMA +26.2% in 26w (3/5 HH, 1/3 HL)",137.46,2026-07-31,True,week 2026-08-14 low 114.26 <= zone top 117.25; week 2026-08-21 close 128.50 >= 120.57 (top + 0.5 wATR 6.64),False,"1st touch 2026-08-10, push 2026-08-11; no 2nd touch in the last 10 sessions and close 119.84 is 1.04 dATR from the zone",False,,no SMA50/100/150/200 support with an earlier bounce,True,0.382,"swing 80.95 (2025-10-31) -> 137.46 (2026-07-31): 0.382=115.87, 0.5=109.20, 0.618=102.54; zone 114.4-117.25 +/- 1.66",4,hammer,2026-10-02,strong_close,2026-10-01,False,True,False,,https://www.tradingview.com/chart/?symbol=NYSE:RHP,https://finviz.com/quote.ashx?t=RHP,PASS (TV) entry=115.82 SL=108.83 TP=134.08 R:R=2.6123 zone=[114.4-117.25]
ROK,PASS,,True,True,True,True,True,True,True,True,False,True,False,434.9200134277344,290018060.4900269,666830.8,3.41,92.65,2026-11-04,26,264,417.6122741699219,424.4363112700077,421.0242927199648,394.91421988285447,478.6056823730469,2.205332402261299,0.9999999999999998,26.11007283711036,0.532197699886134,yes,415.4,411.42,412.91,388.07,477.44,2.6,2026-09-30,,user,False,,,434.92,26.1101,19.52,0.7476,False,,,True,True,,2.35,4/6,2/2,0.83,16.0,True,"clear uptrend: recent high +2.3 ATR vs prior 2.5y high, 30w EMA +16.0% in 26w (4/6 HH, 2/2 HL)",495.8326,2026-07-03,True,week 2026-09-11 low 414.78 <= zone top 415.4; week 2026-09-25 close 434.21 >= 428.46 (top + 0.5 wATR 26.11),False,"1st touch 2026-09-10, push 2026-09-11; no 2nd touch in the last 10 sessions and close 434.92 is 1.98 dATR from the zone",True,"SMA150,SMA200","SMA150 429.80 (latest low 431.91 / close 434.92); held before 2x, last 2026-02-17; SMA200 423.07 (latest low 431.91 / close 434.92); held before 3x, last 2025-02-03",True,0.382,"swing 300.25 (2025-08-08) -> 495.83 (2026-07-03): 0.382=421.12, 0.5=398.04, 0.618=374.97; zone 411.42-415.4 +/- 6.53",8,strong_close,2026-10-02,,,False,True,False,,https://www.tradingview.com/chart/?symbol=NYSE:ROK,https://finviz.com/quote.ashx?t=ROK,PASS (TV) entry=412.91 SL=388.07 TP=477.44 R:R=2.6 zone=[411.42-415.4]
ATI,PASS,,True,True,True,True,True,True,True,True,True,True,False,189.85000610351562,311963972.76604205,1643212.8666666667,3.22,94.67,2026-11-03,25,264,202.80999755859375,202.85000610351562,202.8300018310547,192.7757170540946,231.25999450683594,2.82764943568438,0.4999999999999994,20.1085695539202,-0.6454957272188756,yes,184.47,174.75,186.1,169.21,229.84,2.5897,2026-10-08,charts/latest/ATI.webp,user,False,,,189.85,20.1086,5.38,0.2675,False,,,True,True,,3.75,4/4,3/3,1.0,47.4,True,"clear uptrend: recent high +3.8 ATR vs prior 2.5y high, 30w EMA +47.4% in 26w (4/4 HH, 3/3 HL)",243.57,2026-08-14,False,entered zone week 2026-10-02 (low 178.26) but no later weekly close >= 194.52,True,1st touch 2026-09-15 low 182.63; push 2026-09-16 high 193.89 >= 190.84; 2nd touch 2026-09-30 low 183.06,False,,no SMA50/100/150/200 support with an earlier bounce,True,0.382,"swing 70.42 (2025-08-22) -> 243.57 (2026-08-14): 0.382=177.43, 0.5=157.00, 0.618=136.56; zone 174.75-184.47 +/- 5.03",14,engulfing,2026-10-02,hammer,2026-10-07,False,True,False,,https://www.tradingview.com/chart/?symbol=NYSE:ATI,https://finviz.com/quote.ashx?t=ATI,PASS (TV) entry=186.1 SL=169.21 TP=229.84 R:R=2.5897 zone=[174.75-184.47]
ST,PASS,,True,True,True,True,True,True,True,True,True,True,False,41.66999816894531,50798700.22781372,1219071.3333333333,4.59,107.23,2026-10-27,18,264,38.1473274230957,38.18711694284953,38.167222182972615,35.39191506721856,46.8081828406849,3.113515116457491,0.8763363407097134,3.166942858385208,1.1060433176741076,yes,41.96,41.31,42.11,38.46,51.55,2.5863,2026-10-08,charts/latest/ST.webp,user,False,,,41.67,3.1669,0.0,0.0,False,,,True,True,,3.78,5/6,3/5,0.72,26.4,True,"clear uptrend: recent high +3.8 ATR vs prior 2.5y high, 30w EMA +26.4% in 26w (5/6 HH, 3/5 HL)",53.7501,2026-06-05,True,week 2026-08-21 low 41.79 <= zone top 41.96; week 2026-09-11 close 43.64 >= 43.54 (top + 0.5 wATR 3.17),True,1st touch 2026-08-20 low 41.79; push 2026-09-08 high 44.18 >= 43.17; 2nd touch 2026-10-09 low 41.35,True,SMA200,"SMA200 41.24 (latest low 41.35 / close 41.67); held before 4x, last 2026-09-01",False,,"swing 26.51 (2025-06-13) -> 53.75 (2026-06-05): 0.382=43.35, 0.5=40.13, 0.618=36.92; zone 41.31-41.96 +/- 0.79",14,engulfing,2026-10-02,hammer,2026-10-07,True,True,False,,https://www.tradingview.com/chart/?symbol=NYSE:ST,https://finviz.com/quote.ashx?t=ST,PASS (TV) entry=42.11 SL=38.46 TP=51.55 R:R=2.5863 zone=[41.31-41.96]
BAX,PASS,,True,True,True,True,True,True,False,False,False,True,False,24.18000030517578,141908639.23302892,5868843.566666666,4.52,109.61,2026-10-29,20,264,18.69306755065918,19.17263462498108,18.93285108782013,16.937730656340698,27.53937530517578,4.313786817858258,0.9999999999999998,1.9951204314794322,2.629991219860727,yes,22.36,21.76,21.99,19.87,27.15,2.434,2026-10-08,charts/latest/BAX.webp,user,False,,,24.18,1.9951,1.82,0.9122,False,,,False,False,,-4.78,2/6,2/5,0.37,12.6,True,not near a new high: recent 26w high 29.99 is -4.78 ATR vs prior 2.5y high 39.53 (needs >= -1),29.9884,2026-07-31,False,no weekly low <= zone top 22.36 since the 2026-07-31 high,False,no daily touch of the zone in the pullback,False,,no SMA50/100/150/200 support with an earlier bounce,True,0.5,"swing 15.72 (2026-04-03) -> 29.99 (2026-07-31): 0.382=24.54, 0.5=22.85, 0.618=21.17; zone 21.76-22.36 +/- 0.50",2,,,,,False,True,False,,https://www.tradingview.com/chart/?symbol=NYSE:BAX,https://finviz.com/quote.ashx?t=BAX,PASS (TV) entry=21.99 SL=19.87 TP=27.15 R:R=2.434 zone=[21.76-22.36]
TTEK,PASS,,True,True,True,True,True,True,True,False,True,True,False,33.380001068115234,65149280.226689525,1951745.9,4.35,100.45,2026-11-18,40,263,31.52167320251465,34.12940339532502,32.82553829891984,30.887516398046454,37.060001373291016,2.184940775159912,1.0000000000000002,1.9380219008733834,0.2860972669841985,yes,32.29,31.48,32.15,30.15,36.96,2.405,2026-10-07,charts/latest/TTEK.webp,user,False,,,33.38,1.938,1.09,0.5624,False,,,False,False,,-6.63,2/4,3/7,0.46,-2.4,False,not near a new high: recent 26w high 37.59 is -6.63 ATR vs prior 2.5y high 50.44 (needs >= -1); sideways / not rising enough: 30w EMA -2.4% in 26w (needs >= +8%),42.8689,2026-02-13,True,week 2026-02-27 low 32.01 <= zone top 32.29; week 2026-03-06 close 34.71 >= 33.26 (top + 0.5 wATR 1.94),True,1st touch 2026-02-25 low 32.01; push 2026-02-26 high 35.43 >= 33.21; 2nd touch 2026-10-08 low 32.23,False,,no SMA50/100/150/200 support with an earlier bounce,False,,"swing 26.95 (2025-04-11) -> 42.87 (2026-02-13): 0.382=36.79, 0.5=34.91, 0.618=33.03; zone 31.48-32.29 +/- 0.48",15,,,strong_close,2026-10-08,True,True,False,,https://www.tradingview.com/chart/?symbol=NASDAQ:TTEK,https://finviz.com/quote.ashx?t=TTEK,PASS (TV) entry=32.15 SL=30.15 TP=36.96 R:R=2.405 zone=[31.48-32.29]
URI,PASS,,True,True,True,True,True,True,True,True,True,True,False,1051.030029296875,452540458.2036458,430568.5333333333,2.5,95.87,2026-10-28,19,264,970.7264404296875,997.3354913096188,984.0309658696531,898.7513256273322,1160.8367919921875,2.073247795372298,0.9999999999999997,85.27964024232088,0.7856396114810644,yes,994.68,970.68,982.49,906.26,1165.22,2.3971,2026-10-08,charts/latest/URI.webp,user,False,,,1051.03,85.2796,56.35,0.6608,False,,,True,True,,1.92,6/7,3/6,0.68,23.8,True,"clear uptrend: recent high +1.9 ATR vs prior 2.5y high, 30w EMA +23.8% in 26w (6/7 HH, 3/6 HL)",1177.1487,2026-08-07,True,week 2026-09-04 low 967.58 <= zone top 994.68; week 2026-09-25 close 1046.75 >= 1037.32 (top + 0.5 wATR 85.28),True,1st touch 2026-09-01 low 988.88; push 2026-09-09 high 1053.74 >= 1028.04; 2nd touch 2026-10-01 low 990.72,False,,no SMA50/100/150/200 support with an earlier bounce,True,0.382,"swing 698.94 (2026-03-20) -> 1177.15 (2026-08-07): 0.382=994.47, 0.5=938.04, 0.618=881.61; zone 970.68-994.68 +/- 21.32",29,hammer,2026-10-02,strong_close,2026-10-01,True,True,False,,https://www.tradingview.com/chart/?symbol=NYSE:URI,https://finviz.com/quote.ashx?t=URI,PASS (TV) entry=982.49 SL=906.26 TP=1165.22 R:R=2.3971 zone=[970.68-994.68]
ARMK,PASS,,True,True,True,True,True,True,False,True,True,True,False,55.31999969482422,108763587.41199976,1966080.7666666666,3.16,100.11,2026-11-17,39,264,41.66974639892578,41.918669624243776,41.79420801158478,38.85265602529341,62.26625061035156,6.959605913535942,0.9999999999999988,2.941551986291369,4.598182097842983,yes,55.8,55.21,55.47,52.77,61.88,2.3741,2026-10-08,charts/latest/ARMK.webp,user,False,,,55.32,2.9416,0.0,0.0,False,,,True,True,,6.31,3/5,3/4,0.68,34.5,True,"clear uptrend: recent high +6.3 ATR vs prior 2.5y high, 30w EMA +34.5% in 26w (3/5 HH, 3/4 HL)",62.5257,2026-08-14,False,entered zone week 2026-10-09 (low 54.83) but no later weekly close >= 57.27,False,"1st touch 2026-09-23 (low 55.36), no push to 56.80 yet",False,,no SMA50/100/150/200 support with an earlier bounce,False,,"swing 34.70 (2025-11-21) -> 62.53 (2026-08-14): 0.382=51.90, 0.5=48.61, 0.618=45.33; zone 55.21-55.8 +/- 0.74",2,hammer,2026-10-02,strong_close,2026-10-08,False,True,False,,https://www.tradingview.com/chart/?symbol=NYSE:ARMK,https://finviz.com/quote.ashx?t=ARMK,PASS (TV) entry=55.47 SL=52.77 TP=61.88 R:R=2.3741 zone=[55.21-55.8]
LAMR,PASS,,True,True,True,True,True,True,False,True,True,True,False,147.06500244140625,74159096.17443848,504260.6666666667,3.63,85.4,2026-10-29,20,264,134.6874542236328,135.62618083125926,135.15681752744604,128.8907456629092,162.32000732421875,4.334963017341735,0.9999999999999993,6.266071864536831,1.9004226525640766,yes,147.28,145.49,146.09,140.13,159.92,2.3205,2026-10-08,charts/latest/LAMR.webp,user,False,,,147.065,6.2661,0.0,0.0,False,,,True,True,,4.73,6/6,3/4,0.88,16.9,True,"clear uptrend: recent high +4.7 ATR vs prior 2.5y high, 30w EMA +16.9% in 26w (6/6 HH, 3/4 HL)",166.33,2026-07-31,False,entered zone week 2026-10-09 (low 142.45) but no later weekly close >= 150.41,True,1st touch 2026-09-10 low 147.21; push 2026-09-11 high 150.01 >= 149.89; 2nd touch 2026-10-09 low 146.46,True,SMA150,"SMA150 146.15 (latest low 146.46 / close 147.07); held before 5x, last 2026-02-20",True,0.382,"swing 108.21 (2025-08-15) -> 166.33 (2026-07-31): 0.382=144.13, 0.5=137.27, 0.618=130.41; zone 145.49-147.28 +/- 1.57",2,hammer,2026-09-04,strong_close,2026-10-08,False,True,False,,https://www.tradingview.com/chart/?symbol=NASDAQ:LAMR,https://finviz.com/quote.ashx?t=LAMR,PASS (TV) entry=146.09 SL=140.13 TP=159.92 R:R=2.3205 zone=[145.49-147.28]
AMGN,PASS,,True,True,True,True,True,True,False,True,False,True,False,410.385009765625,1159473230.1156168,2825330.3666666667,2.61,85.56,2026-11-03,25,264,350.58819580078125,351.9597768434924,351.2739863221368,338.40917758416884,440.30999755859375,6.9208966141629915,0.5000000000000002,25.729617475935914,2.2973922367393467,yes,386.1,382.85,384.48,360.4,440.31,2.3185,2026-10-07,charts/latest/AMGN.webp,user,False,,,410.385,25.7296,24.285,0.9439,False,,,True,True,,2.37,4/4,6/7,0.93,13.9,True,"clear uptrend: recent high +2.4 ATR vs prior 2.5y high, 30w EMA +13.9% in 26w (4/4 HH, 6/7 HL)",447.03,2026-08-28,True,week 2026-09-11 low 377.22 <= zone top 386.1; week 2026-09-25 close 414.61 >= 398.96 (top + 0.5 wATR 25.73),False,"1st touch 2026-09-10, push 2026-09-22; no 2nd touch in the last 10 sessions and close 410.39 is 2.32 dATR from the zone",False,,no SMA50/100/150/200 support with an earlier bounce,True,0.382,"swing 262.49 (2025-09-26) -> 447.03 (2026-08-28): 0.382=376.54, 0.5=354.76, 0.618=332.98; zone 382.85-386.1 +/- 6.43",0,strong_close,2026-09-25,,,False,True,False,,https://www.tradingview.com/chart/?symbol=NASDAQ:AMGN,https://finviz.com/quote.ashx?t=AMGN,PASS (TV) entry=384.48 SL=360.4 TP=440.31 R:R=2.3185 zone=[382.85-386.1]
IESC,PASS,,True,True,True,True,True,True,True,True,True,True,False,299.635009765625,75258196.77762859,251166.23333333334,3.06,97.45,2026-12-09,61,264,259.8349914550781,265.0,262.41749572753906,238.22785350254603,384.4750061035156,5.045858439769119,0.5000000000000002,48.37928444998605,0.7692861616537751,yes,312.68,293.46,304.53,269.85,380.82,2.1998,2026-10-08,charts/latest/IESC.webp,user,False,,,299.635,48.3793,0.0,0.0,False,,,True,True,,2.81,5/5,4/4,1.0,46.4,True,"clear uptrend: recent high +2.8 ATR vs prior 2.5y high, 30w EMA +46.4% in 26w (5/5 HH, 4/4 HL)",408.255,2026-08-14,True,week 2026-08-28 low 307.12 <= zone top 312.68; week 2026-09-11 close 345.71 >= 336.87 (top + 0.5 wATR 48.38),True,1st touch 2026-08-25 low 307.12; push 2026-08-26 high 332.17 >= 326.42; 2nd touch 2026-10-09 low 297.48,True,SMA200,"SMA200 293.08 (latest low 297.48 / close 299.64); held before 4x, last 2026-09-01",True,"0.382,0.5","swing 154.76 (2025-08-22) -> 408.26 (2026-08-14): 0.382=311.42, 0.5=281.51, 0.618=251.59; zone 293.46-312.68 +/- 12.09",12,engulfing,2026-10-02,rejection,2026-10-08,True,True,False,,https://www.tradingview.com/chart/?symbol=NASDAQ:IESC,https://finviz.com/quote.ashx?t=IESC,PASS (TV) entry=304.53 SL=269.85 TP=380.82 R:R=2.1998 zone=[293.46-312.68]
GL,PASS,,True,True,True,True,True,True,True,True,False,True,False,165.2100067138672,59749999.71714325,361660.9,2.71,88.06,2026-10-28,19,264,145.89846801757812,152.0726073494638,148.98553768352096,140.43248832351816,186.61000061035156,4.39895309183838,1.0000000000000016,8.55304936000279,1.8969221791490907,yes,173.75,167.97,170.86,163.72,186.21,2.1499,2026-10-08,charts/latest/GL.webp,user,False,,,165.21,8.553,2.76,0.3227,True,broken,low 163.46 < SL 163.72 on 2026-10-08,True,True,,4.62,3/4,4/5,0.78,19.7,True,"clear uptrend: recent high +4.6 ATR vs prior 2.5y high, 30w EMA +19.7% in 26w (3/4 HH, 4/5 HL)",191.55,2026-07-17,True,week 2026-07-24 low 168.17 <= zone top 173.75; week 2026-07-31 close 182.25 >= 178.03 (top + 0.5 wATR 8.55),False,close 165.21 below zone bottom - 1 dATR (broken down),True,SMA150,"SMA150 163.14 (latest low 164.91 / close 165.21); held before 8x, last 2026-02-25",False,,"swing 119.08 (2025-07-25) -> 191.55 (2026-07-17): 0.382=163.87, 0.5=155.32, 0.618=146.77; zone 167.97-173.75 +/- 2.14",10,hammer,2026-09-11,,,False,True,False,,https://www.tradingview.com/chart/?symbol=NYSE:GL,https://finviz.com/quote.ashx?t=GL,PASS (TV) entry=170.86 SL=163.72 TP=186.21 R:R=2.1499 zone=[167.97-173.75]
SWK,PASS,,True,True,True,True,True,True,True,True,True,True,False,87.90499877929688,134848568.3082428,1534026.1666666667,4.75,100.1,2026-11-04,26,264,79.62845014666357,79.90309745824958,79.76577380245658,73.75350599325999,102.99365997314453,3.863415088588988,1.0000000000000007,6.012267809196582,1.3537695317547638,yes,90.29,89,89.86,83.76,102.48,2.0689,2026-10-08,charts/latest/SWK.webp,user,False,,,87.905,6.0123,1.095,0.1821,False,,,True,True,,0.32,5/6,3/5,0.72,18.8,True,"clear uptrend: recent high +0.3 ATR vs prior 2.5y high, 30w EMA +18.8% in 26w (5/6 HH, 3/5 HL)",103.7768,2026-08-14,False,entered zone week 2026-10-09 (low 85.71) but no later weekly close >= 93.30,False,"1st touch 2026-09-10 (low 87.95), no push to 93.05 yet",False,,no SMA50/100/150/200 support with an earlier bounce,False,,"swing 59.35 (2025-11-21) -> 103.78 (2026-08-14): 0.382=86.81, 0.5=81.57, 0.618=76.32; zone 89-90.29 +/- 1.50",20,hammer,2026-10-02,strong_close,2026-10-08,False,True,False,,https://www.tradingview.com/chart/?symbol=NYSE:SWK,https://finviz.com/quote.ashx?t=SWK,PASS (TV) entry=89.86 SL=83.76 TP=102.48 R:R=2.0689 zone=[89-90.29]
INCY,PASS,,True,True,True,True,True,True,False,False,True,True,False,112.86499786376953,176402096.34601668,1562947.7666666666,4.97,103.22,2026-11-03,25,263,108.5,109.4800033569336,108.9900016784668,101.03142874581474,127.80999755859375,2.3647450415278795,0.9999999999999994,7.958572932652065,0.4868958565931562,yes,112.16,107.48,110.39,102.07,127.46,2.0517,2026-10-08,charts/latest/INCY.webp,user,False,,,112.865,7.9586,0.705,0.0886,False,,,True,True,,2.55,4/6,2/4,0.58,18.7,True,"clear uptrend: recent high +2.6 ATR vs prior 2.5y high, 30w EMA +18.7% in 26w (4/6 HH, 2/4 HL)",132.6,2026-07-31,False,entered zone week 2026-10-09 (low 110.08) but no later weekly close >= 116.14,True,1st touch 2026-10-06 low 111.67; push 2026-10-07 high 115.49 >= 115.32; 2nd touch 2026-10-08 low 110.08,False,,no SMA50/100/150/200 support with an earlier bounce,True,0.382,"swing 75.48 (2025-08-08) -> 132.60 (2026-07-31): 0.382=110.78, 0.5=104.04, 0.618=97.30; zone 107.48-112.16 +/- 1.99",0,,,hammer,2026-10-08,False,True,False,,https://www.tradingview.com/chart/?symbol=NASDAQ:INCY,https://finviz.com/quote.ashx?t=INCY,PASS (TV) entry=110.39 SL=102.07 TP=127.46 R:R=2.0517 zone=[107.48-112.16]
CNO,FAIL,"dollar_vol,rr",False,True,True,True,False,True,False,False,False,False,False,52.959999084472656,47339739.22429759,893877.2666666667,2.42,96.56,2026-11-04,26,264,44.1458740234375,44.3436609545763,44.244767489006904,41.82035403294368,56.563594818115234,5.081157794393588,1.0000000000000009,2.4244134560632182,3.5947794191909885,yes,44.36,44.15,44.05,41.79,56.35,5.4425,2026-10-07,charts/latest/CNO.webp,bot,True,bot drawing on chart,bot drawing (review needed): zone 44.15-44.36 entry 44.05 SL 41.79 TP 56.35 R:R 5.44,52.96,2.4244,8.6,3.5472,True,far,close 52.96 is 3.55 ATR above zone top 44.36,True,True,,5.38,5/6,3/5,0.72,24.8,True,"clear uptrend: recent high +5.4 ATR vs prior 2.5y high, 30w EMA +24.8% in 26w (5/6 HH, 3/5 HL)",57.4008,2026-07-31,False,no weekly low <= zone top 44.36 since the 2026-07-31 high,False,no daily touch of the zone in the pullback,True,SMA100,"SMA100 52.45 (latest low 52.96 / close 52.96); held before 8x, last 2026-01-23",False,,"swing 34.84 (2025-08-08) -> 57.40 (2026-07-31): 0.382=48.78, 0.5=46.12, 0.618=43.46; zone 44.15-44.36 +/- 0.61",1,,,,,False,True,False,TV drawing by the bot - review needed (f_rr False until approved),https://www.tradingview.com/chart/?symbol=NYSE:CNO,https://finviz.com/quote.ashx?t=CNO,"$vol(30d) $47.3M < $50M | FAIL: dollar_vol, rr (bot drawing - review needed)"
GTX,FAIL,no_earnings_14d,True,True,False,True,True,True,False,False,False,False,False,25.739999771118164,64482428.29461785,2505144.8666666667,3.91,95.08,2026-10-22,13,264,17.351736831272113,17.497647987157407,17.42469240921476,16.325718544156615,35.00577926635742,15.997729715085146,0.4999999999999994,2.197947730116293,3.7832143357947112,yes,21.3,20.96,21.1,18.48,34.59,5.1489,2026-10-07,charts/latest/GTX.webp,user,False,,,25.74,2.1979,4.44,2.0201,False,,,True,True,,6.79,4/4,3/3,1.0,57.9,True,"clear uptrend: recent high +6.8 ATR vs prior 2.5y high, 30w EMA +57.9% in 26w (4/4 HH, 3/3 HL)",36.1424,2026-07-03,False,no weekly low <= zone top 21.3 since the 2026-07-03 high,False,no daily touch of the zone in the pullback,True,SMA200,"SMA200 24.89 (latest low 25.55 / close 25.74); held before 1x, last 2024-12-30",False,,"swing 10.51 (2025-07-11) -> 36.14 (2026-07-03): 0.382=26.35, 0.5=23.33, 0.618=20.30; zone 20.96-21.3 +/- 0.55",2,,,,,False,True,True,,https://www.tradingview.com/chart/?symbol=NASDAQ:GTX,https://finviz.com/quote.ashx?t=GTX,FAIL: no_earnings_14d
CSX,FAIL,no_earnings_14d,True,True,False,True,True,True,False,False,False,False,False,47.19499969482422,460001015.9015076,9746816.8,2.2,82.03,2026-10-21,12,264,42.44334030151367,42.522879890397,42.48311009595534,41.16432207386231,51.858033041478826,7.108741350747689,0.6287249942617962,2.097559400579354,2.246367658321112,yes,43.16,42.52,42.83,40.51,52.97,4.3707,2026-10-08,charts/latest/CSX.webp,user,False,user-edited bot drawing,levels changed vs the bot drawing (zone 42.44-43.1 entry 42.82 SL 40.75 TP 53.26 R:R 5.06) -> user-owned,47.195,2.0976,4.035,1.9237,False,,,True,True,,4.94,5/6,3/3,0.92,23.7,True,"clear uptrend: recent high +4.9 ATR vs prior 2.5y high, 30w EMA +23.7% in 26w (5/6 HH, 3/3 HL)",53.4537,2026-07-31,False,no weekly low <= zone top 43.16 since the 2026-07-31 high,False,no daily touch of the zone in the pullback,False,,no SMA50/100/150/200 support with an earlier bounce,True,0.5,"swing 31.40 (2025-09-12) -> 53.45 (2026-07-31): 0.382=45.03, 0.5=42.43, 0.618=39.82; zone 42.52-43.16 +/- 0.52",2,,,,,False,True,True,,https://www.tradingview.com/chart/?symbol=NASDAQ:CSX,https://finviz.com/quote.ashx?t=CSX,FAIL: no_earnings_14d
STLD,FAIL,no_earnings_14d,True,True,False,True,True,True,False,True,True,True,False,238.5399932861328,219132387.38370615,918640.0333333333,2.83,86.02,2026-10-19,10,264,133.47352600097656,137.9203468520754,135.69693642652598,119.05236549628881,262.7099914550781,7.630899922918131,0.9323948005294128,17.851419721330917,5.761057577774511,yes,220.81,216.73,218.36,200.03,285.6,3.67,2026-10-05,charts/latest/STLD.webp,user,False,,,238.54,17.8514,17.73,0.9932,False,,,True,True,,4.52,4/6,2/3,0.67,35.5,True,"clear uptrend: recent high +4.5 ATR vs prior 2.5y high, 30w EMA +35.5% in 26w (4/6 HH, 2/3 HL)",288.0866,2026-06-19,True,week 2026-07-03 low 216.36 <= zone top 220.81; week 2026-07-17 close 235.51 >= 229.74 (top + 0.5 wATR 17.85),True,1st touch 2026-07-01 low 218.73; push 2026-07-06 high 227.45 >= 227.26; 2nd touch 2026-10-01 low 219.11,True,SMA150,"SMA150 229.65 (latest low 235.01 / close 238.54); held before 8x, last 2026-08-20",True,0.382,"swing 118.47 (2025-08-15) -> 288.09 (2026-06-19): 0.382=223.29, 0.5=203.28, 0.618=183.27; zone 216.73-220.81 +/- 4.46",2,hammer,2026-10-02,strong_close,2026-10-01,False,True,True,,https://www.tradingview.com/chart/?symbol=NASDAQ:STLD,https://finviz.com/quote.ashx?t=STLD,FAIL: no_earnings_14d
NTRS,FAIL,no_earnings_14d,True,True,False,True,True,True,False,False,False,False,False,168.7100067138672,159774787.33828735,947038.0,2.19,86.98,2026-10-21,12,264,149.8953399658203,150.3189701451915,150.10715505550593,144.57520863497314,190.51141357421875,7.303805107140106,0.6261028608938558,8.835523307839717,2.1054612172043097,yes,154.89,149.22,151.62,141.15,189.78,3.6447,2026-10-07,charts/latest/NTRS.webp,user,False,,,168.71,8.8355,13.82,1.5641,False,,,True,True,,4.48,5/7,3/3,0.86,25.8,True,"clear uptrend: recent high +4.5 ATR vs prior 2.5y high, 30w EMA +25.8% in 26w (5/7 HH, 3/3 HL)",194.8609,2026-08-14,False,no weekly low <= zone top 154.89 since the 2026-08-14 high,False,no daily touch of the zone in the pullback,True,SMA150,"SMA150 168.62 (latest low 168.35 / close 168.71); held before 3x, last 2026-03-09",True,"0.5,0.618","swing 118.61 (2025-10-17) -> 194.86 (2026-08-14): 0.382=165.73, 0.5=156.73, 0.618=147.74; zone 149.22-154.89 +/- 2.21",2,,,,,False,True,True,,https://www.tradingview.com/chart/?symbol=NASDAQ:NTRS,https://finviz.com/quote.ashx?t=NTRS,FAIL: no_earnings_14d
R,FAIL,no_earnings_14d,True,True,False,True,True,True,True,True,True,True,False,236.16000366210938,54245929.225186154,229699.9,2.22,91.99,2026-10-22,13,264,222.27438354492188,223.891398337612,223.08289094126695,210.72306849931917,270.889957823935,3.8679412351763625,0.9999999999999993,12.359822441947793,1.058034027775369,yes,228.9,221.83,227.11,213.47,276.32,3.6078,2026-10-06,charts/latest/R.webp,user,False,,,236.16,12.3598,7.26,0.5874,False,,,True,True,,4.49,6/7,3/3,0.93,25.4,True,"clear uptrend: recent high +4.5 ATR vs prior 2.5y high, 30w EMA +25.4% in 26w (6/7 HH, 3/3 HL)",283.1004,2026-06-12,True,week 2026-10-02 low 223.30 <= zone top 228.9; week 2026-10-09 close 236.16 >= 235.08 (top + 0.5 wATR 12.36),False,"1st touch 2026-09-29, push 2026-10-01; no 2nd touch in the last 10 sessions and close 236.16 is 1.38 dATR from the zone",True,SMA200,"SMA200 231.51 (latest low 235.75 / close 236.16); held before 2x, last 2026-03-13",True,0.382,"swing 144.49 (2025-06-20) -> 283.10 (2026-06-12): 0.382=230.15, 0.5=213.80, 0.618=197.44; zone 221.83-228.9 +/- 3.09",9,hammer,2026-10-02,hammer,2026-10-01,True,True,True,,https://www.tradingview.com/chart/?symbol=NYSE:R,https://finviz.com/quote.ashx?t=R,FAIL: no_earnings_14d
UNH,FAIL,no_earnings_14d,True,True,False,True,True,True,True,True,False,False,False,381.2099914550781,1671387976.4344003,4384428.566666666,1.48,90.14,2026-10-13,4,264,349.3529357910156,350.9317071763275,350.1423214836716,329.24641151470314,424.6352826432401,3.564954159459652,0.9999999999999998,20.895909968968457,1.4867823424557094,yes,354.18,346.7,351.27,330.5,423.15,3.46,2026-09-29,,user,False,,,381.21,20.8959,27.03,1.2936,False,,,False,False,,-6.82,4/7,2/5,0.49,22.6,True,not near a new high: recent 26w high 458.79 is -6.82 ATR vs prior 2.5y high 601.33 (needs >= -1),458.7949,2026-07-17,False,no weekly low <= zone top 354.18 since the 2026-07-17 high,False,no daily touch of the zone in the pullback,True,SMA150,"SMA150 370.90 (latest low 373.02 / close 381.21); held before 1x, last 2025-12-10",True,0.5,"swing 227.08 (2025-08-01) -> 458.79 (2026-07-17): 0.382=370.28, 0.5=342.94, 0.618=315.60; zone 346.7-354.18 +/- 5.22",28,hammer,2026-10-02,,,True,True,True,,https://www.tradingview.com/chart/?symbol=NYSE:UNH,https://finviz.com/quote.ashx?t=UNH,FAIL: no_earnings_14d
ESS,FAIL,rr,True,True,True,True,False,True,False,False,True,True,False,270.697509765625,129956207.83727214,480079.06666666665,3.43,104.63,2026-10-28,19,264,255.67339383830705,256.81922863785974,256.2463112380834,245.9424520723468,290.30999755859375,3.3059153636127125,1.0000000000000004,10.303859165736608,1.4025034984558122,yes,271.13,269.28,269.79,259.25,299.07,2.778,2026-10-07,charts/latest/ESS.webp,bot,True,bot drawing on chart,bot drawing (review needed): zone 269.28-271.13 entry 269.79 SL 259.25 TP 299.07 R:R 2.78,270.6975,10.3039,0.0,0.0,False,,,True,True,,0.43,3/7,2/6,0.38,9.3,True,"clear uptrend: recent high +0.4 ATR vs prior 2.5y high, 30w EMA +9.3% in 26w (3/7 HH, 2/6 HL)",303.35,2026-07-10,False,entered zone week 2026-10-09 (low 265.92) but no later weekly close >= 276.28,True,1st touch 2026-09-10 low 270.45; push 2026-09-14 high 276.02 >= 275.27; 2nd touch 2026-10-09 low 269.99,True,SMA200,"SMA200 266.26 (latest low 269.99 / close 270.70); held before 3x, last 2025-03-13",True,0.5,"swing 233.85 (2026-03-27) -> 303.35 (2026-07-10): 0.382=276.80, 0.5=268.60, 0.618=260.40; zone 269.28-271.13 +/- 2.58",2,,,strong_close,2026-10-05,False,True,False,TV drawing by the bot - review needed (f_rr False until approved),https://www.tradingview.com/chart/?symbol=NYSE:ESS,https://finviz.com/quote.ashx?t=ESS,FAIL: rr (bot drawing - review needed)
PH,FAIL,rr,True,True,True,True,False,False,True,True,True,True,False,951.4450073242188,470482610.5732727,494492.7,1.16,91.26,2026-10-29,20,264,966.9724731445312,1001.7723946354896,984.3724338900104,930.1521371861281,1082.6694406412896,1.812919012378644,1.0000000000000009,54.2202967038822,-0.6072896787271546,yes,951.29,927.47,944.47,895.21,1077.95,2.7097,2026-10-08,charts/latest/PH.webp,bot,True,bot drawing on chart,bot drawing (review needed): zone 927.47-951.29 entry 944.47 SL 895.21 TP 1077.95 R:R 2.71,951.445,54.2203,0.155,0.0029,False,,,True,True,,1.24,4/6,3/4,0.71,8.2,True,"clear uptrend: recent high +1.2 ATR vs prior 2.5y high, 30w EMA +8.2% in 26w (4/6 HH, 3/4 HL)",1097.7291,2026-08-07,False,entered zone week 2026-10-09 (low 938.55) but no later weekly close >= 978.40,True,1st touch 2026-09-01 low 949.58; push 2026-09-04 high 978.38 >= 970.00; 2nd touch 2026-10-09 low 944.47,True,"SMA150,SMA200","SMA150 943.07 (latest low 944.47 / close 951.45); held before 5x, last 2026-07-29; SMA200 944.27 (latest low 944.47 / close 951.45); held before 2x, last 2025-06-23",True,0.382,"swing 709.46 (2025-10-10) -> 1097.73 (2026-08-07): 0.382=949.41, 0.5=903.60, 0.618=857.78; zone 927.47-951.29 +/- 13.56",20,hammer,2026-10-02,hammer,2026-10-08,True,True,False,TV drawing by the bot - review needed (f_rr False until approved),https://www.tradingview.com/chart/?symbol=NYSE:PH,https://finviz.com/quote.ashx?t=PH,FAIL: rr (bot drawing - review needed)
UNP,FAIL,no_earnings_14d,True,True,False,True,True,True,True,True,True,True,False,277.739990234375,557362252.1565675,2006777.1,4.63,92.27,2026-10-22,13,264,262.3927820459206,265.5219318602399,263.95735695308025,250.96200588986548,307.0749771113229,3.317926537613387,1.0,12.99535106321477,1.060581835323287,yes,274.95,271.18,273.25,258.2,313.49,2.6738,2026-10-08,charts/latest/UNP.webp,user,False,,,277.74,12.9954,2.79,0.2147,False,,,True,True,,3.77,7/9,5/6,0.81,16.4,True,"clear uptrend: recent high +3.8 ATR vs prior 2.5y high, 30w EMA +16.4% in 26w (7/9 HH, 5/6 HL)",314.5304,2026-07-24,False,entered zone week 2026-10-09 (low 274.30) but no later weekly close >= 281.45,True,1st touch 2026-09-21 low 268.26; push 2026-10-08 high 279.01 >= 278.81; close 277.74 within 0.72 dATR of the zone,False,,no SMA50/100/150/200 support with an earlier bounce,True,0.382,"swing 206.49 (2025-09-12) -> 314.53 (2026-07-24): 0.382=273.26, 0.5=260.51, 0.618=247.76; zone 271.18-274.95 +/- 3.25",9,hammer,2026-10-02,strong_close,2026-10-08,False,True,True,,https://www.tradingview.com/chart/?symbol=NYSE:UNP,https://finviz.com/quote.ashx?t=UNP,FAIL: no_earnings_14d
LH,FAIL,no_earnings_14d,True,True,False,True,True,True,False,False,False,False,False,316.5199890136719,221057676.38447776,698400.3666666667,3.03,101.18,2026-10-22,13,264,272.3859558105469,275.2320022818144,273.80897904618064,260.07239875490035,335.62042236328125,4.499769375376293,0.7863917985723385,17.467858027281665,2.4451200542610487,yes,289.97,284.29,288.77,272.04,333.31,2.6623,2026-10-08,charts/latest/LH.webp,user,False,,,316.52,17.4679,26.55,1.5199,False,,,True,True,,2.88,4/6,5/6,0.75,11.2,True,"clear uptrend: recent high +2.9 ATR vs prior 2.5y high, 30w EMA +11.2% in 26w (4/6 HH, 5/6 HL)",341.0687,2026-08-28,False,no weekly low <= zone top 289.97 since the 2026-08-28 high,False,no daily touch of the zone in the pullback,False,,no SMA50/100/150/200 support with an earlier bounce,True,0.5,"swing 242.07 (2025-11-07) -> 341.07 (2026-08-28): 0.382=303.25, 0.5=291.57, 0.618=279.89; zone 284.29-289.97 +/- 4.37",1,,,,,False,True,True,,https://www.tradingview.com/chart/?symbol=NYSE:LH,https://finviz.com/quote.ashx?t=LH,FAIL: no_earnings_14d
ASB,FAIL,no_earnings_14d,True,True,False,True,True,True,True,True,True,True,False,28.610000610351562,51864203.38444519,1812799.8,4.55,80.96,2026-10-22,13,264,28.170221585616805,28.278417871726944,28.224319728671873,26.92094247020819,32.076515197753906,2.9555490891583394,0.9999999999999998,1.3033772584636838,0.29590886228466157,yes,28.78,28.63,28.73,27.42,32.11,2.5802,2026-10-08,charts/latest/ASB.webp,user,False,,,28.61,1.3034,0.02,0.0153,False,,,True,True,,2.63,5/7,5/6,0.77,14.4,True,"clear uptrend: recent high +2.6 ATR vs prior 2.5y high, 30w EMA +14.4% in 26w (5/7 HH, 5/6 HL)",32.2055,2026-08-14,False,entered zone week 2026-10-09 (low 28.16) but no later weekly close >= 29.43,True,1st touch 2026-09-23 low 28.66; push 2026-09-25 high 29.56 >= 29.31; 2nd touch 2026-10-09 low 28.53,True,"SMA150,SMA200","SMA150 28.61 (latest low 28.53 / close 28.61); held before 5x, last 2026-01-02; SMA200 28.07 (latest low 28.53 / close 28.61); held before 4x, last 2025-11-18",True,0.382,"swing 23.04 (2025-10-17) -> 32.21 (2026-08-14): 0.382=28.71, 0.5=27.62, 0.618=26.54; zone 28.63-28.78 +/- 0.33",15,hammer,2026-10-02,engulfing,2026-10-08,False,True,True,,https://www.tradingview.com/chart/?symbol=NYSE:ASB,https://finviz.com/quote.ashx?t=ASB,FAIL: no_earnings_14d
AIT,FAIL,no_earnings_14d,True,True,False,True,True,True,True,True,False,True,False,332.7699890136719,87404866.15934753,262658.5,2.46,97.27,2026-10-22,13,264,290.3217468261719,293.8246543924392,292.07320060930556,273.32114508292733,361.95001220703125,3.7263547721171717,1.0000000000000004,18.75205552637822,2.1702574604218072,yes,315.83,308.02,312.94,294.03,360.73,2.5272,2026-10-08,charts/latest/AIT.webp,user,False,,,332.77,18.7521,16.94,0.9034,False,,,True,True,,4.21,6/8,3/5,0.68,20.9,True,"clear uptrend: recent high +4.2 ATR vs prior 2.5y high, 30w EMA +20.9% in 26w (6/8 HH, 3/5 HL)",374.2655,2026-08-14,True,week 2026-09-04 low 314.85 <= zone top 315.83; week 2026-09-25 close 333.10 >= 325.21 (top + 0.5 wATR 18.75),False,"1st touch 2026-09-02, push 2026-09-04; no 2nd touch in the last 10 sessions and close 332.77 is 2.38 dATR from the zone",True,SMA100,"SMA100 330.99 (latest low 330.80 / close 332.77); held before 3x, last 2025-01-29",True,0.5,"swing 236.75 (2025-10-17) -> 374.27 (2026-08-14): 0.382=321.73, 0.5=305.51, 0.618=289.28; zone 308.02-315.83 +/- 4.69",27,strong_close,2026-09-25,,,False,True,True,,https://www.tradingview.com/chart/?symbol=NYSE:AIT,https://finviz.com/quote.ashx?t=AIT,FAIL: no_earnings_14d
PFG,FAIL,no_earnings_14d,True,True,False,True,True,True,True,False,False,False,False,108.20500183105469,150204354.8991048,1388146.1333333333,4.45,81.84,2026-10-22,13,263,94.98644256591797,95.51338696573315,95.24991476582557,89.67994603192922,113.26871592747503,3.2349914375632083,1.0000000000000004,5.569968733896343,2.3258814697451076,yes,95.45,94.35,94.98,85.81,117.62,2.4689,2026-10-08,charts/latest/PFG.webp,user,False,,,108.205,5.57,12.755,2.29,False,,,True,True,,4.61,5/5,3/5,0.8,23.9,True,"clear uptrend: recent high +4.6 ATR vs prior 2.5y high, 30w EMA +23.9% in 26w (5/5 HH, 3/5 HL)",121.18,2026-09-04,False,no weekly low <= zone top 95.45 since the 2026-09-04 high,False,no daily touch of the zone in the pullback,False,,no SMA50/100/150/200 support with an earlier bounce,False,,"swing 75.30 (2025-10-17) -> 121.18 (2026-09-04): 0.382=103.66, 0.5=98.24, 0.618=92.83; zone 94.35-95.45 +/- 1.39",10,,,,,False,True,True,,https://www.tradingview.com/chart/?symbol=NASDAQ:PFG,https://finviz.com/quote.ashx?t=PFG,FAIL: no_earnings_14d
STX,FAIL,rr,True,True,True,True,False,True,False,True,True,True,False,772.219970703125,3149344165.964575,4078299.3,4.03,85.87,2026-10-28,19,262,427.92401123046875,457.91620030452225,442.9201057674955,344.86492392751313,989.5367754962906,5.5745821839464496,0.6760475466003246,145.041842593879,2.2703783890672007,yes,787.03,712.16,767.56,641.42,1073.88,2.4284,2026-10-08,charts/latest/STX.webp,bot,True,bot drawing on chart,bot drawing (review needed): zone 712.16-787.03 entry 767.56 SL 641.42 TP 1073.88 R:R 2.43,772.22,145.0418,0.0,0.0,False,,,True,True,,4.32,4/5,2/2,0.9,129.0,True,"clear uptrend: recent high +4.3 ATR vs prior 2.5y high, 30w EMA +129.0% in 26w (4/5 HH, 2/2 HL)",1143.2677,2026-06-19,True,week 2026-07-10 low 785.38 <= zone top 787.03; week 2026-08-14 close 972.66 >= 859.55 (top + 0.5 wATR 145.04),True,1st touch 2026-07-07 low 785.38; push 2026-07-08 high 861.72 >= 839.43; 2nd touch 2026-10-09 low 766.09,True,SMA150,"SMA150 762.59 (latest low 766.09 / close 772.22); held before 1x, last 2024-11-01",True,0.382,"swing 129.06 (2025-06-27) -> 1143.27 (2026-06-19): 0.382=755.84, 0.5=636.16, 0.618=516.49; zone 712.16-787.03 +/- 36.26",0,hammer,2026-09-25,strong_close,2026-10-07,False,True,False,TV drawing by the bot - review needed (f_rr False until approved),https://www.tradingview.com/chart/?symbol=NASDAQ:STX,https://finviz.com/quote.ashx?t=STX,FAIL: rr (bot drawing - review needed)
BNY,FAIL,no_earnings_14d,True,True,False,True,True,True,False,True,True,True,False,143.1300048828125,470383053.9638957,3286404.2333333334,1.52,87.76,2026-10-15,6,264,134.03237915039062,136.45308434956033,135.24273174997546,127.84414408231642,164.83999633789062,4.00039384777337,1.0000000000000002,7.398587667659042,1.0660511826215366,yes,147.25,145,146.4,138.81,164.41,2.37,2026-10-02,charts/latest/BNY.webp,user,False,,,143.13,7.3986,1.87,0.2528,False,,,True,True,,5.15,7/7,3/3,1.0,28.3,True,"clear uptrend: recent high +5.1 ATR vs prior 2.5y high, 30w EMA +28.3% in 26w (7/7 HH, 3/3 HL)",165.84,2026-09-04,False,entered zone week 2026-10-09 (low 140.76) but no later weekly close >= 150.95,False,"1st touch 2026-09-29 (low 146.29), no push to 149.89 yet",True,SMA150,"SMA150 142.96 (latest low 143.04 / close 143.13); held before 2x, last 2026-03-09",False,,"swing 100.79 (2025-09-12) -> 165.84 (2026-09-04): 0.382=140.99, 0.5=133.31, 0.618=125.64; zone 145-147.25 +/- 1.85",1,rejection,2026-10-02,hammer,2026-10-02,False,True,True,,https://www.tradingview.com/chart/?symbol=NYSE:BNY,https://finviz.com/quote.ashx?t=BNY,FAIL: no_earnings_14d
PKG,FAIL,"no_earnings_14d,rr",True,True,False,True,False,True,True,True,True,True,False,229.2100067138672,115698014.19494933,504768.6,3.89,98.86,2026-10-21,12,264,222.27140433922395,222.5082841555742,222.38984424739908,209.36222620024242,254.39352416992188,2.456602565923994,0.9999999999999999,13.027618047156666,0.523515691186282,yes,228.27,222.27,226.57,214.16,253.22,2.1475,2026-10-08,charts/latest/PKG.webp,bot,True,bot drawing on chart,bot drawing (review needed): zone 222.27-228.27 entry 226.57 SL 214.16 TP 253.22 R:R 2.15,229.21,13.0276,0.94,0.0722,False,,,True,True,,1.03,5/6,5/5,0.92,9.8,True,"clear uptrend: recent high +1.0 ATR vs prior 2.5y high, 30w EMA +9.8% in 26w (5/6 HH, 5/5 HL)",258.3082,2026-08-14,True,week 2026-09-04 low 226.19 <= zone top 228.27; week 2026-09-25 close 237.21 >= 234.78 (top + 0.5 wATR 13.03),True,1st touch 2026-09-01 low 227.04; push 2026-09-02 high 234.86 >= 232.37; 2nd touch 2026-10-08 low 225.13,True,"SMA150,SMA200","SMA150 226.04 (latest low 228.49 / close 229.21); held before 4x, last 2026-09-10; SMA200 224.59 (latest low 228.49 / close 229.21); held before 3x, last 2026-09-10",True,"0.382,0.5","swing 186.71 (2025-08-22) -> 258.31 (2026-08-14): 0.382=230.96, 0.5=222.51, 0.618=214.06; zone 222.27-228.27 +/- 3.26",28,hammer,2026-09-11,engulfing,2026-10-08,True,True,True,TV drawing by the bot - review needed (f_rr False until approved),https://www.tradingview.com/chart/?symbol=NYSE:PKG,https://finviz.com/quote.ashx?t=PKG,"FAIL: no_earnings_14d, rr (bot drawing - review needed)"
OKE,FAIL,rr,True,True,True,True,False,False,False,True,True,True,False,90.51499938964844,301278909.95777994,3328497.066666667,4.34,73.92,2026-11-03,25,264,92.92205810546875,94.93802623364421,93.93004216955649,88.4844319649706,97.5999984741211,0.6739293057505368,0.9999999999999999,5.445610204585891,-0.6271184773805794,yes,86.42,83.68,85.71,79.99,97.11,1.993,2026-10-07,charts/latest/OKE.webp,bot,True,bot drawing on chart,bot drawing (review needed): zone 83.68-86.42 entry 85.71 SL 79.99 TP 97.11 R:R 1.99,90.515,5.4456,4.095,0.752,False,,,False,False,,-1.51,3/6,4/6,0.58,12.7,True,not near a new high: recent 26w high 99.85 is -1.51 ATR vs prior 2.5y high 108.05 (needs >= -1),99.85,2026-09-04,True,week 2026-10-02 low 84.18 <= zone top 86.42; week 2026-10-09 close 90.51 >= 89.14 (top + 0.5 wATR 5.45),False,"1st touch 2026-09-29, push 2026-10-05; no 2nd touch in the last 10 sessions and close 90.51 is 1.75 dATR from the zone",True,"SMA100,SMA150","SMA100 90.23 (latest low 90.07 / close 90.51); held before 3x, last 2026-08-04; SMA150 88.88 (latest low 90.07 / close 90.51); held before 3x, last 2026-08-04",True,0.382,"swing 61.67 (2025-11-07) -> 99.85 (2026-09-04): 0.382=85.27, 0.5=80.76, 0.618=76.26; zone 83.68-86.42 +/- 1.36",2,hammer,2026-10-02,hammer,2026-10-05,False,True,False,TV drawing by the bot - review needed (f_rr False until approved),https://www.tradingview.com/chart/?symbol=NYSE:OKE,https://finviz.com/quote.ashx?t=OKE,FAIL: rr (bot drawing - review needed)
BMY,FAIL,rr,True,True,True,True,False,True,False,True,True,True,False,59.564998626708984,583214053.5058045,9791220.8,2.06,85.12,2026-10-29,20,264,58.954503866693024,59.112717751159956,59.03361080892649,55.685754287320044,67.41000366210938,2.5020166781710023,1.0,3.3478565216064453,0.15872478833934972,yes,61.55,61,61.23,58.11,67.27,1.9359,2026-10-08,charts/latest/BMY.webp,user,False,,,59.565,3.3479,1.435,0.4286,False,,,True,True,,2.12,3/7,4/7,0.5,12.3,True,"clear uptrend: recent high +2.1 ATR vs prior 2.5y high, 30w EMA +12.3% in 26w (3/7 HH, 4/7 HL)",68.64,2026-08-21,False,entered zone week 2026-10-09 (low 58.33) but no later weekly close >= 63.22,False,close 59.56 below zone bottom - 1 dATR (broken down),True,SMA200,"SMA200 58.90 (latest low 58.83 / close 59.56); held before 2x, last 2026-06-18",False,,"swing 41.13 (2025-10-31) -> 68.64 (2026-08-21): 0.382=58.13, 0.5=54.89, 0.618=51.64; zone 61-61.55 +/- 0.84",2,hammer,2026-09-25,strong_close,2026-10-02,False,True,False,TV R:R 1.9359 < 2 (f_rr False),https://www.tradingview.com/chart/?symbol=NYSE:BMY,https://finviz.com/quote.ashx?t=BMY,FAIL: rr (TV R:R 1.9359 < 2)
EW,FAIL,rr,True,True,True,True,False,False,True,True,True,True,False,85.20800018310547,255232995.23780948,2995411.1666666665,1.6,94.41,2026-10-28,19,264,84.1500015258789,84.73999786376953,84.44499969482422,79.2889289855957,91.5999984741211,1.3876843788217659,1.0,5.156070709228516,0.14798099780043844,yes,85.06,84.15,84.4,79.47,93.91,1.929,2026-10-08,charts/latest/EW.webp,bot,True,bot drawing on chart,bot drawing (review needed): zone 84.15-85.06 entry 84.4 SL 79.47 TP 93.91 R:R 1.93,85.208,5.1561,0.148,0.0287,False,,,False,False,,0.2,3/7,3/6,0.46,6.3,False,sideways / not rising enough: 30w EMA +6.3% in 26w (needs >= +8%),96.29,2026-07-10,True,week 2026-07-24 low 82.53 <= zone top 85.06; week 2026-08-07 close 89.72 >= 87.64 (top + 0.5 wATR 5.16),True,1st touch 2026-07-20 low 84.87; push 2026-07-24 high 89.08 >= 87.07; 2nd touch 2026-10-09 low 84.57,True,SMA200,"SMA200 85.13 (latest low 84.57 / close 85.21); held before 3x, last 2026-06-12",True,0.5,"swing 72.30 (2025-10-17) -> 96.29 (2026-07-10): 0.382=87.13, 0.5=84.30, 0.618=81.46; zone 84.15-85.06 +/- 1.29",10,strong_close,2026-09-18,hammer,2026-10-08,True,True,False,TV drawing by the bot - review needed (f_rr False until approved),https://www.tradingview.com/chart/?symbol=NYSE:EW,https://finviz.com/quote.ashx?t=EW,FAIL: rr (bot drawing - review needed)
DASH,FAIL,rr,True,True,True,True,False,True,True,True,True,True,False,194.8699951171875,739915336.9857788,3796969.033333333,4.31,82.48,2026-11-04,26,264,183.88999938964844,188.44000244140625,186.16500091552734,167.99207196916853,236.74000549316406,2.782985875690121,0.9999999999999996,18.172928946358816,0.4790088723372418,yes,192.74,183.38,187.19,167.54,224.51,1.8992,2026-10-08,charts/latest/DASH.webp,user,False,user-edited bot drawing,levels changed vs the bot drawing (zone 166.58-172.91 entry 174.87 SL 152.85 TP 235.05 R:R 2.73) -> user-owned,194.87,18.1729,2.13,0.1172,False,,,False,False,,-2.57,3/5,2/5,0.5,-0.2,False,not near a new high: recent 26w high 238.83 is -2.57 ATR vs prior 2.5y high 285.50 (needs >= -1); sideways / not rising enough: 30w EMA -0.2% in 26w (needs >= +8%),285.5,2025-10-17,True,week 2025-11-21 low 182.04 <= zone top 192.74; week 2025-12-05 close 225.00 >= 201.83 (top + 0.5 wATR 18.17),True,1st touch 2025-11-20 low 186.83; push 2025-11-26 high 200.49 >= 200.15; 2nd touch 2026-10-09 low 189.63,True,"SMA100,SMA200","SMA100 190.04 (latest low 189.63 / close 194.87); held before 3x, last 2026-09-10; SMA200 185.80 (latest low 189.63 / close 194.87); held before 1x, last 2025-04-07",False,,"swing 150.26 (2024-10-25) -> 285.50 (2025-10-17): 0.382=233.84, 0.5=217.88, 0.618=201.92; zone 183.38-192.74 +/- 4.54",21,hammer,2026-10-02,hammer,2026-10-08,False,True,False,TV R:R 1.8992 < 2 (f_rr False),https://www.tradingview.com/chart/?symbol=NASDAQ:DASH,https://finviz.com/quote.ashx?t=DASH,FAIL: rr (TV R:R 1.8992 < 2)
THC,FAIL,rr,True,True,True,True,False,True,True,True,True,True,False,260.8699951171875,175504358.7870117,672765.6,2.53,100.43,2026-11-03,25,263,196.88999938964844,199.0800018310547,197.98500061035156,178.36321367536272,280.7699890136719,4.219034111297028,1.0000000000000004,19.62178693498884,3.204855639049966,yes,245.93,238.6,239.65,218.71,278.39,1.85,2026-10-08,charts/latest/THC.webp,user,False,,,260.87,19.6218,14.94,0.7614,False,,,True,True,,1.83,4/6,3/8,0.52,15.1,True,"clear uptrend: recent high +1.8 ATR vs prior 2.5y high, 30w EMA +15.1% in 26w (4/6 HH, 3/8 HL)",283.05,2026-08-28,False,no weekly low <= zone top 245.93 since the 2026-08-28 high,False,no daily touch of the zone in the pullback,False,,no SMA50/100/150/200 support with an earlier bounce,True,0.382,"swing 157.58 (2026-06-12) -> 283.05 (2026-08-28): 0.382=235.12, 0.5=220.31, 0.618=205.51; zone 238.6-245.93 +/- 4.91",15,hammer,2026-09-25,engulfing,2026-09-25,False,True,False,TV R:R 1.85 < 2 (f_rr False),https://www.tradingview.com/chart/?symbol=NYSE:THC,https://finviz.com/quote.ashx?t=THC,FAIL: rr (TV R:R 1.85 < 2)
MSI,FAIL,rr,True,True,True,True,False,True,False,True,True,True,False,446.125,340742616.5208334,763782.8333333334,1.93,91.85,2026-10-29,20,263,441.9690493476176,447.498134987632,444.7335921676248,427.0940190996935,484.7465160721933,2.26836124380538,0.8054454012002361,21.900395783060695,0.0635334560232654,yes,447.5,441.97,444.58,423.34,482.73,1.7961,2026-10-08,charts/latest/MSI.webp,bot,True,bot drawing on chart,bot drawing (review needed): zone 441.97-447.5 entry 444.58 SL 423.34 TP 482.73 R:R 1.8,446.125,21.9004,0.0,0.0,False,,,False,False,,-0.16,4/5,2/4,0.65,3.2,False,sideways / not rising enough: 30w EMA +3.2% in 26w (needs >= +8%),493.5737,2026-09-04,False,entered zone week 2026-10-09 (low 443.12) but no later weekly close >= 458.45,True,1st touch 2026-09-29 low 445.49; push 2026-10-05 high 458.15 >= 454.63; 2nd touch 2026-10-09 low 443.72,False,,no SMA50/100/150/200 support with an earlier bounce,True,0.382,"swing 356.42 (2025-12-19) -> 493.57 (2026-09-04): 0.382=441.18, 0.5=425.00, 0.618=408.81; zone 441.97-447.5 +/- 5.48",2,hammer,2026-09-11,strong_close,2026-10-05,False,True,False,TV drawing by the bot - review needed (f_rr False until approved),https://www.tradingview.com/chart/?symbol=NYSE:MSI,https://finviz.com/quote.ashx?t=MSI,FAIL: rr (bot drawing - review needed)
IVZ,FAIL,rr,True,True,True,True,False,True,True,True,True,True,False,29.809999465942383,111007351.4315939,3723829.3666666667,2.98,98.34,2026-10-27,18,264,28.785341262817383,28.853784369721446,28.819562816269414,26.765156990824188,33.06999969482422,2.068937317987628,0.9999999999999996,2.054405825445227,0.48210369996313807,yes,29.59,29.39,29.52,27.56,33.03,1.7908,2026-10-08,charts/latest/IVZ.webp,user,False,,,29.81,2.0544,0.22,0.1071,False,,,True,True,,2.29,4/4,3/4,0.88,21.9,True,"clear uptrend: recent high +2.3 ATR vs prior 2.5y high, 30w EMA +21.9% in 26w (4/4 HH, 3/4 HL)",33.66,2026-08-28,True,week 2026-09-18 low 29.56 <= zone top 29.59; week 2026-09-25 close 30.93 >= 30.62 (top + 0.5 wATR 2.05),True,1st touch 2026-09-16 low 29.56; push 2026-09-17 high 30.83 >= 30.36; 2nd touch 2026-10-09 low 29.41,True,SMA100,"SMA100 29.70 (latest low 29.41 / close 29.81); held before 5x, last 2026-06-24",False,,"swing 20.03 (2025-10-24) -> 33.66 (2026-08-28): 0.382=28.45, 0.5=26.85, 0.618=25.24; zone 29.39-29.59 +/- 0.51",14,hammer,2026-10-02,strong_close,2026-10-07,True,True,False,TV R:R 1.7908 < 2 (f_rr False),https://www.tradingview.com/chart/?symbol=NYSE:IVZ,https://finviz.com/quote.ashx?t=IVZ,FAIL: rr (TV R:R 1.7908 < 2)
SJM,FAIL,rr,True,True,True,True,False,True,True,True,True,True,False,118.63999938964844,134569622.05703074,1134268.5666666667,4.53,89.88,2026-12-01,53,264,115.40843200683594,116.64682622654612,116.02762911669103,108.7688464783243,132.33999633789062,2.2472593593007746,1.0,7.258782638366725,0.3598909628660829,yes,117.04,113.27,115.15,106,131.43,1.7792,2026-10-08,charts/latest/SJM.webp,user,False,,,118.64,7.2588,1.6,0.2204,False,,,True,True,,2.6,3/5,2/5,0.5,12.8,True,"clear uptrend: recent high +2.6 ATR vs prior 2.5y high, 30w EMA +12.8% in 26w (3/5 HH, 2/5 HL)",135.89,2026-08-28,False,entered zone week 2026-10-09 (low 115.46) but no later weekly close >= 120.67,True,1st touch 2026-10-01 low 115.11; push 2026-10-08 high 119.95 >= 119.57; close 118.64 within 0.63 dATR of the zone,False,,no SMA50/100/150/200 support with an earlier bounce,True,0.382,"swing 86.47 (2026-04-17) -> 135.89 (2026-08-28): 0.382=117.01, 0.5=111.18, 0.618=105.35; zone 113.27-117.04 +/- 1.81",28,hammer,2026-09-18,strong_close,2026-10-08,True,True,False,TV R:R 1.7792 < 2 (f_rr False),https://www.tradingview.com/chart/?symbol=NYSE:SJM,https://finviz.com/quote.ashx?t=SJM,FAIL: rr (TV R:R 1.7792 < 2)
DXCM,FAIL,"no_earnings_14d,rr",True,True,False,True,False,True,True,True,True,True,False,85.08000183105469,306895815.2888779,3607143.966666667,4.65,105.03,2026-10-22,13,262,75.69999694824219,75.85139694213868,75.77569694519043,70.8900015258789,92.33999633789062,3.3903667689203503,0.810231650067172,6.029998234340122,1.543002920444876,yes,83.03,82.29,82.25,76.66,91.8,1.7084,2026-10-08,charts/latest/DXCM.webp,bot,True,bot drawing on chart,bot drawing (review needed): zone 82.29-83.03 entry 82.25 SL 76.66 TP 91.8 R:R 1.71,85.08,6.03,2.05,0.34,False,,,False,False,,-7.74,4/6,2/5,0.53,14.8,True,not near a new high: recent 26w high 92.59 is -7.74 ATR vs prior 2.5y high 139.24 (needs >= -1),92.59,2026-08-28,True,week 2026-09-11 low 82.29 <= zone top 83.03; week 2026-09-18 close 89.35 >= 86.04 (top + 0.5 wATR 6.03),True,1st touch 2026-09-09 low 82.80; push 2026-09-11 high 85.82 >= 85.03; 2nd touch 2026-10-06 low 82.86,False,,no SMA50/100/150/200 support with an earlier bounce,False,,"swing 54.11 (2025-11-07) -> 92.59 (2026-08-28): 0.382=77.89, 0.5=73.35, 0.618=68.81; zone 82.29-83.03 +/- 1.51",41,strong_close,2026-09-18,hammer,2026-10-08,False,True,True,TV drawing by the bot - review needed (f_rr False until approved),https://www.tradingview.com/chart/?symbol=NASDAQ:DXCM,https://finviz.com/quote.ashx?t=DXCM,"FAIL: no_earnings_14d, rr (bot drawing - review needed)"
DAR,FAIL,rr,True,True,True,True,False,False,False,True,True,True,False,61.310001373291016,127340954.59899393,2077001.3333333333,4.34,106.0,2026-11-10,32,264,64.11000061035156,66.0199966430664,65.06499862670898,59.85978399004255,66.66000366210938,0.3064244506201337,0.9999999999999998,5.205214636666434,-0.7213914344601887,yes,59.41,57.76,58.72,54.11,66.57,1.7028,2026-10-08,charts/latest/DAR.webp,bot,True,bot drawing on chart,bot drawing (review needed): zone 57.76-59.41 entry 58.72 SL 54.11 TP 66.57 R:R 1.7,61.31,5.2052,1.9,0.365,False,,,True,True,,0.98,5/7,3/5,0.66,28.9,True,"clear uptrend: recent high +1.0 ATR vs prior 2.5y high, 30w EMA +28.9% in 26w (5/7 HH, 3/5 HL)",69.98,2026-08-21,True,week 2026-08-28 low 58.96 <= zone top 59.41; week 2026-09-04 close 65.19 >= 62.01 (top + 0.5 wATR 5.21),True,1st touch 2026-08-25 low 58.96; push 2026-08-26 high 63.24 >= 61.61; 2nd touch 2026-09-29 low 59.38,True,"SMA100,SMA150","SMA100 61.11 (latest low 61.03 / close 61.31); held before 3x, last 2026-08-25; SMA150 60.82 (latest low 61.03 / close 61.31); held before 5x, last 2026-08-25",False,,"swing 29.15 (2025-10-17) -> 69.98 (2026-08-21): 0.382=54.38, 0.5=49.57, 0.618=44.75; zone 57.76-59.41 +/- 1.30",2,hammer,2026-10-02,strong_close,2026-10-08,False,True,False,TV drawing by the bot - review needed (f_rr False until approved),https://www.tradingview.com/chart/?symbol=NYSE:DAR,https://finviz.com/quote.ashx?t=DAR,FAIL: rr (bot drawing - review needed)
CPAY,FAIL,rr,True,True,True,True,False,True,True,True,True,True,False,402.5799865722656,173719195.55106813,431514.73333333334,4.94,100.49,2026-11-11,33,264,361.79998779296875,364.239990234375,363.0199890136719,342.7421177455357,417.6000061035156,2.691604871543328,0.9999999999999997,20.27787126813616,1.950894994621884,yes,385.97,379.7,381.26,360.37,415.74,1.65,2026-10-05,charts/latest/CPAY.webp,user,False,,,402.58,20.2779,16.61,0.8191,False,,,True,True,,1.31,4/7,3/7,0.5,18.9,True,"clear uptrend: recent high +1.3 ATR vs prior 2.5y high, 30w EMA +18.9% in 26w (4/7 HH, 3/7 HL)",427.46,2026-09-04,False,no weekly low <= zone top 385.97 since the 2026-09-04 high,False,no daily touch of the zone in the pullback,False,,no SMA50/100/150/200 support with an earlier bounce,False,,"swing 252.84 (2025-10-31) -> 427.46 (2026-09-04): 0.382=360.76, 0.5=340.15, 0.618=319.54; zone 379.7-385.97 +/- 5.07",14,hammer,2026-10-02,hammer,2026-10-02,False,True,False,TV R:R 1.65 < 2 (f_rr False),https://www.tradingview.com/chart/?symbol=NYSE:CPAY,https://finviz.com/quote.ashx?t=CPAY,FAIL: rr (TV R:R 1.65 < 2)
EQIX,FAIL,rr,True,True,True,True,False,True,True,True,True,True,False,1011.2000122070312,482081111.7395996,476741.6,1.72,101.49,2026-11-04,26,264,780.0664553539755,793.0867422285353,786.5765987912554,727.9265585912393,1100.5514592493814,5.3533613853864,0.9722827323393197,60.32200125461821,3.7237394108932826,yes,1011.9,996.85,1003.56,948.29,1094.77,1.65,2026-10-06,charts/latest/EQIX.webp,bot,True,bot drawing on chart,bot drawing (review needed): zone 996.85-1011.9 entry 1003.56 SL 948.29 TP 1094.77 R:R 1.65,1011.2,60.322,0.0,0.0,False,,,True,True,,1.47,4/6,1/2,0.58,17.0,True,"clear uptrend: recent high +1.5 ATR vs prior 2.5y high, 30w EMA +17.0% in 26w (4/6 HH, 1/2 HL)",1118.655,2026-06-26,True,week 2026-07-03 low 989.31 <= zone top 1011.9; week 2026-07-10 close 1046.21 >= 1042.06 (top + 0.5 wATR 60.32),True,1st touch 2026-07-01 low 998.63; push 2026-07-10 high 1046.73 >= 1037.26; 2nd touch 2026-10-09 low 1006.84,True,SMA200,"SMA200 985.67 (latest low 1006.84 / close 1011.20); held before 2x, last 2026-02-03",False,,"swing 709.79 (2025-12-05) -> 1118.65 (2026-06-26): 0.382=962.47, 0.5=914.22, 0.618=865.98; zone 996.85-1011.9 +/- 15.08",9,strong_close,2026-10-02,hammer,2026-10-05,False,True,False,TV drawing by the bot - review needed (f_rr False until approved),https://www.tradingview.com/chart/?symbol=NASDAQ:EQIX,https://finviz.com/quote.ashx?t=EQIX,FAIL: rr (bot drawing - review needed)
CGNX,FAIL,rr,True,True,True,True,False,True,True,True,True,True,False,61.27000045776367,94302906.31356086,1539136.7,4.26,107.15,2026-10-29,20,264,38.387417887536024,39.02471813408399,38.70606801081001,34.643742606371056,66.7962417602539,6.914801487529639,0.630230297151455,6.445779301312621,3.500574778034789,yes,59.43,58.32,58.68,52.89,67.81,1.58,2026-09-30,,user,False,,,61.27,6.4458,1.84,0.2855,False,,,True,True,,2.04,5/7,4/6,0.69,34.4,True,"clear uptrend: recent high +2.0 ATR vs prior 2.5y high, 30w EMA +34.4% in 26w (5/7 HH, 4/6 HL)",72.7778,2026-07-03,True,week 2026-07-31 low 57.09 <= zone top 59.43; week 2026-08-07 close 66.80 >= 62.65 (top + 0.5 wATR 6.45),True,1st touch 2026-07-28 low 57.62; push 2026-07-30 high 62.63 >= 61.70; 2nd touch 2026-09-29 low 58.50,True,SMA150,"SMA150 60.32 (latest low 61.00 / close 61.27); held before 2x, last 2026-08-24",True,0.382,"swing 31.51 (2025-07-11) -> 72.78 (2026-07-03): 0.382=57.01, 0.5=52.14, 0.618=47.27; zone 58.32-59.43 +/- 1.61",17,engulfing,2026-10-02,hammer,2026-10-08,False,True,False,TV R:R 1.58 < 2 (f_rr False),https://www.tradingview.com/chart/?symbol=NASDAQ:CGNX,https://finviz.com/quote.ashx?t=CGNX,FAIL: rr (TV R:R 1.58 < 2)
TRV,FAIL,"no_earnings_14d,rr",True,True,False,True,False,True,False,True,True,True,False,369.4849853515625,431275597.50200605,1167234.4333333333,2.98,91.49,2026-10-16,7,264,305.1965026855469,306.353432038302,305.77496736192444,288.61243484281977,383.0,4.499629209856507,0.9309096517073345,18.43630312310946,3.455682929718111,yes,362.34,357.66,359.93,344.26,384.54,1.57,2026-10-04,charts/latest/TRV.webp,bot,True,bot drawing on chart,bot drawing (review needed): zone 357.66-362.34 entry 359.93 SL 344.26 TP 384.54 R:R 1.57,369.485,18.4363,7.145,0.3875,False,,,True,True,,4.76,4/6,4/5,0.73,20.0,True,"clear uptrend: recent high +4.8 ATR vs prior 2.5y high, 30w EMA +20.0% in 26w (4/6 HH, 4/5 HL)",397.3415,2026-07-31,True,week 2026-08-21 low 357.66 <= zone top 362.34; week 2026-09-11 close 375.20 >= 371.56 (top + 0.5 wATR 18.44),True,1st touch 2026-08-19 low 360.73; push 2026-08-24 high 371.38 >= 368.73; 2nd touch 2026-10-08 low 360.12,True,SMA50,"SMA50 368.55 (latest low 367.33 / close 369.48); held before 7x, last 2026-09-09",False,,"swing 248.46 (2025-10-17) -> 397.34 (2026-07-31): 0.382=340.47, 0.5=322.90, 0.618=305.33; zone 357.66-362.34 +/- 4.61",2,hammer,2026-10-02,strong_close,2026-10-08,False,True,True,TV drawing by the bot - review needed (f_rr False until approved),https://www.tradingview.com/chart/?symbol=NYSE:TRV,https://finviz.com/quote.ashx?t=TRV,"FAIL: no_earnings_14d, rr (bot drawing - review needed)"
FWONK,FAIL,rr,True,True,True,True,False,True,False,False,True,True,False,96.24500274658203,211849575.50980252,2201148.8333333335,4.06,89.97,2026-10-30,21,264,91.58999633789062,93.2249984741211,92.40749740600586,86.55356815883091,105.63999938964844,2.2604478846457643,1.0000000000000002,5.8539292471749445,0.655543512492591,yes,95.69,93.9,94.74,87.59,105.43,1.4951,2026-10-07,charts/latest/FWONK.webp,user,False,,,96.245,5.8539,0.555,0.0948,False,,,False,False,,-0.35,3/5,3/6,0.55,4.6,False,sideways / not rising enough: 30w EMA +4.6% in 26w (needs >= +8%),107.31,2026-08-28,False,entered zone week 2026-10-09 (low 91.47) but no later weekly close >= 98.62,True,1st touch 2026-09-04 low 95.34; push 2026-09-10 high 98.62 >= 98.16; 2nd touch 2026-10-09 low 95.13,True,"SMA100,SMA150","SMA100 95.83 (latest low 95.13 / close 96.25); held before 6x, last 2025-10-01; SMA150 93.01 (latest low 95.13 / close 96.25); held before 3x, last 2025-08-11",True,"0.382,0.5","swing 80.15 (2026-03-27) -> 107.31 (2026-08-28): 0.382=96.93, 0.5=93.73, 0.618=90.53; zone 93.9-95.69 +/- 1.46",0,,,hammer,2026-10-08,False,True,False,TV R:R 1.4951 < 2 (f_rr False),https://www.tradingview.com/chart/?symbol=NASDAQ:FWONK,https://finviz.com/quote.ashx?t=FWONK,FAIL: rr (TV R:R 1.4951 < 2)
VLTO,FAIL,rr,True,True,True,True,False,False,True,True,False,True,False,96.2300033569336,142460664.3939995,1480418.3666666667,2.73,101.13,2026-10-28,19,158,90.84608459472656,92.61746779485162,91.73177619478909,87.30749030611722,99.08999633789062,1.663143008443877,1.0,4.424285888671875,1.0167125894061118,yes,92.62,90.85,92.02,87.52,98.68,1.48,2026-10-07,charts/latest/VLTO.webp,bot,True,bot drawing on chart,bot drawing (review needed): zone 90.85-92.62 entry 92.02 SL 87.52 TP 98.68 R:R 1.48,96.23,4.4243,3.61,0.816,False,,,False,False,,-2.66,2/5,2/6,0.37,-2.1,False,not near a new high: recent 26w high 102.25 is -2.66 ATR vs prior 2.5y high 114.01 (needs >= -1); sideways / not rising enough: 30w EMA -2.1% in 26w (needs >= +8%),105.2995,2025-10-24,True,week 2026-02-06 low 88.14 <= zone top 92.62; week 2026-02-27 close 97.14 >= 94.83 (top + 0.5 wATR 4.42),False,"1st touch 2026-02-04, push 2026-02-11; no 2nd touch in the last 10 sessions and close 96.23 is 2.14 dATR from the zone",False,,no SMA50/100/150/200 support with an earlier bounce,True,0.618,"swing 83.33 (2025-04-11) -> 105.30 (2025-10-24): 0.382=96.91, 0.5=94.31, 0.618=91.72; zone 90.85-92.62 +/- 1.11",18,strong_close,2026-09-25,,,False,True,False,TV drawing by the bot - review needed (f_rr False until approved),https://www.tradingview.com/chart/?symbol=NYSE:VLTO,https://finviz.com/quote.ashx?t=VLTO,FAIL: rr (bot drawing - review needed)
WAB,FAIL,rr,True,True,True,True,False,False,True,True,True,True,False,284.3800048828125,204886712.31657714,720468.0666666667,2.17,96.0,2026-10-28,19,264,274.34682103591723,284.61623796006813,279.4815294979927,263.647823151613,302.4877564025922,1.452990626535129,0.9999999999999988,15.833706346379719,0.30937010436219164,yes,278.51,273.48,276.42,259.64,301.16,1.4744,2026-10-02,charts/latest/WAB.webp,user,False,,,284.38,15.8337,5.87,0.3707,False,,,True,True,,1.96,5/6,5/7,0.77,18.7,True,"clear uptrend: recent high +2.0 ATR vs prior 2.5y high, 30w EMA +18.7% in 26w (5/6 HH, 5/7 HL)",306.3238,2026-07-31,True,week 2026-09-04 low 274.83 <= zone top 278.51; week 2026-09-25 close 288.08 >= 286.43 (top + 0.5 wATR 15.83),True,1st touch 2026-09-01 low 277.17; push 2026-09-08 high 286.12 >= 284.73; 2nd touch 2026-10-08 low 275.12,True,SMA100,"SMA100 278.68 (latest low 280.30 / close 284.38); held before 5x, last 2026-09-03",False,,"swing 183.40 (2025-09-19) -> 306.32 (2026-07-31): 0.382=259.37, 0.5=244.86, 0.618=230.36; zone 273.48-278.51 +/- 3.96",9,hammer,2026-10-02,hammer,2026-10-08,True,True,False,TV R:R 1.4744 < 2 (f_rr False),https://www.tradingview.com/chart/?symbol=NYSE:WAB,https://finviz.com/quote.ashx?t=WAB,FAIL: rr (TV R:R 1.4744 < 2)
VOYA,FAIL,rr,True,True,True,True,False,True,True,True,True,True,False,94.4800033569336,92874126.7398758,983003.0,3.76,103.97,2026-11-03,25,264,77.40950012207031,78.62838351894207,78.0189418205062,72.73445988242148,104.18000030517578,4.950543646696849,1.0000000000000004,5.284481938084721,3.114981133305463,yes,97.3,96.63,96.61,91.53,103.7,1.3957,2026-10-07,charts/latest/VOYA.webp,bot,True,bot drawing on chart,bot drawing (review needed): zone 96.63-97.3 entry 96.61 SL 91.53 TP 103.7 R:R 1.39,94.48,5.2845,2.15,0.4069,False,,,True,True,,4.79,6/6,3/4,0.88,30.0,True,"clear uptrend: recent high +4.8 ATR vs prior 2.5y high, 30w EMA +30.0% in 26w (6/6 HH, 3/4 HL)",105.64,2026-09-04,False,entered zone week 2026-10-09 (low 94.38) but no later weekly close >= 99.94,False,"1st touch 2026-09-22 (low 96.46), no push to 99.76 yet",False,,no SMA50/100/150/200 support with an earlier bounce,False,,"swing 63.83 (2026-03-06) -> 105.64 (2026-09-04): 0.382=89.67, 0.5=84.74, 0.618=79.80; zone 96.63-97.3 +/- 1.32",15,hammer,2026-10-02,hammer,2026-10-08,False,True,False,TV drawing by the bot - review needed (f_rr False until approved),https://www.tradingview.com/chart/?symbol=NYSE:VOYA,https://finviz.com/quote.ashx?t=VOYA,FAIL: rr (bot drawing - review needed)
VRTX,FAIL,rr,True,True,True,True,False,True,True,True,True,True,False,510.5400085449219,495186964.3179576,969927.8333333334,1.87,98.18,2026-11-09,31,264,444.010009765625,444.89802978515627,444.45401977539063,426.000009765625,548.97998046875,5.664132653989326,0.5937993945020936,31.077852521623885,2.126465743524228,yes,507.84,496.62,502.72,469.92,546.93,1.3479,2026-10-07,charts/latest/VRTX.webp,user,False,,,510.54,31.0779,2.7,0.0869,False,,,True,True,,1.3,5/7,5/7,0.71,8.6,True,"clear uptrend: recent high +1.3 ATR vs prior 2.5y high, 30w EMA +8.6% in 26w (5/7 HH, 5/7 HL)",560.25,2026-09-04,True,week 2026-09-18 low 505.02 <= zone top 507.84; week 2026-09-25 close 526.19 >= 523.38 (top + 0.5 wATR 31.08),True,1st touch 2026-09-18 low 505.02; push 2026-09-22 high 525.97 >= 519.12; 2nd touch 2026-10-09 low 502.06,True,SMA100,"SMA100 493.96 (latest low 502.06 / close 510.54); held before 8x, last 2026-08-04",True,0.382,"swing 374.17 (2025-09-26) -> 560.25 (2026-09-04): 0.382=489.17, 0.5=467.21, 0.618=445.25; zone 496.62-507.84 +/- 7.77",12,engulfing,2026-09-25,rejection,2026-10-08,False,True,False,TV R:R 1.3479 < 2 (f_rr False),https://www.tradingview.com/chart/?symbol=NASDAQ:VRTX,https://finviz.com/quote.ashx?t=VRTX,FAIL: rr (TV R:R 1.3479 < 2)
NEM,FAIL,"no_earnings_14d,rr",True,True,False,True,False,False,True,False,False,,False,118.95999908447266,758880681.5089163,6379292.933333334,1.59,81.87,2026-10-22,13,263,120.3677978515625,121.46294861920876,120.91537323538563,111.59384142350528,133.1228732047779,1.3096023503169019,1.0000000000000007,9.321531811880343,-0.2097696162363399,yes,,,120.26,110.62,132.29,1.2479,2026-10-07,charts/latest/NEM.webp,user,False,user-edited bot drawing,levels changed vs the bot drawing (zone 120.37-121.46 entry 120.26 SL 110.62 TP 132.29 R:R 1.25) -> user-owned,,,,,False,,,True,True,,0.11,3/7,3/5,0.51,10.5,True,"clear uptrend: recent high +0.1 ATR vs prior 2.5y high, 30w EMA +10.5% in 26w (3/7 HH, 3/5 HL)",,,,,,,False,,no SMA50/100/150/200 support with an earlier bounce,,,,14,,,,,False,True,True,TV R:R 1.2479 < 2 (f_rr False),https://www.tradingview.com/chart/?symbol=NYSE:NEM,https://finviz.com/quote.ashx?t=NEM,"FAIL: no_earnings_14d, rr (TV R:R 1.2479 < 2)"
DLTR,FAIL,rr,True,True,True,True,False,True,False,False,True,True,False,117.66999816894531,304657948.8405721,2589087.7333333334,3.84,107.72,2026-11-24,46,261,74.95999908447266,79.80000305175781,77.38000106811523,68.12642778669085,131.57000732421875,5.856116832714181,0.9999999999999994,9.253573281424385,4.353993411573039,yes,118.1,116.09,117.21,105.32,130.89,1.15,2026-10-09,charts/latest/DLTR.webp,user,False,,,117.67,9.2536,0.0,0.0,False,,,False,False,,-0.58,2/4,2/3,0.58,4.3,False,sideways / not rising enough: 30w EMA +4.3% in 26w (needs >= +8%),142.4,2026-01-16,True,week 2026-01-30 low 116.02 <= zone top 118.1; week 2026-02-06 close 123.83 >= 122.73 (top + 0.5 wATR 9.25),True,1st touch 2026-01-28 low 118.10; push 2026-02-04 high 121.91 >= 121.38; 2nd touch 2026-10-09 low 117.50,True,SMA200,"SMA200 117.01 (latest low 117.50 / close 117.67); held before 2x, last 2026-08-27",False,,"swing 61.80 (2025-03-14) -> 142.40 (2026-01-16): 0.382=111.61, 0.5=102.10, 0.618=92.59; zone 116.09-118.1 +/- 2.31",2,,,engulfing,2026-10-08,False,True,False,TV R:R 1.15 < 2 (f_rr False),https://www.tradingview.com/chart/?symbol=NASDAQ:DLTR,https://finviz.com/quote.ashx?t=DLTR,FAIL: rr (TV R:R 1.15 < 2)
THG,FAIL,rr,True,True,True,True,False,True,False,False,False,,False,221.60000610351562,56986502.449575804,257159.3,2.16,93.0,2026-10-28,19,264,178.01681518554688,178.7953795713839,178.4060973784654,169.29469008273662,228.07000732421875,5.450739752248222,0.9148656880121098,9.959284095053063,4.337049562277808,yes,,,223,213.42,230.72,0.8058,2026-10-07,charts/latest/THG.webp,user,False,user-edited bot drawing,levels changed vs the bot drawing (zone 220.67-224.33 entry 223.0 SL 213.42 TP 230.72 R:R 0.81) -> user-owned,,,,,False,,,True,True,,4.98,7/9,4/5,0.79,20.9,True,"clear uptrend: recent high +5.0 ATR vs prior 2.5y high, 30w EMA +20.9% in 26w (7/9 HH, 4/5 HL)",,,,,,,False,,no SMA50/100/150/200 support with an earlier bounce,,,,2,,,,,False,True,False,TV R:R 0.8058 < 2 (f_rr False),https://www.tradingview.com/chart/?symbol=NYSE:THG,https://finviz.com/quote.ashx?t=THG,FAIL: rr (TV R:R 0.8058 < 2)
AAT,FAIL,"dollar_vol,rr",False,True,True,True,False,True,False,False,False,,False,21.56999969482422,10290168.955413055,477059.3,4.15,79.61,2026-10-27,18,261,18.648395538330078,18.65793457827586,18.653165058302967,17.704622657195763,25.1621864408099,6.8621301218682,1.0000000000000016,0.9485424011072026,3.075070374415024,,,,,,,,,,,False,,,,,,,,,,True,True,,-0.14,3/4,2/3,0.71,19.1,True,"clear uptrend: recent high -0.1 ATR vs prior 2.5y high, 30w EMA +19.1% in 26w (3/4 HH, 2/3 HL)",,,,,,,False,,no SMA50/100/150/200 support with an earlier bounce,,,,4,,,,,False,True,False,no TV drawing read (f_rr False),https://www.tradingview.com/chart/?symbol=NYSE:AAT,https://finviz.com/quote.ashx?t=AAT,"$vol(30d) $10.3M < $50M | FAIL: dollar_vol, rr (no TV drawing read)"
ABNB,FAIL,rr,True,True,True,True,False,True,False,False,False,,True,164.19000244140625,762173395.5390584,4642020.733333333,3.58,62.73,2026-11-05,27,261,142.82000732421875,147.25,145.03500366210938,132.56200408935547,189.42999267578125,3.559287303324258,1.0,12.472999572753906,1.5357171037782418,,,,,,,,,,,False,,,,,,,,,,True,True,,2.14,3/6,4/7,0.54,20.6,True,"clear uptrend: recent high +2.1 ATR vs prior 2.5y high, 30w EMA +20.6% in 26w (3/6 HH, 4/7 HL)",,,,,,,False,,no SMA50/100/150/200 support with an earlier bounce,,,,1,,,,,False,True,False,no TV drawing read (f_rr False),https://www.tradingview.com/chart/?symbol=NASDAQ:ABNB,https://finviz.com/quote.ashx?t=ABNB,FAIL: rr (no TV drawing read)
ADUS,FAIL,"dollar_vol,rr",False,True,True,True,False,True,True,False,False,,False,114.04000091552734,22748802.018630218,199480.9,4.85,104.84,2026-11-02,24,264,99.79000091552734,103.5,101.64500045776367,94.6855000087193,121.01000213623047,2.782527542063147,1.0000000000000009,6.959500449044364,1.7810187022066617,,,,,,,,,,,False,,,,,,,,,,False,False,,-1.95,3/5,1/5,0.4,3.0,False,not near a new high: recent 26w high 123.14 is -1.95 ATR vs prior 2.5y high 136.72 (needs >= -1); sideways / not rising enough: 30w EMA +3.0% in 26w (needs >= +8%),,,,,,,False,,no SMA50/100/150/200 support with an earlier bounce,,,,20,,,,,False,True,False,no TV drawing read (f_rr False),https://www.tradingview.com/chart/?symbol=NASDAQ:ADUS,https://finviz.com/quote.ashx?t=ADUS,"$vol(30d) $22.7M < $50M | FAIL: dollar_vol, rr (no TV drawing read)"
AEM,FAIL,rr,True,True,True,True,False,True,True,False,False,,True,189.5800018310547,372553064.7662964,1965149.6,1.3,64.07,2026-10-28,19,261,176.92261412857147,177.48764768015874,177.2051309043651,160.09766580885983,216.54916182877028,2.2998165248188793,1.0000000000000004,17.107465095505255,0.723360875360834,,,,,,,,,,,False,,,,,,,,,,False,False,,-1.76,4/5,3/5,0.7,-1.4,False,not near a new high: recent 26w high 223.93 is -1.76 ATR vs prior 2.5y high 254.05 (needs >= -1); sideways / not rising enough: 30w EMA -1.4% in 26w (needs >= +8%),,,,,,,True,"SMA150,SMA200","SMA150 183.09 (latest low 186.46 / close 189.58); held before 4x, last 2026-09-01; SMA200 188.70 (latest low 186.46 / close 189.58); held before 3x, last 2026-09-01",,,,5,,,,,False,True,False,no TV drawing read (f_rr False),https://www.tradingview.com/chart/?symbol=NYSE:AEM,https://finviz.com/quote.ashx?t=AEM,FAIL: rr (no TV drawing read)
AFG,FAIL,rr,True,True,True,True,False,True,False,False,False,,True,141.78160095214844,53954912.62548625,380549.4666666667,2.51,70.24,2026-11-04,26,261,131.26026916503906,132.27694777350567,131.76860846927235,126.62924184314765,146.2899932861328,2.825520316656258,1.0,5.139366626124698,1.9482930896537947,,,,,,,,,,,False,,,,,,,,,,False,False,,1.22,2/5,5/7,0.56,7.8,False,sideways / not rising enough: 30w EMA +7.8% in 26w (needs >= +8%),,,,,,,True,SMA100,"SMA100 139.50 (latest low 140.35 / close 141.78); held before 4x, last 2026-09-09",,,,2,,,,,False,True,False,no TV drawing read (f_rr False),https://www.tradingview.com/chart/?symbol=NYSE:AFG,https://finviz.com/quote.ashx?t=AFG,FAIL: rr (no TV drawing read)
AFL,FAIL,rr,True,True,True,True,False,True,True,False,False,,True,115.18000030517578,240753582.76322326,2090237.7333333334,2.6,60.64,2026-11-04,26,261,115.349609375,117.48625527039455,116.41793232269728,111.98318339281954,127.19937744983012,2.4311286383082944,1.000000000000001,4.434748929877737,-0.2791436532474974,,,,,,,,,,,False,,,,,,,,,,False,False,,2.72,6/7,4/6,0.76,7.1,False,sideways / not rising enough: 30w EMA +7.1% in 26w (needs >= +8%),,,,,,,True,SMA200,"SMA200 114.26 (latest low 114.49 / close 115.18); held before 12x, last 2026-09-10",,,,15,,,,,False,True,False,no TV drawing read (f_rr False),https://www.tradingview.com/chart/?symbol=NYSE:AFL,https://finviz.com/quote.ashx?t=AFL,FAIL: rr (no TV drawing read)
AGM,FAIL,"dollar_vol,rr",False,True,True,True,False,True,True,False,False,,False,204.86000061035156,22790941.385902405,111251.3,4.06,74.69,2026-11-09,31,261,178.29260165038232,179.1685141224511,178.7305578864167,165.5423519508185,233.86660766601562,4.180708888596681,0.9999999999999993,13.188205935598214,1.9812734841670208,,,,,,,,,,,False,,,,,,,,,,True,True,,3.27,4/6,1/3,0.5,24.1,True,"clear uptrend: recent high +3.3 ATR vs prior 2.5y high, 30w EMA +24.1% in 26w (4/6 HH, 1/3 HL)",,,,,,,False,,no SMA50/100/150/200 support with an earlier bounce,,,,18,,,,,False,True,False,no TV drawing read (f_rr False),https://www.tradingview.com/chart/?symbol=NYSE:AGM,https://finviz.com/quote.ashx?t=AGM,"$vol(30d) $22.8M < $50M | FAIL: dollar_vol, rr (no TV drawing read)"
AJG,FAIL,"no_earnings_14d,rr",True,True,False,True,False,True,False,False,False,,False,234.7624969482422,334751944.91677856,1425917.4666666666,2.54,94.43,2026-10-22,13,264,220.28622436523438,224.34185368332,222.31403902427718,207.1156091867006,266.8470153808594,2.9301037562761194,1.0000000000000002,15.19842983757658,0.8190621042436539,,,,,,,,,,,False,,,,,,,,,,False,False,not technical (Eyal) 2026-10-09: no clear uptrend (reviewed grok_needs_drawing by eye),-4.85,2/5,3/8,0.39,-2.2,False,not near a new high: recent 26w high 272.06 is -4.85 ATR vs prior 2.5y high 345.71 (needs >= -1); sideways / not rising enough: 30w EMA -2.2% in 26w (needs >= +8%),,,,,,,True,"SMA150,SMA200","SMA150 228.71 (latest low 232.43 / close 234.76); held before 3x, last 2025-04-30; SMA200 231.25 (latest low 232.43 / close 234.76); held before 4x, last 2026-07-23",,,,0,,,,,False,True,True,no TV drawing read (f_rr False),https://www.tradingview.com/chart/?symbol=NYSE:AJG,https://finviz.com/quote.ashx?t=AJG,"FAIL: no_earnings_14d, rr (no TV drawing read)"
ALL,FAIL,rr,True,True,True,True,False,True,False,False,False,,True,230.83999633789062,466934842.04708356,2022764.0333333334,2.4,86.68,2026-11-04,26,264,211.51083028681612,213.11566217546073,212.3132462311384,198.41105843312207,265.8934020996094,3.8540808574112444,0.9854416321904513,14.107571005615416,1.313248758370791,,,,,,,,,,,False,,,,,,,,,,True,True,,4.39,7/8,4/6,0.77,15.9,True,"clear uptrend: recent high +4.4 ATR vs prior 2.5y high, 30w EMA +15.9% in 26w (7/8 HH, 4/6 HL)",,,,,,,True,SMA150,"SMA150 230.75 (latest low 229.38 / close 230.84); held before 7x, last 2026-04-30",,,,0,,,,,False,True,False,no TV drawing read (f_rr False),https://www.tradingview.com/chart/?symbol=NYSE:ALL,https://finviz.com/quote.ashx?t=ALL,FAIL: rr (no TV drawing read)
ALLE,FAIL,"no_earnings_14d,rr",True,True,False,True,False,True,True,False,False,,False,150.83749389648438,188593994.0316152,1250312.4333333333,3.54,104.83,2026-10-22,13,261,145.04475602740052,148.12109294923042,146.58292448831548,137.21254213401664,168.342041015625,2.3221161852938805,1.000000000000001,9.37038235429883,0.45404437591781205,,,,,,,,,,,False,,,,,,,,,,False,False,,-1.15,4/5,2/3,0.73,-3.4,False,not near a new high: recent 26w high 170.27 is -1.15 ATR vs prior 2.5y high 181.03 (needs >= -1); sideways / not rising enough: 30w EMA -3.4% in 26w (needs >= +8%),,,,,,,True,"SMA100,SMA200","SMA100 146.73 (latest low 150.27 / close 150.84); held before 1x, last 2024-11-06; SMA200 149.06 (latest low 150.27 / close 150.84); held before 2x, last 2026-01-08",,,,5,,,,,False,True,True,no TV drawing read (f_rr False),https://www.tradingview.com/chart/?symbol=NYSE:ALLE,https://finviz.com/quote.ashx?t=ALLE,"FAIL: no_earnings_14d, rr (no TV drawing read)"
AMAN,FAIL,"dollar_vol,no_earnings_14d,history,rr",False,True,False,False,False,False,True,False,False,,False,10.5,54860.75,5224.833333333333,0.14,65.93,,,21,,,,,,,,,,,,,,,,,,,,False,,,,,,,,,,,,,,,,,,,not enough history (21 weekly bars < 130),,,,,,,False,,no SMA50/100/150/200 support with an earlier bounce,,,,11,,,,,False,False,False,earnings unknown; too few weekly bars for computed retest (21); no TV drawing read (f_rr False),https://www.tradingview.com/chart/?symbol=NASDAQ:AMAN,https://finviz.com/quote.ashx?t=AMAN,"$vol(30d) $0.1M < $50M | FAIL: dollar_vol, no_earnings_14d, history, rr (no TV drawing read)"
AMP,FAIL,rr,True,True,True,True,False,True,False,False,False,,False,499.5199890136719,286825576.53962404,574202.4,3.1,91.76,2026-10-29,20,264,468.9648602543218,476.2919751042868,472.62841767930433,446.1136138869516,569.5399780273438,3.654998208057274,1.0000000000000002,26.51480379235272,1.0142097050751508,no,,,,,,,2026-10-07,charts/latest/AMP.webp,,False,,,,,,,,,,False,False,not technical (Eyal) 2026-10-09: no clear uptrend (reviewed grok_needs_drawing by eye),0.13,3/5,1/3,0.47,7.3,False,sideways / not rising enough: 30w EMA +7.3% in 26w (needs >= +8%),,,,,,,True,"SMA150,SMA200","SMA150 490.74 (latest low 496.43 / close 499.52); held before 3x, last 2026-01-14; SMA200 491.16 (latest low 496.43 / close 499.52); held before 3x, last 2026-01-14",,,,1,,,,,False,True,False,TV drawing not found (f_rr False),https://www.tradingview.com/chart/?symbol=NYSE:AMP,https://finviz.com/quote.ashx?t=AMP,FAIL: rr (TV drawing not found)
AMZN,FAIL,rr,True,True,True,True,False,True,True,False,False,,True,258.69000244140625,8926502866.714539,34506563.0,0.83,69.43,2026-10-29,20,261,213.2100067138672,220.47000122070312,216.84000396728516,201.08500453404017,278.2900085449219,3.9003495263839643,1.0000000000000009,15.754999433244977,2.6562995861372407,,,,,,,,,,,False,,,,,,,,,,True,True,,1.82,5/7,5/7,0.71,13.4,True,"clear uptrend: recent high +1.8 ATR vs prior 2.5y high, 30w EMA +13.4% in 26w (5/7 HH, 5/7 HL)",,,,,,,True,SMA100,"SMA100 252.70 (latest low 256.00 / close 258.69); held before 3x, last 2026-01-21",,,,8,,,,,False,True,False,no TV drawing read (f_rr False),https://www.tradingview.com/chart/?symbol=NASDAQ:AMZN,https://finviz.com/quote.ashx?t=AMZN,FAIL: rr (no TV drawing read)
ANIK,FAIL,"dollar_vol,rr",False,True,True,True,False,True,False,False,False,,False,19.66990089416504,1694472.136151568,86145.43333333333,3.04,91.71,2026-10-29,20,261,14.359999656677246,14.579999923706055,14.46999979019165,12.694999831063408,22.350000381469727,4.4394370550567155,0.9999999999999997,1.7749999591282435,2.9295218161735725,,,,,,,,,,,False,,,,,,,,,,False,False,,-3.52,3/7,4/6,0.55,47.1,True,not near a new high: recent 26w high 22.88 is -3.52 ATR vs prior 2.5y high 29.12 (needs >= -1),,,,,,,False,,no SMA50/100/150/200 support with an earlier bounce,,,,0,,,,,False,True,False,no TV drawing read (f_rr False),https://www.tradingview.com/chart/?symbol=NASDAQ:ANIK,https://finviz.com/quote.ashx?t=ANIK,"$vol(30d) $1.7M < $50M | FAIL: dollar_vol, rr (no TV drawing read)"
AR,FAIL,rr,True,True,True,True,False,False,False,False,False,,True,36.439998626708984,141893569.7512141,3893896.1333333333,4.48,90.25,2026-10-28,19,261,36.369998931884766,36.5,36.43499946594238,33.80913543701172,39.900001525878906,1.3195664443248356,1.0,2.625864028930664,0.0019038155485291372,,,,,,,,,,,False,,,,,,,,,,False,False,,-2.11,3/6,3/6,0.5,-1.2,False,not near a new high: recent 26w high 40.21 is -2.11 ATR vs prior 2.5y high 45.75 (needs >= -1); sideways / not rising enough: 30w EMA -1.2% in 26w (needs >= +8%),,,,,,,True,"SMA100,SMA200","SMA100 35.85 (latest low 36.03 / close 36.44); held before 1x, last 2025-11-21; SMA200 36.37 (latest low 36.03 / close 36.44); held before 4x, last 2026-05-07",,,,2,,,,,False,True,False,no TV drawing read (f_rr False),https://www.tradingview.com/chart/?symbol=NYSE:AR,https://finviz.com/quote.ashx?t=AR,FAIL: rr (no TV drawing read)
AVBH,FAIL,"dollar_vol,rr",False,True,True,True,False,True,True,False,False,,False,31.290000915527344,1965809.9525184631,62825.5,4.59,66.7,2026-10-26,17,261,27.479999542236328,27.6200008392334,27.550000190734863,26.1857145854405,32.880001068115234,3.9068072379392675,0.9999999999999992,1.364285605294364,2.741362006810533,,,,,,,,,,,False,,,,,,,,,,True,True,,1.88,5/7,4/6,0.69,14.0,True,"clear uptrend: recent high +1.9 ATR vs prior 2.5y high, 30w EMA +14.0% in 26w (5/7 HH, 4/6 HL)",,,,,,,True,SMA150,"SMA150 30.87 (latest low 31.25 / close 31.29); held before 5x, last 2026-09-01",,,,11,,,,,False,True,False,no TV drawing read (f_rr False),https://www.tradingview.com/chart/?symbol=NASDAQ:AVBH,https://finviz.com/quote.ashx?t=AVBH,"$vol(30d) $2.0M < $50M | FAIL: dollar_vol, rr (no TV drawing read)"
AWR,FAIL,"dollar_vol,rr",False,True,True,True,False,True,True,False,False,,False,82.19999694824219,16238176.477141317,197544.73333333334,2.64,84.51,2026-11-09,31,264,78.7132774468711,80.16452552542472,79.43890148614791,75.94138718210984,89.87999725341797,2.9852903689958388,0.9999999999999993,3.4975143040380794,0.7894450807267416,,,,,,,,,,,False,,,,,,,,,,True,True,,2.45,4/7,4/8,0.54,11.8,True,"clear uptrend: recent high +2.5 ATR vs prior 2.5y high, 30w EMA +11.8% in 26w (4/7 HH, 4/8 HL)",,,,,,,True,SMA150,"SMA150 80.70 (latest low 81.96 / close 82.20); held before 4x, last 2026-05-07",,,,9,,,,,True,True,False,no TV drawing read (f_rr False),https://www.tradingview.com/chart/?symbol=NYSE:AWR,https://finviz.com/quote.ashx?t=AWR,"$vol(30d) $16.2M < $50M | FAIL: dollar_vol, rr (no TV drawing read)"
BACC,FAIL,"dollar_vol,no_earnings_14d,history,rr",False,True,False,False,False,False,False,False,False,,False,10.4399995803833,1084228.756421407,103853.33333333333,0.04,63.05,,,62,10.460000038146973,10.5,10.480000019073486,10.312714099884033,10.579999923706055,0.5977783732013773,1.0,0.16728591918945312,-0.23911419971267645,,,,,,,,,,,False,,,,,,,,,,,,,,,,,,,not enough history (62 weekly bars < 130),,,,,,,False,,no SMA50/100/150/200 support with an earlier bounce,,,,1,,,,,False,False,False,earnings unknown; no TV drawing read (f_rr False),https://www.tradingview.com/chart/?symbol=NASDAQ:BACC,https://finviz.com/quote.ashx?t=BACC,"$vol(30d) $1.1M < $50M | FAIL: dollar_vol, no_earnings_14d, history, rr (no TV drawing read)"
BANR,FAIL,"dollar_vol,no_earnings_14d,rr",False,True,False,True,False,True,False,False,False,,False,66.41999816894531,17436515.92731323,262519.06666666665,3.82,86.62,2026-10-21,12,264,65.48006745871781,67.44938938233389,66.46472842052586,63.26711080891497,74.01000213623047,2.359654790587506,0.9999999999999997,3.1976176116108883,-0.013988618094335555,,,,,,,,,,,False,,,,,,,,,,True,True,,0.28,3/7,3/5,0.51,10.1,True,"clear uptrend: recent high +0.3 ATR vs prior 2.5y high, 30w EMA +10.1% in 26w (3/7 HH, 3/5 HL)",,,,,,,True,"SMA150,SMA200","SMA150 66.20 (latest low 66.29 / close 66.42); held before 5x, last 2026-06-17; SMA200 65.14 (latest low 66.29 / close 66.42); held before 5x, last 2026-06-17",,,,2,,,,,False,True,True,no TV drawing read (f_rr False),https://www.tradingview.com/chart/?symbol=NASDAQ:BANR,https://finviz.com/quote.ashx?t=BANR,"$vol(30d) $17.4M < $50M | FAIL: dollar_vol, no_earnings_14d, rr (no TV drawing read)"
BAP,FAIL,rr,True,True,True,True,False,True,True,False,False,,True,379.69000244140625,122117227.50021362,321623.5,2.19,74.54,2026-11-09,31,261,249.8505256701994,251.139593312714,250.4950594914567,238.2770759550109,401.2099914550781,12.335499676689238,0.5974980221154939,20.448575701032365,6.3180411603643885,,,,,,,,,,,False,,,,,,,,,,True,True,,2.46,2/3,2/6,0.5,24.0,True,"clear uptrend: recent high +2.5 ATR vs prior 2.5y high, 30w EMA +24.0% in 26w (2/3 HH, 2/6 HL)",,,,,,,True,SMA100,"SMA100 375.33 (latest low 378.30 / close 379.69); held before 4x, last 2026-09-01",,,,17,,,,,False,True,False,no TV drawing read (f_rr False),https://www.tradingview.com/chart/?symbol=NYSE:BAP,https://finviz.com/quote.ashx?t=BAP,FAIL: rr (no TV drawing read)
BCAL,FAIL,"dollar_vol,rr",False,True,True,True,False,True,False,False,False,,False,21.350000381469727,4566671.853261376,213895.63333333333,3.19,68.74,2026-11-03,25,261,19.046857833862305,19.08643662613626,19.066647229999283,18.075987925503895,21.779449462890625,2.7383806123671968,1.0000000000000016,0.9906593044953864,2.3048823557292666,,,,,,,,,,,False,,,,,,,,,,True,True,,2.27,5/6,4/5,0.82,15.3,True,"clear uptrend: recent high +2.3 ATR vs prior 2.5y high, 30w EMA +15.3% in 26w (5/6 HH, 4/5 HL)",,,,,,,False,,no SMA50/100/150/200 support with an earlier bounce,,,,1,,,,,False,True,False,no TV drawing read (f_rr False),https://www.tradingview.com/chart/?symbol=NASDAQ:BCAL,https://finviz.com/quote.ashx?t=BCAL,"$vol(30d) $4.6M < $50M | FAIL: dollar_vol, rr (no TV drawing read)"
BCPC,FAIL,"dollar_vol,rr",False,True,True,True,False,False,True,False,False,,False,168.82000732421875,35577184.61684164,210740.33333333334,1.96,91.65,2026-10-23,14,264,171.22000122070312,174.08999633789062,172.65499877929688,165.05178288051061,181.6199951171875,1.1791058490554966,0.9999999999999983,7.603215898786273,-0.5043907086329507,,,,,,,,,,,False,,,,,,,,,,False,False,,-0.12,2/6,3/5,0.47,1.9,False,sideways / not rising enough: 30w EMA +1.9% in 26w (needs >= +8%),,,,,,,True,"SMA100,SMA150,SMA200","SMA100 167.80 (latest low 168.26 / close 168.82); held before 3x, last 2025-05-15; SMA150 168.04 (latest low 168.26 / close 168.82); held before 1x, last 2026-03-20; SMA200 168.25 (latest low 168.26 / close 168.82); held before 1x, last 2026-03-20",,,,12,,,,,True,True,False,no TV drawing read (f_rr False),https://www.tradingview.com/chart/?symbol=NASDAQ:BCPC,https://finviz.com/quote.ashx?t=BCPC,"$vol(30d) $35.6M < $50M | FAIL: dollar_vol, rr (no TV drawing read)"
BCSS,FAIL,"dollar_vol,no_earnings_14d,history,rr",False,True,False,False,False,False,False,False,False,,False,10.229999542236328,360153.95388412476,35205.666666666664,0.01,71.94,,,47,10.279999732971191,10.300559732437133,10.290279732704162,10.217779708181109,10.34000015258789,0.6857986629772561,0.9999999999999966,0.07250002452305385,-0.8314506217672509,,,,,,,,,,,False,,,,,,,,,,,,,,,,,,,not enough history (47 weekly bars < 130),,,,,,,True,SMA150,"SMA150 10.21 (latest low 10.23 / close 10.23); held before 1x, last 2026-07-22",,,,0,,,,,False,False,False,earnings unknown; no TV drawing read (f_rr False),https://www.tradingview.com/chart/?symbol=NYSE:BCSS,https://finviz.com/quote.ashx?t=BCSS,"$vol(30d) $0.4M < $50M | FAIL: dollar_vol, no_earnings_14d, history, rr (no TV drawing read)"
BGC,FAIL,"dollar_vol,rr",False,True,True,True,False,True,False,False,False,,False,11.1899995803833,40361649.25346804,3606939.3,3.27,65.61,2026-11-04,26,261,9.54503345489502,9.952685563685586,9.748859509290302,8.863108420230635,12.078139410075856,2.6297228753716455,0.9999999999999992,0.8857510890596678,1.6270260222010495,,,,,,,,,,,False,,,,,,,,,,True,True,,1.43,3/7,4/7,0.5,19.2,True,"clear uptrend: recent high +1.4 ATR vs prior 2.5y high, 30w EMA +19.2% in 26w (3/7 HH, 4/7 HL)",,,,,,,True,SMA150,"SMA150 11.13 (latest low 11.16 / close 11.19); held before 6x, last 2026-06-29",,,,1,,,,,False,True,False,no TV drawing read (f_rr False),https://www.tradingview.com/chart/?symbol=NASDAQ:BGC,https://finviz.com/quote.ashx?t=BGC,"$vol(30d) $40.4M < $50M | FAIL: dollar_vol, rr (no TV drawing read)"
BHB,FAIL,"dollar_vol,no_earnings_14d,rr",False,True,False,True,False,True,False,False,False,,False,38.29999923706055,3488780.1238365173,91090.86666666667,3.71,64.05,2026-10-21,12,261,34.46480178833008,34.759288356651155,34.612045072490616,32.66898270597097,40.560001373291016,3.061124749924621,0.9999999999999992,1.9430623665196494,1.898011215757153,,,,,,,,,,,False,,,,,,,,,,True,True,,2.82,6/6,4/6,0.83,18.6,True,"clear uptrend: recent high +2.8 ATR vs prior 2.5y high, 30w EMA +18.6% in 26w (6/6 HH, 4/6 HL)",,,,,,,True,SMA100,"SMA100 38.13 (latest low 38.20 / close 38.30); held before 4x, last 2026-05-15",,,,1,,,,,False,True,True,no TV drawing read (f_rr False),https://www.tradingview.com/chart/?symbol=AMEX:BHB,https://finviz.com/quote.ashx?t=BHB,"$vol(30d) $3.5M < $50M | FAIL: dollar_vol, no_earnings_14d, rr (no TV drawing read)"
BLK,FAIL,"no_earnings_14d,rr",True,True,False,True,False,True,True,False,False,,False,1078.47998046875,571062159.7780762,529506.5,1.42,76.29,2026-10-14,5,261,1073.2432861328125,1073.6390380331777,1073.441162082995,1028.8820866866192,1167.7374267578125,2.116207839503034,0.8109269783316586,54.94832036301028,0.09170104477200525,,,,,,,,,,,False,,,,,,,,,,False,False,,-0.24,3/5,1/3,0.47,4.3,False,sideways / not rising enough: 30w EMA +4.3% in 26w (needs >= +8%),,,,,,,True,"SMA100,SMA150,SMA200","SMA100 1065.76 (latest low 1065.31 / close 1078.48); held before 1x, last 2025-05-23; SMA150 1044.92 (latest low 1065.31 / close 1078.48); held before 1x, last 2025-11-05; SMA200 1051.42 (latest low 1065.31 / close 1078.48); held before 3x, last 2026-01-08",,,,14,,,,,True,True,True,no TV drawing read (f_rr False),https://www.tradingview.com/chart/?symbol=NYSE:BLK,https://finviz.com/quote.ashx?t=BLK,"FAIL: no_earnings_14d, rr (no TV drawing read)"
BWB,FAIL,"dollar_vol,no_earnings_14d,rr",False,True,False,True,False,True,False,False,False,,False,20.200000762939453,1941770.8600059508,96127.26666666666,3.48,64.89,2026-10-20,11,261,19.190000534057617,19.2450008392334,19.217500686645508,17.945000512259348,22.229999542236328,2.367385809627898,0.9999999999999991,1.2725001743861608,0.7721021152455966,,,,,,,,,,,False,,,,,,,,,,True,True,,1.82,6/7,4/6,0.76,14.3,True,"clear uptrend: recent high +1.8 ATR vs prior 2.5y high, 30w EMA +14.3% in 26w (6/7 HH, 4/6 HL)",,,,,,,True,SMA150,"SMA150 19.82 (latest low 20.17 / close 20.20); held before 7x, last 2026-06-03",,,,2,,,,,False,True,True,no TV drawing read (f_rr False),https://www.tradingview.com/chart/?symbol=NASDAQ:BWB,https://finviz.com/quote.ashx?t=BWB,"$vol(30d) $1.9M < $50M | FAIL: dollar_vol, no_earnings_14d, rr (no TV drawing read)"
C,FAIL,"no_earnings_14d,rr",True,True,False,True,False,True,False,False,False,,False,128.52000427246094,1075135440.9173167,8365510.466666667,1.48,82.72,2026-10-13,4,264,121.49465942382812,121.77193023361565,121.63329482872189,113.50698886654733,139.3300018310547,2.177706215432388,1.0000000000000007,8.12630596217455,0.8474587931828509,,,,,,,,,,,False,,,,,,,,,,True,True,,2.82,5/6,3/4,0.79,20.7,True,"clear uptrend: recent high +2.8 ATR vs prior 2.5y high, 30w EMA +20.7% in 26w (5/6 HH, 3/4 HL)",,,,,,,True,SMA200,"SMA200 125.44 (latest low 127.70 / close 128.52); held before 2x, last 2026-03-09",,,,2,,,,,False,True,True,no TV drawing read (f_rr False),https://www.tradingview.com/chart/?symbol=NYSE:C,https://finviz.com/quote.ashx?t=C,"FAIL: no_earnings_14d, rr (no TV drawing read)"
CAC,FAIL,"dollar_vol,rr",False,True,True,True,False,True,True,False,False,,False,55.56999969482422,5040876.926316833,90712.2,4.46,75.82,2026-10-27,18,261,50.800594329833984,51.76302487649841,51.281809603166195,48.38947302248989,58.95000076293945,2.651209824957587,0.9004498730042979,3.2121017142533397,1.3350106793410879,,,,,,,,,,,False,,,,,,,,,,True,True,,3.06,5/6,3/6,0.67,21.6,True,"clear uptrend: recent high +3.1 ATR vs prior 2.5y high, 30w EMA +21.6% in 26w (5/6 HH, 3/6 HL)",,,,,,,True,SMA100,"SMA100 54.86 (latest low 55.57 / close 55.57); held before 6x, last 2026-06-08",,,,15,,,,,False,True,False,no TV drawing read (f_rr False),https://www.tradingview.com/chart/?symbol=NASDAQ:CAC,https://finviz.com/quote.ashx?t=CAC,"$vol(30d) $5.0M < $50M | FAIL: dollar_vol, rr (no TV drawing read)"
CACI,FAIL,rr,True,True,True,True,False,False,False,False,False,,False,603.8900146484375,152971520.51826578,253310.23333333334,4.48,101.71,2026-10-28,19,262,621.5900268554688,635.3400268554688,628.4650268554688,581.0028795514788,670.5399780273438,0.8864948924958975,0.9999999999999992,47.46214730398996,-0.5177812973701112,no,,,,,,,2026-10-07,charts/latest/CACI.webp,,False,,,,,,,,,,False,False,not technical (Eyal) 2026-10-09: no clear uptrend (reviewed grok_needs_drawing by eye),-0.0,4/8,4/7,0.54,0.7,False,sideways / not rising enough: 30w EMA +0.7% in 26w (needs >= +8%),,,,,,,False,,no SMA50/100/150/200 support with an earlier bounce,,,,2,,,,,False,True,False,TV drawing not found (f_rr False),https://www.tradingview.com/chart/?symbol=NYSE:CACI,https://finviz.com/quote.ashx?t=CACI,FAIL: rr (TV drawing not found)
CASS,FAIL,"dollar_vol,no_earnings_14d,rr",False,True,False,True,False,True,False,False,False,,False,53.59000015258789,4173217.6545491535,77873.06666666667,3.87,62.09,2026-10-15,6,261,48.675315856933594,49.63321663276555,49.15426624484957,46.39854123324074,58.07640838623047,3.237675059664978,0.9999999999999989,2.7557250116088343,1.6096431570828862,,,,,,,,,,,False,,,,,,,,,,True,True,,4.58,5/6,3/5,0.72,20.8,True,"clear uptrend: recent high +4.6 ATR vs prior 2.5y high, 30w EMA +20.8% in 26w (5/6 HH, 3/5 HL)",,,,,,,True,SMA100,"SMA100 52.79 (latest low 53.59 / close 53.59); held before 6x, last 2026-05-13",,,,1,,,,,False,True,True,no TV drawing read (f_rr False),https://www.tradingview.com/chart/?symbol=NASDAQ:CASS,https://finviz.com/quote.ashx?t=CASS,"$vol(30d) $4.2M < $50M | FAIL: dollar_vol, no_earnings_14d, rr (no TV drawing read)"
CATY,FAIL,"dollar_vol,rr",False,True,True,True,False,True,True,False,False,,False,59.13999938964844,27999586.29436493,473445.8333333333,4.72,77.73,2026-10-26,17,261,53.027198791503906,53.301648951072146,53.16442387128802,50.73204967476904,64.5328140258789,4.6737834050617675,0.9999999999999989,2.432374196518988,2.456684307419542,,,,,,,,,,,False,,,,,,,,,,True,True,,4.51,5/5,3/4,0.88,21.1,True,"clear uptrend: recent high +4.5 ATR vs prior 2.5y high, 30w EMA +21.1% in 26w (5/5 HH, 3/4 HL)",,,,,,,True,SMA150,"SMA150 57.91 (latest low 58.96 / close 59.14); held before 6x, last 2026-01-26",,,,15,,,,,False,True,False,no TV drawing read (f_rr False),https://www.tradingview.com/chart/?symbol=NASDAQ:CATY,https://finviz.com/quote.ashx?t=CATY,"$vol(30d) $28.0M < $50M | FAIL: dollar_vol, rr (no TV drawing read)"
CBL,FAIL,"dollar_vol,rr",False,True,True,True,False,True,False,False,False,,False,48.70000076293945,14068142.917059707,288873.56666666665,4.11,80.05,2026-11-16,38,258,36.42353221197997,36.59642902712554,36.50998061955275,34.237916803251835,58.48068588652372,9.66993317236172,0.6290475210098212,3.6119112474261557,3.374950077212805,,,,,,,,,,,False,,,,,,,,,,True,True,,4.85,2/2,1/1,1.0,44.7,True,"clear uptrend: recent high +4.9 ATR vs prior 2.5y high, 30w EMA +44.7% in 26w (2/2 HH, 1/1 HL)",,,,,,,True,SMA150,"SMA150 48.55 (latest low 48.70 / close 48.70); held before 1x, last 2025-08-01",,,,1,,,,,False,True,False,no TV drawing read (f_rr False),https://www.tradingview.com/chart/?symbol=NYSE:CBL,https://finviz.com/quote.ashx?t=CBL,"$vol(30d) $14.1M < $50M | FAIL: dollar_vol, rr (no TV drawing read)"
CBSH,FAIL,"no_earnings_14d,rr",True,True,False,True,False,True,False,False,False,,False,54.22999954223633,52490024.58392372,967914.9,4.61,76.47,2026-10-20,11,261,54.330562591552734,54.46843558610005,54.39949908882639,52.263207934343214,59.98604965209961,2.6150698379990978,1.000000000000001,2.1362911544831724,-0.0793429052188661,,,,,,,,,,,False,,,,,,,,,,False,False,,-2.86,2/6,3/6,0.42,7.6,False,not near a new high: recent 26w high 60.63 is -2.86 ATR vs prior 2.5y high 66.74 (needs >= -1); sideways / not rising enough: 30w EMA +7.6% in 26w (needs >= +8%),,,,,,,True,SMA200,"SMA200 53.82 (latest low 54.08 / close 54.23); held before 1x, last 2024-10-03",,,,2,,,,,False,True,True,no TV drawing read (f_rr False),https://www.tradingview.com/chart/?symbol=NASDAQ:CBSH,https://finviz.com/quote.ashx?t=CBSH,"FAIL: no_earnings_14d, rr (no TV drawing read)"
CCII,FAIL,"dollar_vol,no_earnings_14d,history,rr",False,True,False,False,False,True,False,False,False,,False,10.289999961853027,961463.2964356741,93436.66666666667,0.05,67.14,,,60,10.300000190734863,10.320600191116332,10.310300190925599,10.279157479286194,10.380000114440918,2.2380813951707808,1.0,0.031142711639404297,-0.6518452634319047,,,,,,,,,,,False,,,,,,,,,,,,,,,,,,,not enough history (60 weekly bars < 130),,,,,,,True,SMA200,"SMA200 10.29 (latest low 10.29 / close 10.29); held before 1x, last 2026-06-23",,,,2,,,,,False,False,False,earnings unknown; no TV drawing read (f_rr False),https://www.tradingview.com/chart/?symbol=NASDAQ:CCII,https://finviz.com/quote.ashx?t=CCII,"$vol(30d) $1.0M < $50M | FAIL: dollar_vol, no_earnings_14d, history, rr (no TV drawing read)"
CCK,FAIL,"no_earnings_14d,rr",True,True,False,True,False,True,False,False,False,,False,108.41999816894531,95949663.69755095,884981.2333333333,2.39,100.38,2026-10-19,10,264,106.46979522705078,107.99008131580116,107.22993827142597,101.56786334999501,120.69000244140625,2.3772317316102503,0.9999999999999997,5.662074921430959,0.2101808813964947,,,,,,,,,,,False,,,,,,,,,,False,False,,1.31,3/5,3/6,0.55,6.8,False,sideways / not rising enough: 30w EMA +6.8% in 26w (needs >= +8%),,,,,,,True,"SMA150,SMA200","SMA150 107.09 (latest low 108.42 / close 108.42); held before 1x, last 2026-01-08; SMA200 107.04 (latest low 108.42 / close 108.42); held before 2x, last 2025-10-31",,,,2,,,,,False,True,True,no TV drawing read (f_rr False),https://www.tradingview.com/chart/?symbol=NYSE:CCK,https://finviz.com/quote.ashx?t=CCK,"FAIL: no_earnings_14d, rr (no TV drawing read)"
CCNE,FAIL,"dollar_vol,rr",False,True,True,True,False,True,True,False,False,,False,33.63999938964844,4809734.979400635,142976.66666666666,3.02,65.68,2026-10-26,17,261,30.980756759643555,31.425455481096126,31.20310612036984,29.65055811613958,34.90999984741211,2.387619395305026,0.999999999999999,1.5525480042302584,1.5696089670907099,,,,,,,,,,,False,,,,,,,,,,True,True,,3.16,5/6,6/7,0.85,21.2,True,"clear uptrend: recent high +3.2 ATR vs prior 2.5y high, 30w EMA +21.2% in 26w (5/6 HH, 6/7 HL)",,,,,,,True,SMA100,"SMA100 33.31 (latest low 33.18 / close 33.64); held before 7x, last 2026-06-02",,,,8,,,,,False,True,False,no TV drawing read (f_rr False),https://www.tradingview.com/chart/?symbol=NASDAQ:CCNE,https://finviz.com/quote.ashx?t=CCNE,"$vol(30d) $4.8M < $50M | FAIL: dollar_vol, rr (no TV drawing read)"
CENTA,FAIL,"dollar_vol,rr",False,True,True,True,False,False,False,False,False,,False,35.150001525878906,10663577.816244507,303373.4666666667,3.09,78.07,2026-11-30,52,261,34.84000015258789,35.61000061035156,35.22500038146973,32.951428277151926,39.060001373291016,1.6867734190343637,0.9999999999999996,2.273572104317801,-0.032987234250626135,,,,,,,,,,,False,,,,,,,,,,True,True,,-0.1,6/8,7/8,0.81,12.2,True,"clear uptrend: recent high -0.1 ATR vs prior 2.5y high, 30w EMA +12.2% in 26w (6/8 HH, 7/8 HL)",,,,,,,True,SMA200,"SMA200 34.50 (latest low 34.82 / close 35.15); held before 4x, last 2026-05-04",,,,2,,,,,False,True,False,no TV drawing read (f_rr False),https://www.tradingview.com/chart/?symbol=NASDAQ:CENTA,https://finviz.com/quote.ashx?t=CENTA,"$vol(30d) $10.7M < $50M | FAIL: dollar_vol, rr (no TV drawing read)"
CEPS,FAIL,"dollar_vol,no_earnings_14d,history,rr",False,True,False,False,False,False,True,False,False,,False,10.279999732971191,52633.5986328125,5120.0,0.01,74.81,,,36,,,,,,,,,,,,,,,,,,,,False,,,,,,,,,,,,,,,,,,,not enough history (36 weekly bars < 130),,,,,,,False,,no SMA50/100/150/200 support with an earlier bounce,,,,29,,,,,False,False,False,earnings unknown; no computed weekly retest setup; no TV drawing read (f_rr False),https://www.tradingview.com/chart/?symbol=NASDAQ:CEPS,https://finviz.com/quote.ashx?t=CEPS,"$vol(30d) $0.1M < $50M | FAIL: dollar_vol, no_earnings_14d, history, rr (no TV drawing read)"
CEPV,FAIL,"dollar_vol,no_earnings_14d,history,rr",False,True,False,False,False,False,True,False,False,,False,10.260000228881836,55404.001235961914,5400.0,0.02,75.46,,,49,10.289999961853027,10.350000381469727,10.320000171661377,10.238214424678258,10.449999809265137,1.589514584131542,0.9999999999999937,0.08178574698311943,-0.7336234612117072,,,,,,,,,,,False,,,,,,,,,,,,,,,,,,,not enough history (49 weekly bars < 130),,,,,,,False,,no SMA50/100/150/200 support with an earlier bounce,,,,40,,,,,False,False,False,earnings unknown; no TV drawing read (f_rr False),https://www.tradingview.com/chart/?symbol=NASDAQ:CEPV,https://finviz.com/quote.ashx?t=CEPV,"$vol(30d) $0.1M < $50M | FAIL: dollar_vol, no_earnings_14d, history, rr (no TV drawing read)"
CHD,FAIL,rr,True,True,True,True,False,False,False,False,False,,False,97.48999786376953,167629946.99784163,1719457.9,4.57,95.32,2026-10-30,21,264,99.27729034423828,99.69601352287812,99.48665193355819,95.0117037140025,102.04883984305152,0.5725625825783794,0.9999999999999994,4.474948219555702,-0.4461848432263872,no,,,,,,,2026-10-07,charts/latest/CHD.webp,,False,,,,,,,,,,False,False,not technical (Eyal) 2026-10-09: no clear uptrend (reviewed grok_needs_drawing by eye),-2.29,2/6,4/8,0.42,3.6,False,not near a new high: recent 26w high 103.99 is -2.29 ATR vs prior 2.5y high 114.24 (needs >= -1); sideways / not rising enough: 30w EMA +3.6% in 26w (needs >= +8%),,,,,,,True,"SMA100,SMA150","SMA100 97.46 (latest low 97.39 / close 97.49); held before 3x, last 2026-08-21; SMA150 96.51 (latest low 97.39 / close 97.49); held before 8x, last 2026-08-21",,,,0,,,,,False,True,False,TV drawing not found (f_rr False),https://www.tradingview.com/chart/?symbol=NYSE:CHD,https://finviz.com/quote.ashx?t=CHD,FAIL: rr (TV drawing not found)
CIVB,FAIL,"dollar_vol,no_earnings_14d,rr",False,True,False,True,False,True,True,False,False,,False,26.489999771118164,3469945.3790185926,130990.76666666666,3.15,66.1,2026-10-22,13,261,24.319372177124023,24.877649855813935,24.59851101646898,23.102482864887428,29.288334630774536,3.134849841794507,0.9999999999999991,1.496028151581553,1.2643403485753684,,,,,,,,,,,False,,,,,,,,,,True,True,,3.28,6/7,4/5,0.83,18.7,True,"clear uptrend: recent high +3.3 ATR vs prior 2.5y high, 30w EMA +18.7% in 26w (6/7 HH, 4/5 HL)",,,,,,,True,SMA150,"SMA150 26.01 (latest low 26.49 / close 26.49); held before 5x, last 2026-01-06",,,,5,,,,,False,True,True,no TV drawing read (f_rr False),https://www.tradingview.com/chart/?symbol=NASDAQ:CIVB,https://finviz.com/quote.ashx?t=CIVB,"$vol(30d) $3.5M < $50M | FAIL: dollar_vol, no_earnings_14d, rr (no TV drawing read)"
CLW,FAIL,"dollar_vol,rr",False,True,True,True,False,True,True,False,False,,False,19.399999618530273,2162194.6241505938,111453.33333333333,4.47,88.97,2026-11-03,25,263,17.899999618530273,18.200000762939453,18.050000190734863,15.978778907230922,23.309999465942383,2.539564129192915,1.0000000000000002,2.071221283503941,0.6517890862494323,,,,,,,,,,,False,,,,,,,,,,False,False,,-16.19,3/6,2/7,0.39,5.2,False,not near a new high: recent 26w high 23.59 is -16.19 ATR vs prior 2.5y high 57.13 (needs >= -1); sideways / not rising enough: 30w EMA +5.2% in 26w (needs >= +8%),,,,,,,False,,no SMA50/100/150/200 support with an earlier bounce,,,,17,,,,,False,True,False,no TV drawing read (f_rr False),https://www.tradingview.com/chart/?symbol=NYSE:CLW,https://finviz.com/quote.ashx?t=CLW,"$vol(30d) $2.2M < $50M | FAIL: dollar_vol, rr (no TV drawing read)"
CMT,FAIL,"dollar_vol,rr",False,True,True,True,False,True,False,False,False,,False,23.280000686645508,830967.9845094681,35694.5,2.98,73.83,2026-11-03,25,261,20.450000762939453,20.979999542236328,20.71500015258789,18.722857202802384,26.5,2.9039079991900074,1.0000000000000009,1.992142949785505,1.2875584728163167,,,,,,,,,,,False,,,,,,,,,,True,True,,2.41,4/7,3/4,0.66,19.5,True,"clear uptrend: recent high +2.4 ATR vs prior 2.5y high, 30w EMA +19.5% in 26w (4/7 HH, 3/4 HL)",,,,,,,True,SMA200,"SMA200 22.82 (latest low 22.94 / close 23.28); held before 6x, last 2026-08-03",,,,1,,,,,False,True,False,no TV drawing read (f_rr False),https://www.tradingview.com/chart/?symbol=AMEX:CMT,https://finviz.com/quote.ashx?t=CMT,"$vol(30d) $0.8M < $50M | FAIL: dollar_vol, rr (no TV drawing read)"
CNI,FAIL,rr,True,True,True,True,False,True,True,False,False,,True,116.70999908447266,151624398.3122546,1299155.1666666667,0.89,68.77,2026-10-30,21,261,113.47400624957471,114.55226549447885,114.01313587202678,109.22024869715669,129.7688447559152,3.2873106144660063,1.0000000000000004,4.792887174870087,0.5626803039691782,,,,,,,,,,,False,,,,,,,,,,True,True,,1.42,6/8,3/5,0.68,17.3,True,"clear uptrend: recent high +1.4 ATR vs prior 2.5y high, 30w EMA +17.3% in 26w (6/8 HH, 3/5 HL)",,,,,,,True,SMA150,"SMA150 116.57 (latest low 116.40 / close 116.71); held before 2x, last 2026-03-20",,,,9,,,,,False,True,False,no TV drawing read (f_rr False),https://www.tradingview.com/chart/?symbol=NYSE:CNI,https://finviz.com/quote.ashx?t=CNI,FAIL: rr (no TV drawing read)
CNOB,FAIL,"dollar_vol,no_earnings_14d,rr",False,True,False,True,False,True,True,False,False,,False,29.920000076293945,11192631.207207108,374085.26666666666,3.85,74.58,2026-10-22,13,261,28.1292667388916,28.237192671984936,28.18322970543827,26.64754350845186,33.38365705014199,3.386386720743412,1.000000000000001,1.5356861969864062,1.1309409267751924,,,,,,,,,,,False,,,,,,,,,,True,True,,3.39,5/5,5/6,0.92,18.6,True,"clear uptrend: recent high +3.4 ATR vs prior 2.5y high, 30w EMA +18.6% in 26w (5/5 HH, 5/6 HL)",,,,,,,True,SMA200,"SMA200 29.43 (latest low 29.86 / close 29.92); held before 4x, last 2026-03-09",,,,8,,,,,False,True,True,no TV drawing read (f_rr False),https://www.tradingview.com/chart/?symbol=NASDAQ:CNOB,https://finviz.com/quote.ashx?t=CNOB,"$vol(30d) $11.2M < $50M | FAIL: dollar_vol, no_earnings_14d, rr (no TV drawing read)"
CPF,FAIL,"dollar_vol,rr",False,True,True,True,False,True,True,False,False,,False,36.130001068115234,5255042.417022069,145448.16666666666,2.8,95.58,2026-10-28,19,264,34.28493881225586,34.83586029457153,34.560399553413696,32.9047520764846,39.40501344247253,2.926114379157964,1.0000000000000009,1.6556474769290956,0.9480288144507939,,,,,,,,,,,False,,,,,,,,,,True,True,,3.94,6/8,2/4,0.62,17.6,True,"clear uptrend: recent high +3.9 ATR vs prior 2.5y high, 30w EMA +17.6% in 26w (6/8 HH, 2/4 HL)",,,,,,,True,SMA150,"SMA150 35.51 (latest low 35.97 / close 36.13); held before 5x, last 2026-03-12",,,,6,,,,,False,True,False,no TV drawing read (f_rr False),https://www.tradingview.com/chart/?symbol=NYSE:CPF,https://finviz.com/quote.ashx?t=CPF,"$vol(30d) $5.3M < $50M | FAIL: dollar_vol, rr (no TV drawing read)"
CR,FAIL,rr,True,True,True,True,False,True,False,False,False,,True,202.17999267578125,76275549.50549112,377265.56666666665,1.87,78.9,2026-10-27,18,185,192.30186462402344,196.63541499545036,194.46863980973689,182.42521056883982,228.0187658394646,2.78576187551285,1.0000000000000004,12.043429240897064,0.6402954434155814,,,,,,,,,,,False,,,,,,,,,,True,True,,1.39,4/7,2/4,0.54,9.5,True,"clear uptrend: recent high +1.4 ATR vs prior 2.5y high, 30w EMA +9.5% in 26w (4/7 HH, 2/4 HL)",,,,,,,True,SMA150,"SMA150 197.31 (latest low 201.85 / close 202.18); held before 4x, last 2025-10-10",,,,2,,,,,False,True,False,no TV drawing read (f_rr False),https://www.tradingview.com/chart/?symbol=NYSE:CR,https://finviz.com/quote.ashx?t=CR,FAIL: rr (no TV drawing read)
CRAN,FAIL,"dollar_vol,no_earnings_14d,history,rr",False,True,False,False,False,True,True,False,False,,False,10.100000381469727,387402.3479652405,38356.666666666664,0.01,66.09,,,39,9.989999771118164,10.0099797706604,9.999989770889282,9.907489901678902,10.199999809265137,2.162273742473675,1.0000000000000082,0.09249986921037946,1.0811973188089858,,,,,,,,,,,False,,,,,,,,,,,,,,,,,,,not enough history (39 weekly bars < 130),,,,,,,False,,no SMA50/100/150/200 support with an earlier bounce,,,,8,,,,,False,False,False,earnings unknown; no TV drawing read (f_rr False),https://www.tradingview.com/chart/?symbol=NASDAQ:CRAN,https://finviz.com/quote.ashx?t=CRAN,"$vol(30d) $0.4M < $50M | FAIL: dollar_vol, no_earnings_14d, history, rr (no TV drawing read)"
CTBI,FAIL,"dollar_vol,no_earnings_14d,rr",False,True,False,True,False,True,True,False,False,,False,75.05999755859375,8783318.252313232,117017.3,3.43,62.28,2026-10-21,12,261,65.93389129638672,67.36980149349037,66.65184639493854,63.160165520139216,78.59649456064652,3.420887702515038,0.9999999999999993,3.491680874799331,2.4080525870332945,,,,,,,,,,,False,,,,,,,,,,True,True,,4.18,6/6,4/5,0.9,23.8,True,"clear uptrend: recent high +4.2 ATR vs prior 2.5y high, 30w EMA +23.8% in 26w (6/6 HH, 4/5 HL)",,,,,,,False,,no SMA50/100/150/200 support with an earlier bounce,,,,6,,,,,False,True,True,no TV drawing read (f_rr False),https://www.tradingview.com/chart/?symbol=NASDAQ:CTBI,https://finviz.com/quote.ashx?t=CTBI,"$vol(30d) $8.8M < $50M | FAIL: dollar_vol, no_earnings_14d, rr (no TV drawing read)"
CTO,FAIL,"dollar_vol,rr",False,True,True,True,False,True,False,False,False,,False,20.559999465942383,7914652.6637457535,384953.93333333335,3.92,66.08,2026-10-27,18,261,19.713401794433594,19.93522514072053,19.824313467577063,19.03863183119156,22.002242851362418,2.7720253127014995,0.999999999999999,0.7856816363855054,0.9363665437693203,,,,,,,,,,,False,,,,,,,,,,True,True,,4.03,3/4,2/5,0.57,17.0,True,"clear uptrend: recent high +4.0 ATR vs prior 2.5y high, 30w EMA +17.0% in 26w (3/4 HH, 2/5 HL)",,,,,,,False,,no SMA50/100/150/200 support with an earlier bounce,,,,2,,,,,False,True,False,no TV drawing read (f_rr False),https://www.tradingview.com/chart/?symbol=NYSE:CTO,https://finviz.com/quote.ashx?t=CTO,"$vol(30d) $7.9M < $50M | FAIL: dollar_vol, rr (no TV drawing read)"
CTS,FAIL,"dollar_vol,rr",False,True,True,True,False,True,True,False,False,,False,57.63999938964844,11837159.699989319,205363.63333333333,3.71,99.06,2026-10-28,19,264,44.86566410073483,45.60394993421951,45.234807017477166,40.945257871097425,66.26000213623047,4.901493001076343,0.9999999999999996,4.289549146379743,2.8919571611951103,,,,,,,,,,,False,,,,,,,,,,True,True,,2.32,5/7,1/2,0.61,23.0,True,"clear uptrend: recent high +2.3 ATR vs prior 2.5y high, 30w EMA +23.0% in 26w (5/7 HH, 1/2 HL)",,,,,,,True,SMA200,"SMA200 56.45 (latest low 56.64 / close 57.64); held before 3x, last 2026-09-10",,,,13,,,,,False,True,False,no TV drawing read (f_rr False),https://www.tradingview.com/chart/?symbol=NYSE:CTS,https://finviz.com/quote.ashx?t=CTS,"$vol(30d) $11.8M < $50M | FAIL: dollar_vol, rr (no TV drawing read)"
DAL,FAIL,"no_earnings_14d,rr",True,True,False,True,False,True,True,False,False,,False,79.93000030517578,526361640.22766876,6585282.6,4.01,89.86,2026-10-09,0,264,74.76238250732422,75.06997012395297,74.9161763156386,69.38964336733207,91.33999633789062,2.9718125587733484,0.9999999999999989,5.526532948306531,0.9072277386989159,,,,,,,,,,,False,,,,,,,,,,True,True,,3.56,5/9,2/4,0.53,24.6,True,"clear uptrend: recent high +3.6 ATR vs prior 2.5y high, 30w EMA +24.6% in 26w (5/9 HH, 2/4 HL)",,,,,,,True,SMA150,"SMA150 78.27 (latest low 79.16 / close 79.93); held before 5x, last 2026-09-01",,,,27,,,,,False,True,True,no TV drawing read (f_rr False),https://www.tradingview.com/chart/?symbol=NYSE:DAL,https://finviz.com/quote.ashx?t=DAL,"FAIL: no_earnings_14d, rr (no TV drawing read)"
DE,FAIL,rr,True,True,True,True,False,False,True,False,False,,True,654.0800170898438,827707825.1037353,1265453.4666666666,2.25,77.76,2026-11-25,47,261,626.66455078125,627.8417952098634,627.2531729955567,582.4202017375835,691.8790283203125,1.4414805334425063,1.0,44.83297125797321,0.5983731022403755,,,,,,,,,,,False,,,,,,,,,,True,True,,1.13,3/6,4/6,0.58,15.3,True,"clear uptrend: recent high +1.1 ATR vs prior 2.5y high, 30w EMA +15.3% in 26w (3/6 HH, 4/6 HL)",,,,,,,True,SMA50,"SMA50 652.22 (latest low 649.37 / close 654.08); held before 8x, last 2026-07-30",,,,19,,,,,True,True,False,no TV drawing read (f_rr False),https://www.tradingview.com/chart/?symbol=NYSE:DE,https://finviz.com/quote.ashx?t=DE,FAIL: rr (no TV drawing read)
DGII,FAIL,"dollar_vol,rr",False,True,True,True,False,True,False,False,False,,False,74.45999908447266,27599360.63465042,370660.23333333334,4.59,104.99,2026-11-18,40,264,50.20000076293945,51.779998779296875,50.989999771118164,46.99,85.27999877929688,8.57250024256708,0.5265137315840238,7.597142355782645,3.0893194064594636,,,,,,,,,,,False,,,,,,,,,,True,True,,4.11,7/7,4/4,1.0,51.9,True,"clear uptrend: recent high +4.1 ATR vs prior 2.5y high, 30w EMA +51.9% in 26w (7/7 HH, 4/4 HL)",,,,,,,True,SMA100,"SMA100 71.46 (latest low 73.82 / close 74.46); held before 11x, last 2026-09-03",,,,4,,,,,False,True,False,no TV drawing read (f_rr False),https://www.tradingview.com/chart/?symbol=NASDAQ:DGII,https://finviz.com/quote.ashx?t=DGII,"$vol(30d) $27.6M < $50M | FAIL: dollar_vol, rr (no TV drawing read)"
DXPE,FAIL,"dollar_vol,rr",False,True,True,True,False,False,True,False,False,,False,178.85000610351562,22471620.940209962,125645.06666666667,2.67,76.12,2026-11-11,33,261,174.2899932861328,175.1300048828125,174.70999908447266,160.52999328613282,200.83999633789062,1.8427353010304985,0.8203647947037451,17.28500039236886,0.23951443014549983,,,,,,,,,,,False,,,,,,,,,,True,True,,2.1,5/6,5/7,0.77,34.7,True,"clear uptrend: recent high +2.1 ATR vs prior 2.5y high, 30w EMA +34.7% in 26w (5/6 HH, 5/7 HL)",,,,,,,True,SMA100,"SMA100 173.60 (latest low 178.36 / close 178.85); held before 5x, last 2026-07-07",,,,13,,,,,True,True,False,no TV drawing read (f_rr False),https://www.tradingview.com/chart/?symbol=NASDAQ:DXPE,https://finviz.com/quote.ashx?t=DXPE,"$vol(30d) $22.5M < $50M | FAIL: dollar_vol, rr (no TV drawing read)"
EMF,FAIL,"dollar_vol,no_earnings_14d,rr",False,True,False,True,False,True,True,False,False,,False,22.450000762939453,618958.494367981,27570.533333333333,0.17,66.66,,,261,20.13398551940918,20.52118177675978,20.327583648084477,19.13039783383701,22.850519871183515,2.107389006012332,1.0000000000000004,1.1971858142474683,1.7728385097756048,,,,,,,,,,,False,,,,,,,,,,True,True,,3.13,2/2,3/3,1.0,25.2,True,"clear uptrend: recent high +3.1 ATR vs prior 2.5y high, 30w EMA +25.2% in 26w (2/2 HH, 3/3 HL)",,,,,,,True,"SMA50,SMA100","SMA50 22.13 (latest low 22.23 / close 22.45); held before 6x, last 2025-12-18; SMA100 22.15 (latest low 22.23 / close 22.45); held before 5x, last 2026-07-17",,,,17,,,,,False,False,False,earnings unknown; no TV drawing read (f_rr False),https://www.tradingview.com/chart/?symbol=NYSE:EMF,https://finviz.com/quote.ashx?t=EMF,"$vol(30d) $0.6M < $50M | FAIL: dollar_vol, no_earnings_14d, rr (no TV drawing read)"
ETN,FAIL,rr,True,True,True,True,False,False,True,False,False,,True,424.4200134277344,832828003.7455496,1962273.1666666667,2.0,88.13,2026-11-03,25,261,425.9320595328609,435.6680845343959,430.8000720336284,397.3141091005511,458.9599914550781,0.8409469806117915,0.9999999999999996,33.48596293307732,-0.19052934564386745,,,,,,,,,,,False,,,,,,,,,,True,True,,2.18,5/6,3/6,0.67,15.2,True,"clear uptrend: recent high +2.2 ATR vs prior 2.5y high, 30w EMA +15.2% in 26w (5/6 HH, 3/6 HL)",,,,,,,True,SMA100,"SMA100 413.90 (latest low 420.00 / close 424.42); held before 5x, last 2026-07-07",,,,14,,,,,False,True,False,no TV drawing read (f_rr False),https://www.tradingview.com/chart/?symbol=NYSE:ETN,https://finviz.com/quote.ashx?t=ETN,FAIL: rr (no TV drawing read)
EWBC,FAIL,"no_earnings_14d,rr",True,True,False,True,False,True,True,False,False,False,False,125.13999938964844,100673289.95098114,804485.3,3.4,93.54,2026-10-20,11,264,124.25652313232422,125.93539541524018,125.0959592737822,119.6889689593006,136.60000610351562,2.127624826499505,0.9999999999999989,5.40699031448161,0.00814503324488765,yes,117.6,111.64,,,,,2026-10-06,charts/latest/EWBC.webp,user,False,user drawing (no Long Position),,125.14,5.407,7.54,1.3945,False,,,True,True,,2.81,8/8,1/3,0.67,16.3,True,"clear uptrend: recent high +2.8 ATR vs prior 2.5y high, 30w EMA +16.3% in 26w (8/8 HH, 1/3 HL)",137.47,2026-08-21,False,no weekly low <= zone top 117.6 since the 2026-08-21 high,False,no daily touch of the zone in the pullback,True,SMA150,"SMA150 123.51 (latest low 124.97 / close 125.14); held before 4x, last 2025-11-17",True,0.5,"swing 90.34 (2025-10-17) -> 137.47 (2026-08-21): 0.382=119.47, 0.5=113.91, 0.618=108.34; zone 111.64-117.6 +/- 1.35",10,,,,,False,True,True,TV R:R  < 2 (f_rr False),https://www.tradingview.com/chart/?symbol=NASDAQ:EWBC,https://finviz.com/quote.ashx?t=EWBC,"FAIL: no_earnings_14d, rr (TV R:R  < 2)"
FANG,FAIL,rr,True,True,True,True,False,False,False,False,False,,True,193.69000244140625,566033613.550356,2922368.7666666666,3.58,73.66,2026-11-02,24,261,203.5589599609375,209.39682027875784,206.47789011984767,192.53278423835533,210.0,0.2525696047117721,1.0000000000000009,13.945105881492326,-0.9170161766511402,,,,,,,,,,,False,,,,,,,,,,True,True,,1.02,6/11,6/7,0.7,15.1,True,"clear uptrend: recent high +1.0 ATR vs prior 2.5y high, 30w EMA +15.1% in 26w (6/11 HH, 6/7 HL)",,,,,,,True,"SMA100,SMA150","SMA100 193.63 (latest low 191.68 / close 193.69); held before 3x, last 2026-08-26; SMA150 192.80 (latest low 191.68 / close 193.69); held before 2x, last 2026-08-07",,,,1,,,,,False,True,False,no TV drawing read (f_rr False),https://www.tradingview.com/chart/?symbol=NASDAQ:FANG,https://finviz.com/quote.ashx?t=FANG,FAIL: rr (no TV drawing read)
FBIZ,FAIL,"dollar_vol,rr",False,True,True,True,False,True,False,False,False,,False,70.05999755859375,4123535.288305664,58857.2,4.01,70.08,2026-10-29,20,261,58.741280930039636,59.384286950073296,59.06278394005646,55.82698289157701,72.83000183105469,4.254655241386868,0.9999999999999999,3.2358010484794524,3.3986062349862425,,,,,,,,,,,False,,,,,,,,,,True,True,,4.39,6/7,3/5,0.73,21.7,True,"clear uptrend: recent high +4.4 ATR vs prior 2.5y high, 30w EMA +21.7% in 26w (6/7 HH, 3/5 HL)",,,,,,,False,,no SMA50/100/150/200 support with an earlier bounce,,,,2,,,,,False,True,False,no TV drawing read (f_rr False),https://www.tradingview.com/chart/?symbol=NASDAQ:FBIZ,https://finviz.com/quote.ashx?t=FBIZ,"$vol(30d) $4.1M < $50M | FAIL: dollar_vol, rr (no TV drawing read)"
FBP,FAIL,"dollar_vol,rr",False,True,True,True,False,True,True,False,False,,False,26.530000686645508,32989549.13083057,1243480.9,4.92,97.34,2026-10-28,19,264,23.937618255615234,24.134553408849484,24.03608583223236,22.847162843307128,29.4887638092041,4.586233109934969,1.0,1.1889229889252313,2.097625226901879,,,,,,,,,,,False,,,,,,,,,,True,True,,5.72,4/5,3/4,0.78,24.3,True,"clear uptrend: recent high +5.7 ATR vs prior 2.5y high, 30w EMA +24.3% in 26w (4/5 HH, 3/4 HL)",,,,,,,False,,no SMA50/100/150/200 support with an earlier bounce,,,,27,,,,,False,True,False,no TV drawing read (f_rr False),https://www.tradingview.com/chart/?symbol=NYSE:FBP,https://finviz.com/quote.ashx?t=FBP,"$vol(30d) $33.0M < $50M | FAIL: dollar_vol, rr (no TV drawing read)"
FCCO,FAIL,"dollar_vol,no_earnings_14d,rr",False,True,False,True,False,False,True,False,False,,False,32.529998779296875,1947797.6525746663,59876.96666666667,2.24,62.61,2026-10-21,12,261,32.96698760986328,33.842654908831896,33.404821259347585,31.32983128648355,34.560001373291016,0.556715998173705,1.0000000000000002,2.0749899728640346,-0.4216032325415163,,,,,,,,,,,False,,,,,,,,,,True,True,,2.15,6/7,4/5,0.83,13.8,True,"clear uptrend: recent high +2.1 ATR vs prior 2.5y high, 30w EMA +13.8% in 26w (6/7 HH, 4/5 HL)",,,,,,,False,,no SMA50/100/150/200 support with an earlier bounce,,,,15,,,,,False,True,True,no TV drawing read (f_rr False),https://www.tradingview.com/chart/?symbol=NASDAQ:FCCO,https://finviz.com/quote.ashx?t=FCCO,"$vol(30d) $1.9M < $50M | FAIL: dollar_vol, no_earnings_14d, rr (no TV drawing read)"
FCF,FAIL,"dollar_vol,rr",False,True,True,True,False,True,False,False,False,,False,19.90999984741211,20034726.041456223,1006264.5,3.91,79.47,2026-10-27,18,261,18.546573638916016,18.871952057822014,18.709262848369015,17.842201347195072,21.440000534057617,3.1494163701091185,0.9999999999999998,0.8670615011739431,1.3848348674429405,,,,,,,,,,,False,,,,,,,,,,True,True,,3.8,5/7,3/4,0.73,17.3,True,"clear uptrend: recent high +3.8 ATR vs prior 2.5y high, 30w EMA +17.3% in 26w (5/7 HH, 3/4 HL)",,,,,,,True,SMA150,"SMA150 19.53 (latest low 19.88 / close 19.91); held before 2x, last 2026-01-02",,,,1,,,,,False,True,False,no TV drawing read (f_rr False),https://www.tradingview.com/chart/?symbol=NYSE:FCF,https://finviz.com/quote.ashx?t=FCF,"$vol(30d) $20.0M < $50M | FAIL: dollar_vol, rr (no TV drawing read)"
FISI,FAIL,"dollar_vol,no_earnings_14d,rr",False,True,False,True,False,True,True,False,False,,False,38.61000061035156,4996365.738983154,129406.0,3.47,80.14,2026-10-22,13,264,34.20723342895508,34.528475599215206,34.36785451408514,32.496905804992586,41.87079449794637,4.01023285534124,0.9999999999999983,1.8709487090925552,2.267377013410455,,,,,,,,,,,False,,,,,,,,,,True,True,,4.33,5/6,3/5,0.72,25.7,True,"clear uptrend: recent high +4.3 ATR vs prior 2.5y high, 30w EMA +25.7% in 26w (5/6 HH, 3/5 HL)",,,,,,,False,,no SMA50/100/150/200 support with an earlier bounce,,,,8,,,,,False,True,True,no TV drawing read (f_rr False),https://www.tradingview.com/chart/?symbol=NASDAQ:FISI,https://finviz.com/quote.ashx?t=FISI,"$vol(30d) $5.0M < $50M | FAIL: dollar_vol, no_earnings_14d, rr (no TV drawing read)"
FNV,FAIL,rr,True,True,True,True,False,True,True,False,False,,True,247.82000732421875,194188569.12183022,783587.1333333333,2.15,79.74,2026-11-09,31,261,221.0963512873396,222.46886890541145,221.78261009637552,202.47582014348225,266.3178116568844,2.3067118702368705,1.0000000000000002,19.306789952893265,1.3486134821672586,,,,,,,,,,,False,,,,,,,,,,False,False,,-0.55,5/7,2/5,0.56,5.3,False,sideways / not rising enough: 30w EMA +5.3% in 26w (needs >= +8%),,,,,,,True,"SMA150,SMA200","SMA150 236.19 (latest low 244.33 / close 247.82); held before 4x, last 2026-03-20; SMA200 237.89 (latest low 244.33 / close 247.82); held before 3x, last 2026-05-04",,,,5,,,,,False,True,False,no TV drawing read (f_rr False),https://www.tradingview.com/chart/?symbol=NYSE:FNV,https://finviz.com/quote.ashx?t=FNV,FAIL: rr (no TV drawing read)
FRST,FAIL,"dollar_vol,no_earnings_14d,rr",False,True,False,True,False,True,True,False,False,,False,15.220000267028809,1989033.8522301358,130685.53333333334,3.58,80.48,2026-10-22,13,264,14.509625434875488,14.776129374748734,14.642877404812111,14.104805881499399,16.65999984741211,3.7487998438967765,0.6196495845767873,0.8683480739847644,0.6646215722784262,,,,,,,,,,,False,,,,,,,,,,True,True,,2.91,5/5,4/5,0.9,22.0,True,"clear uptrend: recent high +2.9 ATR vs prior 2.5y high, 30w EMA +22.0% in 26w (5/5 HH, 4/5 HL)",,,,,,,True,SMA150,"SMA150 14.95 (latest low 15.06 / close 15.22); held before 4x, last 2026-07-24",,,,13,,,,,False,True,True,no TV drawing read (f_rr False),https://www.tradingview.com/chart/?symbol=NASDAQ:FRST,https://finviz.com/quote.ashx?t=FRST,"$vol(30d) $2.0M < $50M | FAIL: dollar_vol, no_earnings_14d, rr (no TV drawing read)"
FTDR,FAIL,"dollar_vol,rr",False,True,True,True,False,True,False,False,False,,False,79.98999786376953,43947208.73833618,549408.8,4.91,105.8,2026-10-29,20,264,68.80000305175781,70.01000213623047,69.40500259399414,62.64393070765904,90.83000183105469,3.1688761186466476,1.0000000000000002,6.761071886335101,1.5655794595482524,,,,,,,,,,,False,,,,,,,,,,True,True,,3.35,5/7,3/5,0.66,25.4,True,"clear uptrend: recent high +3.4 ATR vs prior 2.5y high, 30w EMA +25.4% in 26w (5/7 HH, 3/5 HL)",,,,,,,False,,no SMA50/100/150/200 support with an earlier bounce,,,,1,,,,,False,True,False,no TV drawing read (f_rr False),https://www.tradingview.com/chart/?symbol=NASDAQ:FTDR,https://finviz.com/quote.ashx?t=FTDR,"$vol(30d) $43.9M < $50M | FAIL: dollar_vol, rr (no TV drawing read)"
GCMG,FAIL,"dollar_vol,rr",False,True,True,True,False,True,True,False,False,,False,13.010000228881836,5941007.063852056,456649.26666666666,2.02,90.31,2026-11-11,33,264,11.173583954886555,11.418618698938745,11.29610132691265,10.388734036188499,13.73939037322998,2.692723301021124,1.0000000000000007,0.9073672907241506,1.8888700523923003,,,,,,,,,,,False,,,,,,,,,,True,True,,1.31,4/6,3/6,0.58,14.6,True,"clear uptrend: recent high +1.3 ATR vs prior 2.5y high, 30w EMA +14.6% in 26w (4/6 HH, 3/6 HL)",,,,,,,False,,no SMA50/100/150/200 support with an earlier bounce,,,,10,,,,,False,True,False,no TV drawing read (f_rr False),https://www.tradingview.com/chart/?symbol=NASDAQ:GCMG,https://finviz.com/quote.ashx?t=GCMG,"$vol(30d) $5.9M < $50M | FAIL: dollar_vol, rr (no TV drawing read)"
GDOT,FAIL,"dollar_vol,rr",False,True,True,True,False,False,False,False,False,,False,12.680000305175781,4624242.260627237,364687.86666666664,3.04,80.16,2026-11-05,27,264,13.40999984741211,13.430000305175781,13.420000076293945,12.87214299610683,13.489999771118164,0.1277699921306318,0.9999999999999996,0.5478570801871163,-1.3507168162642398,,,,,,,,,,,False,,,,,,,,,,False,False,,-3.07,1/4,3/3,0.62,9.1,True,not near a new high: recent 26w high 13.73 is -3.07 ATR vs prior 2.5y high 15.41 (needs >= -1),,,,,,,True,"SMA150,SMA200","SMA150 12.67 (latest low 12.38 / close 12.68); held before 4x, last 2026-08-11; SMA200 12.55 (latest low 12.38 / close 12.68); held before 5x, last 2026-08-11",,,,1,,,,,False,True,False,no TV drawing read (f_rr False),https://www.tradingview.com/chart/?symbol=NYSE:GDOT,https://finviz.com/quote.ashx?t=GDOT,"$vol(30d) $4.6M < $50M | FAIL: dollar_vol, rr (no TV drawing read)"
GFF,FAIL,"dollar_vol,rr",False,True,True,True,False,False,False,False,False,,False,91.06999969482422,25902335.738534547,284422.26666666666,4.66,80.27,2026-11-12,34,264,96.2056884765625,97.48284224289681,96.84426535972966,89.82642854444093,106.01384412929028,1.306610428670014,0.9999999999999991,7.017836815288738,-0.8227985085554984,,,,,,,,,,,False,,,,,,,,,,True,True,,1.63,4/6,4/5,0.73,18.7,True,"clear uptrend: recent high +1.6 ATR vs prior 2.5y high, 30w EMA +18.7% in 26w (4/6 HH, 4/5 HL)",,,,,,,True,SMA150,"SMA150 89.09 (latest low 91.07 / close 91.07); held before 4x, last 2026-07-31",,,,2,,,,,False,True,False,no TV drawing read (f_rr False),https://www.tradingview.com/chart/?symbol=NYSE:GFF,https://finviz.com/quote.ashx?t=GFF,"$vol(30d) $25.9M < $50M | FAIL: dollar_vol, rr (no TV drawing read)"
GM,FAIL,"no_earnings_14d,rr",True,True,False,True,False,False,False,False,False,,False,82.06999969482422,571785627.2338257,6967048.0,2.37,90.27,2026-10-20,11,264,83.0777353887578,83.85445062002798,83.46609300439289,78.28159881184934,87.76000213623047,0.8282214180147349,1.0000000000000013,5.184494192543546,-0.2692824521968916,no,,,,,,,2026-10-07,charts/latest/GM.webp,,False,,,,,,,,,,True,True,,0.89,3/4,3/5,0.68,11.5,True,"clear uptrend: recent high +0.9 ATR vs prior 2.5y high, 30w EMA +11.5% in 26w (3/4 HH, 3/5 HL)",,,,,,,True,"SMA150,SMA200","SMA150 80.14 (latest low 81.73 / close 82.07); held before 6x, last 2026-06-10; SMA200 80.38 (latest low 81.73 / close 82.07); held before 4x, last 2026-07-02",,,,0,,,,,False,True,True,TV drawing not found (f_rr False),https://www.tradingview.com/chart/?symbol=NYSE:GM,https://finviz.com/quote.ashx?t=GM,"FAIL: no_earnings_14d, rr (TV drawing not found)"
GRC,FAIL,"dollar_vol,rr",False,True,True,True,False,True,True,False,False,,False,72.49500274658203,13578932.638458252,187308.53333333333,3.7,66.74,2026-10-23,14,261,67.07182312011719,67.68879940934427,67.38031126473072,63.41789660482319,83.5907974243164,4.091062534067039,0.6870523341517956,5.7672675907569,0.8868483040475766,,,,,,,,,,,False,,,,,,,,,,True,True,,3.99,5/6,3/3,0.92,35.9,True,"clear uptrend: recent high +4.0 ATR vs prior 2.5y high, 30w EMA +35.9% in 26w (5/6 HH, 3/3 HL)",,,,,,,True,SMA200,"SMA200 70.54 (latest low 72.50 / close 72.50); held before 1x, last 2024-10-31",,,,12,,,,,False,True,False,no TV drawing read (f_rr False),https://www.tradingview.com/chart/?symbol=NYSE:GRC,https://finviz.com/quote.ashx?t=GRC,"$vol(30d) $13.6M < $50M | FAIL: dollar_vol, rr (no TV drawing read)"
GTEN,FAIL,"dollar_vol,no_earnings_14d,history,rr",False,True,False,False,False,True,True,False,False,,False,10.420000076293945,80511.86725616455,7726.666666666667,0.0,81.18,,,68,10.369999885559082,10.3907398853302,10.38036988544464,10.269999732971192,10.6899995803833,2.805375257709707,0.8443614173782222,0.13071434838431223,0.30318164255991753,,,,,,,,,,,False,,,,,,,,,,,,,,,,,,,not enough history (68 weekly bars < 130),,,,,,,False,,no SMA50/100/150/200 support with an earlier bounce,,,,26,,,,,False,False,False,earnings unknown; no TV drawing read (f_rr False),https://www.tradingview.com/chart/?symbol=NASDAQ:GTEN,https://finviz.com/quote.ashx?t=GTEN,"$vol(30d) $0.1M < $50M | FAIL: dollar_vol, no_earnings_14d, history, rr (no TV drawing read)"
GTES,FAIL,"dollar_vol,rr",False,True,True,True,False,False,True,False,False,,False,26.639999389648438,46730871.94534454,1754161.9,4.96,90.92,2026-10-30,21,264,26.18000030517578,26.329999923706055,26.255000114440918,24.219000271388463,28.729999542236328,1.215618673174743,0.9999999999999998,2.0359998430524553,0.1890959257788118,,,,,,,,,,,False,,,,,,,,,,True,True,,0.92,6/7,4/6,0.76,10.2,True,"clear uptrend: recent high +0.9 ATR vs prior 2.5y high, 30w EMA +10.2% in 26w (6/7 HH, 4/6 HL)",,,,,,,True,"SMA100,SMA150,SMA200","SMA100 26.61 (latest low 26.38 / close 26.64); held before 9x, last 2026-07-08; SMA150 25.83 (latest low 26.38 / close 26.64); held before 4x, last 2026-07-08; SMA200 25.50 (latest low 26.38 / close 26.64); held before 3x, last 2026-07-29",,,,8,,,,,False,True,False,no TV drawing read (f_rr False),https://www.tradingview.com/chart/?symbol=NYSE:GTES,https://finviz.com/quote.ashx?t=GTES,"$vol(30d) $46.7M < $50M | FAIL: dollar_vol, rr (no TV drawing read)"
GWW,FAIL,rr,True,True,True,True,False,True,False,False,False,,True,1284.489990234375,327496479.4208008,254962.26666666666,2.37,77.33,2026-11-04,26,261,1190.652099609375,1197.3229530042881,1193.9875263068316,1135.4536538393243,1324.489990234375,2.2295204199924847,1.0000000000000009,58.53387246750726,1.5461554158710797,,,,,,,,,,,False,,,,,,,,,,True,True,,3.47,3/7,3/5,0.51,18.9,True,"clear uptrend: recent high +3.5 ATR vs prior 2.5y high, 30w EMA +18.9% in 26w (3/7 HH, 3/5 HL)",,,,,,,True,SMA150,"SMA150 1250.98 (latest low 1271.31 / close 1284.49); held before 3x, last 2026-03-24",,,,1,,,,,False,True,False,no TV drawing read (f_rr False),https://www.tradingview.com/chart/?symbol=NYSE:GWW,https://finviz.com/quote.ashx?t=GWW,FAIL: rr (no TV drawing read)
HAFC,FAIL,"dollar_vol,rr",False,True,True,True,False,True,True,False,False,,False,31.020000457763672,6739770.3014591215,217271.76666666666,4.33,94.0,2026-10-27,18,264,28.165475845336914,29.36132093663308,28.763398390984996,27.398516443433994,32.4900016784668,2.730348433553847,1.0,1.3648819475510017,1.6533313161828256,,,,,,,,,,,False,,,,,,,,,,True,True,,2.82,5/6,4/6,0.75,18.3,True,"clear uptrend: recent high +2.8 ATR vs prior 2.5y high, 30w EMA +18.3% in 26w (5/6 HH, 4/6 HL)",,,,,,,False,,no SMA50/100/150/200 support with an earlier bounce,,,,22,,,,,True,True,False,no TV drawing read (f_rr False),https://www.tradingview.com/chart/?symbol=NASDAQ:HAFC,https://finviz.com/quote.ashx?t=HAFC,"$vol(30d) $6.7M < $50M | FAIL: dollar_vol, rr (no TV drawing read)"
HBM,FAIL,rr,True,True,True,True,False,False,True,False,False,,True,26.204999923706055,105787378.23100775,4036915.8,1.81,73.57,2026-11-04,26,261,25.866458892822266,26.38618728931246,26.126323091067363,23.197850362334623,30.4622242131281,1.4806015024551875,0.9443979755801315,3.1008884013477647,0.025372352195743648,,,,,,,,,,,False,,,,,,,,,,True,True,,1.1,3/6,3/3,0.75,26.6,True,"clear uptrend: recent high +1.1 ATR vs prior 2.5y high, 30w EMA +26.6% in 26w (3/6 HH, 3/3 HL)",,,,,,,True,"SMA100,SMA150","SMA100 25.88 (latest low 26.00 / close 26.20); held before 6x, last 2026-06-09; SMA150 24.86 (latest low 26.00 / close 26.20); held before 2x, last 2026-03-19",,,,7,,,,,False,True,False,no TV drawing read (f_rr False),https://www.tradingview.com/chart/?symbol=NYSE:HBM,https://finviz.com/quote.ashx?t=HBM,FAIL: rr (no TV drawing read)
HBNC,FAIL,"dollar_vol,rr",False,True,True,True,False,True,False,False,False,,False,19.329999923706055,10931228.359521994,565505.8666666667,4.03,80.54,2026-10-28,19,264,18.25895881652832,18.29826856207387,18.278613689301096,17.357656805189418,20.690000534057617,2.618349334651488,1.0000000000000018,0.9209568841116769,1.1416237312988753,,,,,,,,,,,False,,,,,,,,,,True,True,,2.5,5/6,4/5,0.82,15.6,True,"clear uptrend: recent high +2.5 ATR vs prior 2.5y high, 30w EMA +15.6% in 26w (5/6 HH, 4/5 HL)",,,,,,,False,,no SMA50/100/150/200 support with an earlier bounce,,,,2,,,,,False,True,False,no TV drawing read (f_rr False),https://www.tradingview.com/chart/?symbol=NASDAQ:HBNC,https://finviz.com/quote.ashx?t=HBNC,"$vol(30d) $10.9M < $50M | FAIL: dollar_vol, rr (no TV drawing read)"
HLXC,FAIL,"dollar_vol,no_earnings_14d,history,rr",False,True,False,False,False,True,True,False,False,,False,10.5,337785.0,32170.0,0.01,79.45,,,38,10.300000190734863,10.320600191116332,10.310300190925599,10.099999656677246,11.0,3.279591331232221,0.5139131458611129,0.40921415601457867,0.4635709842541299,,,,,,,,,,,False,,,,,,,,,,,,,,,,,,,not enough history (38 weekly bars < 130),,,,,,,False,,no SMA50/100/150/200 support with an earlier bounce,,,,29,,,,,False,False,False,earnings unknown; no TV drawing read (f_rr False),https://www.tradingview.com/chart/?symbol=NASDAQ:HLXC,https://finviz.com/quote.ashx?t=HLXC,"$vol(30d) $0.3M < $50M | FAIL: dollar_vol, no_earnings_14d, history, rr (no TV drawing read)"
HURC,FAIL,"dollar_vol,rr",False,True,True,True,False,True,True,False,False,,False,21.924999237060547,502290.0391881307,22909.466666666667,0.65,77.31,2027-01-01,84,261,15.800000190734863,15.899999618530273,15.849999904632568,14.231429168156215,23.0,4.417477675972976,1.0000000000000002,1.6185707364763533,3.753310989455623,,,,,,,,,,,False,,,,,,,,,,True,True,,0.45,4/7,2/3,0.62,25.1,True,"clear uptrend: recent high +0.5 ATR vs prior 2.5y high, 30w EMA +25.1% in 26w (4/7 HH, 2/3 HL)",,,,,,,True,SMA100,"SMA100 21.44 (latest low 21.92 / close 21.92); held before 3x, last 2026-06-03",,,,11,,,,,False,True,False,no TV drawing read (f_rr False),https://www.tradingview.com/chart/?symbol=NASDAQ:HURC,https://finviz.com/quote.ashx?t=HURC,"$vol(30d) $0.5M < $50M | FAIL: dollar_vol, rr (no TV drawing read)"
HVT,FAIL,"dollar_vol,rr",False,True,True,True,False,True,False,False,False,,False,27.46500015258789,3237111.8904844923,117863.16666666667,4.72,81.02,2026-11-04,26,262,22.683874127902698,23.09294254345333,22.888408335678015,21.140279185507552,28.860494558045826,3.416272889097159,0.9999999999999992,1.7481291501704646,2.6179941089956658,,,,,,,,,,,False,,,,,,,,,,True,True,,0.36,4/5,5/7,0.76,14.6,True,"clear uptrend: recent high +0.4 ATR vs prior 2.5y high, 30w EMA +14.6% in 26w (4/5 HH, 5/7 HL)",,,,,,,False,,no SMA50/100/150/200 support with an earlier bounce,,,,2,,,,,False,True,False,no TV drawing read (f_rr False),https://www.tradingview.com/chart/?symbol=NYSE:HVT,https://finviz.com/quote.ashx?t=HVT,"$vol(30d) $3.2M < $50M | FAIL: dollar_vol, rr (no TV drawing read)"
IAG,FAIL,rr,True,True,True,True,False,False,True,False,False,,True,18.93000030517578,91003832.96009801,4807386.766666667,1.46,69.02,2026-11-05,27,261,17.989999771118164,18.920000076293945,18.454999923706055,16.48642819268363,21.3799991607666,1.4858484407583041,0.9999999999999998,1.968571731022426,0.24129188384871475,,,,,,,,,,,False,,,,,,,,,,False,False,,-1.3,3/7,4/6,0.55,7.4,False,not near a new high: recent 26w high 22.32 is -1.30 ATR vs prior 2.5y high 24.87 (needs >= -1); sideways / not rising enough: 30w EMA +7.4% in 26w (needs >= +8%),,,,,,,True,SMA200,"SMA200 18.34 (latest low 18.65 / close 18.93); held before 3x, last 2026-05-19",,,,23,,,,,True,True,False,no TV drawing read (f_rr False),https://www.tradingview.com/chart/?symbol=NYSE:IAG,https://finviz.com/quote.ashx?t=IAG,FAIL: rr (no TV drawing read)
IBCP,FAIL,"dollar_vol,rr",False,True,True,True,False,True,False,False,False,,False,35.5,6238060.0,175720.0,3.59,82.37,2026-10-27,18,264,34.27873992919922,34.33830470021423,34.30852231470672,32.77340638376668,38.49781321842195,2.7289736359845316,1.000000000000002,1.5351159309400413,0.7761483424666614,,,,,,,,,,,False,,,,,,,,,,True,True,,0.55,5/8,4/6,0.65,8.5,True,"clear uptrend: recent high +0.5 ATR vs prior 2.5y high, 30w EMA +8.5% in 26w (5/8 HH, 4/6 HL)",,,,,,,True,"SMA150,SMA200","SMA150 35.05 (latest low 35.40 / close 35.50); held before 4x, last 2026-06-17; SMA200 34.81 (latest low 35.40 / close 35.50); held before 5x, last 2026-06-03",,,,2,,,,,False,True,False,no TV drawing read (f_rr False),https://www.tradingview.com/chart/?symbol=NASDAQ:IBCP,https://finviz.com/quote.ashx?t=IBCP,"$vol(30d) $6.2M < $50M | FAIL: dollar_vol, rr (no TV drawing read)"
IBKR,FAIL,"no_earnings_14d,rr",True,True,False,True,False,True,True,False,False,,False,87.18000030517578,316520259.9039871,3630652.2,2.83,88.19,2026-10-15,6,264,77.34832000732422,78.32538911470286,77.83685456101354,71.39303670023696,95.75331115722656,2.780410151762704,1.0,6.443817860776576,1.4499394529807914,no,,,,,,,2026-10-02,charts/latest/IBKR.webp,,False,,,,,,,,,,True,True,,3.06,4/5,5/7,0.76,28.0,True,"clear uptrend: recent high +3.1 ATR vs prior 2.5y high, 30w EMA +28.0% in 26w (4/5 HH, 5/7 HL)",,,,,,,True,SMA150,"SMA150 84.89 (latest low 86.47 / close 87.18); held before 3x, last 2026-02-05",,,,9,,,,,False,True,True,TV drawing not found (f_rr False),https://www.tradingview.com/chart/?symbol=NASDAQ:IBKR,https://finviz.com/quote.ashx?t=IBKR,"FAIL: no_earnings_14d, rr (TV drawing not found)"
IEAG,FAIL,"dollar_vol,no_earnings_14d,history,rr",False,True,False,False,False,False,False,False,False,,False,10.15999984741211,605976.2575658163,59643.333333333336,0.03,61.06,,,31,,,,,,,,,,,,,,,,,,,,False,,,,,,,,,,,,,,,,,,,not enough history (31 weekly bars < 130),,,,,,,False,,no SMA50/100/150/200 support with an earlier bounce,,,,0,,,,,False,False,False,earnings unknown; no computed weekly retest setup; no TV drawing read (f_rr False),https://www.tradingview.com/chart/?symbol=NASDAQ:IEAG,https://finviz.com/quote.ashx?t=IEAG,"$vol(30d) $0.6M < $50M | FAIL: dollar_vol, no_earnings_14d, history, rr (no TV drawing read)"
INBK,FAIL,"dollar_vol,rr",False,True,True,True,False,False,False,False,False,,False,26.459999084472656,1274220.9459114075,48156.5,2.81,68.81,2026-10-28,19,261,28.0360164642334,28.814239180303886,28.425127822268642,26.070629602533085,29.68225860595703,0.53392726023364,0.9999999999999994,2.3544982197355586,-0.8346274043973141,,,,,,,,,,,False,,,,,,,,,,False,False,,-4.85,4/7,4/6,0.62,22.5,True,not near a new high: recent 26w high 31.02 is -4.85 ATR vs prior 2.5y high 42.44 (needs >= -1),,,,,,,False,,no SMA50/100/150/200 support with an earlier bounce,,,,2,,,,,False,True,False,no TV drawing read (f_rr False),https://www.tradingview.com/chart/?symbol=NASDAQ:INBK,https://finviz.com/quote.ashx?t=INBK,"$vol(30d) $1.3M < $50M | FAIL: dollar_vol, rr (no TV drawing read)"
IRDM,FAIL,"dollar_vol,no_earnings_14d,rr",False,True,False,True,False,True,True,False,False,,False,47.20500183105469,46669503.569783024,988655.9,3.69,86.27,2026-10-15,6,264,41.58183288574219,44.0757514801749,42.828792182958544,39.95397714027864,50.03694152832031,2.5073436858888574,0.9999999999999996,2.874815042679907,1.5222578089812115,,,,,,,,,,,False,,,,,,,,,,True,True,,7.61,3/7,3/5,0.51,85.4,True,"clear uptrend: recent high +7.6 ATR vs prior 2.5y high, 30w EMA +85.4% in 26w (3/7 HH, 3/5 HL)",,,,,,,False,,no SMA50/100/150/200 support with an earlier bounce,,,,15,,,,,True,True,True,no TV drawing read (f_rr False),https://www.tradingview.com/chart/?symbol=NASDAQ:IRDM,https://finviz.com/quote.ashx?t=IRDM,"$vol(30d) $46.7M < $50M | FAIL: dollar_vol, no_earnings_14d, rr (no TV drawing read)"
J,FAIL,rr,True,True,True,True,False,True,True,False,False,,False,139.39500427246094,97359734.4660787,698444.9333333333,2.76,95.19,2026-11-24,46,264,128.57635591334733,128.58632609935245,128.58134100634987,120.6594701913865,151.97999572753906,2.9536778960081267,0.9999999999999991,7.921870814963377,1.365039082142752,no,,,,,,,2026-10-07,charts/latest/J.webp,user-lines,False,"user lines only, no zone/position",fib 105.23–153.42,,,,,,,,False,False,,-1.69,4/6,2/4,0.58,0.8,False,not near a new high: recent 26w high 153.30 is -1.69 ATR vs prior 2.5y high 166.66 (needs >= -1); sideways / not rising enough: 30w EMA +0.8% in 26w (needs >= +8%),,,,,,,False,,no SMA50/100/150/200 support with an earlier bounce,,,,15,,,,,True,True,False,TV drawing not found (f_rr False),https://www.tradingview.com/chart/?symbol=NYSE:J,https://finviz.com/quote.ashx?t=J,FAIL: rr (TV drawing not found)
JNJ,FAIL,"no_earnings_14d,rr",True,True,False,True,False,True,False,False,False,,False,258.489990234375,1660895327.7941895,6425375.8,0.88,77.22,2026-10-13,4,261,246.54912469567304,249.04242234613034,247.7957735209017,234.12730811325522,275.2300109863281,2.0071190618135573,0.9999999999999999,13.668465407646467,0.7824006861436478,,,,,,,,,,,False,,,,,,,,,,True,True,,2.34,3/4,5/5,0.88,16.3,True,"clear uptrend: recent high +2.3 ATR vs prior 2.5y high, 30w EMA +16.3% in 26w (3/4 HH, 5/5 HL)",,,,,,,False,,no SMA50/100/150/200 support with an earlier bounce,,,,0,,,,,False,True,True,no TV drawing read (f_rr False),https://www.tradingview.com/chart/?symbol=NYSE:JNJ,https://finviz.com/quote.ashx?t=JNJ,"FAIL: no_earnings_14d, rr (no TV drawing read)"
JPM,FAIL,"no_earnings_14d,rr",True,True,False,True,False,True,False,False,False,,False,331.760009765625,2469057963.0253906,7442301.333333333,0.91,76.73,2026-10-13,4,261,309.52447509765625,313.1004306027845,311.3124528502204,297.6802148790199,361.0387878417969,3.647701507018036,1.0000000000000009,13.63223797120047,1.4999413125418015,,,,,,,,,,,False,,,,,,,,,,True,True,,2.47,5/7,3/4,0.73,11.9,True,"clear uptrend: recent high +2.5 ATR vs prior 2.5y high, 30w EMA +11.9% in 26w (5/7 HH, 3/4 HL)",,,,,,,False,,no SMA50/100/150/200 support with an earlier bounce,,,,1,,,,,False,True,True,no TV drawing read (f_rr False),https://www.tradingview.com/chart/?symbol=NYSE:JPM,https://finviz.com/quote.ashx?t=JPM,"FAIL: no_earnings_14d, rr (no TV drawing read)"
KELYA,FAIL,"dollar_vol,rr",False,True,True,True,False,True,True,False,False,,False,16.139999389648438,4341790.031810506,269008.06666666665,4.0,84.0,2026-11-05,27,262,10.885077476501465,11.561109137009604,11.223093306755533,9.950580263548456,17.280000686645508,4.759799840341856,1.0000000000000004,1.2725130432070766,3.863933740514732,,,,,,,,,,,False,,,,,,,,,,False,False,,-4.09,3/4,4/5,0.78,40.6,True,not near a new high: recent 26w high 17.67 is -4.09 ATR vs prior 2.5y high 22.87 (needs >= -1),,,,,,,False,,no SMA50/100/150/200 support with an earlier bounce,,,,20,,,,,False,True,False,no TV drawing read (f_rr False),https://www.tradingview.com/chart/?symbol=NASDAQ:KELYA,https://finviz.com/quote.ashx?t=KELYA,"$vol(30d) $4.3M < $50M | FAIL: dollar_vol, rr (no TV drawing read)"
KF,FAIL,"dollar_vol,no_earnings_14d,rr",False,True,False,True,False,True,True,False,False,,False,63.150001525878906,1459474.4202649435,23111.233333333334,0.07,74.77,,,261,57.18000030517578,58.59000015258789,57.885000228881836,51.39000152587891,80.48999786376953,3.4803698458686982,0.9880471507014286,6.573571613856724,0.800934652616964,,,,,,,,,,,False,,,,,,,,,,True,True,,3.55,3/3,0/1,0.5,50.2,True,"clear uptrend: recent high +3.6 ATR vs prior 2.5y high, 30w EMA +50.2% in 26w (3/3 HH, 0/1 HL)",,,,,,,True,SMA150,"SMA150 62.21 (latest low 62.79 / close 63.15); held before 1x, last 2026-07-17",,,,14,,,,,False,False,False,earnings unknown; no TV drawing read (f_rr False),https://www.tradingview.com/chart/?symbol=NYSE:KF,https://finviz.com/quote.ashx?t=KF,"$vol(30d) $1.5M < $50M | FAIL: dollar_vol, no_earnings_14d, rr (no TV drawing read)"
KFY,FAIL,"dollar_vol,rr",False,True,True,True,False,True,False,False,False,,False,72.48999786376953,38152810.026329555,526318.2666666667,4.02,94.22,2026-12-09,61,264,72.64205932617188,74.1302247028791,73.38614201452549,68.66471191721801,86.27999877929688,2.7309218815130736,0.9999999999999997,4.721430097307477,-0.18980354093710056,,,,,,,,,,,False,,,,,,,,,,True,True,,2.28,4/7,3/5,0.59,14.9,True,"clear uptrend: recent high +2.3 ATR vs prior 2.5y high, 30w EMA +14.9% in 26w (4/7 HH, 3/5 HL)",,,,,,,True,SMA150,"SMA150 71.89 (latest low 72.43 / close 72.49); held before 4x, last 2026-06-22",,,,2,,,,,False,True,False,no TV drawing read (f_rr False),https://www.tradingview.com/chart/?symbol=NYSE:KFY,https://finviz.com/quote.ashx?t=KFY,"$vol(30d) $38.2M < $50M | FAIL: dollar_vol, rr (no TV drawing read)"
KIDS,FAIL,"dollar_vol,rr",False,True,True,True,False,True,False,False,False,,False,22.16819953918457,4224168.8956912365,190550.83333333334,4.86,64.12,2026-11-03,25,261,20.389999389648438,20.75,20.56999969482422,18.38007136753627,25.649999618530273,2.319710586143808,1.0000000000000007,2.1899283272879466,0.7297955026407626,,,,,,,,,,,False,,,,,,,,,,False,False,,-4.22,5/9,4/10,0.48,15.3,True,not near a new high: recent 26w high 26.74 is -4.22 ATR vs prior 2.5y high 35.99 (needs >= -1),,,,,,,True,SMA100,"SMA100 20.96 (latest low 21.53 / close 22.17); held before 2x, last 2026-07-24",,,,2,,,,,False,True,False,no TV drawing read (f_rr False),https://www.tradingview.com/chart/?symbol=NASDAQ:KIDS,https://finviz.com/quote.ashx?t=KIDS,"$vol(30d) $4.2M < $50M | FAIL: dollar_vol, rr (no TV drawing read)"
KO,FAIL,rr,True,True,True,True,False,True,False,False,False,,True,87.88500213623047,1361760270.3749576,15494797.033333333,0.95,77.83,2026-10-27,18,261,83.64089965820312,83.80818145751954,83.72454055786133,80.46976358385224,91.57356966348647,2.4115413032300794,0.967996145668726,3.362386295206346,1.237353835370012,,,,,,,,,,,False,,,,,,,,,,True,True,,3.42,3/5,5/8,0.61,14.4,True,"clear uptrend: recent high +3.4 ATR vs prior 2.5y high, 30w EMA +14.4% in 26w (3/5 HH, 5/8 HL)",,,,,,,True,SMA50,"SMA50 87.65 (latest low 87.44 / close 87.89); held before 6x, last 2026-09-09",,,,0,,,,,False,True,False,no TV drawing read (f_rr False),https://www.tradingview.com/chart/?symbol=NYSE:KO,https://finviz.com/quote.ashx?t=KO,FAIL: rr (no TV drawing read)
KOP,FAIL,"dollar_vol,rr",False,True,True,True,False,True,False,False,False,,False,43.68000030517578,6606777.678159079,151254.06666666668,4.3,103.06,2026-10-30,21,264,29.477861404418945,30.072239189067158,29.775050296743053,26.190512042409377,47.939998626708984,5.067583895360766,1.0000000000000002,3.5845382543336752,3.8791467747963817,,,,,,,,,,,False,,,,,,,,,,True,True,,-0.72,3/4,2/4,0.62,33.7,True,"clear uptrend: recent high -0.7 ATR vs prior 2.5y high, 30w EMA +33.7% in 26w (3/4 HH, 2/4 HL)",,,,,,,True,SMA150,"SMA150 43.43 (latest low 42.88 / close 43.68); held before 1x, last 2025-06-20",,,,2,,,,,False,True,False,no TV drawing read (f_rr False),https://www.tradingview.com/chart/?symbol=NYSE:KOP,https://finviz.com/quote.ashx?t=KOP,"$vol(30d) $6.6M < $50M | FAIL: dollar_vol, rr (no TV drawing read)"
LLY,FAIL,rr,True,True,True,True,False,True,True,False,False,,True,1168.9100341796875,2641054384.4591427,2259416.3,0.89,76.28,2026-10-29,20,261,1071.9113878834053,1101.6178467438212,1086.7646173136131,1009.4444726357273,1262.1400146484375,2.2681721311494516,0.9999999999999998,77.32014467788589,1.0624064040269252,,,,,,,,,,,False,,,,,,,,,,True,True,,2.12,4/7,4/7,0.57,17.1,True,"clear uptrend: recent high +2.1 ATR vs prior 2.5y high, 30w EMA +17.1% in 26w (4/7 HH, 4/7 HL)",,,,,,,True,SMA100,"SMA100 1158.28 (latest low 1152.00 / close 1168.91); held before 4x, last 2026-09-11",,,,16,,,,,False,True,False,no TV drawing read (f_rr False),https://www.tradingview.com/chart/?symbol=NYSE:LLY,https://finviz.com/quote.ashx?t=LLY,FAIL: rr (no TV drawing read)
LLYVK,FAIL,"dollar_vol,rr",False,True,True,True,False,False,False,False,False,,False,99.91500091552734,29131550.7169342,291563.3333333333,2.7,66.93,2026-12-02,54,167,99.51000213623047,101.83000183105469,100.67000198364258,94.72643062046596,108.86000061035156,1.3779591639885245,0.9999999999999997,5.943571363176618,-0.12702818254910536,,,,,,,,,,,False,,,,,,,,,,True,True,,1.2,4/6,5/8,0.65,10.6,True,"clear uptrend: recent high +1.2 ATR vs prior 2.5y high, 30w EMA +10.6% in 26w (4/6 HH, 5/8 HL)",,,,,,,True,"SMA150,SMA200","SMA150 99.23 (latest low 98.60 / close 99.92); held before 5x, last 2026-06-05; SMA200 96.35 (latest low 98.60 / close 99.92); held before 5x, last 2026-06-05",,,,2,,,,,False,True,False,no TV drawing read (f_rr False),https://www.tradingview.com/chart/?symbol=NASDAQ:LLYVK,https://finviz.com/quote.ashx?t=LLYVK,"$vol(30d) $29.1M < $50M | FAIL: dollar_vol, rr (no TV drawing read)"
LPLA,FAIL,"no_earnings_14d,rr",True,True,False,True,False,False,True,False,False,,False,331.1499938964844,263881420.42966306,796863.7333333333,2.26,105.88,2026-10-22,13,264,320.8233826009228,339.3589118594025,330.0911472301626,308.2718395888981,370.69000244140625,1.8606848520923447,1.0000000000000009,21.819307641264494,0.048527968152356674,no,,,,,,,2026-10-07,charts/latest/LPLA.webp,,False,,,,,,,,,,False,False,not technical (Eyal) 2026-10-09: no clear uptrend (reviewed grok_needs_drawing by eye),-1.06,3/6,2/5,0.45,-1.3,False,not near a new high: recent 26w high 378.70 is -1.06 ATR vs prior 2.5y high 401.79 (needs >= -1); sideways / not rising enough: 30w EMA -1.3% in 26w (needs >= +8%),,,,,,,True,"SMA100,SMA150,SMA200","SMA100 322.79 (latest low 328.70 / close 331.15); held before 4x, last 2026-01-30; SMA150 317.66 (latest low 328.70 / close 331.15); held before 7x, last 2026-07-24; SMA200 326.10 (latest low 328.70 / close 331.15); held before 4x, last 2026-01-30",,,,14,,,,,False,True,True,TV drawing not found (f_rr False),https://www.tradingview.com/chart/?symbol=NASDAQ:LPLA,https://finviz.com/quote.ashx?t=LPLA,"FAIL: no_earnings_14d, rr (TV drawing not found)"
LW,FAIL,rr,True,True,True,True,False,True,True,False,False,,False,48.7234001159668,103233935.07361424,2118775.2666666666,4.9,95.22,2027-01-01,84,264,44.09986877441406,44.35077269493586,44.225320734674966,40.418229403738685,54.97999954223633,2.824906962480581,1.0000000000000004,3.8070913309362795,1.1815002557833612,,,,,,,,,,,False,,,,,,,,,,False,False,not technical (Eyal) 2026-10-09: no clear uptrend (reviewed grok_needs_drawing by eye),-7.49,4/7,4/7,0.57,0.0,False,not near a new high: recent 26w high 55.70 is -7.49 ATR vs prior 2.5y high 84.23 (needs >= -1); sideways / not rising enough: 30w EMA +0.0% in 26w (needs >= +8%),,,,,,,True,SMA100,"SMA100 47.44 (latest low 48.72 / close 48.72); held before 1x, last 2025-09-10",,,,26,,,,,False,True,False,no TV drawing read (f_rr False),https://www.tradingview.com/chart/?symbol=NYSE:LW,https://finviz.com/quote.ashx?t=LW,FAIL: rr (no TV drawing read)
MATV,FAIL,"dollar_vol,rr",False,True,True,True,False,False,True,False,False,,False,11.739500045776367,5417103.075923157,461442.4,2.48,93.76,2026-11-11,33,261,12.690756797790527,12.71986377923982,12.705310288515173,11.589551428122228,12.794088465215138,0.07956753009220893,0.9999999999999996,1.1157588603929463,-0.86560840072439,,,,,,,,,,,False,,,,,,,,,,False,False,,-4.32,5/7,2/4,0.61,1.5,False,not near a new high: recent 26w high 13.44 is -4.32 ATR vs prior 2.5y high 18.26 (needs >= -1); sideways / not rising enough: 30w EMA +1.5% in 26w (needs >= +8%),,,,,,,False,,no SMA50/100/150/200 support with an earlier bounce,,,,5,,,,,False,True,False,no TV drawing read (f_rr False),https://www.tradingview.com/chart/?symbol=NYSE:MATV,https://finviz.com/quote.ashx?t=MATV,"$vol(30d) $5.4M < $50M | FAIL: dollar_vol, rr (no TV drawing read)"
MBWM,FAIL,"dollar_vol,no_earnings_14d,rr",False,True,False,True,False,True,False,False,False,,False,57.869998931884766,6434601.832235591,111190.63333333333,3.58,69.36,2026-10-20,11,261,52.93695831298828,54.12034858873601,53.528653450862144,50.45549462965273,62.13999938964844,2.8021154908607633,0.999999999999999,3.073158821209414,1.4126655124560479,,,,,,,,,,,False,,,,,,,,,,True,True,,2.72,4/6,4/5,0.73,16.4,True,"clear uptrend: recent high +2.7 ATR vs prior 2.5y high, 30w EMA +16.4% in 26w (4/6 HH, 4/5 HL)",,,,,,,True,SMA100,"SMA100 57.56 (latest low 57.80 / close 57.87); held before 6x, last 2026-06-22",,,,2,,,,,False,True,True,no TV drawing read (f_rr False),https://www.tradingview.com/chart/?symbol=NASDAQ:MBWM,https://finviz.com/quote.ashx?t=MBWM,"$vol(30d) $6.4M < $50M | FAIL: dollar_vol, no_earnings_14d, rr (no TV drawing read)"
MCRI,FAIL,"dollar_vol,rr",False,True,True,True,False,True,False,False,False,,False,115.01000213623047,21250355.924377188,184769.63333333333,4.77,65.58,2026-10-27,18,261,98.07062530517578,99.19148637685873,98.63105584101726,92.48449693572934,125.77595520019531,4.416275802030491,1.000000000000001,6.146558905287912,2.664734292405842,,,,,,,,,,,False,,,,,,,,,,True,True,,3.79,4/7,3/4,0.66,23.1,True,"clear uptrend: recent high +3.8 ATR vs prior 2.5y high, 30w EMA +23.1% in 26w (4/7 HH, 3/4 HL)",,,,,,,False,,no SMA50/100/150/200 support with an earlier bounce,,,,1,,,,,False,True,False,no TV drawing read (f_rr False),https://www.tradingview.com/chart/?symbol=NASDAQ:MCRI,https://finviz.com/quote.ashx?t=MCRI,"$vol(30d) $21.3M < $50M | FAIL: dollar_vol, rr (no TV drawing read)"
MCS,FAIL,"dollar_vol,rr",False,True,True,True,False,True,False,False,False,,False,27.219999313354492,5657788.459277916,207854.1,3.76,69.44,2026-11-04,26,261,19.678686141967773,19.8772609301938,19.777973536080786,17.861466765279317,30.56075668334961,5.626269268414608,0.9326802721168521,2.0548378990065705,3.6217094209093665,,,,,,,,,,,False,,,,,,,,,,True,True,,4.79,5/9,4/6,0.61,49.6,True,"clear uptrend: recent high +4.8 ATR vs prior 2.5y high, 30w EMA +49.6% in 26w (5/9 HH, 4/6 HL)",,,,,,,False,,no SMA50/100/150/200 support with an earlier bounce,,,,0,,,,,False,True,False,no TV drawing read (f_rr False),https://www.tradingview.com/chart/?symbol=NYSE:MCS,https://finviz.com/quote.ashx?t=MCS,"$vol(30d) $5.7M < $50M | FAIL: dollar_vol, rr (no TV drawing read)"
MDLZ,FAIL,rr,True,True,True,True,False,False,False,False,False,,False,60.150001525878906,456633652.84383446,7591581.733333333,2.19,89.6,2026-11-03,25,264,62.46639700820201,62.59132980221841,62.52886340521021,59.196370031884314,64.7300033569336,0.6605084257156683,1.0000000000000009,3.332493373325893,-0.7138384425224388,,,,,,,,,,,False,,,,,,,,,,False,False,not technical (Eyal) 2026-10-09: no clear uptrend (reviewed grok_needs_drawing by eye),-1.44,2/5,3/6,0.45,4.7,False,not near a new high: recent 26w high 66.65 is -1.44 ATR vs prior 2.5y high 71.46 (needs >= -1); sideways / not rising enough: 30w EMA +4.7% in 26w (needs >= +8%),,,,,,,True,"SMA150,SMA200","SMA150 60.05 (latest low 60.06 / close 60.15); held before 4x, last 2026-09-08; SMA200 59.24 (latest low 60.06 / close 60.15); held before 3x, last 2026-06-30",,,,2,,,,,False,True,False,no TV drawing read (f_rr False),https://www.tradingview.com/chart/?symbol=NASDAQ:MDLZ,https://finviz.com/quote.ashx?t=MDLZ,FAIL: rr (no TV drawing read)
MDT,FAIL,rr,True,True,True,True,False,False,False,False,False,,True,89.39510345458984,1761726199.454155,19707189.0,1.35,89.1,2026-11-24,46,261,89.35786437988281,89.60763921286565,89.48275179637423,85.05938979338198,93.4039535522461,0.886475435024153,1.0000000000000002,4.423362002992248,-0.01981486971337552,,,,,,,,,,,False,,,,,,,,,,False,False,,-1.87,2/5,3/4,0.57,-4.5,False,not near a new high: recent 26w high 94.63 is -1.87 ATR vs prior 2.5y high 102.92 (needs >= -1); sideways / not rising enough: 30w EMA -4.5% in 26w (needs >= +8%),,,,,,,True,SMA200,"SMA200 86.95 (latest low 88.11 / close 89.40); held before 4x, last 2026-08-28",,,,0,,,,,False,True,False,no TV drawing read (f_rr False),https://www.tradingview.com/chart/?symbol=NYSE:MDT,https://finviz.com/quote.ashx?t=MDT,FAIL: rr (no TV drawing read)
MGA,FAIL,rr,True,True,True,True,False,False,True,False,False,,True,64.33999633789062,68886309.80645649,1070660.7666666666,3.07,69.86,2026-10-30,21,261,67.45936590097256,67.88632420067825,67.6728450508254,63.53769315602535,73.05000305175781,1.3003532004940808,1.0,4.135151894800053,-0.805979755453682,,,,,,,,,,,False,,,,,,,,,,True,True,,1.17,6/6,3/3,1.0,21.7,True,"clear uptrend: recent high +1.2 ATR vs prior 2.5y high, 30w EMA +21.7% in 26w (6/6 HH, 3/3 HL)",,,,,,,True,SMA150,"SMA150 63.06 (latest low 63.71 / close 64.34); held before 3x, last 2026-09-01",,,,28,,,,,False,True,False,no TV drawing read (f_rr False),https://www.tradingview.com/chart/?symbol=NYSE:MGA,https://finviz.com/quote.ashx?t=MGA,FAIL: rr (no TV drawing read)
MLR,FAIL,"dollar_vol,rr",False,True,True,True,False,True,False,False,False,,False,52.894798278808594,4490849.479228211,84901.53333333334,3.83,94.27,2026-11-11,33,261,47.808968329837505,48.20572097720664,48.00734465352207,45.795351132820976,57.03554155122866,4.081475290598998,0.6216200810207607,3.5584331784597176,1.3734847277368518,,,,,,,,,,,False,,,,,,,,,,False,False,,-4.53,4/8,4/5,0.65,19.6,True,not near a new high: recent 26w high 59.48 is -4.53 ATR vs prior 2.5y high 75.59 (needs >= -1),,,,,,,True,SMA100,"SMA100 51.77 (latest low 52.62 / close 52.89); held before 7x, last 2026-08-04",,,,2,,,,,False,True,False,no TV drawing read (f_rr False),https://www.tradingview.com/chart/?symbol=NYSE:MLR,https://finviz.com/quote.ashx?t=MLR,"$vol(30d) $4.5M < $50M | FAIL: dollar_vol, rr (no TV drawing read)"
MMM,FAIL,"no_earnings_14d,rr",True,True,False,True,False,True,True,False,False,,False,161.4499969482422,456098797.6704025,2825015.8333333335,1.94,77.4,2026-10-20,11,261,153.0846710205078,154.89732208969036,153.9909965550991,147.29005113828694,182.5608208070296,4.26355125655121,0.8474491139726462,7.907195023663023,0.9433181261903041,,,,,,,,,,,False,,,,,,,,,,False,False,,1.16,7/10,5/8,0.66,5.5,False,sideways / not rising enough: 30w EMA +5.5% in 26w (needs >= +8%),,,,,,,True,"SMA150,SMA200","SMA150 158.92 (latest low 160.83 / close 161.45); held before 4x, last 2025-12-23; SMA200 159.54 (latest low 160.83 / close 161.45); held before 4x, last 2026-01-20",,,,22,,,,,False,True,True,no TV drawing read (f_rr False),https://www.tradingview.com/chart/?symbol=NYSE:MMM,https://finviz.com/quote.ashx?t=MMM,"FAIL: no_earnings_14d, rr (no TV drawing read)"
MNST,FAIL,rr,True,True,True,True,False,True,True,False,False,,True,43.69499969482422,413946005.52240723,9473532.633333333,3.05,69.39,2026-10-29,20,261,42.650001525878906,43.689998626708984,43.170000076293945,40.74785723005022,48.79999923706055,2.324387750085692,1.0000000000000004,2.4221428462437222,0.21675006465636282,,,,,,,,,,,False,,,,,,,,,,True,True,,2.68,3/5,1/1,0.8,18.0,True,"clear uptrend: recent high +2.7 ATR vs prior 2.5y high, 30w EMA +18.0% in 26w (3/5 HH, 1/1 HL)",,,,,,,True,"SMA150,SMA200","SMA150 43.36 (latest low 43.34 / close 43.69); held before 7x, last 2026-05-04; SMA200 42.53 (latest low 43.34 / close 43.69); held before 3x, last 2026-09-09",,,,8,,,,,True,True,False,no TV drawing read (f_rr False),https://www.tradingview.com/chart/?symbol=NASDAQ:MNST,https://finviz.com/quote.ashx?t=MNST,FAIL: rr (no TV drawing read)
MRSH,FAIL,"no_earnings_14d,rr",True,True,False,True,False,False,False,False,False,,False,177.01499938964844,463205580.98685706,2616758.933333333,1.23,94.49,2026-10-15,6,261,173.94570477880575,177.040043262956,175.4928740208809,166.35473003917733,192.5867586291969,1.8706079311664903,1.0000000000000004,9.13814398170356,0.16656832851563233,,,,,,,,,,,False,,,,,,,,,,False,False,,-4.73,2/7,0/6,0.14,-2.4,False,not near a new high: recent 26w high 197.34 is -4.73 ATR vs prior 2.5y high 240.57 (needs >= -1); sideways / not rising enough: 30w EMA -2.4% in 26w (needs >= +8%),,,,,,,True,"SMA100,SMA150,SMA200","SMA100 175.36 (latest low 175.41 / close 177.01); held before 2x, last 2026-07-15; SMA150 173.18 (latest low 175.41 / close 177.01); held before 1x, last 2026-07-15; SMA200 174.72 (latest low 175.41 / close 177.01); held before 1x, last 2025-02-03",,,,1,,,,,False,True,True,no TV drawing read (f_rr False),https://www.tradingview.com/chart/?symbol=NYSE:MRSH,https://finviz.com/quote.ashx?t=MRSH,"FAIL: no_earnings_14d, rr (no TV drawing read)"
MSA,FAIL,"dollar_vol,rr",False,True,True,True,False,True,True,False,False,,False,178.2899932861328,37992706.11930847,213095.0,2.43,91.96,2026-10-28,19,264,171.77980293646493,172.84675029575328,172.3132766161091,163.5814046830411,193.63743591308594,2.4421062814974657,0.9999999999999986,8.731871933068033,0.6844714072579995,,,,,,,,,,,False,,,,,,,,,,False,False,,-1.28,2/5,1/3,0.37,3.2,False,not near a new high: recent 26w high 196.00 is -1.28 ATR vs prior 2.5y high 207.14 (needs >= -1); sideways / not rising enough: 30w EMA +3.2% in 26w (needs >= +8%),,,,,,,True,"SMA100,SMA150,SMA200","SMA100 176.57 (latest low 177.30 / close 178.29); held before 3x, last 2025-09-25; SMA150 174.41 (latest low 177.30 / close 178.29); held before 1x, last 2025-06-13; SMA200 176.27 (latest low 177.30 / close 178.29); held before 1x, last 2025-10-17",,,,17,,,,,False,True,False,no TV drawing read (f_rr False),https://www.tradingview.com/chart/?symbol=NYSE:MSA,https://finviz.com/quote.ashx?t=MSA,"$vol(30d) $38.0M < $50M | FAIL: dollar_vol, rr (no TV drawing read)"
MYE,FAIL,"dollar_vol,rr",False,True,True,True,False,True,True,False,False,,False,30.600000381469727,8498683.965947405,277734.76666666666,3.28,97.28,2026-10-29,20,264,22.237417221069336,22.476208046672213,22.356812633870774,20.15789341947137,34.369998931884766,5.463223123135601,0.9318411569088495,2.359757559640067,3.493235020658768,,,,,,,,,,,False,,,,,,,,,,True,True,,5.8,8/9,3/5,0.74,47.0,True,"clear uptrend: recent high +5.8 ATR vs prior 2.5y high, 30w EMA +47.0% in 26w (8/9 HH, 3/5 HL)",,,,,,,True,SMA100,"SMA100 30.15 (latest low 30.11 / close 30.60); held before 7x, last 2026-05-19",,,,20,,,,,False,True,False,no TV drawing read (f_rr False),https://www.tradingview.com/chart/?symbol=NYSE:MYE,https://finviz.com/quote.ashx?t=MYE,"$vol(30d) $8.5M < $50M | FAIL: dollar_vol, rr (no TV drawing read)"
MYFW,FAIL,"dollar_vol,no_earnings_14d,rr",False,True,False,True,False,True,False,False,False,,False,30.06999969482422,1208215.5947380066,40180.1,2.17,72.84,2026-10-15,6,261,26.190000534057617,26.229999542236328,26.210000038146973,25.000000228881834,31.3700008392334,4.264464144188764,0.6844444420468799,1.7678568703787667,2.183434485762546,,,,,,,,,,,False,,,,,,,,,,True,True,,3.6,2/4,3/4,0.62,20.8,True,"clear uptrend: recent high +3.6 ATR vs prior 2.5y high, 30w EMA +20.8% in 26w (2/4 HH, 3/4 HL)",,,,,,,False,,no SMA50/100/150/200 support with an earlier bounce,,,,2,,,,,False,True,True,no TV drawing read (f_rr False),https://www.tradingview.com/chart/?symbol=NASDAQ:MYFW,https://finviz.com/quote.ashx?t=MYFW,"$vol(30d) $1.2M < $50M | FAIL: dollar_vol, no_earnings_14d, rr (no TV drawing read)"
NBTB,FAIL,"dollar_vol,rr",False,True,True,True,False,True,True,False,False,,False,50.18000030517578,16993022.2100118,338641.3333333333,4.67,68.85,2026-10-27,18,261,44.93244934082031,45.70018766426353,45.31631850254192,43.17881278943146,53.14335632324219,3.6617622927007365,0.999999999999999,2.137505713110459,2.275400609599458,,,,,,,,,,,False,,,,,,,,,,True,True,,2.13,3/7,4/7,0.5,16.4,True,"clear uptrend: recent high +2.1 ATR vs prior 2.5y high, 30w EMA +16.4% in 26w (3/7 HH, 4/7 HL)",,,,,,,True,SMA100,"SMA100 50.00 (latest low 50.08 / close 50.18); held before 5x, last 2026-05-15",,,,8,,,,,False,True,False,no TV drawing read (f_rr False),https://www.tradingview.com/chart/?symbol=NASDAQ:NBTB,https://finviz.com/quote.ashx?t=NBTB,"$vol(30d) $17.0M < $50M | FAIL: dollar_vol, rr (no TV drawing read)"
NDAQ,FAIL,"no_earnings_14d,rr",True,True,False,True,False,False,False,False,False,,False,92.96499633789062,294397865.8901439,3166760.3666666667,1.71,76.07,2026-10-22,13,261,91.87873077392578,93.10020884767358,92.48946981079968,87.68082377175523,98.97540283203125,1.3488064974149,0.9999999999999994,4.80864603904445,0.0988899002400774,,,,,,,,,,,False,,,,,,,,,,False,False,,-0.03,3/6,1/4,0.38,4.3,False,sideways / not rising enough: 30w EMA +4.3% in 26w (needs >= +8%),,,,,,,True,SMA100,"SMA100 91.07 (latest low 92.50 / close 92.96); held before 3x, last 2025-02-12",,,,0,,,,,False,True,True,no TV drawing read (f_rr False),https://www.tradingview.com/chart/?symbol=NASDAQ:NDAQ,https://finviz.com/quote.ashx?t=NDAQ,"FAIL: no_earnings_14d, rr (no TV drawing read)"
NGVT,FAIL,"dollar_vol,rr",False,True,True,True,False,False,True,False,False,,False,70.83000183105469,17021896.733039856,240320.43333333332,4.26,102.66,2026-11-04,26,264,77.12000274658203,77.2742427520752,77.19712274932861,72.21962128884452,77.30999755859375,0.022677001736963555,0.9999999999999991,4.977501460484096,-1.2791801205528284,,,,,,,,,,,False,,,,,,,,,,True,True,,0.37,4/6,2/2,0.83,12.2,True,"clear uptrend: recent high +0.4 ATR vs prior 2.5y high, 30w EMA +12.2% in 26w (4/6 HH, 2/2 HL)",,,,,,,True,SMA200,"SMA200 70.56 (latest low 70.69 / close 70.83); held before 7x, last 2026-07-30",,,,28,,,,,False,True,False,no TV drawing read (f_rr False),https://www.tradingview.com/chart/?symbol=NYSE:NGVT,https://finviz.com/quote.ashx?t=NGVT,"$vol(30d) $17.0M < $50M | FAIL: dollar_vol, rr (no TV drawing read)"
NMIH,FAIL,"dollar_vol,rr",False,True,True,True,False,False,False,False,False,,False,40.2400016784668,26556976.61172867,659964.6,2.68,100.35,2026-11-03,25,264,41.11000061035156,41.290000915527344,41.20000076293945,38.89478656223842,45.709999084472656,1.9564335150120469,0.999999999999999,2.3052142007010326,-0.4164468031563893,,,,,,,,,,,False,,,,,,,,,,False,False,,1.54,3/5,2/5,0.5,7.0,False,sideways / not rising enough: 30w EMA +7.0% in 26w (needs >= +8%),,,,,,,True,SMA200,"SMA200 40.16 (latest low 40.13 / close 40.24); held before 1x, last 2025-09-16",,,,1,,,,,False,True,False,no TV drawing read (f_rr False),https://www.tradingview.com/chart/?symbol=NASDAQ:NMIH,https://finviz.com/quote.ashx?t=NMIH,"$vol(30d) $26.6M < $50M | FAIL: dollar_vol, rr (no TV drawing read)"
NOMD,FAIL,"dollar_vol,rr",False,True,True,True,False,False,True,False,False,,False,11.079999923706055,13974318.611776544,1261220.1,2.19,63.52,2026-11-05,27,261,,,,,,,,,,,,,,,,,,,,False,,,,,,,,,,False,False,,-9.09,1/5,1/5,0.2,-4.4,False,not near a new high: recent 26w high 12.60 is -9.09 ATR vs prior 2.5y high 19.22 (needs >= -1); sideways / not rising enough: 30w EMA -4.4% in 26w (needs >= +8%),,,,,,,True,"SMA100,SMA200","SMA100 11.00 (latest low 11.01 / close 11.08); held before 2x, last 2025-04-09; SMA200 10.77 (latest low 11.01 / close 11.08); held before 4x, last 2026-08-13",,,,5,,,,,False,True,False,no computed weekly retest setup; no TV drawing read (f_rr False),https://www.tradingview.com/chart/?symbol=NYSE:NOMD,https://finviz.com/quote.ashx?t=NOMD,"$vol(30d) $14.0M < $50M | FAIL: dollar_vol, rr (no TV drawing read)"
NPO,FAIL,"dollar_vol,rr",False,True,True,True,False,True,True,False,False,,False,306.6050109863281,46730538.43862407,152412.83333333334,2.64,100.44,2026-11-03,25,264,273.64581298828125,285.38612586181665,279.515969425049,251.69447239351712,344.5766566764277,2.3385041853657746,0.9999999999999998,27.82149703153187,0.9736730388942556,,,,,,,,,,,False,,,,,,,,,,True,True,,3.76,4/6,4/5,0.73,28.0,True,"clear uptrend: recent high +3.8 ATR vs prior 2.5y high, 30w EMA +28.0% in 26w (4/6 HH, 4/5 HL)",,,,,,,True,SMA150,"SMA150 306.32 (latest low 303.92 / close 306.61); held before 7x, last 2026-07-29",,,,13,,,,,False,True,False,no TV drawing read (f_rr False),https://www.tradingview.com/chart/?symbol=NYSE:NPO,https://finviz.com/quote.ashx?t=NPO,"$vol(30d) $46.7M < $50M | FAIL: dollar_vol, rr (no TV drawing read)"
NREF,FAIL,"dollar_vol,rr",False,True,True,True,False,True,False,False,False,,False,15.489999771118164,1032572.1624092738,66660.56666666667,2.93,89.06,2026-11-05,27,261,15.033669471740723,15.080680146475949,15.057174809108336,14.094857406319303,17.63902473449707,2.6829504671804725,0.9999999999999997,0.9623174027890332,0.4497735993918377,,,,,,,,,,,False,,,,,,,,,,True,True,,4.06,6/6,3/5,0.8,20.4,True,"clear uptrend: recent high +4.1 ATR vs prior 2.5y high, 30w EMA +20.4% in 26w (6/6 HH, 3/5 HL)",,,,,,,True,SMA150,"SMA150 14.95 (latest low 15.26 / close 15.49); held before 6x, last 2026-04-21",,,,2,,,,,False,True,False,no TV drawing read (f_rr False),https://www.tradingview.com/chart/?symbol=NYSE:NREF,https://finviz.com/quote.ashx?t=NREF,"$vol(30d) $1.0M < $50M | FAIL: dollar_vol, rr (no TV drawing read)"
NSC,FAIL,"no_earnings_14d,rr",True,True,False,True,False,True,False,False,False,,False,316.7799987792969,312363135.25631714,986057.0,3.4,78.19,2026-10-22,13,261,316.1687194601351,319.80432961332406,317.9865245367296,303.25911940494086,351.8299865722656,2.297992194326605,1.0,14.727405131788714,-0.08192385193698833,,,,,,,,,,,False,,,,,,,,,,True,True,,2.71,6/8,4/4,0.88,10.9,True,"clear uptrend: recent high +2.7 ATR vs prior 2.5y high, 30w EMA +10.9% in 26w (6/8 HH, 4/4 HL)",,,,,,,True,SMA150,"SMA150 314.87 (latest low 314.93 / close 316.78); held before 4x, last 2026-06-04",,,,2,,,,,False,True,True,no TV drawing read (f_rr False),https://www.tradingview.com/chart/?symbol=NYSE:NSC,https://finviz.com/quote.ashx?t=NSC,"FAIL: no_earnings_14d, rr (no TV drawing read)"
NTB,FAIL,"dollar_vol,rr",False,True,True,True,False,True,True,False,False,,False,57.66999816894531,8890314.64572754,154158.4,2.3,74.01,2026-10-27,18,261,55.65626907348633,56.86554631681588,56.260907695151104,53.705097941575374,63.90999984741211,2.9928253233870286,1.0000000000000009,2.5558097535757276,0.5513283889079804,,,,,,,,,,,False,,,,,,,,,,True,True,,3.33,5/6,1/3,0.58,18.6,True,"clear uptrend: recent high +3.3 ATR vs prior 2.5y high, 30w EMA +18.6% in 26w (5/6 HH, 1/3 HL)",,,,,,,True,SMA150,"SMA150 57.19 (latest low 57.67 / close 57.67); held before 1x, last 2025-11-18",,,,6,,,,,False,True,False,no TV drawing read (f_rr False),https://www.tradingview.com/chart/?symbol=NYSE:NTB,https://finviz.com/quote.ashx?t=NTB,"$vol(30d) $8.9M < $50M | FAIL: dollar_vol, rr (no TV drawing read)"
NTWO,FAIL,"dollar_vol,no_earnings_14d,history,rr",False,True,False,False,False,True,False,False,False,,False,10.8100004196167,2551764.3780529974,236055.9,0.12,71.19,,,94,10.739999771118164,10.7614797706604,10.750739770889282,10.630000343322754,11.539999961853027,6.536888627609706,0.5400487026064872,0.22357136862618582,0.26506367560195654,,,,,,,,,,,False,,,,,,,,,,,,,,,,,,,not enough history (94 weekly bars < 130),,,,,,,True,SMA100,"SMA100 10.80 (latest low 10.80 / close 10.81); held before 3x, last 2025-12-04",,,,0,,,,,False,False,False,earnings unknown; no TV drawing read (f_rr False),https://www.tradingview.com/chart/?symbol=NASDAQ:NTWO,https://finviz.com/quote.ashx?t=NTWO,"$vol(30d) $2.6M < $50M | FAIL: dollar_vol, no_earnings_14d, history, rr (no TV drawing read)"
NUE,FAIL,rr,True,True,True,True,False,True,True,True,False,False,False,250.87570190429688,263658178.50482687,1050951.4333333333,1.9,82.72,2026-10-26,17,264,191.71368408203125,191.9622239178054,191.83795399991834,174.29595437864825,273.0,4.626727154963038,0.9767650306658919,17.959283011300222,3.2873109615362255,yes,220.83,215.19,,,,,2026-10-07,charts/latest/NUE.webp,user,False,user drawing (no Long Position),,250.8757,17.9593,30.0457,1.673,False,,,True,True,,4.7,5/5,3/4,0.88,43.1,True,"clear uptrend: recent high +4.7 ATR vs prior 2.5y high, 30w EMA +43.1% in 26w (5/5 HH, 3/4 HL)",280.11,2026-08-07,False,no weekly low <= zone top 220.83 since the 2026-08-07 high,False,no daily touch of the zone in the pullback,True,SMA100,"SMA100 248.46 (latest low 247.49 / close 250.88); held before 3x, last 2026-08-19",True,0.382,"swing 130.11 (2025-10-17) -> 280.11 (2026-08-07): 0.382=222.81, 0.5=205.11, 0.618=187.41; zone 215.19-220.83 +/- 4.49",6,hammer,2026-10-02,,,False,True,False,TV R:R  < 2 (f_rr False),https://www.tradingview.com/chart/?symbol=NYSE:NUE,https://finviz.com/quote.ashx?t=NUE,FAIL: rr (TV R:R  < 2)
NWSA,FAIL,rr,True,True,True,True,False,True,False,False,False,,True,29.139999389648438,124191689.57741089,4261897.466666667,3.29,72.85,2026-11-05,27,261,27.26824880428556,27.637006944156962,27.45262787422126,25.777853093904774,30.86614227294922,2.038193098467185,1.0000000000000009,1.674774780316485,1.0075214502025829,,,,,,,,,,,False,,,,,,,,,,True,True,,0.11,5/8,1/3,0.48,9.2,True,"clear uptrend: recent high +0.1 ATR vs prior 2.5y high, 30w EMA +9.2% in 26w (5/8 HH, 1/3 HL)",,,,,,,False,,no SMA50/100/150/200 support with an earlier bounce,,,,1,,,,,False,True,False,no TV drawing read (f_rr False),https://www.tradingview.com/chart/?symbol=NASDAQ:NWSA,https://finviz.com/quote.ashx?t=NWSA,FAIL: rr (no TV drawing read)
OBK,FAIL,"dollar_vol,rr",False,True,True,True,False,True,True,False,False,,False,51.82500076293945,8478689.322318649,163602.3,2.56,68.81,2026-10-28,19,261,45.020938873291016,45.40573261142336,45.21333574235719,42.88093675310038,54.878038242667664,4.143674622063704,0.9999999999999994,2.3323989892568107,2.8347058333655806,,,,,,,,,,,False,,,,,,,,,,True,True,,4.25,5/5,3/4,0.88,27.2,True,"clear uptrend: recent high +4.2 ATR vs prior 2.5y high, 30w EMA +27.2% in 26w (5/5 HH, 3/4 HL)",,,,,,,True,SMA100,"SMA100 51.76 (latest low 51.83 / close 51.83); held before 6x, last 2026-03-09",,,,6,,,,,False,True,False,no TV drawing read (f_rr False),https://www.tradingview.com/chart/?symbol=NYSE:OBK,https://finviz.com/quote.ashx?t=OBK,"$vol(30d) $8.5M < $50M | FAIL: dollar_vol, rr (no TV drawing read)"
OFG,FAIL,"dollar_vol,no_earnings_14d,rr",False,True,False,True,False,True,True,False,False,,False,50.52000045776367,11525237.164430618,228132.16666666666,4.97,98.57,2026-10-21,12,264,42.16169179286037,42.53567610326576,42.34868394806306,40.3386839916596,53.95000076293945,5.771799535575557,1.000000000000001,2.0099999564034596,4.065331685042292,,,,,,,,,,,False,,,,,,,,,,True,True,,4.39,4/8,2/4,0.5,20.8,True,"clear uptrend: recent high +4.4 ATR vs prior 2.5y high, 30w EMA +20.8% in 26w (4/8 HH, 2/4 HL)",,,,,,,True,SMA100,"SMA100 50.22 (latest low 50.52 / close 50.52); held before 4x, last 2025-09-16",,,,15,,,,,False,True,True,no TV drawing read (f_rr False),https://www.tradingview.com/chart/?symbol=NYSE:OFG,https://finviz.com/quote.ashx?t=OFG,"$vol(30d) $11.5M < $50M | FAIL: dollar_vol, no_earnings_14d, rr (no TV drawing read)"
OPBK,FAIL,"dollar_vol,no_earnings_14d,rr",False,True,False,True,False,False,True,False,False,,False,15.09000015258789,662251.8186965943,43886.8,1.52,62.64,2026-10-22,13,261,14.40084457397461,14.7247896194458,14.562817096710205,13.70906170968961,15.709110850377664,1.3426489262548076,0.9999999999999999,0.8537553870205948,0.6174872380219236,,,,,,,,,,,False,,,,,,,,,,True,True,,-0.89,5/8,4/6,0.65,10.8,True,"clear uptrend: recent high -0.9 ATR vs prior 2.5y high, 30w EMA +10.8% in 26w (5/8 HH, 4/6 HL)",,,,,,,True,SMA100,"SMA100 14.92 (latest low 15.09 / close 15.09); held before 7x, last 2026-08-27",,,,6,,,,,False,True,True,no TV drawing read (f_rr False),https://www.tradingview.com/chart/?symbol=NASDAQ:OPBK,https://finviz.com/quote.ashx?t=OPBK,"$vol(30d) $0.7M < $50M | FAIL: dollar_vol, no_earnings_14d, rr (no TV drawing read)"
ORRF,FAIL,"dollar_vol,no_earnings_14d,rr",False,True,False,True,False,False,False,False,False,,False,41.08000183105469,3824266.0877919514,93093.13333333333,3.25,60.15,2026-10-20,11,261,38.57160186767578,39.1231889488836,38.847395408279695,36.59728971302991,43.34000015258789,1.9966194271640505,0.9999999999999994,2.2501056952497875,0.9922229109007021,,,,,,,,,,,False,,,,,,,,,,True,True,,1.75,4/6,5/6,0.75,14.6,True,"clear uptrend: recent high +1.7 ATR vs prior 2.5y high, 30w EMA +14.6% in 26w (4/6 HH, 5/6 HL)",,,,,,,True,SMA100,"SMA100 40.76 (latest low 41.08 / close 41.08); held before 4x, last 2026-07-08",,,,1,,,,,False,True,True,no TV drawing read (f_rr False),https://www.tradingview.com/chart/?symbol=NASDAQ:ORRF,https://finviz.com/quote.ashx?t=ORRF,"$vol(30d) $3.8M < $50M | FAIL: dollar_vol, no_earnings_14d, rr (no TV drawing read)"
PBA,FAIL,rr,True,True,True,True,False,True,True,False,False,,True,47.3849983215332,51085447.63145625,1078093.2666666666,2.73,60.6,2026-11-05,27,261,45.082882314035764,45.16113228463368,45.122007299334726,43.08673280243724,50.80899071736935,2.7942095411226817,1.0000000000000018,2.0352744968974825,1.1118849205097985,,,,,,,,,,,False,,,,,,,,,,True,True,,2.86,4/7,3/6,0.54,14.3,True,"clear uptrend: recent high +2.9 ATR vs prior 2.5y high, 30w EMA +14.3% in 26w (4/7 HH, 3/6 HL)",,,,,,,True,"SMA50,SMA150","SMA50 47.26 (latest low 47.03 / close 47.38); held before 4x, last 2026-06-18; SMA150 46.30 (latest low 47.03 / close 47.38); held before 2x, last 2025-11-25",,,,16,,,,,True,True,False,no TV drawing read (f_rr False),https://www.tradingview.com/chart/?symbol=NYSE:PBA,https://finviz.com/quote.ashx?t=PBA,FAIL: rr (no TV drawing read)
PCYO,FAIL,"dollar_vol,rr",False,True,True,True,False,False,False,False,False,,False,11.0,929133.3333333334,84466.66666666667,2.2,70.17,2026-11-11,33,261,11.09000015258789,11.15999984741211,11.125,10.602499893733434,11.430000305175781,0.5837325227646517,0.9999999999999989,0.5225001062665667,-0.23923440110503646,,,,,,,,,,,False,,,,,,,,,,False,False,,-4.19,6/8,1/5,0.47,1.0,False,not near a new high: recent 26w high 12.44 is -4.19 ATR vs prior 2.5y high 14.63 (needs >= -1); sideways / not rising enough: 30w EMA +1.0% in 26w (needs >= +8%),,,,,,,True,"SMA100,SMA150,SMA200","SMA100 10.87 (latest low 10.94 / close 11.00); held before 2x, last 2025-11-21; SMA150 10.86 (latest low 10.94 / close 11.00); held before 4x, last 2026-01-06; SMA200 10.93 (latest low 10.94 / close 11.00); held before 5x, last 2026-01-06",,,,2,,,,,False,True,False,no TV drawing read (f_rr False),https://www.tradingview.com/chart/?symbol=NASDAQ:PCYO,https://finviz.com/quote.ashx?t=PCYO,"$vol(30d) $0.9M < $50M | FAIL: dollar_vol, rr (no TV drawing read)"
PKBK,FAIL,"dollar_vol,no_earnings_14d,rr",False,True,False,True,False,True,True,False,False,,False,32.45000076293945,1214910.7218973795,37439.46666666667,2.44,65.61,2026-10-21,12,261,28.284903602360806,28.6874307240549,28.486167163207853,27.234221208517944,34.587025546282916,4.873100440335039,0.7568667706338311,1.6541166864037087,2.3963446063466987,,,,,,,,,,,False,,,,,,,,,,True,True,,3.54,5/6,5/6,0.83,25.9,True,"clear uptrend: recent high +3.5 ATR vs prior 2.5y high, 30w EMA +25.9% in 26w (5/6 HH, 5/6 HL)",,,,,,,False,,no SMA50/100/150/200 support with an earlier bounce,,,,6,,,,,False,True,True,no TV drawing read (f_rr False),https://www.tradingview.com/chart/?symbol=NASDAQ:PKBK,https://finviz.com/quote.ashx?t=PKBK,"$vol(30d) $1.2M < $50M | FAIL: dollar_vol, no_earnings_14d, rr (no TV drawing read)"
PLMK,FAIL,"dollar_vol,no_earnings_14d,history,rr",False,True,False,False,False,False,True,False,False,,False,10.635000228881836,16342.450351715088,1536.6666666666667,0.03,105.69,,,89,10.670000076293945,10.6899995803833,10.679999828338623,10.529999961853028,10.720000267028809,0.26666982862965943,0.576764144358168,0.26007141385759625,-0.1730278571924361,,,,,,,,,,,False,,,,,,,,,,,,,,,,,,,not enough history (89 weekly bars < 130),,,,,,,True,SMA150,"SMA150 10.63 (latest low 10.64 / close 10.64); held before 2x, last 2026-08-21",,,,32,,,,,False,False,False,earnings unknown; no TV drawing read (f_rr False),https://www.tradingview.com/chart/?symbol=NASDAQ:PLMK,https://finviz.com/quote.ashx?t=PLMK,"$vol(30d) $0.0M < $50M | FAIL: dollar_vol, no_earnings_14d, history, rr (no TV drawing read)"
POLE,FAIL,"dollar_vol,no_earnings_14d,history,rr",False,True,False,False,False,True,False,False,False,,False,10.739999771118164,1063527.0453350067,99024.86666666667,0.01,127.68,,,102,10.640000343322754,10.6612803440094,10.650640343666076,10.495283255304608,11.119999885559082,3.0211659271120697,1.0000000000000016,0.15535708836146764,0.5751873209941751,,,,,,,,,,,False,,,,,,,,,,,,,,,,,,,not enough history (102 weekly bars < 130),,,,,,,False,,no SMA50/100/150/200 support with an earlier bounce,,,,3,,,,,False,False,False,earnings unknown; no TV drawing read (f_rr False),https://www.tradingview.com/chart/?symbol=NASDAQ:POLE,https://finviz.com/quote.ashx?t=POLE,"$vol(30d) $1.1M < $50M | FAIL: dollar_vol, no_earnings_14d, history, rr (no TV drawing read)"
PRU,FAIL,rr,True,True,True,True,False,True,True,False,False,,True,111.5199966430664,170253913.58441314,1526667.1333333333,4.39,65.65,2026-11-03,25,261,99.13871002197266,100.29930568183251,99.71900785190257,94.20981725868278,123.70191955566406,4.3532550377323,0.9999999999999992,5.509190593219803,2.1420549155963826,,,,,,,,,,,False,,,,,,,,,,True,True,,1.24,4/5,2/3,0.73,12.1,True,"clear uptrend: recent high +1.2 ATR vs prior 2.5y high, 30w EMA +12.1% in 26w (4/5 HH, 2/3 HL)",,,,,,,False,,no SMA50/100/150/200 support with an earlier bounce,,,,23,,,,,False,True,False,no TV drawing read (f_rr False),https://www.tradingview.com/chart/?symbol=NYSE:PRU,https://finviz.com/quote.ashx?t=PRU,FAIL: rr (no TV drawing read)
PYPL,FAIL,rr,True,True,True,True,False,True,True,False,False,,True,55.07500076293945,700470192.896762,12718478.133333333,3.43,79.56,2026-10-27,18,261,50.518280029296875,50.906040270292884,50.71216014979488,46.36067254948563,61.50807189941406,2.480970358010885,0.9999999999999992,4.351487600309259,1.0026089957913482,,,,,,,,,,,False,,,,,,,,,,False,False,,-6.91,2/5,1/5,0.3,-1.9,False,not near a new high: recent 26w high 62.58 is -6.91 ATR vs prior 2.5y high 92.63 (needs >= -1); sideways / not rising enough: 30w EMA -1.9% in 26w (needs >= +8%),,,,,,,False,,no SMA50/100/150/200 support with an earlier bounce,,,,21,,,,,True,True,False,no TV drawing read (f_rr False),https://www.tradingview.com/chart/?symbol=NASDAQ:PYPL,https://finviz.com/quote.ashx?t=PYPL,FAIL: rr (no TV drawing read)
QCOM,FAIL,rr,True,True,True,True,False,True,True,False,False,,True,173.13999938964844,2225173820.109837,12851876.1,3.61,81.33,2026-11-11,33,261,176.95329132498995,177.5342049303222,177.2437481276561,165.36607695677498,248.7425079345703,6.019594142511546,0.6754185562424657,17.585645317415885,-0.23335787023655702,,,,,,,,,,,False,,,,,,,,,,True,True,,2.15,4/6,2/4,0.58,19.1,True,"clear uptrend: recent high +2.1 ATR vs prior 2.5y high, 30w EMA +19.1% in 26w (4/6 HH, 2/4 HL)",,,,,,,True,"SMA50,SMA200","SMA50 172.64 (latest low 171.79 / close 173.14); held before 6x, last 2026-06-10; SMA200 167.99 (latest low 171.79 / close 173.14); held before 2x, last 2025-11-20",,,,9,,,,,True,True,False,no TV drawing read (f_rr False),https://www.tradingview.com/chart/?symbol=NASDAQ:QCOM,https://finviz.com/quote.ashx?t=QCOM,FAIL: rr (no TV drawing read)
QCRH,FAIL,"dollar_vol,no_earnings_14d,rr",False,True,False,True,False,True,True,False,False,,False,98.0999984741211,10676971.663926952,108837.63333333333,3.04,77.87,2026-10-20,11,261,92.53406524658203,93.85070793609604,93.19238659133904,88.07237281704589,106.40155029296875,2.579907844770066,1.000000000000001,5.120013774293151,0.9585153671699985,,,,,,,,,,,False,,,,,,,,,,True,True,,2.4,5/7,3/5,0.66,15.8,True,"clear uptrend: recent high +2.4 ATR vs prior 2.5y high, 30w EMA +15.8% in 26w (5/7 HH, 3/5 HL)",,,,,,,False,,no SMA50/100/150/200 support with an earlier bounce,,,,5,,,,,False,True,True,no TV drawing read (f_rr False),https://www.tradingview.com/chart/?symbol=NASDAQ:QCRH,https://finviz.com/quote.ashx?t=QCRH,"$vol(30d) $10.7M < $50M | FAIL: dollar_vol, no_earnings_14d, rr (no TV drawing read)"
RCKY,FAIL,"dollar_vol,rr",False,True,True,True,False,True,True,False,False,,False,44.290000915527344,2137912.2998598735,48270.76666666667,3.03,81.4,2026-11-04,26,261,41.513309478759766,42.19075282780822,41.85203115328399,38.51634560170403,49.31386842314023,2.2369726266080208,1.0000000000000002,3.3356855515799557,0.7308751752960062,,,,,,,,,,,False,,,,,,,,,,True,True,,1.4,7/9,5/6,0.81,24.2,True,"clear uptrend: recent high +1.4 ATR vs prior 2.5y high, 30w EMA +24.2% in 26w (7/9 HH, 5/6 HL)",,,,,,,False,,no SMA50/100/150/200 support with an earlier bounce,,,,8,,,,,False,True,False,no TV drawing read (f_rr False),https://www.tradingview.com/chart/?symbol=NASDAQ:RCKY,https://finviz.com/quote.ashx?t=RCKY,"$vol(30d) $2.1M < $50M | FAIL: dollar_vol, rr (no TV drawing read)"
REGN,FAIL,rr,True,True,True,True,False,False,False,False,False,,False,746.8599853515625,512840495.7381388,686662.1666666666,2.55,91.72,2026-10-30,21,263,764.7933395314827,773.5699248936681,769.1816322125754,719.1322418648504,834.510009765625,1.3052781881891389,1.0000000000000007,50.049390347725044,-0.44599238284283216,no,,,,,,,2026-10-07,charts/latest/REGN.webp,,False,,,,,,,,,,False,False,not technical (Eyal) 2026-10-09: no clear uptrend (reviewed grok_needs_drawing by eye),-6.8,4/6,3/4,0.71,2.0,False,not near a new high: recent 26w high 859.34 is -6.80 ATR vs prior 2.5y high 1199.88 (needs >= -1); sideways / not rising enough: 30w EMA +2.0% in 26w (needs >= +8%),,,,,,,True,SMA100,"SMA100 714.87 (latest low 733.70 / close 746.86); held before 2x, last 2025-10-13",,,,0,,,,,False,True,False,TV drawing not found (f_rr False),https://www.tradingview.com/chart/?symbol=NASDAQ:REGN,https://finviz.com/quote.ashx?t=REGN,FAIL: rr (TV drawing not found)
SCL,FAIL,"dollar_vol,no_earnings_14d,rr",False,True,False,True,False,True,True,False,False,,False,60.77000045776367,8270237.978297424,136090.8,3.09,88.18,2026-10-21,12,264,52.202964782714844,52.804591375734766,52.5037780792248,48.57422212032961,64.75885009765625,3.1186913093043214,1.0000000000000009,3.9295559588951896,2.1036021537820146,,,,,,,,,,,False,,,,,,,,,,False,False,,-5.81,2/3,2/4,0.58,14.9,True,not near a new high: recent 26w high 66.33 is -5.81 ATR vs prior 2.5y high 89.15 (needs >= -1),,,,,,,True,SMA100,"SMA100 58.82 (latest low 59.19 / close 60.77); held before 1x, last 2026-06-23",,,,28,,,,,False,True,True,no TV drawing read (f_rr False),https://www.tradingview.com/chart/?symbol=NYSE:SCL,https://finviz.com/quote.ashx?t=SCL,"$vol(30d) $8.3M < $50M | FAIL: dollar_vol, no_earnings_14d, rr (no TV drawing read)"
SEIC,FAIL,rr,True,True,True,True,False,True,False,False,False,,True,103.77999877929688,82151935.69369507,791597.0,2.38,76.48,2026-10-28,19,261,87.33912658691406,90.8883643548239,89.11374547086899,84.3444594514075,111.62999725341797,4.721094874719075,0.9999999999999987,4.769286019461496,3.075146520586296,,,,,,,,,,,False,,,,,,,,,,True,True,,4.05,3/5,3/7,0.51,20.1,True,"clear uptrend: recent high +4.0 ATR vs prior 2.5y high, 30w EMA +20.1% in 26w (3/5 HH, 3/7 HL)",,,,,,,False,,no SMA50/100/150/200 support with an earlier bounce,,,,2,,,,,False,True,False,no TV drawing read (f_rr False),https://www.tradingview.com/chart/?symbol=NASDAQ:SEIC,https://finviz.com/quote.ashx?t=SEIC,FAIL: rr (no TV drawing read)
SFNC,FAIL,"dollar_vol,rr",False,True,True,True,False,True,True,False,False,,False,22.209999084472656,29832606.99159139,1343206.1333333333,4.42,82.19,2026-10-27,18,264,21.176232841110334,21.75519394637739,21.46571339374386,20.41060710197432,23.857324600219727,2.2667016822208925,1.0000000000000007,1.0551062917695397,0.7054129963347469,,,,,,,,,,,False,,,,,,,,,,True,True,,0.19,5/6,4/5,0.82,15.6,True,"clear uptrend: recent high +0.2 ATR vs prior 2.5y high, 30w EMA +15.6% in 26w (5/6 HH, 4/5 HL)",,,,,,,False,,no SMA50/100/150/200 support with an earlier bounce,,,,8,,,,,False,True,False,no TV drawing read (f_rr False),https://www.tradingview.com/chart/?symbol=NASDAQ:SFNC,https://finviz.com/quote.ashx?t=SFNC,"$vol(30d) $29.8M < $50M | FAIL: dollar_vol, rr (no TV drawing read)"
SFST,FAIL,"dollar_vol,rr",False,True,True,True,False,False,True,False,False,,False,59.81999969482422,4759165.517720795,79558.1,4.7,89.06,2026-10-27,18,264,58.40999984741211,59.70000076293945,59.05500030517578,55.98285756792341,64.18000030517578,1.6682167588943608,0.9999999999999997,3.0721427372523715,0.24901166875228886,,,,,,,,,,,False,,,,,,,,,,True,True,,1.01,5/6,5/5,0.92,15.3,True,"clear uptrend: recent high +1.0 ATR vs prior 2.5y high, 30w EMA +15.3% in 26w (5/6 HH, 5/5 HL)",,,,,,,True,SMA150,"SMA150 59.12 (latest low 59.78 / close 59.82); held before 5x, last 2026-07-21",,,,6,,,,,False,True,False,no TV drawing read (f_rr False),https://www.tradingview.com/chart/?symbol=NASDAQ:SFST,https://finviz.com/quote.ashx?t=SFST,"$vol(30d) $4.8M < $50M | FAIL: dollar_vol, rr (no TV drawing read)"
SHBI,FAIL,"dollar_vol,no_earnings_14d,rr",False,True,False,True,False,True,True,False,False,,False,22.440000534057617,4330225.211056582,192969.03333333333,3.37,68.38,2026-10-22,13,261,19.723712921142578,20.019865903320206,19.871789412231394,18.723517233440855,24.597691952697755,4.115664062717342,1.0,1.1482721787905383,2.2365874304568543,,,,,,,,,,,False,,,,,,,,,,True,True,,3.88,5/7,3/3,0.86,24.3,True,"clear uptrend: recent high +3.9 ATR vs prior 2.5y high, 30w EMA +24.3% in 26w (5/7 HH, 3/3 HL)",,,,,,,False,,no SMA50/100/150/200 support with an earlier bounce,,,,8,,,,,False,True,True,no TV drawing read (f_rr False),https://www.tradingview.com/chart/?symbol=NASDAQ:SHBI,https://finviz.com/quote.ashx?t=SHBI,"$vol(30d) $4.3M < $50M | FAIL: dollar_vol, no_earnings_14d, rr (no TV drawing read)"
SHC,FAIL,"dollar_vol,rr",False,True,True,True,False,True,True,False,False,,False,18.020000457763672,33396210.964366913,1853285.8,4.39,103.25,2026-11-10,32,264,16.299999237060547,16.5,16.399999618530273,15.34585680280413,19.56999969482422,3.0071827355862593,0.9999999999999993,1.0541428157261439,1.5367944599778585,,,,,,,,,,,False,,,,,,,,,,True,True,,-0.06,6/7,3/4,0.8,11.3,True,"clear uptrend: recent high -0.1 ATR vs prior 2.5y high, 30w EMA +11.3% in 26w (6/7 HH, 3/4 HL)",,,,,,,True,SMA100,"SMA100 17.69 (latest low 17.75 / close 18.02); held before 2x, last 2025-11-18",,,,11,,,,,True,True,False,no TV drawing read (f_rr False),https://www.tradingview.com/chart/?symbol=NASDAQ:SHC,https://finviz.com/quote.ashx?t=SHC,"$vol(30d) $33.4M < $50M | FAIL: dollar_vol, rr (no TV drawing read)"
SMBK,FAIL,"dollar_vol,no_earnings_14d,rr",False,True,False,True,False,True,False,False,False,,False,49.869998931884766,5942783.357717514,119165.5,3.29,65.11,2026-10-19,10,261,42.87183459042918,43.439607176704456,43.155720883566815,40.52252888886403,52.29999923706055,3.4726971568686817,0.9697382856089902,2.7153635509493723,2.472699482899974,,,,,,,,,,,False,,,,,,,,,,True,True,,3.86,4/6,4/4,0.83,24.3,True,"clear uptrend: recent high +3.9 ATR vs prior 2.5y high, 30w EMA +24.3% in 26w (4/6 HH, 4/4 HL)",,,,,,,False,,no SMA50/100/150/200 support with an earlier bounce,,,,1,,,,,False,True,True,no TV drawing read (f_rr False),https://www.tradingview.com/chart/?symbol=NYSE:SMBK,https://finviz.com/quote.ashx?t=SMBK,"$vol(30d) $5.9M < $50M | FAIL: dollar_vol, no_earnings_14d, rr (no TV drawing read)"
SOLV,FAIL,"history,rr",True,True,True,False,False,False,True,False,False,,False,87.61000061035156,75931342.22098999,866697.2,3.36,76.6,2026-11-05,27,133,81.04000091552734,82.72000122070312,81.88000106811523,76.59921537126813,91.69000244140625,1.8576783714491731,1.000000000000001,5.280785696847098,1.0850657215000097,,,,,,,,,,,False,,,,,,,,,,True,True,,1.13,4/7,1/5,0.39,12.5,True,"clear uptrend: recent high +1.1 ATR vs prior 2.5y high, 30w EMA +12.5% in 26w (4/7 HH, 1/5 HL)",,,,,,,False,,no SMA50/100/150/200 support with an earlier bounce,,,,8,,,,,True,True,False,no TV drawing read (f_rr False),https://www.tradingview.com/chart/?symbol=NYSE:SOLV,https://finviz.com/quote.ashx?t=SOLV,"history 133 weekly bars < ~3y (150) | FAIL: history, rr (no TV drawing read)"
STRZ,FAIL,"dollar_vol,history,rr",False,True,True,False,False,True,False,False,False,,False,23.888999938964844,7199836.4135047905,301387.1,4.52,69.19,2026-12-02,54,75,20.09000015258789,20.209999084472656,20.149999618530273,16.35792827606201,27.75,2.0041818033209475,1.0,3.7920713424682617,0.9860047406177893,,,,,,,,,,,False,,,,,,,,,,,,,,,,,,,not enough history (75 weekly bars < 130),,,,,,,False,,no SMA50/100/150/200 support with an earlier bounce,,,,1,,,,,False,True,False,no TV drawing read (f_rr False),https://www.tradingview.com/chart/?symbol=NASDAQ:STRZ,https://finviz.com/quote.ashx?t=STRZ,"$vol(30d) $7.2M < $50M | FAIL: dollar_vol, history, rr (no TV drawing read)"
STT,FAIL,"no_earnings_14d,rr",True,True,False,True,False,True,False,False,False,,False,174.9199981689453,278754019.2246821,1593608.6333333333,1.92,94.62,2026-10-14,5,264,130.82041931152344,132.6490334945846,131.73472640305403,122.1140152126941,194.25999450683594,6.499027656752966,0.9999999999999994,9.620711190359932,4.488781641128926,,,,,,,,,,,False,,,,,,,,,,True,True,,5.9,4/5,2/3,0.73,38.8,True,"clear uptrend: recent high +5.9 ATR vs prior 2.5y high, 30w EMA +38.8% in 26w (4/5 HH, 2/3 HL)",,,,,,,False,,no SMA50/100/150/200 support with an earlier bounce,,,,2,,,,,False,True,True,no TV drawing read (f_rr False),https://www.tradingview.com/chart/?symbol=NYSE:STT,https://finviz.com/quote.ashx?t=STT,"FAIL: no_earnings_14d, rr (no TV drawing read)"
SUNB,FAIL,"history,rr",True,True,True,False,False,False,False,False,False,,False,74.9749984741211,530683950.5612737,7078145.533333333,2.11,81.55,2026-12-30,82,32,,,,,,,,,,,,,,,,,,,,False,,,,,,,,,,,,,,,,,,,not enough history (32 weekly bars < 130),,,,,,,False,,no SMA50/100/150/200 support with an earlier bounce,,,,4,,,,,False,True,False,no computed weekly retest setup; no TV drawing read (f_rr False),https://www.tradingview.com/chart/?symbol=NYSE:SUNB,https://finviz.com/quote.ashx?t=SUNB,"history 32 weekly bars < ~3y (150) | FAIL: history, rr (no TV drawing read)"
SYBT,FAIL,"dollar_vol,rr",False,True,True,True,False,True,False,False,False,,False,75.13999938964844,11526591.1210378,153401.53333333333,4.67,65.56,2026-10-28,19,261,71.60531298907254,71.74852361505069,71.67691830206161,67.55782673712257,85.37355881380105,3.325160486434136,0.942764989428112,4.3691605130963875,0.7926193320676544,,,,,,,,,,,False,,,,,,,,,,True,True,,1.57,5/6,3/5,0.72,13.4,True,"clear uptrend: recent high +1.6 ATR vs prior 2.5y high, 30w EMA +13.4% in 26w (5/6 HH, 3/5 HL)",,,,,,,True,SMA150,"SMA150 74.49 (latest low 74.95 / close 75.14); held before 5x, last 2026-06-03",,,,2,,,,,False,True,False,no TV drawing read (f_rr False),https://www.tradingview.com/chart/?symbol=NASDAQ:SYBT,https://finviz.com/quote.ashx?t=SYBT,"$vol(30d) $11.5M < $50M | FAIL: dollar_vol, rr (no TV drawing read)"
TGT,FAIL,rr,True,True,True,True,False,True,True,False,False,,True,153.74000549316406,510202048.57429755,3318603.033333333,3.7,89.56,2026-11-18,40,262,139.32064819335938,141.73214159212128,140.5263948927403,131.38869271011097,166.05999755859375,2.794313291846226,1.0000000000000013,9.137702182629328,1.446053979034541,no,,,,,,,2026-10-07,charts/latest/TGT.webp,,False,,,,,,,,,,True,True,,1.73,4/6,2/4,0.58,32.2,True,"clear uptrend: recent high +1.7 ATR vs prior 2.5y high, 30w EMA +32.2% in 26w (4/6 HH, 2/4 HL)",,,,,,,False,,no SMA50/100/150/200 support with an earlier bounce,,,,5,,,,,False,True,False,TV drawing not found (f_rr False),https://www.tradingview.com/chart/?symbol=NYSE:TGT,https://finviz.com/quote.ashx?t=TGT,FAIL: rr (TV drawing not found)
THFF,FAIL,"dollar_vol,rr",False,True,True,True,False,True,False,False,False,,False,73.27999877929688,8497128.519787597,115954.26666666666,3.54,81.99,2026-10-27,18,262,66.74281311035156,68.1006906678378,67.42175188909468,63.53139555277353,82.05999755859375,3.7627004839719875,0.9999999999999994,3.8903563363211497,1.5058381247775232,,,,,,,,,,,False,,,,,,,,,,True,True,,4.13,8/8,4/5,0.9,22.1,True,"clear uptrend: recent high +4.1 ATR vs prior 2.5y high, 30w EMA +22.1% in 26w (8/8 HH, 4/5 HL)",,,,,,,True,SMA150,"SMA150 72.00 (latest low 73.28 / close 73.28); held before 6x, last 2026-03-09",,,,1,,,,,False,True,False,no TV drawing read (f_rr False),https://www.tradingview.com/chart/?symbol=NASDAQ:THFF,https://finviz.com/quote.ashx?t=THFF,"$vol(30d) $8.5M < $50M | FAIL: dollar_vol, rr (no TV drawing read)"
TMP,FAIL,"dollar_vol,rr",False,True,True,True,False,True,True,False,False,,False,95.94999694824219,10566950.77557729,110129.76666666666,2.48,70.75,2026-10-23,14,261,82.65495693888005,84.98105139058033,83.81800416473018,78.74342660841612,101.20999908447266,3.427279360052818,1.0000000000000013,5.074577556314061,2.3907394554285073,,,,,,,,,,,False,,,,,,,,,,True,True,,3.45,4/5,3/3,0.9,25.7,True,"clear uptrend: recent high +3.4 ATR vs prior 2.5y high, 30w EMA +25.7% in 26w (4/5 HH, 3/3 HL)",,,,,,,True,SMA100,"SMA100 94.51 (latest low 95.50 / close 95.95); held before 4x, last 2026-03-09",,,,6,,,,,False,True,False,no TV drawing read (f_rr False),https://www.tradingview.com/chart/?symbol=AMEX:TMP,https://finviz.com/quote.ashx?t=TMP,"$vol(30d) $10.6M < $50M | FAIL: dollar_vol, rr (no TV drawing read)"
TNET,FAIL,"dollar_vol,rr",False,True,True,True,False,True,True,False,False,,False,66.51499938964844,19178766.41934611,288337.4666666667,4.0,96.34,2026-10-28,19,264,44.209415435791016,46.10822304583507,45.158819240813045,39.79560556545032,70.6500015258789,4.752967871141523,0.9999999999999999,5.363213675362723,3.981974510346362,,,,,,,,,,,False,,,,,,,,,,False,False,,-9.94,1/6,2/4,0.33,15.4,True,not near a new high: recent 26w high 73.08 is -9.94 ATR vs prior 2.5y high 126.40 (needs >= -1),,,,,,,False,,no SMA50/100/150/200 support with an earlier bounce,,,,29,,,,,False,True,False,no TV drawing read (f_rr False),https://www.tradingview.com/chart/?symbol=NYSE:TNET,https://finviz.com/quote.ashx?t=TNET,"$vol(30d) $19.2M < $50M | FAIL: dollar_vol, rr (no TV drawing read)"
TPC,FAIL,"dollar_vol,rr",False,True,True,True,False,True,False,False,False,,False,83.7750015258789,31252744.629237875,373055.73333333334,4.09,81.19,2026-11-11,33,264,79.45196533203125,85.635893885523,82.54392960877712,74.5380167453331,99.87191409742356,2.164398337105083,0.9999999999999998,8.005912863444026,0.1537703367623461,,,,,,,,,,,False,,,,,,,,,,True,True,,1.61,5/6,5/6,0.83,18.3,True,"clear uptrend: recent high +1.6 ATR vs prior 2.5y high, 30w EMA +18.3% in 26w (5/6 HH, 5/6 HL)",,,,,,,True,"SMA100,SMA150,SMA200","SMA100 82.91 (latest low 83.30 / close 83.78); held before 2x, last 2026-08-19; SMA150 82.06 (latest low 83.30 / close 83.78); held before 2x, last 2026-05-07; SMA200 80.72 (latest low 83.30 / close 83.78); held before 4x, last 2026-07-29",,,,2,,,,,False,True,False,no TV drawing read (f_rr False),https://www.tradingview.com/chart/?symbol=NYSE:TPC,https://finviz.com/quote.ashx?t=TPC,"$vol(30d) $31.3M < $50M | FAIL: dollar_vol, rr (no TV drawing read)"
TSBK,FAIL,"dollar_vol,rr",False,True,True,True,False,True,False,False,False,,False,45.560001373291016,1371412.23200442,30101.233333333334,2.15,66.27,2026-10-29,20,261,40.995304107666016,41.54769268936744,41.27149839851673,39.095628408476294,46.54999923706055,2.4259265777390193,0.9999999999999993,2.1758699900404337,1.9709371398125661,,,,,,,,,,,False,,,,,,,,,,True,True,,2.95,7/8,5/6,0.85,19.5,True,"clear uptrend: recent high +3.0 ATR vs prior 2.5y high, 30w EMA +19.5% in 26w (7/8 HH, 5/6 HL)",,,,,,,False,,no SMA50/100/150/200 support with an earlier bounce,,,,2,,,,,False,True,False,no TV drawing read (f_rr False),https://www.tradingview.com/chart/?symbol=NASDAQ:TSBK,https://finviz.com/quote.ashx?t=TSBK,"$vol(30d) $1.4M < $50M | FAIL: dollar_vol, rr (no TV drawing read)"
UBS,FAIL,rr,True,True,True,True,False,True,False,False,False,,True,47.86000061035156,102145102.60597484,2134247.8333333335,0.21,60.19,2026-10-28,19,261,46.90986128017885,48.11867836903459,47.51426982460672,45.19386987323581,55.380001068115234,3.3898170179073577,0.9777456978514452,2.3732141767229353,0.14568039797497137,,,,,,,,,,,False,,,,,,,,,,True,True,,3.31,4/4,1/2,0.75,23.2,True,"clear uptrend: recent high +3.3 ATR vs prior 2.5y high, 30w EMA +23.2% in 26w (4/4 HH, 1/2 HL)",,,,,,,True,"SMA150,SMA200","SMA150 47.55 (latest low 47.68 / close 47.86); held before 4x, last 2026-04-23; SMA200 46.64 (latest low 47.68 / close 47.86); held before 1x, last 2026-04-23",,,,0,,,,,False,True,False,no TV drawing read (f_rr False),https://www.tradingview.com/chart/?symbol=NYSE:UBS,https://finviz.com/quote.ashx?t=UBS,FAIL: rr (no TV drawing read)
UBSI,FAIL,"dollar_vol,no_earnings_14d,rr",False,True,False,True,False,True,True,False,False,,False,45.36000061035156,47732833.650279745,1052311.1333333333,4.64,76.48,2026-10-22,13,261,43.56324005126953,44.212409868209754,43.887824959739646,42.106744031480765,48.87442398071289,2.7997599333388856,1.000000000000001,1.7810809282588786,0.8265630310527567,,,,,,,,,,,False,,,,,,,,,,True,True,,2.52,4/7,4/5,0.69,15.5,True,"clear uptrend: recent high +2.5 ATR vs prior 2.5y high, 30w EMA +15.5% in 26w (4/7 HH, 4/5 HL)",,,,,,,True,SMA150,"SMA150 44.53 (latest low 45.20 / close 45.36); held before 4x, last 2026-03-12",,,,15,,,,,False,True,True,no TV drawing read (f_rr False),https://www.tradingview.com/chart/?symbol=NASDAQ:UBSI,https://finviz.com/quote.ashx?t=UBSI,"$vol(30d) $47.7M < $50M | FAIL: dollar_vol, no_earnings_14d, rr (no TV drawing read)"
USFD,FAIL,rr,True,True,True,True,False,True,True,False,False,,False,97.31999969482422,209919411.27373528,2157001.7666666666,4.94,109.47,2026-11-05,27,264,93.69000244140625,93.73999786376953,93.71500015258789,88.7599966430664,109.7300033569336,3.232087156663243,0.7904246973883007,6.268786294119699,0.5750713731648375,no,,,,,,,2026-10-07,charts/latest/USFD.webp,user-lines,False,"user lines only, no zone/position","hline 85.66, hline 83.41",,,,,,,,True,True,,1.48,4/7,4/6,0.62,13.0,True,"clear uptrend: recent high +1.5 ATR vs prior 2.5y high, 30w EMA +13.0% in 26w (4/7 HH, 4/6 HL)",,,,,,,True,SMA100,"SMA100 97.09 (latest low 97.11 / close 97.32); held before 4x, last 2026-07-23",,,,12,,,,,False,True,False,TV drawing not found (f_rr False),https://www.tradingview.com/chart/?symbol=NYSE:USFD,https://finviz.com/quote.ashx?t=USFD,FAIL: rr (TV drawing not found)
UTL,FAIL,"dollar_vol,rr",False,True,True,True,False,False,False,False,False,,False,52.415000915527344,7763227.717599487,148110.8,4.0,84.88,2026-11-09,31,264,52.186161041259766,52.75575210838992,52.47095657482484,50.05845636844537,53.79999923706055,0.5508984657167147,0.9999999999999998,2.41250020637947,-0.02319405368319966,,,,,,,,,,,False,,,,,,,,,,False,False,,-1.03,3/5,2/5,0.5,4.3,False,not near a new high: recent 26w high 56.76 is -1.03 ATR vs prior 2.5y high 59.25 (needs >= -1); sideways / not rising enough: 30w EMA +4.3% in 26w (needs >= +8%),,,,,,,True,"SMA100,SMA150,SMA200","SMA100 52.37 (latest low 52.42 / close 52.42); held before 7x, last 2026-04-21; SMA150 52.05 (latest low 52.42 / close 52.42); held before 7x, last 2026-08-31; SMA200 51.37 (latest low 52.42 / close 52.42); held before 5x, last 2026-08-03",,,,2,,,,,False,True,False,no TV drawing read (f_rr False),https://www.tradingview.com/chart/?symbol=NYSE:UTL,https://finviz.com/quote.ashx?t=UTL,"$vol(30d) $7.8M < $50M | FAIL: dollar_vol, rr (no TV drawing read)"
UVSP,FAIL,"dollar_vol,rr",False,True,True,True,False,True,False,False,False,,False,40.93000030517578,9083915.586063385,221937.83333333334,3.3,82.78,2026-10-28,19,264,35.21139907836914,35.57501000171196,35.39320454004055,33.717330829103794,44.46081763382424,5.4106780448958816,1.0000000000000009,1.6758737109367543,3.303826373671294,,,,,,,,,,,False,,,,,,,,,,True,True,,4.73,4/7,2/4,0.54,24.1,True,"clear uptrend: recent high +4.7 ATR vs prior 2.5y high, 30w EMA +24.1% in 26w (4/7 HH, 2/4 HL)",,,,,,,False,,no SMA50/100/150/200 support with an earlier bounce,,,,2,,,,,False,True,False,no TV drawing read (f_rr False),https://www.tradingview.com/chart/?symbol=NASDAQ:UVSP,https://finviz.com/quote.ashx?t=UVSP,"$vol(30d) $9.1M < $50M | FAIL: dollar_vol, rr (no TV drawing read)"
VGNT,FAIL,"dollar_vol,history,rr",False,True,True,False,False,False,True,False,False,,False,43.95000076293945,31882750.138460923,725432.3,4.33,99.09,2026-11-04,26,29,,,,,,,,,,,,,,,,,,,,False,,,,,,,,,,,,,,,,,,,not enough history (29 weekly bars < 130),,,,,,,False,,no SMA50/100/150/200 support with an earlier bounce,,,,14,,,,,False,True,False,too few weekly bars for computed retest (29); no TV drawing read (f_rr False),https://www.tradingview.com/chart/?symbol=NYSE:VGNT,https://finviz.com/quote.ashx?t=VGNT,"$vol(30d) $31.9M < $50M | FAIL: dollar_vol, history, rr (no TV drawing read)"
WABC,FAIL,"dollar_vol,no_earnings_14d,rr",False,True,False,True,False,True,True,False,False,,False,58.76499938964844,13216344.34556427,224901.63333333333,4.34,81.0,2026-10-15,6,264,52.199039459228516,52.48422351324328,52.3416314862359,49.538048581467976,60.87034606933594,3.04207682554907,0.9999999999999999,2.803582904767922,2.2911282175706735,,,,,,,,,,,False,,,,,,,,,,True,True,,2.43,4/5,4/5,0.8,16.2,True,"clear uptrend: recent high +2.4 ATR vs prior 2.5y high, 30w EMA +16.2% in 26w (4/5 HH, 4/5 HL)",,,,,,,True,SMA100,"SMA100 58.40 (latest low 58.76 / close 58.76); held before 7x, last 2026-09-10",,,,15,,,,,False,True,True,no TV drawing read (f_rr False),https://www.tradingview.com/chart/?symbol=NASDAQ:WABC,https://finviz.com/quote.ashx?t=WABC,"$vol(30d) $13.2M < $50M | FAIL: dollar_vol, no_earnings_14d, rr (no TV drawing read)"
WNEB,FAIL,"dollar_vol,rr",False,True,True,True,False,False,True,False,False,,False,13.59000015258789,684253.3366827647,50349.76666666667,1.8,62.74,2026-10-27,18,261,13.956321235584255,13.984233878055424,13.97027755681984,13.017506122185768,14.646400585401636,0.7096382238217228,1.0000000000000002,0.952771434634071,-0.3991276295746641,,,,,,,,,,,False,,,,,,,,,,True,True,,0.67,5/6,2/4,0.67,9.6,True,"clear uptrend: recent high +0.7 ATR vs prior 2.5y high, 30w EMA +9.6% in 26w (5/6 HH, 2/4 HL)",,,,,,,True,SMA200,"SMA200 13.45 (latest low 13.59 / close 13.59); held before 5x, last 2026-08-20",,,,28,,,,,False,True,False,no TV drawing read (f_rr False),https://www.tradingview.com/chart/?symbol=NASDAQ:WNEB,https://finviz.com/quote.ashx?t=WNEB,"$vol(30d) $0.7M < $50M | FAIL: dollar_vol, rr (no TV drawing read)"
WPM,FAIL,rr,True,True,True,True,False,False,True,False,False,,True,139.51809692382812,251857612.8077779,1805196.7333333334,1.4,66.15,2026-11-05,27,261,151.95065307617188,153.7356028078576,152.84312794201475,139.6687022461118,159.5,0.5052874570506279,1.0,13.174425695902954,-1.0114316423167125,,,,,,,,,,,False,,,,,,,,,,False,False,,-0.09,6/7,3/5,0.73,7.5,False,sideways / not rising enough: 30w EMA +7.5% in 26w (needs >= +8%),,,,,,,True,SMA200,"SMA200 133.17 (latest low 136.82 / close 139.52); held before 1x, last 2026-03-20",,,,5,,,,,False,True,False,no TV drawing read (f_rr False),https://www.tradingview.com/chart/?symbol=NYSE:WPM,https://finviz.com/quote.ashx?t=WPM,FAIL: rr (no TV drawing read)
WTW,FAIL,"no_earnings_14d,rr",True,True,False,True,False,True,False,False,False,,False,298.4493103027344,150189492.0300242,503232.8333333333,2.65,100.49,2026-10-22,13,261,295.573974609375,296.18966608903696,295.881820349206,277.6128916381207,343.8422824358481,2.6252476456126512,1.0000000000000007,18.268928711085312,0.14053861581771082,,,,,,,,,,,False,,,,,,,,,,False,False,,0.12,3/5,4/7,0.59,-1.5,False,sideways / not rising enough: 30w EMA -1.5% in 26w (needs >= +8%),,,,,,,True,"SMA100,SMA150,SMA200","SMA100 296.36 (latest low 292.02 / close 298.45); held before 4x, last 2026-07-15; SMA150 290.33 (latest low 292.02 / close 298.45); held before 2x, last 2026-01-02; SMA200 295.87 (latest low 292.02 / close 298.45); held before 3x, last 2026-01-02",,,,2,,,,,False,True,True,no TV drawing read (f_rr False),https://www.tradingview.com/chart/?symbol=NASDAQ:WTW,https://finviz.com/quote.ashx?t=WTW,"FAIL: no_earnings_14d, rr (no TV drawing read)"
XHR,FAIL,"dollar_vol,rr",False,True,True,True,False,True,False,False,False,,False,18.104999542236328,14173455.439640807,782847.6,3.54,97.32,2026-11-03,25,264,15.916731810340291,16.21185013042073,16.06429097038051,15.06526984894671,21.489999771118164,5.431025114815025,0.9999999999999994,0.9990211214338031,2.042708135066229,,,,,,,,,,,False,,,,,,,,,,True,True,,5.85,4/4,1/2,0.75,26.1,True,"clear uptrend: recent high +5.9 ATR vs prior 2.5y high, 30w EMA +26.1% in 26w (4/4 HH, 1/2 HL)",,,,,,,True,SMA150,"SMA150 17.83 (latest low 18.07 / close 18.10); held before 7x, last 2026-04-02",,,,4,,,,,False,True,False,no TV drawing read (f_rr False),https://www.tradingview.com/chart/?symbol=NYSE:XHR,https://finviz.com/quote.ashx?t=XHR,"$vol(30d) $14.2M < $50M | FAIL: dollar_vol, rr (no TV drawing read)"
XYZ,FAIL,rr,True,True,True,True,False,True,True,False,False,,True,76.62999725341797,308483660.7909564,4025625.3666666667,2.52,75.4,2026-11-03,25,261,66.33000183105469,67.73999786376953,67.03499984741211,61.21471514020647,83.56999969482422,2.8409262912759963,1.0000000000000002,5.820284707205636,1.648544339098575,,,,,,,,,,,False,,,,,,,,,,False,False,,-2.12,2/5,3/6,0.45,17.8,True,not near a new high: recent 26w high 86.92 is -2.12 ATR vs prior 2.5y high 99.26 (needs >= -1),,,,,,,True,SMA150,"SMA150 73.38 (latest low 75.28 / close 76.63); held before 4x, last 2026-06-11",,,,8,,,,,False,True,False,no TV drawing read (f_rr False),https://www.tradingview.com/chart/?symbol=NYSE:XYZ,https://finviz.com/quote.ashx?t=XYZ,FAIL: rr (no TV drawing read)
ZM,FAIL,rr,True,True,True,True,False,True,True,False,False,,True,95.93000030517578,267123535.54344916,2784567.2333333334,2.69,70.68,2026-11-23,45,261,89.81999969482422,90.6449966430664,90.23249816894531,82.51264081682477,107.48999786376953,2.2354687279401366,1.0000000000000009,7.719857352120536,0.7380320485669914,,,,,,,,,,,False,,,,,,,,,,True,True,,2.22,4/5,2/4,0.65,13.8,True,"clear uptrend: recent high +2.2 ATR vs prior 2.5y high, 30w EMA +13.8% in 26w (4/5 HH, 2/4 HL)",,,,,,,True,"SMA100,SMA150","SMA100 95.33 (latest low 95.40 / close 95.93); held before 6x, last 2026-02-04; SMA150 92.85 (latest low 95.40 / close 95.93); held before 4x, last 2026-08-26",,,,5,,,,,False,True,False,no TV drawing read (f_rr False),https://www.tradingview.com/chart/?symbol=NASDAQ:ZM,https://finviz.com/quote.ashx?t=ZM,FAIL: rr (no TV drawing read)
