ticker,status,failed_filters,f_dollar_vol,f_short_float,f_no_earnings_14d,f_history,f_rr,f_rr_computed,f_smooth_streak,f_weekly_reversal,f_daily_reversal,current_price,dollar_vol_30d,avg_vol_30d,short_float_pct,inst_own_pct,earnings_date,days_to_earnings,weekly_bars,zone_lo,zone_hi,entry,sl,tp,rr,sl_atr_mult,atr,atrs_from_entry,tv_found,tv_zone_top,tv_zone_bottom,tv_entry,tv_sl,tv_tp,tv_rr,tv_read_date,smooth_streak_weeks,weekly_reversal_kind,weekly_reversal_date,daily_reversal_kind,daily_reversal_date,smooth_pullback,earnings_known,earnings_blackout,filter_notes,tradingview_url,finviz_url,reason
SNEX,PASS,,True,True,True,True,True,True,True,True,True,65.25,54110289.45,829276.4666666667,4.5,84.0,2026-11-30,62,263,45.38666534423828,45.51555633544922,45.45111083984375,41.954623222351074,70.37000274658203,7.1268354511169605,0.5,6.992975234985352,2.831254007751069,yes,58.87,56.98,57.67,51.65,93.27,5.91,2026-09-29,7,strong_close,2026-09-11,hammer,2026-09-28,False,True,False,,https://www.tradingview.com/chart/?symbol=NASDAQ:SNEX,https://finviz.com/quote.ashx?t=SNEX,PASS (TV) entry=57.67 SL=51.65 TP=93.27 R:R=5.91 zone=[56.98-58.87]
WDC,PASS,,True,True,True,True,True,True,True,True,True,453.4800109863281,2902897902.959662,6401380.066666666,4.83,92.51,2026-10-22,23,263,285.21746826171875,309.5716191307068,297.39454369621274,241.10422989889253,772.5020143301236,8.440305952896095,0.6238251856230663,90.2341154134365,1.7297833150461976,yes,433.33,408.24,442.29,365.23,727.22,3.7,2026-09-29,7,strong_close,2026-09-18,hammer,2026-09-28,True,True,False,,https://www.tradingview.com/chart/?symbol=NASDAQ:WDC,https://finviz.com/quote.ashx?t=WDC,PASS (TV) entry=442.29 SL=365.23 TP=727.22 R:R=3.7 zone=[408.24-433.33]
SPG,PASS,,True,True,True,True,True,True,True,True,True,204.30999755859375,234110953.4571533,1145861.4666666666,3.08,96.68,2026-11-02,34,263,201.8258056640625,202.31512780401616,202.07046673403931,194.17543021310215,227.8346030991588,3.2633333990025934,1.000000000000001,7.89503652093716,0.28366313678414723,yes,203.89,201.79,202.92,196.07,227.16,3.54,2026-09-29,11,hammer,2026-09-18,rejection,2026-09-29,True,True,False,,https://www.tradingview.com/chart/?symbol=NYSE:SPG,https://finviz.com/quote.ashx?t=SPG,PASS (TV) entry=202.92 SL=196.07 TP=227.16 R:R=3.54 zone=[201.79-203.89]
BPOP,PASS,,True,True,True,True,True,True,True,True,True,156.3000030517578,80243218.05674896,513392.3,2.83,93.73,2026-10-28,29,263,145.18597412109375,145.50082762825642,145.34340087467507,139.46928459204034,177.02821362200743,5.393970977557955,0.8614045259804347,6.819230809066066,1.6067211220532533,yes,146.69,143.39,145.45,136.59,176.59,3.51,2026-09-29,14,rejection,2026-09-18,hammer,2026-09-25,False,True,False,,https://www.tradingview.com/chart/?symbol=NASDAQ:BPOP,https://finviz.com/quote.ashx?t=BPOP,PASS (TV) entry=145.45 SL=136.59 TP=176.59 R:R=3.51 zone=[143.39-146.69]
UNH,PASS,,True,True,True,True,True,True,True,True,True,374.95001220703125,1694077048.0997558,4518141.066666666,1.48,90.17,2026-10-13,14,263,349.3529357910156,350.9317071763275,350.1423214836716,330.05523823952535,424.6352826432401,3.7085006446258024,1.0000000000000013,20.087083244146214,1.2350071148626878,yes,354.18,346.7,351.27,330.5,423.15,3.46,2026-09-29,27,hammer,2026-09-25,hammer,2026-09-29,True,True,False,,https://www.tradingview.com/chart/?symbol=NYSE:UNH,https://finviz.com/quote.ashx?t=UNH,PASS (TV) entry=351.27 SL=330.5 TP=423.15 R:R=3.46 zone=[346.7-354.18]
ROST,PASS,,True,True,True,True,True,True,True,True,True,234.39999389648438,576411001.3375641,2459091.3666666667,3.03,96.36,2026-11-12,44,263,191.2069091796875,193.7515609738917,192.47923507678962,184.9943125962721,255.75570326720648,8.453857518914715,0.6354017609199849,11.7798264670848,3.5586906935199574,yes,212.6,205.24,210.04,197.13,253.89,3.4,2026-09-29,13,strong_close,2026-09-25,rejection,2026-09-28,False,True,False,,https://www.tradingview.com/chart/?symbol=NASDAQ:ROST,https://finviz.com/quote.ashx?t=ROST,PASS (TV) entry=210.04 SL=197.13 TP=253.89 R:R=3.4 zone=[205.24-212.6]
ATI,PASS,,True,True,True,True,True,True,True,True,True,188.88999938964844,341609068.719841,1808507.9666666666,3.22,94.56,2026-11-03,35,263,202.80999755859375,202.85000610351562,202.8300018310547,192.7719666617257,231.25999450683594,2.826595075196776,0.5000000000000007,20.116070338657924,-0.6929784101329743,yes,168.14,163.3,165.72,145.82,231.26,3.29,2026-09-29,13,hammer,2026-09-18,strong_close,2026-09-29,False,True,False,,https://www.tradingview.com/chart/?symbol=NYSE:ATI,https://finviz.com/quote.ashx?t=ATI,PASS (TV) entry=165.72 SL=145.82 TP=231.26 R:R=3.29 zone=[163.3-168.14]
MOG-A,PASS,,True,True,True,True,True,True,True,True,True,387.5400085449219,98563011.61922912,254329.9,2.57,90.19,2026-10-30,31,263,344.507080078125,345.34571230956607,344.92639619384556,317.66173064387937,443.3500061035156,3.6099327801874352,0.855912589256286,31.854497634690514,1.337758103730658,yes,353.61,344.29,349.88,316.8,439.61,2.71,2026-09-29,8,strong_close,2026-09-25,rejection,2026-09-29,False,True,False,,https://www.tradingview.com/chart/?symbol=NYSE:MOG.A,https://finviz.com/quote.ashx?t=MOG-A,PASS (TV) entry=349.88 SL=316.8 TP=439.61 R:R=2.71 zone=[344.29-353.61]
WELL,PASS,,True,True,True,True,True,True,True,False,True,232.96499633789062,550755296.829364,2364111.8,2.44,101.69,2026-10-26,27,263,216.76171204387026,218.92354913493656,217.84263058940343,207.12647667456307,239.85000610351562,2.0536636268013178,1.0000000000000002,10.716153914840358,1.4111747431646031,yes,220.4,214.72,218.23,206.34,249.6,2.64,2026-09-29,8,,,hammer,2026-09-29,True,True,False,,https://www.tradingview.com/chart/?symbol=NYSE:WELL,https://finviz.com/quote.ashx?t=WELL,PASS (TV) entry=218.23 SL=206.34 TP=249.6 R:R=2.64 zone=[214.72-220.4]
ROK,PASS,,True,True,True,True,True,True,True,True,True,431.32000732421875,282948699.63006794,656006.4333333333,3.41,92.55,2026-11-04,36,263,417.6122741699219,424.4363112700077,421.0242927199648,396.28267273869994,478.6056823730469,2.32730878967038,1.0000000000000007,24.741619981264858,0.4161293646919714,yes,415.4,411.42,412.91,388.07,477.44,2.6,2026-09-29,7,strong_close,2026-09-25,hammer,2026-09-29,False,True,False,,https://www.tradingview.com/chart/?symbol=NYSE:ROK,https://finviz.com/quote.ashx?t=ROK,PASS (TV) entry=412.91 SL=388.07 TP=477.44 R:R=2.6 zone=[411.42-415.4]
ST,PASS,,True,True,True,True,True,True,True,True,True,41.900001525878906,56073869.79538421,1338278.4666666666,4.59,107.23,2026-10-27,28,263,38.1473274230957,38.18711694284953,38.167222182972615,35.39191506721856,46.8081828406849,3.113515116457491,0.8959254383017001,3.0976987560648737,1.2050168970104067,yes,41.96,41.31,42.11,38.46,51.55,2.59,2026-09-29,13,hammer,2026-09-25,hammer,2026-09-29,True,True,False,,https://www.tradingview.com/chart/?symbol=NYSE:ST,https://finviz.com/quote.ashx?t=ST,PASS (TV) entry=42.11 SL=38.46 TP=51.55 R:R=2.59 zone=[41.31-41.96]
ASB,PASS,,True,True,True,True,True,True,True,True,True,28.700000762939453,54391435.9325681,1895171.9333333333,4.55,80.97,2026-10-22,23,263,28.170221585616805,28.278417871726944,28.224319728671873,26.969393259680214,32.076515197753906,3.0696583140662383,1.0000000000000009,1.254926468991658,0.3790509213259272,yes,28.78,28.63,28.73,27.42,32.11,2.58,2026-09-29,14,hammer,2026-09-25,hammer,2026-09-24,False,True,False,,https://www.tradingview.com/chart/?symbol=NYSE:ASB,https://finviz.com/quote.ashx?t=ASB,PASS (TV) entry=28.73 SL=27.42 TP=32.11 R:R=2.58 zone=[28.63-28.78]
AIT,PASS,,True,True,True,True,True,True,True,True,True,336.0199890136719,92818342.33792827,276228.63333333336,2.46,97.29,2026-10-22,23,263,290.3217468261719,293.8246543924392,292.07320060930556,274.60782059677416,361.95001220703125,4.000875534777321,1.000000000000001,17.46538001253138,2.516222857609429,yes,315.83,308.02,312.94,294.03,360.73,2.53,2026-09-29,26,strong_close,2026-09-25,rejection,2026-09-29,False,True,False,,https://www.tradingview.com/chart/?symbol=NYSE:AIT,https://finviz.com/quote.ashx?t=AIT,PASS (TV) entry=312.94 SL=294.03 TP=360.73 R:R=2.53 zone=[308.02-315.83]
CPAY,PASS,,True,True,True,True,True,True,True,True,True,392.635009765625,170520049.78217772,434296.6,4.94,100.48,2026-11-11,43,263,361.79998779296875,364.239990234375,363.0199890136719,341.8534458705357,417.6000061035156,2.5785985326348793,0.9999999999999997,21.16654314313616,1.399143003734014,yes,365.92,353.48,357.63,334.81,414.88,2.51,2026-09-29,13,hammer,2026-09-25,hammer,2026-09-29,False,True,False,,https://www.tradingview.com/chart/?symbol=NYSE:CPAY,https://finviz.com/quote.ashx?t=CPAY,PASS (TV) entry=357.63 SL=334.81 TP=414.88 R:R=2.51 zone=[353.48-365.92]
MUSA,PASS,,True,True,True,True,True,True,True,True,True,507.614990234375,133511118.07897949,263016.5,4.99,83.87,2026-10-28,29,263,505.08624267578125,506.1238809865399,505.6050618311606,463.6802518565263,622.5089585338304,2.7884180458635366,1.0,41.924809974634286,0.04794126447872945,yes,520.14,504.85,520.67,479,620.64,2.4,2026-09-29,7,hammer,2026-09-18,strong_close,2026-09-28,False,True,False,,https://www.tradingview.com/chart/?symbol=NYSE:MUSA,https://finviz.com/quote.ashx?t=MUSA,PASS (TV) entry=520.67 SL=479 TP=620.64 R:R=2.4 zone=[504.85-520.14]
URI,PASS,,True,True,True,True,True,True,True,True,True,1014.3400268554688,445026133.5690918,438734.6666666667,2.5,95.87,2026-10-28,29,263,970.7264404296875,997.3354913096188,984.0309658696531,902.259784652247,1160.8367919921875,2.162202177958744,0.9999999999999998,81.77118121740604,0.3706570032935272,yes,994.68,970.68,989.9,914.54,1165.22,2.33,2026-09-29,28,strong_close,2026-09-25,hammer,2026-09-29,True,True,False,,https://www.tradingview.com/chart/?symbol=NYSE:URI,https://finviz.com/quote.ashx?t=URI,PASS (TV) entry=989.9 SL=914.54 TP=1165.22 R:R=2.33 zone=[970.68-994.68]
UNP,PASS,,True,True,True,True,True,True,True,True,True,274.135009765625,644224848.2133219,2350027.6333333333,4.63,92.23,2026-10-22,23,263,262.3927820459206,265.5219318602399,263.95735695308025,250.69940839815453,307.0749771113229,3.2522090412112186,0.9999999999999991,13.257948554925731,0.767664225757117,yes,272.44,262.48,271.87,257.63,304.91,2.32,2026-09-29,8,hammer,2026-09-25,strong_close,2026-09-29,False,True,False,,https://www.tradingview.com/chart/?symbol=NYSE:UNP,https://finviz.com/quote.ashx?t=UNP,PASS (TV) entry=271.87 SL=257.63 TP=304.91 R:R=2.32 zone=[262.48-272.44]
WTS,PASS,,True,True,True,True,True,True,True,True,True,358.0799865722656,66518907.74559021,185765.5,2.75,82.48,2026-11-04,36,263,302.1103943028199,311.22603705146736,306.6682156771436,286.5986892552928,391.55438232421875,4.2296048677389235,1.0000000000000013,20.06952642185078,2.561683311029563,yes,343.23,333.26,344.28,325.15,388.28,2.3,2026-09-29,21,strong_close,2026-09-25,strong_close,2026-09-25,False,True,False,,https://www.tradingview.com/chart/?symbol=NYSE:WTS,https://finviz.com/quote.ashx?t=WTS,PASS (TV) entry=344.28 SL=325.15 TP=388.28 R:R=2.3 zone=[333.26-343.23]
EBAY,PASS,,True,True,True,True,True,True,True,True,True,105.20999908447266,522044727.91121674,4961930.733333333,4.54,96.1,2026-11-04,36,262,92.17344665527344,93.40223569089885,92.78784117308615,85.51013223878327,117.42298312858473,3.3850133576217756,1.0000000000000002,7.277708934302877,1.7068775384566006,yes,101.66,99.2,100.49,93.4,116.76,2.29,2026-09-29,22,strong_close,2026-09-18,hammer,2026-09-28,False,True,False,,https://www.tradingview.com/chart/?symbol=NASDAQ:EBAY,https://finviz.com/quote.ashx?t=EBAY,PASS (TV) entry=100.49 SL=93.4 TP=116.76 R:R=2.29 zone=[99.2-101.66]
LNG,PASS,,True,True,True,True,True,True,True,True,True,267.2699890136719,532526971.7420898,1992468.2666666666,1.89,90.78,2026-10-29,30,263,236.15563938956396,236.6279506683431,236.39179502895354,220.405756014824,292.0,3.4785480582085504,0.9999999999999994,15.986039014129554,1.931572540103654,yes,252.96,247.64,251,233.69,290.49,2.28,2026-09-29,20,hammer,2026-09-11,engulfing,2026-09-21,False,True,False,,https://www.tradingview.com/chart/?symbol=NYSE:LNG,https://finviz.com/quote.ashx?t=LNG,PASS (TV) entry=251 SL=233.69 TP=290.49 R:R=2.28 zone=[247.64-252.96]
WSM,PASS,,True,True,True,True,True,True,True,True,True,229.9149932861328,264628654.9006078,1150984.7666666666,4.97,97.86,2026-11-12,44,263,198.02880859375,204.18823569962044,201.10852214668523,185.35006025385957,251.77999877929688,3.215509037444878,1.0000000000000009,15.75846189282565,1.828000177641848,yes,220.43,219.03,220.43,207.36,249.85,2.25,2026-09-29,26,strong_close,2026-09-25,strong_close,2026-09-28,False,True,False,,https://www.tradingview.com/chart/?symbol=NYSE:WSM,https://finviz.com/quote.ashx?t=WSM,PASS (TV) entry=220.43 SL=207.36 TP=249.85 R:R=2.25 zone=[219.03-220.43]
IESC,PASS,,True,True,True,True,True,True,True,True,True,324.44000244140625,82582493.19076538,254538.56666666668,3.06,97.45,2026-12-09,71,263,259.8349914550781,265.0,262.41749572753906,238.73267418997628,384.4750061035156,5.153406378105922,0.5000000000000001,47.36964307512556,1.3093302521934358,yes,312.68,293.46,304.53,269.85,380.82,2.2,2026-09-29,11,hammer,2026-09-25,hammer,2026-09-25,False,True,False,,https://www.tradingview.com/chart/?symbol=NASDAQ:IESC,https://finviz.com/quote.ashx?t=IESC,PASS (TV) entry=304.53 SL=269.85 TP=380.82 R:R=2.2 zone=[293.46-312.68]
GL,PASS,,True,True,True,True,True,True,True,True,True,166.1199951171875,68587706.64398193,412880.5,2.71,88.06,2026-10-28,29,263,145.89846801757812,152.0726073494638,148.98553768352096,140.40217686624624,186.61000061035156,4.383418538238339,0.999999999999999,8.583360817274732,1.9962410760109268,yes,173.75,167.97,170.86,163.72,186.21,2.15,2026-09-29,9,hammer,2026-09-11,hammer,2026-09-29,False,True,False,,https://www.tradingview.com/chart/?symbol=NYSE:GL,https://finviz.com/quote.ashx?t=GL,PASS (TV) entry=170.86 SL=163.72 TP=186.21 R:R=2.15 zone=[167.97-173.75]
SWK,PASS,,True,True,True,True,True,True,True,True,True,88.78500366210938,141451664.09644774,1593193.2,4.75,100.14,2026-11-04,36,263,79.62845014666357,79.90309745824958,79.76577380245658,73.95728924036347,102.99365997314453,3.998958062534246,0.9999999999999997,5.808484562093115,1.5527681554864414,yes,90.29,89,89.86,83.76,102.48,2.07,2026-09-29,19,hammer,2026-09-25,engulfing,2026-09-25,True,True,False,,https://www.tradingview.com/chart/?symbol=NYSE:SWK,https://finviz.com/quote.ashx?t=SWK,PASS (TV) entry=89.86 SL=83.76 TP=102.48 R:R=2.07 zone=[89-90.29]
IVZ,FAIL,rr,True,True,True,True,False,True,True,True,True,30.415000915527344,116751617.63452785,3838619.566666667,2.98,98.29,2026-10-27,28,263,28.785341262817383,28.853784369721446,28.819562816269414,26.756822792980625,33.06999969482422,2.060578080885829,0.9999999999999996,2.0627400232887902,0.7734557342394491,yes,29.59,29.39,29.52,27.56,33.03,1.79,2026-09-29,13,hammer,2026-09-25,hammer,2026-09-29,True,True,False,TV R:R 1.79 < 2 (f_rr False),https://www.tradingview.com/chart/?symbol=NYSE:IVZ,https://finviz.com/quote.ashx?t=IVZ,FAIL: rr (TV R:R 1.79 < 2)
SJM,FAIL,rr,True,True,True,True,False,True,True,True,True,120.69999694824219,164097093.44433084,1359545.1333333333,4.53,89.86,2026-12-01,63,263,115.40843200683594,116.64682622654612,116.02762911669103,109.0202372697049,132.33999633789062,2.327879984079312,1.0000000000000004,7.007391846986136,0.6667770168384022,yes,117.04,113.27,115.15,106,131.43,1.78,2026-09-29,27,hammer,2026-09-18,strong_close,2026-09-29,True,True,False,TV R:R 1.78 < 2 (f_rr False),https://www.tradingview.com/chart/?symbol=NYSE:SJM,https://finviz.com/quote.ashx?t=SJM,FAIL: rr (TV R:R 1.78 < 2)
CGNX,FAIL,rr,True,True,True,True,False,True,True,True,True,59.66999816894531,92390268.41087952,1548353.8,4.26,107.38,2026-10-29,30,263,38.387417887536024,39.02471813408399,38.70606801081001,34.643742606371056,66.7962417602539,6.914801487529639,0.6695964403326693,6.066826464042587,3.455501864506297,yes,59.43,58.32,58.68,52.89,67.81,1.58,2026-09-29,16,hammer,2026-09-18,hammer,2026-09-29,False,True,False,TV R:R 1.58 < 2 (f_rr False),https://www.tradingview.com/chart/?symbol=NASDAQ:CGNX,https://finviz.com/quote.ashx?t=CGNX,FAIL: rr (TV R:R 1.58 < 2)
CLH,FAIL,rr,True,True,True,True,False,True,True,True,True,311.6000061035156,119307217.61694945,382885.8,2.25,95.23,2026-11-04,36,263,293.20001220703125,294.94000244140625,294.07000732421875,280.1528647286551,321.9800109863281,2.005440662151888,1.000000000000001,13.917142595563616,1.2595975545213522,yes,313.83,310.97,312.61,298.94,324.23,0.85,2026-09-29,5,strong_close,2026-09-11,hammer,2026-09-23,False,True,False,TV R:R 0.85 < 2 (f_rr False),https://www.tradingview.com/chart/?symbol=NYSE:CLH,https://finviz.com/quote.ashx?t=CLH,FAIL: rr (TV R:R 0.85 < 2)
ACHC,FAIL,"dollar_vol,short_float,rr",False,False,True,True,False,True,True,True,True,28.040000915527344,42956572.92523143,1531974.7333333334,24.71,138.54,2026-11-04,36,263,25.6200008392334,25.75,25.6850004196167,22.15571471623012,34.720001220703125,2.560008330415628,1.0000000000000004,3.5292857033865794,0.6672739737819662,,,,,,,,,8,hammer,2026-09-18,hammer,2026-09-29,True,True,False,no TV drawing read (f_rr False),https://www.tradingview.com/chart/?symbol=NASDAQ:ACHC,https://finviz.com/quote.ashx?t=ACHC,"$vol(30d) $43.0M < $50M | FAIL: dollar_vol, short_float, rr (no TV drawing read)"
ACIW,FAIL,"dollar_vol,short_float,rr",False,False,True,True,False,True,False,True,True,48.59000015258789,35493746.34846154,730474.3,6.49,103.98,2026-10-29,30,263,45.5099983215332,48.540000915527344,47.02499961853027,43.22464261736189,58.38999938964844,2.9905084621323983,0.9999999999999998,3.800357001168387,0.41180355781745537,,,,,,,,,1,hammer,2026-09-11,hammer,2026-09-28,False,True,False,no TV drawing read (f_rr False),https://www.tradingview.com/chart/?symbol=NASDAQ:ACIW,https://finviz.com/quote.ashx?t=ACIW,"$vol(30d) $35.5M < $50M | FAIL: dollar_vol, short_float, rr (no TV drawing read)"
ADM,FAIL,rr,True,True,True,True,False,True,False,True,True,79.41999816894531,286536591.9838028,3607864.5,3.05,89.61,2026-10-27,28,263,72.88384246826172,73.14049830009272,73.01217038417721,67.88383099271476,85.37811279296875,2.4112956387750204,0.9999999999999988,5.128339391462453,1.2494937046162962,,,,,,,,,1,hammer,2026-09-04,hammer,2026-09-25,False,True,False,no TV drawing read (f_rr False),https://www.tradingview.com/chart/?symbol=NYSE:ADM,https://finviz.com/quote.ashx?t=ADM,FAIL: rr (no TV drawing read)
ADP,FAIL,rr,True,True,True,True,False,True,False,True,True,261.79998779296875,570415677.7230469,2178822.4,2.66,92.0,2026-10-28,29,263,228.73956298828125,233.82815399089716,231.2838584895892,217.0712059547625,285.6518859863281,3.8253258752027777,0.9999999999999999,14.212652534826704,2.1471100646837593,,,,,,,,,1,hammer,2026-09-11,strong_close,2026-09-29,False,True,False,no TV drawing read (f_rr False),https://www.tradingview.com/chart/?symbol=NASDAQ:ADP,https://finviz.com/quote.ashx?t=ADP,FAIL: rr (no TV drawing read)
ADUS,FAIL,"dollar_vol,rr",False,True,True,True,False,True,True,True,True,112.95999908447266,23213426.65985794,205501.3,4.85,105.02,2026-11-02,34,263,99.79000091552734,103.5,101.64500045776367,94.53107179914203,121.01000213623047,2.722124807225555,0.9999999999999991,7.113928658621652,1.5905414813228256,,,,,,,,,19,strong_close,2026-09-04,hammer,2026-09-29,True,True,False,no TV drawing read (f_rr False),https://www.tradingview.com/chart/?symbol=NASDAQ:ADUS,https://finviz.com/quote.ashx?t=ADUS,"$vol(30d) $23.2M < $50M | FAIL: dollar_vol, rr (no TV drawing read)"
AGIO,FAIL,"dollar_vol,short_float,rr",False,False,True,True,False,True,False,False,True,33.29999923706055,29325165.91812833,880635.6333333333,12.97,113.55,2026-10-29,30,263,30.229999542236328,31.020000457763672,30.625,26.926784787859237,41.22999954223633,2.8675993510116675,0.9999999999999997,3.6982152121407643,0.7233216791383229,,,,,,,,,1,,,hammer,2026-09-29,False,True,False,no TV drawing read (f_rr False),https://www.tradingview.com/chart/?symbol=NASDAQ:AGIO,https://finviz.com/quote.ashx?t=AGIO,"$vol(30d) $29.3M < $50M | FAIL: dollar_vol, short_float, rr (no TV drawing read)"
AGYS,FAIL,"dollar_vol,short_float,rr",False,False,True,True,False,False,True,True,True,96.33999633789062,21610223.681211345,224312.06666666668,6.38,105.91,2026-11-02,34,263,110.80999755859375,112.12000274658203,111.46500015258789,101.52160753522601,117.87999725341797,0.6451517452533284,0.9999999999999994,9.943392617361885,-1.5211109926694346,,,,,,,,,16,hammer,2026-09-25,hammer,2026-09-29,False,True,False,no TV drawing read (f_rr False),https://www.tradingview.com/chart/?symbol=NASDAQ:AGYS,https://finviz.com/quote.ashx?t=AGYS,"$vol(30d) $21.6M < $50M | FAIL: dollar_vol, short_float, rr (no TV drawing read)"
AHR,FAIL,"short_float,history,rr",True,False,True,False,False,True,False,False,True,52.08000183105469,146184120.97961426,2806914.6666666665,11.52,80.03,2026-11-17,49,139,51.46139144897461,51.93908328373949,51.70023736635705,48.85452334222201,57.5,2.0380693859094974,0.9999999999999989,2.8457140241350447,0.13345138038354576,,,,,,,,,1,,,hammer,2026-09-29,False,True,False,no TV drawing read (f_rr False),https://www.tradingview.com/chart/?symbol=NYSE:AHR,https://finviz.com/quote.ashx?t=AHR,"history 139 weekly bars < ~3y (150) | FAIL: short_float, history, rr (no TV drawing read)"
AIZ,FAIL,rr,True,True,True,True,False,True,False,True,True,263.6000061035156,93615442.15428162,355142.0333333333,2.7,101.34,2026-11-03,35,263,240.75289916992188,243.72137027574166,242.23713472283177,230.5524739075508,288.6579895019531,3.9728029348026124,0.9999999999999997,11.684660815280981,1.8282833980722737,,,,,,,,,0,hammer,2026-09-11,strong_close,2026-09-29,False,True,False,no TV drawing read (f_rr False),https://www.tradingview.com/chart/?symbol=NYSE:AIZ,https://finviz.com/quote.ashx?t=AIZ,FAIL: rr (no TV drawing read)
ALL,FAIL,rr,True,True,True,True,False,True,False,True,True,225.38999938964844,427626863.68299514,1897275.2333333334,2.4,86.73,2026-11-04,36,263,211.51083028681612,213.11566217546073,212.3132462311384,198.41105843312207,265.8934020996094,3.8540808574112444,0.9950010758168218,13.972032931324904,0.9359234424070328,,,,,,,,,0,strong_close,2026-08-28,hammer,2026-09-18,False,True,False,no TV drawing read (f_rr False),https://www.tradingview.com/chart/?symbol=NYSE:ALL,https://finviz.com/quote.ashx?t=ALL,FAIL: rr (no TV drawing read)
ALRM,FAIL,"dollar_vol,short_float,rr",False,False,True,True,False,True,False,True,True,53.84000015258789,21364182.263214875,396808.73333333334,6.39,99.87,2026-11-05,37,263,47.599998474121094,48.619998931884766,48.10999870300293,44.99314171927316,57.529998779296875,3.022275364403008,0.999999999999999,3.1168569837297713,1.8383908788552061,,,,,,,,,1,hammer,2026-09-25,hammer,2026-09-29,False,True,False,no TV drawing read (f_rr False),https://www.tradingview.com/chart/?symbol=NASDAQ:ALRM,https://finviz.com/quote.ashx?t=ALRM,"$vol(30d) $21.4M < $50M | FAIL: dollar_vol, short_float, rr (no TV drawing read)"
AMBA,FAIL,"short_float,rr",True,False,True,True,False,False,False,True,True,68.7300033569336,117317994.22108434,1706940.0333333334,13.55,82.07,2026-12-01,63,263,68.01000213623047,68.56999969482422,68.29000091552734,58.14000152587891,86.77999877929688,1.8216747759242937,0.7566156776317798,13.415000098092216,0.0327992872298841,,,,,,,,,3,strong_close,2026-09-25,hammer,2026-09-29,False,True,False,no TV drawing read (f_rr False),https://www.tradingview.com/chart/?symbol=NASDAQ:AMBA,https://finviz.com/quote.ashx?t=AMBA,"short float 13.55% >= 5% | FAIL: short_float, rr (no TV drawing read)"
AMCX,FAIL,"dollar_vol,short_float,rr",False,False,True,True,False,True,False,True,True,11.539999961853027,6814305.738141092,590494.4333333333,22.95,82.3,2026-10-30,31,262,8.350000381469727,8.890000343322754,8.62000036239624,7.472471850258963,12.65999984741211,3.520609241761978,1.0000000000000002,1.1475285121372767,2.544598734212081,,,,,,,,,1,strong_close,2026-09-25,hammer,2026-09-23,False,True,False,no TV drawing read (f_rr False),https://www.tradingview.com/chart/?symbol=NASDAQ:AMCX,https://finviz.com/quote.ashx?t=AMCX,"$vol(30d) $6.8M < $50M | FAIL: dollar_vol, short_float, rr (no TV drawing read)"
AMP,FAIL,rr,True,True,True,True,False,True,False,True,True,497.2099914550781,273608824.3671631,550288.2666666667,3.1,91.67,2026-10-29,30,263,468.9648602543218,476.2919751042868,472.62841767930433,444.4076885062074,569.5399780273438,3.434055858500854,0.9999999999999993,28.22072917309693,0.871046726858058,,,,,,,,,0,rejection,2026-09-18,strong_close,2026-09-29,False,True,False,no TV drawing read (f_rr False),https://www.tradingview.com/chart/?symbol=NYSE:AMP,https://finviz.com/quote.ashx?t=AMP,FAIL: rr (no TV drawing read)
ANAB,FAIL,"dollar_vol,short_float,rr",False,False,True,True,False,True,True,True,True,50.369998931884766,24440472.11673037,485218.8333333333,19.49,102.76,2026-11-10,42,263,33.400001525878906,34.28666687011719,33.84333419799805,29.623333206176756,58.470001220703125,5.835701714391439,0.7022891908706546,6.008922031947544,2.750354330780072,,,,,,,,,10,hammer,2026-09-18,hammer,2026-09-29,False,True,False,no TV drawing read (f_rr False),https://www.tradingview.com/chart/?symbol=NASDAQ:ANAB,https://finviz.com/quote.ashx?t=ANAB,"$vol(30d) $24.4M < $50M | FAIL: dollar_vol, short_float, rr (no TV drawing read)"
ARCB,FAIL,"dollar_vol,short_float,rr",False,False,True,True,False,True,False,True,True,128.8699951171875,30876172.617785644,239591.63333333333,6.16,103.74,2026-11-03,35,263,125.5844955444336,134.8471256863653,130.21581061539945,118.62709643220722,159.66820345796373,2.5414720198450294,1.0000000000000002,11.58871418319222,-0.1161315636003744,,,,,,,,,1,hammer,2026-09-04,strong_close,2026-09-29,False,True,False,no TV drawing read (f_rr False),https://www.tradingview.com/chart/?symbol=NASDAQ:ARCB,https://finviz.com/quote.ashx?t=ARCB,"$vol(30d) $30.9M < $50M | FAIL: dollar_vol, short_float, rr (no TV drawing read)"
ARMK,FAIL,rr,True,True,True,True,False,True,False,True,True,54.45500183105469,119586965.01328988,2196069.433333333,3.16,100.0,2026-11-17,49,263,41.66974639892578,41.918669624243776,41.79420801158478,38.90970757513279,62.26625061035156,7.09725758403696,1.0000000000000002,2.884500436451986,4.389250096645168,,,,,,,,,1,strong_close,2026-09-11,hammer,2026-09-29,False,True,False,no TV drawing read (f_rr False),https://www.tradingview.com/chart/?symbol=NYSE:ARMK,https://finviz.com/quote.ashx?t=ARMK,FAIL: rr (no TV drawing read)
ASH,FAIL,"dollar_vol,short_float,rr",False,False,True,True,False,True,True,True,True,68.4800033569336,40748213.368170165,595038.1333333333,9.74,117.47,2026-11-10,42,263,67.5309829711914,67.58069962796111,67.55584129957626,63.87200439401436,76.01213073730469,2.2955113525685764,0.8189387539287205,4.498305749836982,0.2054466967681837,,,,,,,,,13,hammer,2026-09-11,hammer,2026-09-29,False,True,False,no TV drawing read (f_rr False),https://www.tradingview.com/chart/?symbol=NYSE:ASH,https://finviz.com/quote.ashx?t=ASH,"$vol(30d) $40.7M < $50M | FAIL: dollar_vol, short_float, rr (no TV drawing read)"
ATEN,FAIL,"dollar_vol,short_float,rr",False,False,True,True,False,True,False,True,True,25.81999969482422,31172614.731559753,1207305.0,14.01,106.97,2026-11-10,42,263,20.61046028137207,21.15526058557371,20.882860433472892,18.788329487205555,37.08860397338867,7.737170734476867,0.7213340570597979,2.903690635105702,1.7002979593146643,,,,,,,,,4,strong_close,2026-09-18,hammer,2026-09-29,False,True,False,no TV drawing read (f_rr False),https://www.tradingview.com/chart/?symbol=NYSE:ATEN,https://finviz.com/quote.ashx?t=ATEN,"$vol(30d) $31.2M < $50M | FAIL: dollar_vol, short_float, rr (no TV drawing read)"
ATEX,FAIL,"dollar_vol,short_float,rr",False,False,True,True,False,True,False,True,True,79.04000091552734,23312015.71535848,294939.4666666667,8.63,97.41,2026-11-18,50,263,39.599998474121094,40.334999084472656,39.967498779296875,29.289999237060545,107.12999725341797,6.290096123015554,0.8573993995363297,12.453355516706194,3.13750796593052,,,,,,,,,1,hammer,2026-08-28,strong_close,2026-09-28,False,True,False,no TV drawing read (f_rr False),https://www.tradingview.com/chart/?symbol=NASDAQ:ATEX,https://finviz.com/quote.ashx?t=ATEX,"$vol(30d) $23.3M < $50M | FAIL: dollar_vol, short_float, rr (no TV drawing read)"
AVNT,FAIL,"dollar_vol,rr",False,True,True,True,False,True,False,True,True,40.77000045776367,26931065.477380753,660560.8333333334,4.54,105.9,2026-10-29,30,263,38.01018142700195,38.73982082029585,38.3750011236489,35.48343028069202,46.0345458984375,2.6489217075366738,0.9999999999999997,2.891570842956882,0.8282692917409823,,,,,,,,,1,hammer,2026-09-25,strong_close,2026-09-28,False,True,False,no TV drawing read (f_rr False),https://www.tradingview.com/chart/?symbol=NYSE:AVNT,https://finviz.com/quote.ashx?t=AVNT,"$vol(30d) $26.9M < $50M | FAIL: dollar_vol, rr (no TV drawing read)"
AWR,FAIL,"dollar_vol,rr",False,True,True,True,False,True,True,True,True,81.95999908447266,16724792.929177092,204060.43333333332,2.64,84.51,2026-11-09,41,263,78.7132774468711,80.16452552542472,79.43890148614791,75.80898638532442,89.87999725341797,2.876402195991127,0.9999999999999993,3.629915100823498,0.6945334886077078,,,,,,,,,8,rejection,2026-08-28,strong_close,2026-09-29,False,True,False,no TV drawing read (f_rr False),https://www.tradingview.com/chart/?symbol=NYSE:AWR,https://finviz.com/quote.ashx?t=AWR,"$vol(30d) $16.7M < $50M | FAIL: dollar_vol, rr (no TV drawing read)"
AXGN,FAIL,"dollar_vol,short_float,rr",False,False,True,True,False,False,False,True,True,42.439998626708984,48976584.580528766,1154019.4666666666,7.09,90.43,2026-11-10,42,263,46.45000076293945,46.95000076293945,46.70000076293945,41.693929127284456,51.470001220703125,0.9528430284117503,1.0000000000000004,5.006071635654995,-0.8509670748395293,,,,,,,,,2,strong_close,2026-09-18,hammer,2026-09-28,False,True,False,no TV drawing read (f_rr False),https://www.tradingview.com/chart/?symbol=NASDAQ:AXGN,https://finviz.com/quote.ashx?t=AXGN,"$vol(30d) $49.0M < $50M | FAIL: dollar_vol, short_float, rr (no TV drawing read)"
AXTA,FAIL,rr,True,True,True,True,False,True,False,True,True,32.665000915527344,59084035.543994136,1808787.2,3.74,106.79,2026-11-04,36,263,30.0,31.229999542236328,30.614999771118164,28.48271301814488,38.189998626708984,3.5525235266917847,0.9999999999999993,2.132286752973284,0.9614096891755463,,,,,,,,,1,hammer,2026-09-25,hammer,2026-09-29,False,True,False,no TV drawing read (f_rr False),https://www.tradingview.com/chart/?symbol=NYSE:AXTA,https://finviz.com/quote.ashx?t=AXTA,FAIL: rr (no TV drawing read)
BANR,FAIL,"dollar_vol,rr",False,True,True,True,False,True,False,True,True,67.47000122070312,19091675.88341675,282965.4,3.82,86.63,2026-10-21,22,263,65.48006745871781,67.44938938233389,66.46472842052586,63.3723081849244,74.01000213623047,2.4399250880717043,1.0,3.092420235601459,0.32507638793850613,,,,,,,,,1,hammer,2026-09-11,hammer,2026-09-24,False,True,False,no TV drawing read (f_rr False),https://www.tradingview.com/chart/?symbol=NASDAQ:BANR,https://finviz.com/quote.ashx?t=BANR,"$vol(30d) $19.1M < $50M | FAIL: dollar_vol, rr (no TV drawing read)"
BAX,FAIL,rr,True,True,True,True,False,True,False,False,True,23.485000610351562,135601470.56364593,5773960.7,4.52,109.61,2026-10-29,30,263,18.69306755065918,19.17263462498108,18.93285108782013,16.951341941010945,27.53937530517578,4.3434188690043145,1.0000000000000007,1.9815091468091832,2.2973144130380336,,,,,,,,,1,,,engulfing,2026-09-28,False,True,False,no TV drawing read (f_rr False),https://www.tradingview.com/chart/?symbol=NYSE:BAX,https://finviz.com/quote.ashx?t=BAX,FAIL: rr (no TV drawing read)
BELFB,FAIL,"dollar_vol,short_float,rr",False,False,True,True,False,True,True,True,True,245.47999572753906,36340244.867515564,148037.5,5.95,88.52,2026-10-28,29,263,144.71952600407778,150.46159327142348,147.59055963775063,129.94000319497684,294.42999267578125,8.319252342786466,0.5850085822687313,30.17144872357749,3.2444393700357086,,,,,,,,,12,strong_close,2026-09-25,strong_close,2026-09-24,False,True,False,no TV drawing read (f_rr False),https://www.tradingview.com/chart/?symbol=NASDAQ:BELFB,https://finviz.com/quote.ashx?t=BELFB,"$vol(30d) $36.3M < $50M | FAIL: dollar_vol, short_float, rr (no TV drawing read)"
BFH,FAIL,"short_float,rr",True,False,True,True,False,True,True,True,True,100.12000274658203,50610824.91773504,505501.63333333336,7.49,104.23,2026-10-22,23,263,90.1479721069336,90.86453921500193,90.50625566096775,82.65830942237311,113.15333557128906,2.8857333143985437,0.9999999999999992,7.847946238594651,1.2250016492640796,,,,,,,,,11,hammer,2026-09-18,hammer,2026-09-25,False,True,False,no TV drawing read (f_rr False),https://www.tradingview.com/chart/?symbol=NYSE:BFH,https://finviz.com/quote.ashx?t=BFH,"short float 7.49% >= 5% | FAIL: short_float, rr (no TV drawing read)"
BHVN,FAIL,"dollar_vol,short_float,rr",False,False,True,True,False,True,False,True,True,13.305000305175781,45232040.04648387,3399627.1333333333,15.91,90.8,2026-11-17,49,211,10.979999542236328,11.0600004196167,11.019999980926514,9.290000190734863,15.6899995803833,2.6994220611665174,0.7887965437263802,2.1932142121451244,1.041850044375907,,,,,,,,,2,strong_close,2026-09-18,strong_close,2026-09-29,False,True,False,no TV drawing read (f_rr False),https://www.tradingview.com/chart/?symbol=NYSE:BHVN,https://finviz.com/quote.ashx?t=BHVN,"$vol(30d) $45.2M < $50M | FAIL: dollar_vol, short_float, rr (no TV drawing read)"
BJRI,FAIL,"dollar_vol,short_float,rr",False,False,True,True,False,True,False,False,True,59.560001373291016,25075072.27549604,421005.23333333334,10.61,100.06,2026-10-15,16,263,44.400001525878906,44.540000915527344,44.470001220703125,40.010000457763674,69.55000305175781,5.623317834260911,0.8850461797336034,5.039285932268415,2.994471906418532,,,,,,,,,1,,,hammer,2026-09-23,False,True,False,no TV drawing read (f_rr False),https://www.tradingview.com/chart/?symbol=NASDAQ:BJRI,https://finviz.com/quote.ashx?t=BJRI,"$vol(30d) $25.1M < $50M | FAIL: dollar_vol, short_float, rr (no TV drawing read)"
BMRN,FAIL,"short_float,rr",True,False,True,True,False,True,False,True,True,59.869998931884766,113468842.98165055,1895253.8,5.27,102.52,2026-11-03,35,263,57.290000915527344,57.5099983215332,57.39999961853027,53.71999985831125,67.36000061035156,2.7065221849983194,0.9999999999999991,3.679999760219029,0.6711955093191313,,,,,,,,,1,hammer,2026-09-11,strong_close,2026-09-29,False,True,False,no TV drawing read (f_rr False),https://www.tradingview.com/chart/?symbol=NASDAQ:BMRN,https://finviz.com/quote.ashx?t=BMRN,"short float 5.27% >= 5% | FAIL: short_float, rr (no TV drawing read)"
BMY,FAIL,rr,True,True,True,True,False,True,False,True,True,62.875,599853848.8166666,9540419.066666666,2.06,85.18,2026-10-29,30,263,58.954503866693024,59.112717751159956,59.03361080892649,55.84138237484422,67.41000366210938,2.6239954395967318,0.9999999999999996,3.1922284340822684,1.2033566113440965,,,,,,,,,1,hammer,2026-09-25,rejection,2026-09-29,False,True,False,no TV drawing read (f_rr False),https://www.tradingview.com/chart/?symbol=NYSE:BMY,https://finviz.com/quote.ashx?t=BMY,FAIL: rr (no TV drawing read)
BNY,FAIL,rr,True,True,True,True,False,True,False,True,True,146.96499633789062,479946963.836732,3265722.966666667,1.52,87.73,2026-10-15,16,263,134.03237915039062,136.45308434956033,135.24273174997546,128.23970256688006,164.83999633789062,4.226351742094681,1.0000000000000018,7.003029183095395,1.6738848691665495,,,,,,,,,0,hammer,2026-09-04,hammer,2026-09-25,False,True,False,no TV drawing read (f_rr False),https://www.tradingview.com/chart/?symbol=NYSE:BNY,https://finviz.com/quote.ashx?t=BNY,FAIL: rr (no TV drawing read)
BOX,FAIL,"short_float,rr",True,False,True,True,False,True,False,True,True,32.755001068115234,94928678.15238406,2898143.033333333,12.68,103.23,2026-12-08,70,263,27.709999084472656,28.799999237060547,28.2549991607666,25.908285685947963,35.189998626708984,2.95519650794963,1.0000000000000002,2.3467134748186385,1.9175761999220664,,,,,,,,,1,strong_close,2026-08-28,strong_close,2026-09-29,False,True,False,no TV drawing read (f_rr False),https://www.tradingview.com/chart/?symbol=NYSE:BOX,https://finviz.com/quote.ashx?t=BOX,"short float 12.68% >= 5% | FAIL: short_float, rr (no TV drawing read)"
BTSG,FAIL,"short_float,history,rr",True,False,True,False,False,True,False,True,True,55.689998626708984,133560907.88777974,2398292.533333333,6.04,92.24,2026-10-29,30,141,24.829999923706055,25.56999969482422,25.199999809265137,20.51000045776367,72.91999816894531,10.17484114244131,0.9049560972778353,5.182571138654437,5.883179989567888,,,,,,,,,1,hammer,2026-09-25,hammer,2026-09-25,False,True,False,no TV drawing read (f_rr False),https://www.tradingview.com/chart/?symbol=NASDAQ:BTSG,https://finviz.com/quote.ashx?t=BTSG,"history 141 weekly bars < ~3y (150) | FAIL: short_float, history, rr (no TV drawing read)"
BWA,FAIL,rr,True,True,True,True,False,True,False,True,True,60.93000030517578,127520881.01670481,2092907.9333333333,3.16,106.88,2026-10-29,30,263,44.466069356964546,45.83957961215685,45.152824484560696,40.43566828742321,68.75734005811681,5.00397158522757,1.0,4.717156197137484,3.3446371417993666,,,,,,,,,1,hammer,2026-09-25,hammer,2026-09-29,False,True,False,no TV drawing read (f_rr False),https://www.tradingview.com/chart/?symbol=NYSE:BWA,https://finviz.com/quote.ashx?t=BWA,FAIL: rr (no TV drawing read)
BXC,FAIL,"dollar_vol,short_float,rr",False,False,True,True,False,True,False,True,True,74.54109954833984,11001173.02387492,147585.33333333334,5.77,92.68,2026-11-03,35,262,58.349998474121094,61.11000061035156,59.72999954223633,49.27047102791923,90.36000061035156,2.928430380603543,0.9999999999999997,10.459528514317103,1.4160389721037558,,,,,,,,,1,hammer,2026-09-11,rejection,2026-09-29,False,True,False,no TV drawing read (f_rr False),https://www.tradingview.com/chart/?symbol=NYSE:BXC,https://finviz.com/quote.ashx?t=BXC,"$vol(30d) $11.0M < $50M | FAIL: dollar_vol, short_float, rr (no TV drawing read)"
C,FAIL,rr,True,True,True,True,False,True,False,True,True,130.82000732421875,1176156724.4228108,8990648.666666666,1.48,82.7,2026-10-13,14,263,121.49465942382812,121.77193023361565,121.63329482872189,113.99830737367316,139.3300018310547,2.3178436253527352,0.9999999999999997,7.634987455048733,1.2032387151365955,,,,,,,,,1,hammer,2026-09-25,strong_close,2026-09-25,False,True,False,no TV drawing read (f_rr False),https://www.tradingview.com/chart/?symbol=NYSE:C,https://finviz.com/quote.ashx?t=C,FAIL: rr (no TV drawing read)
CAH,FAIL,rr,True,True,True,True,False,False,False,True,True,223.93499755859375,354280543.0075277,1582068.6666666667,2.89,92.2,2026-10-30,31,263,236.39999389648438,244.8699951171875,240.63499450683594,227.48623766217912,243.89999389648438,0.24831240156176562,1.0000000000000007,13.148756844656807,-1.2700818142384678,,,,,,,,,1,strong_close,2026-09-04,strong_close,2026-09-29,False,True,False,no TV drawing read (f_rr False),https://www.tradingview.com/chart/?symbol=NYSE:CAH,https://finviz.com/quote.ashx?t=CAH,FAIL: rr (no TV drawing read)
CBRL,FAIL,"short_float,rr",True,False,True,True,False,False,False,True,True,52.47999954223633,52887681.6720136,1007768.3333333334,25.95,100.91,2026-11-27,59,263,53.32545471191406,54.84190738620583,54.08368104905995,48.705303105776714,57.93000030517578,0.7151448441661291,0.9999999999999999,5.378377943283234,-0.298171962575886,,,,,,,,,1,strong_close,2026-09-25,strong_close,2026-09-28,False,True,False,no TV drawing read (f_rr False),https://www.tradingview.com/chart/?symbol=NASDAQ:CBRL,https://finviz.com/quote.ashx?t=CBRL,"short float 25.95% >= 5% | FAIL: short_float, rr (no TV drawing read)"
CCSI,FAIL,"dollar_vol,short_float,rr",False,False,True,True,False,True,False,True,True,34.689998626708984,5986346.680348714,172566.93333333332,6.28,100.63,2026-11-05,37,262,30.549999237060547,31.665000915527344,31.107500076293945,27.51642826625279,39.06999969482422,2.217304481705428,0.9999999999999997,3.591071810041155,0.9976126181598085,,,,,,,,,1,strong_close,2026-09-11,hammer,2026-09-29,False,True,False,no TV drawing read (f_rr False),https://www.tradingview.com/chart/?symbol=NASDAQ:CCSI,https://finviz.com/quote.ashx?t=CCSI,"$vol(30d) $6.0M < $50M | FAIL: dollar_vol, short_float, rr (no TV drawing read)"
CDP,FAIL,"dollar_vol,short_float,rr",False,False,True,True,False,True,False,True,True,34.290000915527344,27915500.032331087,814100.3,6.58,115.47,2026-10-22,23,263,32.20624542236328,32.67214005879686,32.43919274058007,30.8137074822197,38.400001525878906,3.6670949518862614,1.0000000000000002,1.6254852583603667,1.1386188619232342,,,,,,,,,1,hammer,2026-09-04,engulfing,2026-09-29,False,True,False,no TV drawing read (f_rr False),https://www.tradingview.com/chart/?symbol=NYSE:CDP,https://finviz.com/quote.ashx?t=CDP,"$vol(30d) $27.9M < $50M | FAIL: dollar_vol, short_float, rr (no TV drawing read)"
CF,FAIL,"short_float,rr",True,False,True,True,False,True,True,False,True,115.70999908447266,306394855.19772494,2647954.8666666667,6.5,107.93,2026-11-04,36,263,90.28155891555231,90.58527093276805,90.43341492416019,84.57935697390326,124.59801483154297,5.836054271701106,0.5709917679963604,10.252438438471927,2.4654216957268376,,,,,,,,,20,,,hammer,2026-09-22,False,True,False,no TV drawing read (f_rr False),https://www.tradingview.com/chart/?symbol=NYSE:CF,https://finviz.com/quote.ashx?t=CF,"short float 6.50% >= 5% | FAIL: short_float, rr (no TV drawing read)"
CFR,FAIL,"short_float,rr",True,False,True,True,False,True,False,True,True,154.27000427246094,75392553.29197387,488705.2,6.94,92.6,2026-10-22,23,263,141.34042358398438,142.82945770440006,142.08494064419222,135.5181405412805,168.99656677246094,4.098133901827791,0.9999999999999993,6.566800102911718,1.855555740590591,,,,,,,,,1,hammer,2026-09-25,hammer,2026-09-25,False,True,False,no TV drawing read (f_rr False),https://www.tradingview.com/chart/?symbol=NYSE:CFR,https://finviz.com/quote.ashx?t=CFR,"short float 6.94% >= 5% | FAIL: short_float, rr (no TV drawing read)"
CGON,FAIL,"short_float,history,rr",True,False,True,False,False,False,True,True,True,70.5199966430664,58329216.57671229,827130.1666666666,19.05,89.39,2026-11-12,44,141,75.23999786376953,75.86499786376953,75.55249786376953,68.63214928763253,79.44000244140625,0.5617498215395903,1.0000000000000007,6.920348576136997,-0.727203429904728,,,,,,,,,19,engulfing,2026-09-18,hammer,2026-09-29,False,True,False,no TV drawing read (f_rr False),https://www.tradingview.com/chart/?symbol=NASDAQ:CGON,https://finviz.com/quote.ashx?t=CGON,"history 141 weekly bars < ~3y (150) | FAIL: short_float, history, rr (no TV drawing read)"
CHE,FAIL,"short_float,rr",True,False,True,True,False,True,True,True,True,512.2100219726562,74572913.20401001,145590.5,5.1,105.87,2026-11-03,35,263,474.8237160779636,479.48528825465365,477.1545021663086,449.41510829639174,551.993896484375,2.697946273412597,0.9999999999999997,27.739393869916864,1.2637449819826478,,,,,,,,,26,hammer,2026-09-25,strong_close,2026-09-25,True,True,False,no TV drawing read (f_rr False),https://www.tradingview.com/chart/?symbol=NYSE:CHE,https://finviz.com/quote.ashx?t=CHE,"short float 5.10% >= 5% | FAIL: short_float, rr (no TV drawing read)"
CHRD,FAIL,"short_float,rr",True,False,True,True,False,False,False,True,True,134.41000366210938,93204117.01342164,693431.4,6.62,98.09,2026-11-04,36,263,145.80734252929688,146.1807336091469,145.9940380692219,135.18453703713786,155.39999389648438,0.8701563374058032,0.9999999999999992,10.809501032084038,-1.071653018278046,,,,,,,,,1,strong_close,2026-09-11,strong_close,2026-09-29,False,True,False,no TV drawing read (f_rr False),https://www.tradingview.com/chart/?symbol=NASDAQ:CHRD,https://finviz.com/quote.ashx?t=CHRD,"short float 6.62% >= 5% | FAIL: short_float, rr (no TV drawing read)"
CLW,FAIL,"dollar_vol,rr",False,True,True,True,False,True,True,True,True,19.3799991607666,2643201.2635385515,136388.1,4.47,88.99,2026-11-03,35,262,17.899999618530273,18.200000762939453,18.050000190734863,16.06785753795079,23.309999465942383,2.653693601628239,0.9999999999999992,1.982142652784075,0.6709905405464386,,,,,,,,,16,hammer,2026-09-11,hammer,2026-09-21,False,True,False,no TV drawing read (f_rr False),https://www.tradingview.com/chart/?symbol=NYSE:CLW,https://finviz.com/quote.ashx?t=CLW,"$vol(30d) $2.6M < $50M | FAIL: dollar_vol, rr (no TV drawing read)"
CLYM,FAIL,"dollar_vol,short_float,rr",False,False,True,True,False,True,False,True,True,11.5,18639544.616666667,1620829.9666666666,16.42,118.43,2026-11-11,43,263,11.520000457763672,12.479999542236328,12.0,9.68853575842721,17.280000686645508,2.2842666530081543,1.0000000000000002,2.311464241572789,-0.21631310188895034,,,,,,,,,0,hammer,2026-09-04,strong_close,2026-09-28,False,True,False,no TV drawing read (f_rr False),https://www.tradingview.com/chart/?symbol=NASDAQ:CLYM,https://finviz.com/quote.ashx?t=CLYM,"$vol(30d) $18.6M < $50M | FAIL: dollar_vol, short_float, rr (no TV drawing read)"
CNC,FAIL,rr,True,True,True,True,False,True,False,True,True,62.220001220703125,260840335.87346396,4192226.466666667,2.91,99.91,2026-10-27,28,263,38.70000076293945,38.86000061035156,38.78000068664551,34.39999984741211,67.47000122070312,6.550227177371739,0.8791400014755629,4.982142584664481,4.704803231888268,,,,,,,,,1,hammer,2026-09-11,hammer,2026-09-29,False,True,False,no TV drawing read (f_rr False),https://www.tradingview.com/chart/?symbol=NYSE:CNC,https://finviz.com/quote.ashx?t=CNC,FAIL: rr (no TV drawing read)
CNMD,FAIL,"dollar_vol,short_float,rr",False,False,True,True,False,True,True,False,True,46.70000076293945,14560334.831206005,311784.4666666667,7.17,114.46,2026-10-28,29,263,39.08000183105469,40.029998779296875,39.55500030517578,36.249998321533205,51.06999969482422,3.484112701486881,0.8429591012910128,3.9207145145961215,1.8223720271302866,,,,,,,,,14,,,hammer,2026-09-29,False,True,False,no TV drawing read (f_rr False),https://www.tradingview.com/chart/?symbol=NYSE:CNMD,https://finviz.com/quote.ashx?t=CNMD,"$vol(30d) $14.6M < $50M | FAIL: dollar_vol, short_float, rr (no TV drawing read)"
CNO,FAIL,rr,True,True,True,True,False,True,False,True,True,53.31999969482422,52059500.68337198,976359.7333333333,2.42,96.53,2026-11-04,36,263,44.1458740234375,44.3436609545763,44.244767489006904,41.878941393176774,56.563594818115234,5.206987677928143,1.0000000000000009,2.3658260958301276,3.8359675809700513,,,,,,,,,0,strong_close,2026-09-04,hammer,2026-09-29,False,True,False,no TV drawing read (f_rr False),https://www.tradingview.com/chart/?symbol=NYSE:CNO,https://finviz.com/quote.ashx?t=CNO,FAIL: rr (no TV drawing read)
COHR,FAIL,"short_float,rr",True,False,True,True,False,True,True,True,True,292.2200012207031,1815199618.641378,6211756.933333334,5.44,86.05,2026-11-11,43,262,115.44000244140625,115.91999816894531,115.68000030517578,85.92642702375139,383.19000244140625,8.990852950870307,0.5000000000000001,59.507146562848774,2.9667025073883138,,,,,,,,,5,strong_close,2026-09-18,strong_close,2026-09-18,False,True,False,no TV drawing read (f_rr False),https://www.tradingview.com/chart/?symbol=NYSE:COHR,https://finviz.com/quote.ashx?t=COHR,"short float 5.44% >= 5% | FAIL: short_float, rr (no TV drawing read)"
COLD,FAIL,"dollar_vol,short_float,rr",False,False,True,True,False,True,False,True,True,14.545000076293945,49329127.76624966,3391483.5,9.74,110.01,2026-10-29,30,263,12.962912792921243,13.199568260654253,13.081240526787749,12.011066808011135,15.329999923706055,2.1013031412217926,1.0000000000000007,1.0701737187766132,1.3677775148314402,,,,,,,,,1,hammer,2026-09-25,strong_close,2026-09-25,False,True,False,no TV drawing read (f_rr False),https://www.tradingview.com/chart/?symbol=NYSE:COLD,https://finviz.com/quote.ashx?t=COLD,"$vol(30d) $49.3M < $50M | FAIL: dollar_vol, short_float, rr (no TV drawing read)"
COP,FAIL,rr,True,True,True,True,False,True,False,True,True,125.43000030517578,849108580.3439122,6769581.266666667,1.34,87.13,2026-11-05,37,263,96.07120011843618,96.60439339860534,96.33779675852077,88.8402030436361,133.26416501512017,4.925095925548882,1.0000000000000009,7.497593714884666,3.8802053902840123,,,,,,,,,1,hammer,2026-09-11,strong_close,2026-09-29,False,True,False,no TV drawing read (f_rr False),https://www.tradingview.com/chart/?symbol=NYSE:COP,https://finviz.com/quote.ashx?t=COP,FAIL: rr (no TV drawing read)
CPF,FAIL,"dollar_vol,rr",False,True,True,True,False,True,True,True,True,35.959999084472656,5784980.946050008,160872.66666666666,2.8,95.61,2026-10-28,29,263,34.28493881225586,34.83586029457153,34.560399553413696,32.91825497514123,39.40501344247253,2.9501750047826887,1.0000000000000016,1.6421445782724622,0.8522998215731655,,,,,,,,,5,hammer,2026-09-18,strong_close,2026-09-24,False,True,False,no TV drawing read (f_rr False),https://www.tradingview.com/chart/?symbol=NYSE:CPF,https://finviz.com/quote.ashx?t=CPF,"$vol(30d) $5.8M < $50M | FAIL: dollar_vol, rr (no TV drawing read)"
CROX,FAIL,"short_float,rr",True,False,True,True,False,True,True,True,True,122.62999725341797,130274035.94054541,1062334.1666666667,10.21,101.15,2026-10-29,30,263,105.87000274658203,106.70999908447266,106.29000091552734,95.41499982561383,139.61000061035156,3.0639077108441204,1.0000000000000004,10.875001089913505,1.5025282483002111,,,,,,,,,45,strong_close,2026-09-25,hammer,2026-09-29,False,True,False,no TV drawing read (f_rr False),https://www.tradingview.com/chart/?symbol=NASDAQ:CROX,https://finviz.com/quote.ashx?t=CROX,"short float 10.21% >= 5% | FAIL: short_float, rr (no TV drawing read)"
CSCO,FAIL,rr,True,True,True,True,False,True,True,True,True,106.94000244140625,1717040178.814148,16056107.533333333,1.47,83.61,2026-11-18,50,263,84.04844665527344,84.22680961332497,84.1376281342992,77.28204716284394,112.12999725341797,4.083150536135625,1.0,6.855580971455268,3.3261038564127223,no,,,,,,,2026-09-29,6,strong_close,2026-09-11,hammer,2026-09-29,False,True,False,TV drawing not found (f_rr False),https://www.tradingview.com/chart/?symbol=NASDAQ:CSCO,https://finviz.com/quote.ashx?t=CSCO,FAIL: rr (TV drawing not found)
CSW,FAIL,"dollar_vol,short_float,rr",False,False,True,True,False,True,False,True,True,294.1199951171875,36158063.171724446,122936.43333333333,6.76,101.2,2026-10-29,30,263,296.29609368494766,301.8707702754161,299.0834319801819,274.9853913154579,350.67999267578125,2.141110201176195,1.0,24.09804066472401,-0.20596848233641424,,,,,,,,,1,strong_close,2026-09-25,hammer,2026-09-28,False,True,False,no TV drawing read (f_rr False),https://www.tradingview.com/chart/?symbol=NYSE:CSW,https://finviz.com/quote.ashx?t=CSW,"$vol(30d) $36.2M < $50M | FAIL: dollar_vol, short_float, rr (no TV drawing read)"
CSX,FAIL,rr,True,True,True,True,False,True,False,True,True,46.93000030517578,470358457.5856407,10022553.9,2.2,82.08,2026-10-21,22,263,42.44334030151367,42.522879890397,42.48311009595534,41.16432207386231,51.858033041478826,7.108741350747689,0.6264970106521072,2.105018858302824,2.112517990839168,,,,,,,,,1,hammer,2026-09-25,strong_close,2026-09-29,False,True,False,no TV drawing read (f_rr False),https://www.tradingview.com/chart/?symbol=NASDAQ:CSX,https://finviz.com/quote.ashx?t=CSX,FAIL: rr (no TV drawing read)
CTS,FAIL,"dollar_vol,rr",False,True,True,True,False,True,True,True,True,59.15999984741211,11752550.061687341,198657.03333333333,3.71,99.33,2026-10-28,29,263,44.86566410073483,45.60394993421951,45.234807017477166,41.148736548029625,66.26000213623047,5.145578196940892,0.9999999999999993,4.086070469447544,3.4079668801741674,,,,,,,,,12,strong_close,2026-09-18,rejection,2026-09-28,False,True,False,no TV drawing read (f_rr False),https://www.tradingview.com/chart/?symbol=NYSE:CTS,https://finviz.com/quote.ashx?t=CTS,"$vol(30d) $11.8M < $50M | FAIL: dollar_vol, rr (no TV drawing read)"
CURB,FAIL,"dollar_vol,short_float,history,rr",False,False,True,False,False,True,False,True,True,27.920000076293945,40766042.36739693,1460101.8,12.97,120.91,2026-11-03,35,106,28.070083618164062,28.089970778310413,28.08002719823724,26.842022829425023,31.65999984741211,2.891728607233929,0.9261052233851487,1.3367858614240373,-0.11971036391185498,,,,,,,,,1,rejection,2026-09-04,hammer,2026-09-29,False,True,False,no TV drawing read (f_rr False),https://www.tradingview.com/chart/?symbol=NYSE:CURB,https://finviz.com/quote.ashx?t=CURB,"$vol(30d) $40.8M < $50M | FAIL: dollar_vol, short_float, history, rr (no TV drawing read)"
CUZ,FAIL,"dollar_vol,short_float,rr",False,False,True,True,False,True,True,True,True,27.610000610351562,38198423.880087785,1383499.5666666667,7.43,106.46,2026-10-22,23,263,28.100339889526367,28.15654056930542,28.128440229415894,26.742766015520687,32.189998626708984,2.931106284987309,1.0000000000000002,1.385674213895207,-0.3741425032417748,,,,,,,,,7,rejection,2026-09-04,rejection,2026-09-28,True,True,False,no TV drawing read (f_rr False),https://www.tradingview.com/chart/?symbol=NYSE:CUZ,https://finviz.com/quote.ashx?t=CUZ,"$vol(30d) $38.2M < $50M | FAIL: dollar_vol, short_float, rr (no TV drawing read)"
CVBF,FAIL,"dollar_vol,short_float,rr",False,False,True,True,False,True,True,True,True,21.940000534057617,26347758.342683412,1200900.5333333334,5.87,83.63,2026-10-28,29,263,20.493440628051758,20.959199955001317,20.726320291526537,19.793802745311005,23.25,2.706308013951478,0.9999999999999998,0.9325175462155324,1.301509282540151,,,,,,,,,14,hammer,2026-09-25,strong_close,2026-09-24,False,True,False,no TV drawing read (f_rr False),https://www.tradingview.com/chart/?symbol=NASDAQ:CVBF,https://finviz.com/quote.ashx?t=CVBF,"$vol(30d) $26.3M < $50M | FAIL: dollar_vol, short_float, rr (no TV drawing read)"
CVEO,FAIL,"dollar_vol,short_float,rr",False,False,True,True,False,True,True,True,True,32.470001220703125,2434321.449517822,74971.4,11.91,87.72,2026-10-23,24,263,23.459999084472656,23.579999923706055,23.519999504089355,20.727499961853027,34.540000915527344,3.946285843475125,1.0,2.792499542236328,3.2050145689357232,,,,,,,,,7,hammer,2026-09-18,hammer,2026-09-29,False,True,False,no TV drawing read (f_rr False),https://www.tradingview.com/chart/?symbol=NYSE:CVEO,https://finviz.com/quote.ashx?t=CVEO,"$vol(30d) $2.4M < $50M | FAIL: dollar_vol, short_float, rr (no TV drawing read)"
CVSA,FAIL,"dollar_vol,short_float,rr",False,False,True,True,False,False,False,True,True,119.5,41658321.4,348605.2,5.86,102.1,2026-10-29,30,263,133.72999572753906,133.74000549316406,133.73500061035156,122.04214477539062,138.89999389648438,0.4417221386318467,1.0,11.692855834960938,-1.2174100845227018,,,,,,,,,3,hammer,2026-09-18,strong_close,2026-09-29,False,True,False,no TV drawing read (f_rr False),https://www.tradingview.com/chart/?symbol=NYSE:CVSA,https://finviz.com/quote.ashx?t=CVSA,"$vol(30d) $41.7M < $50M | FAIL: dollar_vol, short_float, rr (no TV drawing read)"
CXW,FAIL,"short_float,rr",True,False,True,True,False,True,False,True,True,32.70000076293945,61212319.52817408,1871936.3333333333,15.15,88.17,2026-11-09,41,263,20.610000610351562,20.770000457763672,20.690000534057617,17.95999931335449,32.29999923706055,4.252744876067386,0.934817713707982,2.9203567504882812,4.112511331663083,,,,,,,,,0,rejection,2026-09-18,engulfing,2026-09-29,False,True,False,no TV drawing read (f_rr False),https://www.tradingview.com/chart/?symbol=NYSE:CXW,https://finviz.com/quote.ashx?t=CXW,"short float 15.15% >= 5% | FAIL: short_float, rr (no TV drawing read)"
CZR,FAIL,"short_float,rr",True,False,True,True,False,True,False,True,True,29.6200008392334,112725232.12721507,3805713.3333333335,9.82,95.71,2026-11-03,35,263,24.790000915527344,25.110000610351562,24.950000762939453,24.506572450910294,30.149999618530273,11.726808402907931,1.0000000000000033,0.4434283120291574,10.531578497826887,,,,,,,,,0,hammer,2026-09-04,rejection,2026-09-24,False,True,False,no TV drawing read (f_rr False),https://www.tradingview.com/chart/?symbol=NASDAQ:CZR,https://finviz.com/quote.ashx?t=CZR,"short float 9.82% >= 5% | FAIL: short_float, rr (no TV drawing read)"
DAR,FAIL,rr,True,True,True,True,False,False,False,True,True,60.32440185546875,152870429.44768268,2534139.1666666665,4.34,106.16,2026-11-10,42,263,64.11000061035156,66.0199966430664,65.06499862670898,59.90656934465681,66.66000366210938,0.30920362540394286,0.9999999999999998,5.158429282052176,-0.9190000506034435,,,,,,,,,1,hammer,2026-09-04,hammer,2026-09-29,False,True,False,no TV drawing read (f_rr False),https://www.tradingview.com/chart/?symbol=NYSE:DAR,https://finviz.com/quote.ashx?t=DAR,FAIL: rr (no TV drawing read)
DAVE,FAIL,"short_float,rr",True,False,True,True,False,True,True,True,True,326.44000244140625,109843731.1335083,336489.8,22.39,97.61,2026-11-10,42,263,217.3300018310547,224.27999877929688,220.80500030517578,173.04999755859376,380.69000244140625,3.348026236846441,0.8859515259698767,53.902500697544646,1.9597421412591778,,,,,,,,,16,hammer,2026-09-04,hammer,2026-09-29,False,True,False,no TV drawing read (f_rr False),https://www.tradingview.com/chart/?symbol=NASDAQ:DAVE,https://finviz.com/quote.ashx?t=DAVE,"short float 22.39% >= 5% | FAIL: short_float, rr (no TV drawing read)"
DBX,FAIL,"short_float,rr",True,False,True,True,False,True,False,True,True,32.70000076293945,129033288.50053774,3945972.033333333,17.08,84.16,2026-10-29,30,262,28.899999618530273,29.100000381469727,29.0,26.310999870300293,36.47999954223633,2.7817029309967545,1.0,2.689000129699707,1.375976416688626,,,,,,,,,0,strong_close,2026-09-11,strong_close,2026-09-29,False,True,False,no TV drawing read (f_rr False),https://www.tradingview.com/chart/?symbol=NASDAQ:DBX,https://finviz.com/quote.ashx?t=DBX,"short float 17.08% >= 5% | FAIL: short_float, rr (no TV drawing read)"
DCO,FAIL,"dollar_vol,short_float,rr",False,False,True,True,False,True,True,True,True,171.1999969482422,38166819.426316835,222937.03333333333,6.08,96.52,2026-11-05,37,263,128.91000366210938,140.02000427246094,134.46500396728516,119.96000122070312,207.0,5.000688197029609,0.8058333883335917,18.00000217982701,2.0408326962385996,,,,,,,,,11,strong_close,2026-09-25,strong_close,2026-09-29,False,True,False,no TV drawing read (f_rr False),https://www.tradingview.com/chart/?symbol=NYSE:DCO,https://finviz.com/quote.ashx?t=DCO,"$vol(30d) $38.2M < $50M | FAIL: dollar_vol, short_float, rr (no TV drawing read)"
DCOM,FAIL,"dollar_vol,short_float,rr",False,False,True,True,False,True,True,True,True,39.470001220703125,10179454.091157023,257903.56666666668,9.4,89.63,2026-10-23,24,263,35.759178161621094,35.99606384725181,35.87762100443645,34.0840902383474,41.25,2.9954205955878277,1.0000000000000002,1.7935307660890483,2.002965482493605,,,,,,,,,7,hammer,2026-09-18,hammer,2026-09-24,False,True,False,no TV drawing read (f_rr False),https://www.tradingview.com/chart/?symbol=NYSE:DCOM,https://finviz.com/quote.ashx?t=DCOM,"$vol(30d) $10.2M < $50M | FAIL: dollar_vol, short_float, rr (no TV drawing read)"
DFIN,FAIL,"dollar_vol,rr",False,True,True,True,False,False,True,True,True,46.91999816894531,10291479.318374634,219341.0,4.5,94.97,2026-11-04,36,263,49.970001220703125,50.779998779296875,50.375,46.02464267185756,50.91999816894531,0.12527664461485094,0.9999999999999996,4.350357328142438,-0.7941880563935056,,,,,,,,,7,engulfing,2026-09-25,hammer,2026-09-29,False,True,False,no TV drawing read (f_rr False),https://www.tradingview.com/chart/?symbol=NYSE:DFIN,https://finviz.com/quote.ashx?t=DFIN,"$vol(30d) $10.3M < $50M | FAIL: dollar_vol, rr (no TV drawing read)"
DFTX,FAIL,"short_float,rr",True,False,True,True,False,True,False,True,True,38.209999084472656,81301280.97365443,2127748.8333333335,9.29,84.37,2026-11-05,37,263,17.399999618530273,18.1200008392334,17.760000228881836,13.639999618530274,47.06999969482422,7.114076486372497,0.7860035483426598,5.241707393101284,3.901400311376685,,,,,,,,,1,hammer,2026-09-11,hammer,2026-09-29,False,True,False,no TV drawing read (f_rr False),https://www.tradingview.com/chart/?symbol=NASDAQ:DFTX,https://finviz.com/quote.ashx?t=DFTX,"short float 9.29% >= 5% | FAIL: short_float, rr (no TV drawing read)"
DGX,FAIL,rr,True,True,True,True,False,True,False,True,True,231.92999267578125,227183908.7326599,979536.5666666667,3.28,97.84,2026-10-27,28,263,210.74019020158403,211.4739831603851,211.10708668098457,198.58296952414324,244.38999938964844,2.65750569815478,0.999999999999999,12.52411715684134,1.6626246572136307,,,,,,,,,3,strong_close,2026-09-18,engulfing,2026-09-28,False,True,False,no TV drawing read (f_rr False),https://www.tradingview.com/chart/?symbol=NYSE:DGX,https://finviz.com/quote.ashx?t=DGX,FAIL: rr (no TV drawing read)
DK,FAIL,"short_float,rr",True,False,True,True,False,True,False,True,True,68.66999816894531,165404257.1995697,2408683.0,9.12,102.65,2026-11-11,43,262,47.082432736725856,49.314017993173685,48.19822536494977,40.726369992262676,78.12000274658203,4.0045980401346455,0.9125190500845447,8.188163712302586,2.500166523690413,,,,,,,,,0,hammer,2026-09-18,strong_close,2026-09-29,False,True,False,no TV drawing read (f_rr False),https://www.tradingview.com/chart/?symbol=NYSE:DK,https://finviz.com/quote.ashx?t=DK,"short float 9.12% >= 5% | FAIL: short_float, rr (no TV drawing read)"
DNTH,FAIL,"short_float,rr",True,False,True,True,False,True,False,True,True,87.16000366210938,65008277.110050455,745849.8666666667,18.98,115.66,2026-11-05,37,263,93.01000213623047,93.61000061035156,93.31000137329102,85.42000030517578,115.95999908447266,2.8707217547427106,0.7449922849316979,10.59071513584682,-0.5806971136788955,,,,,,,,,1,rejection,2026-09-11,hammer,2026-09-29,False,True,False,no TV drawing read (f_rr False),https://www.tradingview.com/chart/?symbol=NASDAQ:DNTH,https://finviz.com/quote.ashx?t=DNTH,"short float 18.98% >= 5% | FAIL: short_float, rr (no TV drawing read)"
DOC,FAIL,rr,True,True,True,True,False,True,True,True,True,20.12420082092285,94376394.15517902,4689696.5,3.69,99.31,2026-10-22,23,263,18.14604511932241,18.230271363830575,18.18815824157649,17.322273247319732,22.207807340773716,4.642243630342071,1.0000000000000002,0.8658849942567597,2.235911919236087,no,,,,,,,2026-09-29,17,rejection,2026-09-25,strong_close,2026-09-29,False,True,False,TV drawing not found (f_rr False),https://www.tradingview.com/chart/?symbol=NYSE:DOC,https://finviz.com/quote.ashx?t=DOC,FAIL: rr (TV drawing not found)
DORM,FAIL,"dollar_vol,short_float,rr",False,False,True,True,False,False,True,True,True,123.88999938964844,23135846.19535319,186745.06666666668,6.11,96.79,2026-11-04,36,262,124.12999725341797,127.38999938964844,125.7599983215332,115.81356866019112,141.97000122070312,1.6297308130747583,1.0000000000000004,9.946429661342076,-0.188007053340228,,,,,,,,,9,hammer,2026-09-25,hammer,2026-09-29,True,True,False,no TV drawing read (f_rr False),https://www.tradingview.com/chart/?symbol=NASDAQ:DORM,https://finviz.com/quote.ashx?t=DORM,"$vol(30d) $23.1M < $50M | FAIL: dollar_vol, short_float, rr (no TV drawing read)"
DRH,FAIL,"dollar_vol,short_float,rr",False,False,True,True,False,True,False,True,True,12.470000267028809,33621892.38530235,2696222.2666666666,7.03,114.77,2026-11-03,35,263,9.870772361755371,10.49015361087426,10.180462986314815,9.539522823398533,13.289999961853027,4.851524612515775,1.0000000000000004,0.6409401629162816,3.5721544898927617,,,,,,,,,3,strong_close,2026-09-25,strong_close,2026-09-28,False,True,False,no TV drawing read (f_rr False),https://www.tradingview.com/chart/?symbol=NASDAQ:DRH,https://finviz.com/quote.ashx?t=DRH,"$vol(30d) $33.6M < $50M | FAIL: dollar_vol, short_float, rr (no TV drawing read)"
DVA,FAIL,"short_float,rr",True,False,True,True,False,True,False,True,True,175.10000610351562,115194009.90202026,657875.5333333333,6.88,93.41,2026-10-23,24,263,200.8300018310547,202.69000244140625,201.76000213623047,191.56000732421876,245.0,4.239217633017742,0.6493414806982534,15.708213806152344,-1.6972009906226944,,,,,,,,,1,hammer,2026-09-11,strong_close,2026-09-25,False,True,False,no TV drawing read (f_rr False),https://www.tradingview.com/chart/?symbol=NYSE:DVA,https://finviz.com/quote.ashx?t=DVA,"short float 6.88% >= 5% | FAIL: short_float, rr (no TV drawing read)"
DVN,FAIL,rr,True,True,True,True,False,True,False,True,True,46.595001220703125,558571086.5771993,11987789.933333334,2.92,93.54,2026-11-10,42,262,36.07059860229492,36.33388435774501,36.202241480019964,33.316289383303804,50.24490610014743,4.865868922809288,0.9999999999999997,2.885952096716161,3.6011546250226307,,,,,,,,,1,strong_close,2026-09-11,strong_close,2026-09-29,False,True,False,no TV drawing read (f_rr False),https://www.tradingview.com/chart/?symbol=NYSE:DVN,https://finviz.com/quote.ashx?t=DVN,FAIL: rr (no TV drawing read)
EAT,FAIL,"short_float,rr",True,False,True,True,False,True,False,True,True,199.0399932861328,238090094.09159088,1196192.2333333334,13.47,113.11,2026-11-04,36,263,158.13999938964844,161.7100067138672,159.9250030517578,140.0128664289202,248.8800048828125,4.467376028799968,0.9999999999999998,19.91213662283761,1.9643793619572332,,,,,,,,,1,strong_close,2026-09-25,hammer,2026-09-25,False,True,False,no TV drawing read (f_rr False),https://www.tradingview.com/chart/?symbol=NYSE:EAT,https://finviz.com/quote.ashx?t=EAT,"short float 13.47% >= 5% | FAIL: short_float, rr (no TV drawing read)"
EBC,FAIL,"dollar_vol,short_float,rr",False,False,True,True,False,True,True,True,True,20.979999542236328,46529204.51211026,2217788.6333333333,7.97,84.87,2026-10-22,23,263,20.751916885375977,21.185686711657443,20.968801798516708,19.93402886132773,23.46565818786621,2.4129509959280138,1.000000000000001,1.034772937188978,0.010821450114495233,,,,,,,,,8,hammer,2026-09-25,rejection,2026-09-29,False,True,False,no TV drawing read (f_rr False),https://www.tradingview.com/chart/?symbol=NASDAQ:EBC,https://finviz.com/quote.ashx?t=EBC,"$vol(30d) $46.5M < $50M | FAIL: dollar_vol, short_float, rr (no TV drawing read)"
ECL,FAIL,rr,True,True,True,True,False,False,True,True,True,277.8599853515625,362739634.8568115,1305476.3333333333,2.1,83.29,2026-11-03,35,263,273.3269522781032,277.34530479561823,275.3361285368607,263.1881594161703,285.990234375,0.8770277346188871,0.999999999999999,12.147969120690403,0.20775956784440272,no,,,,,,,2026-09-29,19,strong_close,2026-09-25,strong_close,2026-09-28,True,True,False,TV drawing not found (f_rr False),https://www.tradingview.com/chart/?symbol=NYSE:ECL,https://finviz.com/quote.ashx?t=ECL,FAIL: rr (TV drawing not found)
ECPG,FAIL,"dollar_vol,short_float,rr",False,False,True,True,False,True,True,True,True,95.25,35076196.675,368254.0333333333,6.35,107.0,2026-11-04,36,263,83.93000030517578,85.23999786376953,84.58499908447266,80.32000183105468,103.73999786376953,4.491210108973935,0.5713871501293171,7.464286259242466,1.4288038460906658,,,,,,,,,18,hammer,2026-09-25,hammer,2026-09-29,False,True,False,no TV drawing read (f_rr False),https://www.tradingview.com/chart/?symbol=NASDAQ:ECPG,https://finviz.com/quote.ashx?t=ECPG,"$vol(30d) $35.1M < $50M | FAIL: dollar_vol, short_float, rr (no TV drawing read)"
EGP,FAIL,"short_float,rr",True,False,True,True,False,True,False,True,True,202.6999969482422,91405996.07716675,450942.26666666666,5.6,103.31,2026-10-27,28,263,204.00093797051866,204.69570858202877,204.34832327627373,196.20876421168109,222.1999969482422,2.193199107015985,1.0000000000000016,8.139559064592634,-0.20250806154866807,,,,,,,,,0,hammer,2026-09-18,strong_close,2026-09-29,False,True,False,no TV drawing read (f_rr False),https://www.tradingview.com/chart/?symbol=NYSE:EGP,https://finviz.com/quote.ashx?t=EGP,"short float 5.60% >= 5% | FAIL: short_float, rr (no TV drawing read)"
EIG,FAIL,"dollar_vol,short_float,rr",False,False,True,True,False,True,True,True,True,48.0099983215332,7138356.9984375,148684.8,5.68,83.31,2026-10-22,23,263,42.07155227661133,42.27836377492538,42.174958025768355,40.04266653905418,51.565956115722656,4.404181205274931,0.9690641778405484,2.2003614780867737,2.6518553218984944,,,,,,,,,24,strong_close,2026-09-11,strong_close,2026-09-29,False,True,False,no TV drawing read (f_rr False),https://www.tradingview.com/chart/?symbol=NYSE:EIG,https://finviz.com/quote.ashx?t=EIG,"$vol(30d) $7.1M < $50M | FAIL: dollar_vol, short_float, rr (no TV drawing read)"
ELV,FAIL,rr,True,True,True,True,False,False,True,True,True,392.739990234375,422966987.9387695,1076964.4,2.47,94.71,2026-10-21,22,262,412.0526123046875,413.07399148050325,412.5633018925954,386.1434054211494,420.6292063892686,0.3052965974106146,0.9999999999999993,26.419896471446027,-0.7503175373773683,no,,,,,,,2026-09-29,10,strong_close,2026-09-11,hammer,2026-09-21,False,True,False,TV drawing not found (f_rr False),https://www.tradingview.com/chart/?symbol=NYSE:ELV,https://finviz.com/quote.ashx?t=ELV,FAIL: rr (TV drawing not found)
ELVN,FAIL,"short_float,rr",True,False,True,True,False,True,False,True,True,46.5099983215332,58732291.01545143,1262788.5,14.14,96.04,2026-11-18,50,263,48.11000061035156,48.529998779296875,48.31999969482422,43.43035670689174,60.459999084472656,2.4827987277618573,0.9999999999999997,4.889642987932477,-0.3701704557486213,,,,,,,,,0,strong_close,2026-09-04,hammer,2026-09-29,False,True,False,no TV drawing read (f_rr False),https://www.tradingview.com/chart/?symbol=NASDAQ:ELVN,https://finviz.com/quote.ashx?t=ELVN,"short float 14.14% >= 5% | FAIL: short_float, rr (no TV drawing read)"
EOG,FAIL,rr,True,True,True,True,False,False,False,True,True,139.69000244140625,420803946.73019004,3012412.7666666666,2.96,98.3,2026-11-05,37,263,140.17967224121094,144.62666418972194,142.40316821546645,133.51033847206048,153.0500030517578,1.1972381281881606,0.9999999999999998,8.89282974340597,-0.3050958865002461,,,,,,,,,1,hammer,2026-09-11,strong_close,2026-09-29,False,True,False,no TV drawing read (f_rr False),https://www.tradingview.com/chart/?symbol=NYSE:EOG,https://finviz.com/quote.ashx?t=EOG,FAIL: rr (no TV drawing read)
EPC,FAIL,"dollar_vol,short_float,rr",False,False,True,True,False,True,True,True,True,27.5,15371758.416666666,558973.0333333333,9.99,117.89,2026-11-05,37,263,23.11480140686035,24.01332622062832,23.564063813744333,21.26577778031273,28.892744064331055,2.318545286824198,1.0,2.2982860334316015,1.7125528019586265,,,,,,,,,19,hammer,2026-09-25,strong_close,2026-09-28,False,True,False,no TV drawing read (f_rr False),https://www.tradingview.com/chart/?symbol=NYSE:EPC,https://finviz.com/quote.ashx?t=EPC,"$vol(30d) $15.4M < $50M | FAIL: dollar_vol, short_float, rr (no TV drawing read)"
EPR,FAIL,"dollar_vol,short_float,rr",False,False,True,True,False,False,False,True,True,57.19499969482422,46742102.55859782,817241.0666666667,9.79,83.35,2026-11-04,36,263,59.03736025267944,59.29340052587551,59.16538038927747,56.785905088523485,62.89320755004883,1.566659321737911,1.0,2.379475300753988,-0.8280736067438468,,,,,,,,,1,strong_close,2026-09-04,strong_close,2026-09-29,False,True,False,no TV drawing read (f_rr False),https://www.tradingview.com/chart/?symbol=NYSE:EPR,https://finviz.com/quote.ashx?t=EPR,"$vol(30d) $46.7M < $50M | FAIL: dollar_vol, short_float, rr (no TV drawing read)"
EQIX,FAIL,rr,True,True,True,True,False,True,True,True,True,1015.27001953125,522736406.7748047,514874.26666666666,1.72,101.46,2026-11-04,36,263,780.0664553539755,793.0867422285353,786.5765987912554,727.9265585912393,1100.5514592493814,5.3533613853864,0.9306065615571725,63.02345440362861,3.628703359789613,no,,,,,,,2026-09-29,8,hammer,2026-09-18,strong_close,2026-09-21,False,True,False,TV drawing not found (f_rr False),https://www.tradingview.com/chart/?symbol=NASDAQ:EQIX,https://finviz.com/quote.ashx?t=EQIX,FAIL: rr (TV drawing not found)
ESI,FAIL,rr,True,True,True,True,False,True,False,True,True,35.96500015258789,179031852.62624106,4977946.666666667,3.01,104.88,2026-10-28,29,262,27.675426601053793,27.7051413110997,27.690283956076748,25.26834116469243,38.972077991339056,4.658158762211694,0.6821346680270187,3.550534674317985,2.3305549601766997,,,,,,,,,4,strong_close,2026-09-25,hammer,2026-09-29,False,True,False,no TV drawing read (f_rr False),https://www.tradingview.com/chart/?symbol=NYSE:ESI,https://finviz.com/quote.ashx?t=ESI,FAIL: rr (no TV drawing read)
ESS,FAIL,rr,True,True,True,True,False,True,False,False,True,273.989990234375,138783400.84744465,506527.26666666666,3.43,104.65,2026-10-28,29,263,255.67339383830705,256.81922863785974,256.2463112380834,246.20316374226869,290.30999755859375,3.3917341485530934,1.0000000000000004,10.043147495814733,1.7667448380784887,,,,,,,,,1,,,strong_close,2026-09-29,False,True,False,no TV drawing read (f_rr False),https://www.tradingview.com/chart/?symbol=NYSE:ESS,https://finviz.com/quote.ashx?t=ESS,FAIL: rr (no TV drawing read)
ETSY,FAIL,"short_float,rr",True,False,True,True,False,True,False,True,True,69.25,213094613.43333334,3077178.533333333,11.36,123.76,2026-11-04,36,263,61.880001068115234,63.70000076293945,62.790000915527344,55.57828576224191,85.55000305175781,3.1559763041752587,0.9999999999999997,7.211715153285435,0.8957645923563246,,,,,,,,,0,engulfing,2026-08-28,hammer,2026-09-28,False,True,False,no TV drawing read (f_rr False),https://www.tradingview.com/chart/?symbol=NYSE:ETSY,https://finviz.com/quote.ashx?t=ETSY,"short float 11.36% >= 5% | FAIL: short_float, rr (no TV drawing read)"
EW,FAIL,rr,True,True,True,True,False,False,True,True,True,88.11000061035156,264544767.0205424,3002437.466666667,1.6,94.43,2026-10-28,29,263,84.1500015258789,84.73999786376953,84.44499969482422,79.41321454729352,91.5999984741211,1.4219603121981716,1.0000000000000013,5.031785147530692,0.7283699140703401,no,,,,,,,2026-09-29,9,strong_close,2026-09-18,strong_close,2026-09-29,True,True,False,TV drawing not found (f_rr False),https://www.tradingview.com/chart/?symbol=NYSE:EW,https://finviz.com/quote.ashx?t=EW,FAIL: rr (TV drawing not found)
EWBC,FAIL,rr,True,True,True,True,False,True,True,True,True,125.5199966430664,99337726.15129064,791409.5666666667,3.4,93.55,2026-10-20,21,263,124.25652313232422,125.93539541524018,125.0959592737822,119.97682474677826,136.60000610351562,2.247264018761072,1.0000000000000002,5.1191345270039355,0.08283380072302621,no,,,,,,,2026-09-29,9,hammer,2026-09-25,hammer,2026-09-28,False,True,False,TV drawing not found (f_rr False),https://www.tradingview.com/chart/?symbol=NASDAQ:EWBC,https://finviz.com/quote.ashx?t=EWBC,FAIL: rr (TV drawing not found)
EWTX,FAIL,"short_float,rr",True,False,True,True,False,True,False,True,True,39.189998626708984,53743860.39604772,1371366.7333333334,11.65,86.79,2026-11-05,37,263,30.440000534057617,31.81999969482422,31.130000114440918,26.12035710471017,45.40999984741211,2.8505024619985235,1.0000000000000002,5.009643009730747,1.6088967809906412,,,,,,,,,0,strong_close,2026-09-11,hammer,2026-09-29,False,True,False,no TV drawing read (f_rr False),https://www.tradingview.com/chart/?symbol=NASDAQ:EWTX,https://finviz.com/quote.ashx?t=EWTX,"short float 11.65% >= 5% | FAIL: short_float, rr (no TV drawing read)"
EXLS,FAIL,"short_float,rr",True,False,True,True,False,True,True,True,True,34.58000183105469,68533039.41224417,1981869.1666666667,6.71,103.53,2026-11-03,35,262,32.5099983215332,32.97999954223633,32.744998931884766,30.190712928771973,38.400001525878906,2.2139269397016013,1.0,2.554286003112793,0.7184015012154813,,,,,,,,,14,strong_close,2026-08-28,hammer,2026-09-29,True,True,False,no TV drawing read (f_rr False),https://www.tradingview.com/chart/?symbol=NASDAQ:EXLS,https://finviz.com/quote.ashx?t=EXLS,"short float 6.71% >= 5% | FAIL: short_float, rr (no TV drawing read)"
EXPE,FAIL,"short_float,rr",True,False,True,True,False,True,False,True,True,266.3299865722656,540187958.8906544,2028265.6333333333,5.53,104.06,2026-10-29,30,263,264.8948974609375,268.6913499380408,266.7931236994891,240.63857743547285,332.2110900878906,2.5012082308001777,0.9999999999999999,26.154546264016265,-0.01770771025994359,,,,,,,,,0,hammer,2026-09-11,hammer,2026-09-29,False,True,False,no TV drawing read (f_rr False),https://www.tradingview.com/chart/?symbol=NASDAQ:EXPE,https://finviz.com/quote.ashx?t=EXPE,"short float 5.53% >= 5% | FAIL: short_float, rr (no TV drawing read)"
EZPW,FAIL,"dollar_vol,short_float,rr",False,False,True,True,False,True,False,True,True,30.15999984741211,26328542.834796526,872962.3,22.59,113.66,2026-11-18,50,263,26.530000686645508,26.59000015258789,26.5600004196167,24.6199991607666,33.31999969482422,3.4845334477846612,0.5908204922685584,3.2835713795253207,1.0963670381107515,,,,,,,,,1,hammer,2026-09-25,strong_close,2026-09-25,False,True,False,no TV drawing read (f_rr False),https://www.tradingview.com/chart/?symbol=NASDAQ:EZPW,https://finviz.com/quote.ashx?t=EZPW,"$vol(30d) $26.3M < $50M | FAIL: dollar_vol, short_float, rr (no TV drawing read)"
FBNC,FAIL,"dollar_vol,short_float,rr",False,False,True,True,False,True,True,True,True,62.310001373291016,13222639.231422424,212207.33333333334,5.41,82.95,2026-10-28,29,263,59.287010192871094,60.532326355386814,59.909668274128954,56.994305171335796,66.33999633789062,2.205669701177492,0.9999999999999992,2.9153631027931604,0.8233393284227075,,,,,,,,,14,hammer,2026-09-25,rejection,2026-09-29,False,True,False,no TV drawing read (f_rr False),https://www.tradingview.com/chart/?symbol=NASDAQ:FBNC,https://finviz.com/quote.ashx?t=FBNC,"$vol(30d) $13.2M < $50M | FAIL: dollar_vol, short_float, rr (no TV drawing read)"
FBP,FAIL,"dollar_vol,rr",False,True,True,True,False,True,True,True,True,26.350000381469727,33370721.71144225,1266441.0333333334,4.92,97.35,2026-10-28,29,263,23.937618255615234,24.134553408849484,24.03608583223236,22.873737267313434,29.4887638092041,4.691086771679431,0.999999999999999,1.1623485649189267,1.9907234534235965,,,,,,,,,26,rejection,2026-09-18,strong_close,2026-09-25,False,True,False,no TV drawing read (f_rr False),https://www.tradingview.com/chart/?symbol=NYSE:FBP,https://finviz.com/quote.ashx?t=FBP,"$vol(30d) $33.4M < $50M | FAIL: dollar_vol, rr (no TV drawing read)"
FCFS,FAIL,"short_float,rr",True,False,True,True,False,True,False,True,True,212.82000732421875,89215225.3583496,419205.06666666665,6.19,99.31,2026-10-22,23,262,162.90859985351562,164.29010707885658,163.5993534661861,153.2777266570131,228.3800048828125,6.276205545336583,0.6436246663581023,16.036717280549695,3.069247464861805,,,,,,,,,1,hammer,2026-09-11,hammer,2026-09-28,False,True,False,no TV drawing read (f_rr False),https://www.tradingview.com/chart/?symbol=NASDAQ:FCFS,https://finviz.com/quote.ashx?t=FCFS,"short float 6.19% >= 5% | FAIL: short_float, rr (no TV drawing read)"
FDS,FAIL,"short_float,no_earnings_14d,rr",True,False,False,True,False,True,False,True,True,259.97698974609375,221079769.826062,850382.0666666667,10.84,115.23,2026-09-30,1,263,230.73046875,232.33656852734288,231.53351863867144,207.16926807674957,307.82000732421875,3.131082915588346,0.9320268369930563,26.141147008735093,1.0880728033057576,,,,,,,,,2,strong_close,2026-09-18,rejection,2026-09-29,False,True,True,no TV drawing read (f_rr False),https://www.tradingview.com/chart/?symbol=NYSE:FDS,https://finviz.com/quote.ashx?t=FDS,"short float 10.84% >= 5% | FAIL: short_float, no_earnings_14d, rr (no TV drawing read)"
FFBC,FAIL,"dollar_vol,short_float,rr",False,False,True,True,False,True,False,True,True,31.450000762939453,26188230.08029518,832694.1,5.9,85.78,2026-10-22,23,263,30.133853912353516,30.221622568782454,30.177738240567983,28.65985324159405,35.43537902832031,3.4637938917022124,0.9999999999999992,1.5178849989739345,0.8381811028052183,,,,,,,,,1,hammer,2026-09-25,hammer,2026-09-24,False,True,False,no TV drawing read (f_rr False),https://www.tradingview.com/chart/?symbol=NASDAQ:FFBC,https://finviz.com/quote.ashx?t=FFBC,"$vol(30d) $26.2M < $50M | FAIL: dollar_vol, short_float, rr (no TV drawing read)"
FHI,FAIL,"dollar_vol,short_float,rr",False,False,True,True,False,True,False,True,True,57.49399948120117,34869300.01995583,606485.9,6.23,89.87,2026-10-22,23,263,57.060848236083984,57.81099782706325,57.435923031573616,54.16659747088061,64.41000366210938,2.1331863410560588,1.0000000000000002,3.2693255606930043,0.017764045993402307,,,,,,,,,1,hammer,2026-09-25,hammer,2026-09-29,False,True,False,no TV drawing read (f_rr False),https://www.tradingview.com/chart/?symbol=NYSE:FHI,https://finviz.com/quote.ashx?t=FHI,"$vol(30d) $34.9M < $50M | FAIL: dollar_vol, short_float, rr (no TV drawing read)"
FISI,FAIL,"dollar_vol,rr",False,True,True,True,False,True,True,True,True,39.290000915527344,5788544.757883454,147328.7,3.47,80.15,2026-10-22,23,263,34.20723342895508,34.528475599215206,34.36785451408514,32.56707853493885,41.87079449794637,4.1665038132162495,0.9999999999999989,1.8007759791462894,2.733347433796675,,,,,,,,,7,hammer,2026-09-18,strong_close,2026-09-29,False,True,False,no TV drawing read (f_rr False),https://www.tradingview.com/chart/?symbol=NASDAQ:FISI,https://finviz.com/quote.ashx?t=FISI,"$vol(30d) $5.8M < $50M | FAIL: dollar_vol, rr (no TV drawing read)"
FIVE,FAIL,rr,True,True,True,True,False,True,False,True,True,222.02999877929688,267354285.0061076,1204135.8666666667,4.53,101.3,2026-12-02,64,263,163.47000122070312,168.97999572753906,166.2249984741211,147.78785596575057,252.1999969482422,4.663141180098171,0.9999999999999997,18.437142508370535,3.026770568152852,,,,,,,,,1,strong_close,2026-09-04,engulfing,2026-09-28,False,True,False,no TV drawing read (f_rr False),https://www.tradingview.com/chart/?symbol=NASDAQ:FIVE,https://finviz.com/quote.ashx?t=FIVE,FAIL: rr (no TV drawing read)
FLEX,FAIL,rr,True,True,True,True,False,True,True,True,True,113.83000183105469,348500412.0782659,3061586.6333333333,2.45,96.61,2026-11-04,36,263,65.68000030517578,67.70999908447266,66.69499969482422,55.14999984741211,128.1999969482422,5.327414297645465,0.7143238618029412,16.16213662283761,2.9163843392851425,no,,,,,,,2026-09-29,13,strong_close,2026-09-11,hammer,2026-09-29,False,True,False,TV drawing not found (f_rr False),https://www.tradingview.com/chart/?symbol=NASDAQ:FLEX,https://finviz.com/quote.ashx?t=FLEX,FAIL: rr (TV drawing not found)
FLR,FAIL,"short_float,rr",True,False,True,True,False,False,True,True,True,49.849998474121094,115046962.04348068,2307862.9,7.83,97.03,2026-10-30,31,262,53.65999984741211,53.91999816894531,53.78999900817871,48.888571330479216,56.81999969482422,0.6181873702699723,0.9999999999999994,4.901427677699497,-0.8038475303805503,,,,,,,,,5,strong_close,2026-09-18,hammer,2026-09-18,False,True,False,no TV drawing read (f_rr False),https://www.tradingview.com/chart/?symbol=NYSE:FLR,https://finviz.com/quote.ashx?t=FLR,"short float 7.83% >= 5% | FAIL: short_float, rr (no TV drawing read)"
FLYW,FAIL,"dollar_vol,short_float,rr",False,False,True,True,False,False,True,True,True,17.329999923706055,24312207.213634107,1402897.1333333333,10.39,104.85,2026-11-10,42,263,18.75,18.920000076293945,18.835000038146973,17.23250014441354,19.540000915527344,0.43993817418476766,1.0000000000000002,1.6024998937334334,-0.9391576999949968,,,,,,,,,9,hammer,2026-09-25,hammer,2026-09-29,False,True,False,no TV drawing read (f_rr False),https://www.tradingview.com/chart/?symbol=NASDAQ:FLYW,https://finviz.com/quote.ashx?t=FLYW,"$vol(30d) $24.3M < $50M | FAIL: dollar_vol, short_float, rr (no TV drawing read)"
FOXF,FAIL,"dollar_vol,short_float,rr",False,False,True,True,False,False,True,True,True,18.700000762939453,8294963.791758728,443580.93333333335,6.94,101.8,2026-10-29,30,263,19.719999313354492,20.0,19.859999656677246,17.839785643986293,21.979999542236328,1.0493937138547083,1.0000000000000002,2.020214012690953,-0.5741960438105557,,,,,,,,,12,strong_close,2026-09-04,hammer,2026-09-29,False,True,False,no TV drawing read (f_rr False),https://www.tradingview.com/chart/?symbol=NASDAQ:FOXF,https://finviz.com/quote.ashx?t=FOXF,"$vol(30d) $8.3M < $50M | FAIL: dollar_vol, short_float, rr (no TV drawing read)"
FRST,FAIL,"dollar_vol,rr",False,True,True,True,False,True,True,True,True,15.369999885559082,2271915.5084172566,147814.93333333332,3.58,80.49,2026-10-22,23,263,14.509625434875488,14.776129374748734,14.642877404812111,14.104805881499399,16.65999984741211,3.7487998438967765,0.6334610697938122,0.8494152979090754,0.8560270606579122,,,,,,,,,12,rejection,2026-09-18,hammer,2026-09-25,False,True,False,no TV drawing read (f_rr False),https://www.tradingview.com/chart/?symbol=NASDAQ:FRST,https://finviz.com/quote.ashx?t=FRST,"$vol(30d) $2.3M < $50M | FAIL: dollar_vol, rr (no TV drawing read)"
FTDR,FAIL,"dollar_vol,rr",False,True,True,True,False,True,False,True,True,73.37999725341797,39325098.78807831,535910.3333333334,4.91,105.81,2026-10-29,30,263,68.80000305175781,70.01000213623047,69.40500259399414,62.835716247558594,90.83000183105469,3.261389153585247,1.0,6.569286346435547,0.6050877446650861,,,,,,,,,0,hammer,2026-09-11,hammer,2026-09-29,False,True,False,no TV drawing read (f_rr False),https://www.tradingview.com/chart/?symbol=NASDAQ:FTDR,https://finviz.com/quote.ashx?t=FTDR,"$vol(30d) $39.3M < $50M | FAIL: dollar_vol, rr (no TV drawing read)"
FTI,FAIL,rr,True,True,True,True,False,True,False,True,True,68.83999633789062,187839985.23673302,2728646.066666667,3.27,99.56,2026-10-29,30,263,40.23847198486328,40.79664885300429,40.51756041893378,37.91064308260391,80.30999755859375,15.264172969781022,0.5000000000000002,5.213834672659741,5.432169928109492,,,,,,,,,1,strong_close,2026-09-04,hammer,2026-09-29,False,True,False,no TV drawing read (f_rr False),https://www.tradingview.com/chart/?symbol=NYSE:FTI,https://finviz.com/quote.ashx?t=FTI,FAIL: rr (no TV drawing read)
FULT,FAIL,"dollar_vol,short_float,rr",False,False,True,True,False,True,True,True,True,22.649999618530273,35768665.73258661,1579190.5666666667,5.41,83.67,2026-10-20,21,263,21.817279815673828,22.20421596394416,22.010747889808997,21.06805904106682,24.81999969482422,2.9800414089586305,0.9999999999999989,0.9426888487421766,0.678115297082623,,,,,,,,,14,hammer,2026-09-25,hammer,2026-09-24,False,True,False,no TV drawing read (f_rr False),https://www.tradingview.com/chart/?symbol=NASDAQ:FULT,https://finviz.com/quote.ashx?t=FULT,"$vol(30d) $35.8M < $50M | FAIL: dollar_vol, short_float, rr (no TV drawing read)"
FWONK,FAIL,rr,True,True,True,True,False,True,False,False,True,93.08000183105469,188188111.4113393,2021788.8666666667,4.06,89.93,2026-10-30,31,263,91.58999633789062,93.2249984741211,92.40749740600586,86.58463995797294,105.63999938964844,2.2725100351053222,0.9999999999999992,5.8228574480329245,0.11549388441168405,,,,,,,,,0,,,hammer,2026-09-28,False,True,False,no TV drawing read (f_rr False),https://www.tradingview.com/chart/?symbol=NASDAQ:FWONK,https://finviz.com/quote.ashx?t=FWONK,FAIL: rr (no TV drawing read)
GCMG,FAIL,"dollar_vol,rr",False,True,True,True,False,True,True,True,True,12.800000190734863,5950818.222007434,464907.6666666667,2.02,90.32,2026-11-11,43,263,11.173583954886555,11.418618698938745,11.29610132691265,10.372724387060696,13.73939037322998,2.646036456908991,1.0,0.9233769398519538,1.628694413858045,,,,,,,,,9,hammer,2026-09-25,rejection,2026-09-29,True,True,False,no TV drawing read (f_rr False),https://www.tradingview.com/chart/?symbol=NASDAQ:GCMG,https://finviz.com/quote.ashx?t=GCMG,"$vol(30d) $6.0M < $50M | FAIL: dollar_vol, rr (no TV drawing read)"
GCO,FAIL,"dollar_vol,short_float,rr",False,False,True,True,False,True,False,True,True,34.52000045776367,7581641.508538818,219630.4,13.73,94.32,2026-12-04,66,263,24.209999084472656,24.979999542236328,24.594999313354492,21.250000228881834,35.939998626708984,3.3916300204736953,0.9984113319302454,3.3503216334751675,2.9624024885378946,,,,,,,,,1,strong_close,2026-09-25,strong_close,2026-09-28,False,True,False,no TV drawing read (f_rr False),https://www.tradingview.com/chart/?symbol=NYSE:GCO,https://finviz.com/quote.ashx?t=GCO,"$vol(30d) $7.6M < $50M | FAIL: dollar_vol, short_float, rr (no TV drawing read)"
GDDY,FAIL,"short_float,rr",True,False,True,True,False,False,False,True,True,94.04000091552734,221008424.752963,2350153.3666666667,6.21,109.16,2026-10-29,30,262,91.41000366210938,92.58999633789062,92.0,81.07000183105468,101.30999755859375,0.8517839998405152,0.9814824006723358,11.136214120047432,0.1831862151298735,,,,,,,,,1,rejection,2026-09-25,hammer,2026-09-29,False,True,False,no TV drawing read (f_rr False),https://www.tradingview.com/chart/?symbol=NYSE:GDDY,https://finviz.com/quote.ashx?t=GDDY,"short float 6.21% >= 5% | FAIL: short_float, rr (no TV drawing read)"
GEO,FAIL,"short_float,rr",True,False,True,True,False,True,True,True,True,30.959999084472656,70312475.79276887,2271074.8666666667,7.65,95.01,2026-11-05,37,263,18.549999237060547,18.809999465942383,18.679999351501465,17.08000015258789,32.79999923706055,8.825004346968912,0.6902264291287601,2.3180787222726003,5.297490380711538,,,,,,,,,29,hammer,2026-09-25,strong_close,2026-09-29,False,True,False,no TV drawing read (f_rr False),https://www.tradingview.com/chart/?symbol=NYSE:GEO,https://finviz.com/quote.ashx?t=GEO,"short float 7.65% >= 5% | FAIL: short_float, rr (no TV drawing read)"
GEV,FAIL,"history,rr",True,True,True,False,False,True,True,True,True,962.7150268554688,2047565890.3984842,2126866.033333333,3.29,82.37,2026-10-28,29,132,628.7223775529756,638.4403011905936,633.5813393717846,573.7267945417931,1072.6700439453125,7.335929223431544,0.5806035050174027,103.09022303989956,3.192676063532211,,,,,,,,,9,hammer,2026-09-25,hammer,2026-09-25,False,True,False,no TV drawing read (f_rr False),https://www.tradingview.com/chart/?symbol=NYSE:GEV,https://finviz.com/quote.ashx?t=GEV,"history 132 weekly bars < ~3y (150) | FAIL: history, rr (no TV drawing read)"
GFF,FAIL,"dollar_vol,rr",False,True,True,True,False,False,False,True,True,94.3499984741211,28438756.390073143,301417.6666666667,4.66,80.28,2026-11-12,44,263,96.2056884765625,97.48284224289681,96.84426535972966,89.90713491689392,106.01384412929028,1.3218114961396494,0.9999999999999997,6.93713044283574,-0.359553118708399,,,,,,,,,1,strong_close,2026-09-25,strong_close,2026-09-25,False,True,False,no TV drawing read (f_rr False),https://www.tradingview.com/chart/?symbol=NYSE:GFF,https://finviz.com/quote.ashx?t=GFF,"$vol(30d) $28.4M < $50M | FAIL: dollar_vol, rr (no TV drawing read)"
GKOS,FAIL,"short_float,rr",True,False,True,True,False,True,False,False,True,158.66000366210938,112377209.37516683,708289.4666666667,7.36,103.76,2026-11-04,36,263,144.99000549316406,148.11000061035156,146.5500030517578,131.80969020298548,184.88999938964844,2.6010300277367464,1.0000000000000009,14.740312848772321,0.8215565527403423,,,,,,,,,1,,,strong_close,2026-09-29,False,True,False,no TV drawing read (f_rr False),https://www.tradingview.com/chart/?symbol=NYSE:GKOS,https://finviz.com/quote.ashx?t=GKOS,"short float 7.36% >= 5% | FAIL: short_float, rr (no TV drawing read)"
GPC,FAIL,"short_float,rr",True,False,True,True,False,True,True,True,True,127.01000213623047,125245773.93522389,986109.5333333333,5.8,95.97,2026-10-15,16,263,111.69415283203125,113.69657986606866,112.69536634904995,104.45888326646487,138.0800018310547,3.081975064779418,0.9999999999999996,8.236483082585085,1.7379548581173991,,,,,,,,,11,hammer,2026-09-25,hammer,2026-09-24,False,True,False,no TV drawing read (f_rr False),https://www.tradingview.com/chart/?symbol=NYSE:GPC,https://finviz.com/quote.ashx?t=GPC,"short float 5.80% >= 5% | FAIL: short_float, rr (no TV drawing read)"
GPN,FAIL,"short_float,rr",True,False,True,True,False,True,True,True,True,83.33000183105469,197559798.85542044,2370812.3666666667,7.44,93.1,2026-11-03,35,263,75.2475653121576,75.55550671858524,75.40153601537142,68.94740312034206,93.36565351610253,2.783351039233503,1.0000000000000002,6.454132895029359,1.2284323773049923,,,,,,,,,14,hammer,2026-09-25,hammer,2026-09-28,True,True,False,no TV drawing read (f_rr False),https://www.tradingview.com/chart/?symbol=NYSE:GPN,https://finviz.com/quote.ashx?t=GPN,"short float 7.44% >= 5% | FAIL: short_float, rr (no TV drawing read)"
GRPN,FAIL,"dollar_vol,short_float,rr",False,False,True,True,False,True,True,True,True,19.989999771118164,22745929.751896605,1137865.4333333333,39.89,92.34,2026-11-05,37,263,20.229999542236328,22.389999389648438,21.309999465942383,18.208213806152344,28.350000381469727,2.2696606689463783,1.0,3.101785659790039,-0.4255612216975592,,,,,,,,,7,strong_close,2026-09-25,strong_close,2026-09-29,False,True,False,no TV drawing read (f_rr False),https://www.tradingview.com/chart/?symbol=NASDAQ:GRPN,https://finviz.com/quote.ashx?t=GRPN,"$vol(30d) $22.7M < $50M | FAIL: dollar_vol, short_float, rr (no TV drawing read)"
GTX,FAIL,rr,True,True,True,True,False,True,False,True,True,26.239999771118164,71308986.32199803,2717568.1,3.91,94.98,2026-10-22,23,263,17.351736831272113,17.497647987157407,17.42469240921476,16.269275927816903,35.00577926635742,15.216233401718952,0.5000000000000006,2.310832962795712,3.814774803644134,,,,,,,,,1,strong_close,2026-09-04,hammer,2026-09-29,False,True,False,no TV drawing read (f_rr False),https://www.tradingview.com/chart/?symbol=NASDAQ:GTX,https://finviz.com/quote.ashx?t=GTX,FAIL: rr (no TV drawing read)
HAFC,FAIL,"dollar_vol,rr",False,True,True,True,False,True,True,True,True,31.15999984741211,6707085.061822637,215246.63333333333,4.33,94.01,2026-10-27,28,263,28.165475845336914,29.36132093663308,28.763398390984996,27.427621820689897,32.4900016784668,2.789840284935168,1.000000000000001,1.3357765702950977,1.7941634175374555,,,,,,,,,21,hammer,2026-09-25,strong_close,2026-09-25,True,True,False,no TV drawing read (f_rr False),https://www.tradingview.com/chart/?symbol=NASDAQ:HAFC,https://finviz.com/quote.ashx?t=HAFC,"$vol(30d) $6.7M < $50M | FAIL: dollar_vol, rr (no TV drawing read)"
HBNC,FAIL,"dollar_vol,rr",False,True,True,True,False,True,False,True,True,18.860000610351562,9237340.998274231,489784.76666666666,4.03,80.59,2026-10-28,29,263,18.25895881652832,18.29826856207387,18.278613689301096,17.40647667380184,20.690000534057617,2.764917440611233,1.0000000000000013,0.8721370154992544,0.6666233753622436,,,,,,,,,1,hammer,2026-09-25,hammer,2026-09-24,False,True,False,no TV drawing read (f_rr False),https://www.tradingview.com/chart/?symbol=NASDAQ:HBNC,https://finviz.com/quote.ashx?t=HBNC,"$vol(30d) $9.2M < $50M | FAIL: dollar_vol, rr (no TV drawing read)"
HFWA,FAIL,"dollar_vol,short_float,rr",False,False,True,True,False,True,False,True,True,27.809999465942383,10715226.166226959,385301.2,7.51,82.71,2026-10-15,16,263,24.839114844737473,25.413826005784966,25.126470425261218,23.788409568585582,30.270082473754883,3.844079305385844,1.0000000000000002,1.3380608566756353,2.005535867291042,,,,,,,,,2,hammer,2026-09-25,strong_close,2026-09-25,False,True,False,no TV drawing read (f_rr False),https://www.tradingview.com/chart/?symbol=NASDAQ:HFWA,https://finviz.com/quote.ashx?t=HFWA,"$vol(30d) $10.7M < $50M | FAIL: dollar_vol, short_float, rr (no TV drawing read)"
HIW,FAIL,"dollar_vol,short_float,rr",False,False,True,True,False,True,True,True,True,28.642000198364258,30941065.8670201,1080269.0333333334,11.27,119.33,2026-10-27,28,263,28.898186068327096,29.044090305736304,28.9711381870317,27.311541202007366,33.30302810668945,2.6102059468336773,1.0000000000000002,1.6595969850243326,-0.1983240459204708,,,,,,,,,8,hammer,2026-09-11,rejection,2026-09-25,False,True,False,no TV drawing read (f_rr False),https://www.tradingview.com/chart/?symbol=NYSE:HIW,https://finviz.com/quote.ashx?t=HIW,"$vol(30d) $30.9M < $50M | FAIL: dollar_vol, short_float, rr (no TV drawing read)"
HNI,FAIL,"dollar_vol,short_float,rr",False,False,True,True,False,True,True,True,True,46.63999938964844,24724696.977775067,530117.8666666667,5.99,88.74,2026-11-03,35,263,37.259033203125,37.59293086872538,37.42598203592519,34.302976225601896,49.65999984741211,3.917385542814748,0.9999999999999997,3.123005810323293,2.9503683032755603,,,,,,,,,19,hammer,2026-09-25,engulfing,2026-09-25,False,True,False,no TV drawing read (f_rr False),https://www.tradingview.com/chart/?symbol=NYSE:HNI,https://finviz.com/quote.ashx?t=HNI,"$vol(30d) $24.7M < $50M | FAIL: dollar_vol, short_float, rr (no TV drawing read)"
HOG,FAIL,"dollar_vol,short_float,rr",False,False,True,True,False,False,True,True,True,24.829999923706055,42495588.91442585,1711461.5,18.0,108.81,2026-10-28,29,263,26.031402296461586,26.289630865389874,26.16051658092573,24.174082783435868,28.18661686757852,1.0199686942565365,1.0000000000000004,1.9864337974898618,-0.6698016610978781,,,,,,,,,9,hammer,2026-09-11,hammer,2026-09-29,False,True,False,no TV drawing read (f_rr False),https://www.tradingview.com/chart/?symbol=NYSE:HOG,https://finviz.com/quote.ashx?t=HOG,"$vol(30d) $42.5M < $50M | FAIL: dollar_vol, short_float, rr (no TV drawing read)"
HOPE,FAIL,"dollar_vol,short_float,rr",False,False,True,True,False,True,True,True,True,13.4399995803833,11419559.515464433,849669.6333333333,5.52,94.53,2026-10-26,27,263,12.248750686645508,12.383428447353165,12.316089566999336,11.731154448514452,14.449999809265137,3.648114423003217,1.0000000000000002,0.5849351184848838,1.9214268007965558,,,,,,,,,5,hammer,2026-09-25,hammer,2026-09-24,False,True,False,no TV drawing read (f_rr False),https://www.tradingview.com/chart/?symbol=NASDAQ:HOPE,https://finviz.com/quote.ashx?t=HOPE,"$vol(30d) $11.4M < $50M | FAIL: dollar_vol, short_float, rr (no TV drawing read)"
HP,FAIL,"dollar_vol,short_float,rr",False,False,True,True,False,True,False,True,True,36.60499954223633,43755926.521977104,1195353.8333333333,7.61,102.77,2026-11-18,50,263,29.30034637451172,29.86909365405642,29.58472001428407,26.292080863921957,44.939998626708984,4.663516987804811,1.0000000000000004,3.292639150362112,2.132113240280276,,,,,,,,,1,hammer,2026-08-28,hammer,2026-09-24,False,True,False,no TV drawing read (f_rr False),https://www.tradingview.com/chart/?symbol=NYSE:HP,https://finviz.com/quote.ashx?t=HP,"$vol(30d) $43.8M < $50M | FAIL: dollar_vol, short_float, rr (no TV drawing read)"
HPP,FAIL,"dollar_vol,short_float,rr",False,False,True,True,False,False,True,True,True,11.649999618530273,6752309.488901138,579597.4,12.71,121.1,2026-11-04,36,263,16.520000457763672,17.149999618530273,16.835000038146973,15.177500179835729,16.959999084472656,0.07541421237467845,0.9999999999999998,1.6574998583112444,-3.1282056487772336,,,,,,,,,26,strong_close,2026-09-11,hammer,2026-09-24,False,True,False,no TV drawing read (f_rr False),https://www.tradingview.com/chart/?symbol=NYSE:HPP,https://finviz.com/quote.ashx?t=HPP,"$vol(30d) $6.8M < $50M | FAIL: dollar_vol, short_float, rr (no TV drawing read)"
HRB,FAIL,"short_float,rr",True,False,True,True,False,True,False,False,True,40.58000183105469,71738619.03366342,1767831.8333333333,14.39,105.13,2026-11-05,37,263,38.11940002441406,39.0505761008114,38.58498806261273,34.25320791535715,53.43327713012695,3.4277568488607235,1.0000000000000004,4.331780147255577,0.46055286755628844,,,,,,,,,1,,,hammer,2026-09-29,False,True,False,no TV drawing read (f_rr False),https://www.tradingview.com/chart/?symbol=NYSE:HRB,https://finviz.com/quote.ashx?t=HRB,"short float 14.39% >= 5% | FAIL: short_float, rr (no TV drawing read)"
HRMY,FAIL,"dollar_vol,short_float,rr",False,False,True,True,False,True,False,True,True,39.290000915527344,36778294.62066676,936072.6333333333,9.22,95.67,2026-11-03,35,262,31.829999923706055,31.857999801635742,31.8439998626709,30.069999923706053,42.25,5.865840189036959,0.5686676915121833,3.119572230747768,2.3868660515264377,,,,,,,,,2,hammer,2026-09-25,hammer,2026-09-25,False,True,False,no TV drawing read (f_rr False),https://www.tradingview.com/chart/?symbol=NASDAQ:HRMY,https://finviz.com/quote.ashx?t=HRMY,"$vol(30d) $36.8M < $50M | FAIL: dollar_vol, short_float, rr (no TV drawing read)"
HSIC,FAIL,"short_float,rr",True,False,True,True,False,True,False,True,True,84.97000122070312,87250389.29313049,1026837.5666666667,8.01,98.66,2026-11-03,35,263,78.83000183105469,79.95999908447266,79.39500045776367,75.3596431187221,89.80999755859375,2.580935522132404,0.9999999999999984,4.035357339041574,1.3815383111185775,,,,,,,,,1,engulfing,2026-08-28,strong_close,2026-09-25,False,True,False,no TV drawing read (f_rr False),https://www.tradingview.com/chart/?symbol=NASDAQ:HSIC,https://finviz.com/quote.ashx?t=HSIC,"short float 8.01% >= 5% | FAIL: short_float, rr (no TV drawing read)"
HST,FAIL,"short_float,rr",True,False,True,True,False,True,False,True,True,22.440000534057617,183119418.5061247,8160401.7,6.1,106.09,2026-11-04,36,263,19.44915133350018,19.582559924202123,19.51585562885115,18.45501474076999,25.1299991607666,5.292163598699773,1.0000000000000007,1.0608408880811588,2.7564406105194905,,,,,,,,,1,strong_close,2026-09-25,hammer,2026-09-25,False,True,False,no TV drawing read (f_rr False),https://www.tradingview.com/chart/?symbol=NASDAQ:HST,https://finviz.com/quote.ashx?t=HST,"short float 6.10% >= 5% | FAIL: short_float, rr (no TV drawing read)"
HTO,FAIL,"dollar_vol,short_float,rr",False,False,True,True,False,True,True,True,True,61.650001525878906,24744553.587444305,401371.5,13.22,112.45,2026-11-02,34,263,52.385643005371094,53.52891851002037,52.95728075769573,50.05526661512498,64.31999969482422,3.915459532207113,0.9999999999999992,2.9020141425707515,2.9954095125403923,,,,,,,,,8,hammer,2026-09-18,strong_close,2026-09-29,False,True,False,no TV drawing read (f_rr False),https://www.tradingview.com/chart/?symbol=NASDAQ:HTO,https://finviz.com/quote.ashx?t=HTO,"$vol(30d) $24.7M < $50M | FAIL: dollar_vol, short_float, rr (no TV drawing read)"
HWC,FAIL,"short_float,rr",True,False,True,True,False,False,True,True,True,72.19999694824219,55389349.165463254,767165.5333333333,7.85,97.61,2026-10-20,21,263,77.94108581542969,78.83513356942274,78.38810969242621,75.02297184878921,78.85500251461465,0.1387440407742196,1.000000000000001,3.365137843636997,-1.8388883403052498,,,,,,,,,9,rejection,2026-09-25,strong_close,2026-09-25,False,True,False,no TV drawing read (f_rr False),https://www.tradingview.com/chart/?symbol=NASDAQ:HWC,https://finviz.com/quote.ashx?t=HWC,"short float 7.85% >= 5% | FAIL: short_float, rr (no TV drawing read)"
IART,FAIL,"dollar_vol,short_float,rr",False,False,True,True,False,True,False,True,True,16.639999389648438,13143212.787243143,789856.5666666667,10.23,94.8,2026-11-04,36,263,12.210000038146973,12.380000114440918,12.295000076293945,10.859999885559082,20.079999923706055,5.42508628059862,0.8505505668891759,1.6871427127293177,2.5753596779762145,,,,,,,,,1,engulfing,2026-09-25,hammer,2026-09-29,False,True,False,no TV drawing read (f_rr False),https://www.tradingview.com/chart/?symbol=NASDAQ:IART,https://finviz.com/quote.ashx?t=IART,"$vol(30d) $13.1M < $50M | FAIL: dollar_vol, short_float, rr (no TV drawing read)"
IBCP,FAIL,"dollar_vol,rr",False,True,True,True,False,True,False,True,True,35.349998474121094,6320174.380523682,178788.53333333333,3.59,82.37,2026-10-27,28,263,34.27873992919922,34.33830470021423,34.30852231470672,32.822809433697074,38.49781321842195,2.8197176973173397,0.9999999999999976,1.4857128810096505,0.700994231608609,,,,,,,,,1,hammer,2026-09-25,rejection,2026-09-29,False,True,False,no TV drawing read (f_rr False),https://www.tradingview.com/chart/?symbol=NASDAQ:IBCP,https://finviz.com/quote.ashx?t=IBCP,"$vol(30d) $6.3M < $50M | FAIL: dollar_vol, rr (no TV drawing read)"
IBKR,FAIL,rr,True,True,True,True,False,True,True,True,True,86.18000030517578,328404027.24359256,3810675.6333333333,2.83,88.2,2026-10-15,16,263,77.34832000732422,78.32538911470286,77.83685456101354,71.2594579354149,95.75331115722656,2.723943471263962,1.0000000000000002,6.577396625598636,1.2684571448362214,no,,,,,,,2026-09-29,8,hammer,2026-09-18,hammer,2026-09-21,True,True,False,TV drawing not found (f_rr False),https://www.tradingview.com/chart/?symbol=NASDAQ:IBKR,https://finviz.com/quote.ashx?t=IBKR,FAIL: rr (TV drawing not found)
ICFI,FAIL,"dollar_vol,rr",False,True,True,True,False,True,True,True,True,83.12000274658203,14473259.395581564,174124.86666666667,3.48,102.87,2026-10-29,30,263,73.09683990478516,73.83418321078032,73.46551155778275,67.55014217302359,94.85221862792969,3.6154474351592305,1.000000000000001,5.9153693847591535,1.632102842752967,,,,,,,,,14,hammer,2026-09-11,hammer,2026-09-29,True,True,False,no TV drawing read (f_rr False),https://www.tradingview.com/chart/?symbol=NASDAQ:ICFI,https://finviz.com/quote.ashx?t=ICFI,"$vol(30d) $14.5M < $50M | FAIL: dollar_vol, rr (no TV drawing read)"
ICHR,FAIL,"dollar_vol,short_float,rr",False,False,True,True,False,True,True,True,True,59.7599983215332,39597678.063828155,662611.7666666667,7.62,90.63,2026-11-09,41,263,50.349998474121094,50.5,50.42499923706055,43.51999877929688,103.94999694824219,7.7516284088005465,0.5098712780085567,13.542634691510882,0.6893045036741812,,,,,,,,,7,hammer,2026-09-25,strong_close,2026-09-28,False,True,False,no TV drawing read (f_rr False),https://www.tradingview.com/chart/?symbol=NASDAQ:ICHR,https://finviz.com/quote.ashx?t=ICHR,"$vol(30d) $39.6M < $50M | FAIL: dollar_vol, short_float, rr (no TV drawing read)"
ICUI,FAIL,"dollar_vol,short_float,rr",False,False,True,True,False,True,True,True,True,163.44000244140625,39718154.27329508,243013.66666666666,6.17,104.54,2026-11-09,41,263,157.02999877929688,159.88999938964844,158.45999908447266,146.68357740129744,184.55999755859375,2.216292790484035,0.9999999999999992,11.776421683175224,0.42287916405442927,,,,,,,,,19,strong_close,2026-09-25,hammer,2026-09-29,True,True,False,no TV drawing read (f_rr False),https://www.tradingview.com/chart/?symbol=NASDAQ:ICUI,https://finviz.com/quote.ashx?t=ICUI,"$vol(30d) $39.7M < $50M | FAIL: dollar_vol, short_float, rr (no TV drawing read)"
IDYA,FAIL,"dollar_vol,short_float,rr",False,False,True,True,False,False,True,True,True,37.86000061035156,31315968.914853416,827151.8333333334,11.03,101.9,2026-11-10,42,263,34.91999816894531,38.099998474121094,36.5099983215332,33.47678320748465,40.11000061035156,1.186860197334733,1.000000000000001,3.033215114048549,0.44507304561609523,,,,,,,,,11,hammer,2026-09-18,hammer,2026-09-29,True,True,False,no TV drawing read (f_rr False),https://www.tradingview.com/chart/?symbol=NASDAQ:IDYA,https://finviz.com/quote.ashx?t=IDYA,"$vol(30d) $31.3M < $50M | FAIL: dollar_vol, short_float, rr (no TV drawing read)"
INCY,FAIL,rr,True,True,True,True,False,True,True,True,True,123.19999694824219,173138877.5245514,1405348.0666666667,4.97,103.03,2026-11-03,35,262,108.5,109.4800033569336,108.9900016784668,101.53285707746234,127.80999755859375,2.523753646615884,0.9999999999999991,7.457144601004464,1.9055544756180978,no,,,,,,,2026-09-29,14,strong_close,2026-09-18,rejection,2026-09-29,False,True,False,TV drawing not found (f_rr False),https://www.tradingview.com/chart/?symbol=NASDAQ:INCY,https://finviz.com/quote.ashx?t=INCY,FAIL: rr (TV drawing not found)
INDV,FAIL,"short_float,rr",True,False,True,True,False,False,True,True,True,36.59000015258789,70128024.7334484,1916589.9,9.23,91.81,2026-10-29,30,263,39.5,41.0,40.25,37.80449322291783,40.619998931884766,0.15129744695544267,1.0000000000000009,2.4455067770821706,-1.4966222468534713,,,,,,,,,27,rejection,2026-09-18,hammer,2026-09-29,False,True,False,no TV drawing read (f_rr False),https://www.tradingview.com/chart/?symbol=NASDAQ:INDV,https://finviz.com/quote.ashx?t=INDV,"short float 9.23% >= 5% | FAIL: short_float, rr (no TV drawing read)"
INTA,FAIL,"dollar_vol,rr",False,True,True,True,False,True,True,True,True,35.20000076293945,20846856.66517677,592240.2333333333,4.36,89.04,2026-11-09,41,263,24.84000015258789,24.989999771118164,24.914999961853027,20.981786046709335,43.470001220703125,4.717516427827502,0.9999999999999997,3.933213915143694,2.6149101022670105,,,,,,,,,18,strong_close,2026-08-28,hammer,2026-09-29,False,True,False,no TV drawing read (f_rr False),https://www.tradingview.com/chart/?symbol=NASDAQ:INTA,https://finviz.com/quote.ashx?t=INTA,"$vol(30d) $20.8M < $50M | FAIL: dollar_vol, rr (no TV drawing read)"
ITT,FAIL,"short_float,rr",True,False,True,True,False,True,True,True,True,204.41000366210938,157681822.31561685,771399.7333333333,7.67,100.14,2026-11-04,36,262,188.93236629056855,191.2739242937497,190.10314529215913,178.2166626302015,218.9855194091797,2.4298503550977166,0.887998120891485,13.385706999046866,1.0688160416905117,,,,,,,,,10,hammer,2026-09-18,strong_close,2026-09-24,True,True,False,no TV drawing read (f_rr False),https://www.tradingview.com/chart/?symbol=NYSE:ITT,https://finviz.com/quote.ashx?t=ITT,"short float 7.67% >= 5% | FAIL: short_float, rr (no TV drawing read)"
J,FAIL,rr,True,True,True,True,False,True,True,True,True,136.3800048828125,106956768.91937256,784255.5,2.76,95.14,2026-11-24,56,263,128.57635591334733,128.58632609935245,128.58134100634987,120.85329536671044,151.97999572753906,3.027758350852713,1.0,7.728045639639433,1.0091379166371601,no,,,,,,,2026-09-29,14,hammer,2026-09-18,hammer,2026-09-28,True,True,False,TV drawing not found (f_rr False),https://www.tradingview.com/chart/?symbol=NYSE:J,https://finviz.com/quote.ashx?t=J,FAIL: rr (TV drawing not found)
JANX,FAIL,"dollar_vol,short_float,rr",False,False,True,True,False,True,False,True,True,16.950000762939453,15459568.550853347,912068.9,10.19,96.18,2026-11-10,42,263,16.459999084472656,16.530000686645508,16.494999885559082,14.882500035422188,20.239999771118164,2.322480765031481,1.0000000000000004,1.6124998501368932,0.2821711129720377,,,,,,,,,1,strong_close,2026-09-04,strong_close,2026-09-29,False,True,False,no TV drawing read (f_rr False),https://www.tradingview.com/chart/?symbol=NASDAQ:JANX,https://finviz.com/quote.ashx?t=JANX,"$vol(30d) $15.5M < $50M | FAIL: dollar_vol, short_float, rr (no TV drawing read)"
KALU,FAIL,"dollar_vol,short_float,rr",False,False,True,True,False,True,False,True,True,151.1699981689453,33420869.794187926,221081.36666666667,5.93,101.89,2026-10-22,23,263,139.23755306845413,148.66277260908612,143.95016283877013,125.03599679737346,186.77999877929688,2.2644316353566327,0.9999999999999997,18.914166041396676,0.38171576343220326,,,,,,,,,1,hammer,2026-09-04,hammer,2026-09-29,False,True,False,no TV drawing read (f_rr False),https://www.tradingview.com/chart/?symbol=NASDAQ:KALU,https://finviz.com/quote.ashx?t=KALU,"$vol(30d) $33.4M < $50M | FAIL: dollar_vol, short_float, rr (no TV drawing read)"
KDP,FAIL,"short_float,rr",True,False,True,True,False,False,False,True,True,31.030000686645508,300176530.168105,9673751.966666667,6.09,108.82,2026-10-22,23,263,29.013338088989258,29.072915096860722,29.04312659292499,27.093845075255103,32.59000015258789,1.8195799465142024,1.0000000000000002,1.949281517669888,1.0192853498634538,,,,,,,,,1,engulfing,2026-09-25,hammer,2026-09-28,False,True,False,no TV drawing read (f_rr False),https://www.tradingview.com/chart/?symbol=NASDAQ:KDP,https://finviz.com/quote.ashx?t=KDP,"short float 6.09% >= 5% | FAIL: short_float, rr (no TV drawing read)"
KFRC,FAIL,"dollar_vol,short_float,rr",False,False,True,True,False,True,False,True,True,51.915000915527344,12632593.116277313,243332.23333333334,9.37,97.45,2026-11-02,34,263,43.337745666503906,46.753189950689816,45.04546780859686,40.727114434813096,58.630958557128906,3.145988661096617,1.0000000000000007,4.318353373783762,1.5907760464057077,,,,,,,,,3,rejection,2026-09-25,strong_close,2026-09-29,False,True,False,no TV drawing read (f_rr False),https://www.tradingview.com/chart/?symbol=NYSE:KFRC,https://finviz.com/quote.ashx?t=KFRC,"$vol(30d) $12.6M < $50M | FAIL: dollar_vol, short_float, rr (no TV drawing read)"
KFY,FAIL,"dollar_vol,rr",False,True,True,True,False,True,False,True,True,71.91999816894531,36475221.964688614,507163.8333333333,4.02,94.26,2026-12-09,71,263,72.64205932617188,74.1302247028791,73.38614201452549,68.46445774011976,86.27999877929688,2.619805750609276,0.9999999999999998,4.921684274405735,-0.2978947376215443,,,,,,,,,1,hammer,2026-09-04,strong_close,2026-09-29,False,True,False,no TV drawing read (f_rr False),https://www.tradingview.com/chart/?symbol=NYSE:KFY,https://finviz.com/quote.ashx?t=KFY,"$vol(30d) $36.5M < $50M | FAIL: dollar_vol, rr (no TV drawing read)"
KMX,FAIL,"short_float,no_earnings_14d,rr",True,False,False,True,False,True,True,True,True,59.26499938964844,141446551.20878652,2386679.3666666667,7.06,102.99,2026-09-29,0,263,46.86000061035156,49.439998626708984,48.14999961853027,43.397278376988005,63.290000915527344,3.185543718546411,0.9999999999999994,4.752721241542271,2.3386601498873762,,,,,,,,,23,hammer,2026-09-25,rejection,2026-09-29,False,True,True,no TV drawing read (f_rr False),https://www.tradingview.com/chart/?symbol=NYSE:KMX,https://finviz.com/quote.ashx?t=KMX,"short float 7.06% >= 5% | FAIL: short_float, no_earnings_14d, rr (no TV drawing read)"
KOP,FAIL,"dollar_vol,rr",False,True,True,True,False,True,False,True,True,46.13999938964844,7580768.063719686,164299.26666666666,4.3,103.07,2026-10-30,31,263,29.477861404418945,30.072239189067158,29.775050296743053,26.29151863325697,47.939998626708984,5.214520803806238,0.9999999999999998,3.483531663486084,4.697804031592595,,,,,,,,,1,strong_close,2026-09-25,hammer,2026-09-29,False,True,False,no TV drawing read (f_rr False),https://www.tradingview.com/chart/?symbol=NYSE:KOP,https://finviz.com/quote.ashx?t=KOP,"$vol(30d) $7.6M < $50M | FAIL: dollar_vol, rr (no TV drawing read)"
KRYS,FAIL,"short_float,rr",True,False,True,True,False,True,False,True,True,335.05999755859375,86370928.5206604,257777.5,12.18,99.09,2026-11-09,41,263,289.0,298.3030090332031,293.65150451660156,267.4150717599051,358.239990234375,2.4617861092906477,1.0000000000000007,26.236432756696427,1.5782821325594782,,,,,,,,,1,strong_close,2026-09-25,hammer,2026-09-25,False,True,False,no TV drawing read (f_rr False),https://www.tradingview.com/chart/?symbol=NASDAQ:KRYS,https://finviz.com/quote.ashx?t=KRYS,"short float 12.18% >= 5% | FAIL: short_float, rr (no TV drawing read)"
KURA,FAIL,"dollar_vol,short_float,rr",False,False,True,True,False,False,False,True,True,10.805000305175781,23428030.15253321,2168258.1666666665,17.15,98.65,2026-10-29,30,263,11.449999809265137,12.220000267028809,11.835000038146973,10.46314287185669,13.25,1.0314484602499903,1.0,1.3718571662902832,-0.7508068319943775,,,,,,,,,0,strong_close,2026-09-04,strong_close,2026-09-29,False,True,False,no TV drawing read (f_rr False),https://www.tradingview.com/chart/?symbol=NASDAQ:KURA,https://finviz.com/quote.ashx?t=KURA,"$vol(30d) $23.4M < $50M | FAIL: dollar_vol, short_float, rr (no TV drawing read)"
KWR,FAIL,"dollar_vol,short_float,rr",False,False,True,True,False,False,True,True,True,157.91000366210938,22600969.28380839,143125.63333333333,13.44,91.35,2026-10-29,30,263,160.63099670410156,162.94337340643094,161.78718505526626,150.0659358517401,170.72000122070312,0.7621044489651805,0.9999999999999997,11.72124920352616,-0.3307822678141249,,,,,,,,,11,strong_close,2026-09-25,strong_close,2026-09-25,True,True,False,no TV drawing read (f_rr False),https://www.tradingview.com/chart/?symbol=NYSE:KWR,https://finviz.com/quote.ashx?t=KWR,"$vol(30d) $22.6M < $50M | FAIL: dollar_vol, short_float, rr (no TV drawing read)"
KYMR,FAIL,"short_float,rr",True,False,True,True,False,True,False,True,True,110.51000213623047,77267687.31163484,699191.8,14.12,108.49,2026-10-29,30,262,87.80999755859375,90.0999984741211,88.95499801635742,78.55342592511859,119.9800033569336,2.982722714262424,0.9999999999999994,10.401572091238839,2.072283298216878,,,,,,,,,0,hammer,2026-09-18,hammer,2026-09-29,False,True,False,no TV drawing read (f_rr False),https://www.tradingview.com/chart/?symbol=NASDAQ:KYMR,https://finviz.com/quote.ashx?t=KYMR,"short float 14.12% >= 5% | FAIL: short_float, rr (no TV drawing read)"
LAMR,FAIL,rr,True,True,True,True,False,True,False,True,True,145.9600067138672,72186749.64311218,494565.26666666666,3.63,85.41,2026-10-29,30,263,134.6874542236328,135.62618083125926,135.15681752744604,129.05360380848677,162.32000732421875,4.450637163891524,1.0000000000000007,6.103213718959263,1.770082072148596,,,,,,,,,1,hammer,2026-09-04,hammer,2026-09-29,False,True,False,no TV drawing read (f_rr False),https://www.tradingview.com/chart/?symbol=NASDAQ:LAMR,https://finviz.com/quote.ashx?t=LAMR,FAIL: rr (no TV drawing read)
LB,FAIL,"dollar_vol,short_float,history,rr",False,False,True,False,False,False,True,True,True,80.48999786376953,20314417.133848827,252384.36666666667,12.14,96.4,2026-11-11,43,119,77.88435270045264,81.9588332526095,79.92159297653106,72.24242058898196,88.38012267646172,1.1014897534590058,0.9999999999999997,7.679172387549104,0.07401902946729981,,,,,,,,,7,hammer,2026-09-18,hammer,2026-09-29,True,True,False,no TV drawing read (f_rr False),https://www.tradingview.com/chart/?symbol=NYSE:LB,https://finviz.com/quote.ashx?t=LB,"$vol(30d) $20.3M < $50M | FAIL: dollar_vol, short_float, history, rr (no TV drawing read)"
LBRX,FAIL,"dollar_vol,short_float,history,rr",False,False,True,False,False,True,False,True,True,37.279998779296875,11760348.414916992,315460.0,23.48,83.5,2026-11-05,37,56,31.989999771118164,33.470001220703125,32.730000495910645,29.35000061035156,49.34000015258789,4.914201248243473,0.6842203170403088,4.939929144723075,0.9210654950884517,,,,,,,,,0,engulfing,2026-09-04,hammer,2026-09-28,False,True,False,no TV drawing read (f_rr False),https://www.tradingview.com/chart/?symbol=NASDAQ:LBRX,https://finviz.com/quote.ashx?t=LBRX,"$vol(30d) $11.8M < $50M | FAIL: dollar_vol, short_float, history, rr (no TV drawing read)"
LH,FAIL,rr,True,True,True,True,False,True,False,True,True,308.80999755859375,230171449.33096516,745349.7333333333,3.03,101.2,2026-10-22,23,263,272.3859558105469,275.2320022818144,273.80897904618064,260.07239875490035,335.62042236328125,4.499769375376293,0.7780892510717664,17.65424759737917,1.9825834162204183,,,,,,,,,0,strong_close,2026-09-18,strong_close,2026-09-29,False,True,False,no TV drawing read (f_rr False),https://www.tradingview.com/chart/?symbol=NYSE:LH,https://finviz.com/quote.ashx?t=LH,FAIL: rr (no TV drawing read)
LNC,FAIL,"short_float,rr",True,False,True,True,False,False,False,True,True,40.92499923706055,74330664.2017994,1816265.5,6.41,86.06,2026-11-04,36,263,44.72741751969957,44.939896801493546,44.83365716059656,43.40389315514787,45.470001220703125,0.44506929652832355,0.5042333634968377,2.8355204335019293,-1.3784622665225286,,,,,,,,,1,hammer,2026-09-25,hammer,2026-09-29,False,True,False,no TV drawing read (f_rr False),https://www.tradingview.com/chart/?symbol=NYSE:LNC,https://finviz.com/quote.ashx?t=LNC,"short float 6.41% >= 5% | FAIL: short_float, rr (no TV drawing read)"
LNTH,FAIL,"short_float,rr",True,False,True,True,False,True,True,True,True,99.51000213623047,112877077.8961881,1134328.9666666666,6.41,116.55,2026-10-29,30,263,57.689998626708984,58.29600143432617,57.99300003051758,54.10678482055664,110.37999725341797,13.480210022498204,1.0,3.8862152099609375,10.683145390224078,,,,,,,,,5,strong_close,2026-08-28,rejection,2026-09-29,False,True,False,no TV drawing read (f_rr False),https://www.tradingview.com/chart/?symbol=NASDAQ:LNTH,https://finviz.com/quote.ashx?t=LNTH,"short float 6.41% >= 5% | FAIL: short_float, rr (no TV drawing read)"
LOCO,FAIL,"dollar_vol,short_float,rr",False,False,True,True,False,True,True,True,True,14.4399995803833,3227891.995532958,223538.23333333334,6.7,91.45,2026-10-29,30,263,14.1899995803833,14.345000267028809,14.267499923706055,13.319999923706055,16.81999969482422,2.693931156852944,0.9411137886611886,1.0067858014787947,0.1713369978240395,,,,,,,,,7,hammer,2026-09-11,strong_close,2026-09-29,False,True,False,no TV drawing read (f_rr False),https://www.tradingview.com/chart/?symbol=NASDAQ:LOCO,https://finviz.com/quote.ashx?t=LOCO,"$vol(30d) $3.2M < $50M | FAIL: dollar_vol, short_float, rr (no TV drawing read)"
LOVE,FAIL,"dollar_vol,short_float,rr",False,False,True,True,False,False,False,True,True,15.619999885559082,4360411.481386503,279155.6666666667,23.11,104.89,2026-12-10,72,262,16.100000381469727,16.329999923706055,16.21500015258789,14.285893167768206,18.204999923706055,1.0315652717955253,0.9999999999999999,1.9291069848196847,-0.30843300641743504,,,,,,,,,1,engulfing,2026-09-25,strong_close,2026-09-29,False,True,False,no TV drawing read (f_rr False),https://www.tradingview.com/chart/?symbol=NASDAQ:LOVE,https://finviz.com/quote.ashx?t=LOVE,"$vol(30d) $4.4M < $50M | FAIL: dollar_vol, short_float, rr (no TV drawing read)"
LTH,FAIL,"short_float,rr",True,False,True,True,False,True,False,True,True,40.09000015258789,118047503.05630454,2944562.3,5.99,85.18,2026-10-22,23,261,33.7400016784668,35.33000183105469,34.53500175476074,31.771715709141322,46.0,4.149045034050848,1.0000000000000002,2.7632860456194197,2.0102871386164933,,,,,,,,,1,hammer,2026-09-25,hammer,2026-09-29,False,True,False,no TV drawing read (f_rr False),https://www.tradingview.com/chart/?symbol=NYSE:LTH,https://finviz.com/quote.ashx?t=LTH,"short float 5.99% >= 5% | FAIL: short_float, rr (no TV drawing read)"
LYV,FAIL,"short_float,rr",True,False,True,True,False,True,True,True,True,171.07000732421875,309014486.02152914,1806362.7333333334,14.46,84.94,2026-10-29,30,263,160.58999633789062,165.97999572753906,163.28499603271484,154.15999603271484,188.4600067138672,2.7589052801262843,1.0,9.125,0.8531519223565924,,,,,,,,,8,hammer,2026-09-25,hammer,2026-09-25,False,True,False,no TV drawing read (f_rr False),https://www.tradingview.com/chart/?symbol=NYSE:LYV,https://finviz.com/quote.ashx?t=LYV,"short float 14.46% >= 5% | FAIL: short_float, rr (no TV drawing read)"
MA,FAIL,rr,True,True,True,True,False,True,True,True,True,563.6599731445312,1450354190.8674927,2573101.2666666666,0.89,83.79,2026-10-22,23,263,520.4276123046875,526.5872699856476,523.5074411451676,500.9826365484135,595.2999877929688,3.187266124303989,1.0000000000000002,22.5248045967541,1.7825918012691555,no,,,,,,,2026-09-29,14,hammer,2026-09-25,hammer,2026-09-28,False,True,False,TV drawing not found (f_rr False),https://www.tradingview.com/chart/?symbol=NYSE:MA,https://finviz.com/quote.ashx?t=MA,FAIL: rr (TV drawing not found)
MAC,FAIL,"short_float,rr",True,False,True,True,False,True,False,True,True,22.899999618530273,68030356.30341244,2970757.966666667,11.54,111.17,2026-11-04,36,263,21.9844913482666,22.240813006470994,22.112652177368798,20.92582358301178,24.553985531356954,2.0570226952703194,0.9999999999999998,1.1868285943570174,0.6634045092147728,,,,,,,,,2,hammer,2026-09-18,engulfing,2026-09-29,False,True,False,no TV drawing read (f_rr False),https://www.tradingview.com/chart/?symbol=NYSE:MAC,https://finviz.com/quote.ashx?t=MAC,"short float 11.54% >= 5% | FAIL: short_float, rr (no TV drawing read)"
MAN,FAIL,"dollar_vol,short_float,rr",False,False,True,True,False,True,True,True,True,56.54999923706055,45205888.430108644,799396.8,9.92,120.79,2026-10-15,16,262,30.4213809967041,31.789511211864244,31.105446104284173,25.740190503227602,62.38999938964844,5.830953007943079,0.9318146364726148,5.757857186453683,4.4191011184922955,,,,,,,,,22,hammer,2026-09-25,hammer,2026-09-29,False,True,False,no TV drawing read (f_rr False),https://www.tradingview.com/chart/?symbol=NYSE:MAN,https://finviz.com/quote.ashx?t=MAN,"$vol(30d) $45.2M < $50M | FAIL: dollar_vol, short_float, rr (no TV drawing read)"
MBIN,FAIL,"dollar_vol,short_float,rr",False,False,True,True,False,False,False,True,True,49.61000061035156,9981360.141467284,201196.53333333333,13.25,97.95,2026-10-22,23,263,50.006271017370125,50.89442807468335,50.450349546026736,47.24778960011143,55.82420204245969,1.6779865442603243,0.9176746650506834,3.4898641837719535,-0.2407970314669662,,,,,,,,,1,hammer,2026-09-25,engulfing,2026-09-24,False,True,False,no TV drawing read (f_rr False),https://www.tradingview.com/chart/?symbol=NASDAQ:MBIN,https://finviz.com/quote.ashx?t=MBIN,"$vol(30d) $10.0M < $50M | FAIL: dollar_vol, short_float, rr (no TV drawing read)"
MBX,FAIL,"dollar_vol,short_float,history,rr",False,False,True,False,False,True,True,True,True,57.75,27343094.625,473473.5,13.54,81.37,2026-11-05,37,108,38.189998626708984,40.970001220703125,39.579999923706055,31.926677976335796,68.56999969482422,3.787897591460837,1.0000000000000002,7.653321947370257,2.374132461856946,,,,,,,,,19,strong_close,2026-09-18,hammer,2026-09-29,False,True,False,no TV drawing read (f_rr False),https://www.tradingview.com/chart/?symbol=NASDAQ:MBX,https://finviz.com/quote.ashx?t=MBX,"$vol(30d) $27.3M < $50M | FAIL: dollar_vol, short_float, history, rr (no TV drawing read)"
MCK,FAIL,rr,True,True,True,True,False,True,False,True,True,864.760009765625,759031366.6609782,877736.4333333333,2.49,94.43,2026-11-04,36,262,724.4781494140625,729.2436456497278,726.8608975318951,694.3528343392941,907.989990234375,5.571820493560052,0.6218883688505779,52.27314872070205,2.6380487039441882,,,,,,,,,1,strong_close,2026-08-28,strong_close,2026-09-29,False,True,False,no TV drawing read (f_rr False),https://www.tradingview.com/chart/?symbol=NYSE:MCK,https://finviz.com/quote.ashx?t=MCK,FAIL: rr (no TV drawing read)
MD,FAIL,"dollar_vol,short_float,rr",False,False,True,True,False,False,False,True,True,26.040000915527344,18394687.894729614,706401.2,5.91,104.33,2026-10-29,30,263,23.510000228881836,23.739999771118164,23.625,21.72358594621931,27.030000686645508,1.7907728618472916,0.9999999999999994,1.901414053780692,1.2701078498528278,,,,,,,,,1,hammer,2026-09-25,hammer,2026-09-29,False,True,False,no TV drawing read (f_rr False),https://www.tradingview.com/chart/?symbol=NYSE:MD,https://finviz.com/quote.ashx?t=MD,"$vol(30d) $18.4M < $50M | FAIL: dollar_vol, short_float, rr (no TV drawing read)"
MEI,FAIL,"dollar_vol,short_float,rr",False,False,True,True,False,True,False,True,True,14.380000114440918,10353689.717731507,720006.2333333333,9.44,93.12,2026-12-03,65,263,8.996204376220703,9.174347336172405,9.085275856196553,7.551853744155208,18.209999084472656,5.950561920702287,0.49999999999999983,3.0668442240826908,1.7264405595390306,,,,,,,,,3,engulfing,2026-08-28,hammer,2026-09-24,False,True,False,no TV drawing read (f_rr False),https://www.tradingview.com/chart/?symbol=NYSE:MEI,https://finviz.com/quote.ashx?t=MEI,"$vol(30d) $10.4M < $50M | FAIL: dollar_vol, short_float, rr (no TV drawing read)"
MGRC,FAIL,"dollar_vol,rr",False,True,True,True,False,False,True,True,True,114.2300033569336,16030307.599090576,140333.6,2.16,92.78,2026-10-22,23,263,116.39197540283203,117.3580014793891,116.87498844111056,110.85823642020688,122.27999877929688,0.8983269244615659,1.0000000000000002,6.016752020903679,-0.4396034729348386,,,,,,,,,8,strong_close,2026-09-25,hammer,2026-09-29,True,True,False,no TV drawing read (f_rr False),https://www.tradingview.com/chart/?symbol=NASDAQ:MGRC,https://finviz.com/quote.ashx?t=MGRC,"$vol(30d) $16.0M < $50M | FAIL: dollar_vol, rr (no TV drawing read)"
MHK,FAIL,"short_float,rr",True,False,True,True,False,True,True,True,True,124.83999633789062,123851667.21621601,992083.2333333333,9.66,90.16,2026-10-22,23,263,108.83000183105469,112.76000213623047,110.79500198364258,100.99107197352818,140.10000610351562,2.989107846510534,1.0000000000000002,9.803930010114398,1.4325881906295006,,,,,,,,,21,hammer,2026-09-25,strong_close,2026-09-28,False,True,False,no TV drawing read (f_rr False),https://www.tradingview.com/chart/?symbol=NYSE:MHK,https://finviz.com/quote.ashx?t=MHK,"short float 9.66% >= 5% | FAIL: short_float, rr (no TV drawing read)"
MITK,FAIL,"dollar_vol,short_float,rr",False,False,True,True,False,True,True,True,True,16.59000015258789,10822158.117537688,652330.2,9.58,88.7,2026-10-29,30,263,14.649999618530273,15.609999656677246,15.12999963760376,13.151785237448555,19.43000030517578,2.173677770839529,1.0000000000000004,1.9782144001552038,0.738039574916442,,,,,,,,,12,hammer,2026-09-04,hammer,2026-09-28,True,True,False,no TV drawing read (f_rr False),https://www.tradingview.com/chart/?symbol=NASDAQ:MITK,https://finviz.com/quote.ashx?t=MITK,"$vol(30d) $10.8M < $50M | FAIL: dollar_vol, short_float, rr (no TV drawing read)"
MLKN,FAIL,"dollar_vol,short_float,rr",False,False,True,True,False,True,False,True,True,19.959999084472656,13516201.469370779,677164.4333333333,5.74,97.9,2026-12-23,85,263,21.121780395507812,21.159853863126354,21.140817129317085,19.750620351447495,24.293996810913086,2.2681534958152447,0.798129512228527,1.7418185351746998,-0.6779225395749943,,,,,,,,,1,rejection,2026-09-25,strong_close,2026-09-28,False,True,False,no TV drawing read (f_rr False),https://www.tradingview.com/chart/?symbol=NASDAQ:MLKN,https://finviz.com/quote.ashx?t=MLKN,"$vol(30d) $13.5M < $50M | FAIL: dollar_vol, short_float, rr (no TV drawing read)"
MOH,FAIL,"short_float,rr",True,False,True,True,False,True,True,True,True,189.4250030517578,108710201.03805745,573895.7333333333,6.24,108.71,2026-10-21,22,263,192.6999969482422,198.4199981689453,195.55999755859375,178.10699244907923,235.6199951171875,2.295306585153923,1.0000000000000007,17.45300510951451,-0.3515150811186919,,,,,,,,,9,hammer,2026-09-11,hammer,2026-09-29,False,True,False,no TV drawing read (f_rr False),https://www.tradingview.com/chart/?symbol=NYSE:MOH,https://finviz.com/quote.ashx?t=MOH,"short float 6.24% >= 5% | FAIL: short_float, rr (no TV drawing read)"
MSA,FAIL,"dollar_vol,rr",False,True,True,True,False,True,True,True,True,180.47999572753906,41060534.57998352,227507.4,2.43,91.96,2026-10-28,29,263,171.77980293646493,172.84675029575328,172.3132766161091,163.97453885908232,193.63743591308594,2.557240666191671,0.9999999999999983,8.338737757026806,0.979371140979713,,,,,,,,,16,hammer,2026-09-25,hammer,2026-09-28,False,True,False,no TV drawing read (f_rr False),https://www.tradingview.com/chart/?symbol=NYSE:MSA,https://finviz.com/quote.ashx?t=MSA,"$vol(30d) $41.1M < $50M | FAIL: dollar_vol, rr (no TV drawing read)"
MSI,FAIL,rr,True,True,True,True,False,True,False,True,True,446.1600036621094,417104740.6156219,934877.0333333333,1.93,91.83,2026-10-29,30,262,441.9690493476176,447.498134987632,444.7335921676248,427.0940190996935,484.7465160721933,2.26836124380538,0.7914169670692369,22.288596027014528,0.0639973685536635,,,,,,,,,1,hammer,2026-09-11,hammer,2026-09-21,False,True,False,no TV drawing read (f_rr False),https://www.tradingview.com/chart/?symbol=NYSE:MSI,https://finviz.com/quote.ashx?t=MSI,FAIL: rr (no TV drawing read)
MTCH,FAIL,rr,True,True,True,True,False,True,False,True,True,40.130001068115234,138237740.91938782,3444748.0,4.29,108.43,2026-11-03,35,262,31.463987350463867,31.52329688367061,31.49364211706724,28.574703877908927,38.46468734741211,2.3882126510340287,1.0000000000000002,2.918938239158311,2.9587330198320085,,,,,,,,,0,hammer,2026-09-11,engulfing,2026-09-29,False,True,False,no TV drawing read (f_rr False),https://www.tradingview.com/chart/?symbol=NASDAQ:MTCH,https://finviz.com/quote.ashx?t=MTCH,FAIL: rr (no TV drawing read)
MTG,FAIL,rr,True,True,True,True,False,False,False,False,True,28.260000228881836,52865505.77616539,1870683.1333333333,4.18,100.69,2026-11-04,36,263,28.398972945414464,29.199920235981025,28.799446590697745,27.559936345568925,31.15999984741211,1.9044241594542348,1.0000000000000004,1.239510245128819,-0.43520928038787243,,,,,,,,,1,,,hammer,2026-09-29,False,True,False,no TV drawing read (f_rr False),https://www.tradingview.com/chart/?symbol=NYSE:MTG,https://finviz.com/quote.ashx?t=MTG,FAIL: rr (no TV drawing read)
MTN,FAIL,"short_float,no_earnings_14d,rr",True,False,False,True,False,True,False,True,True,141.25999450683594,118404438.1676178,838202.2,17.68,131.57,,,263,131.16961669921875,131.98684400023586,131.5782303497273,121.08544339729985,153.08999633789062,2.050147981245982,0.9999999999999997,10.492786952427455,0.9227066365689244,,,,,,,,,0,hammer,2026-09-18,hammer,2026-09-29,False,False,False,earnings unknown; no TV drawing read (f_rr False),https://www.tradingview.com/chart/?symbol=NYSE:MTN,https://finviz.com/quote.ashx?t=MTN,"short float 17.68% >= 5% | FAIL: short_float, no_earnings_14d, rr (no TV drawing read)"
MUR,FAIL,"short_float,rr",True,False,True,True,False,True,False,True,True,35.95500183105469,58708803.541821286,1632841.0666666667,7.48,89.0,2026-10-29,30,263,32.435888660002014,32.45530808690154,32.44559837345177,29.823244922362512,39.3376579284668,2.628196268566403,0.7592526665326319,3.4538613648405994,1.0160811587076768,,,,,,,,,1,strong_close,2026-09-11,strong_close,2026-09-24,False,True,False,no TV drawing read (f_rr False),https://www.tradingview.com/chart/?symbol=NYSE:MUR,https://finviz.com/quote.ashx?t=MUR,"short float 7.48% >= 5% | FAIL: short_float, rr (no TV drawing read)"
MYE,FAIL,"dollar_vol,rr",False,True,True,True,False,True,True,True,True,31.229999542236328,9970306.437857056,319254.13333333336,3.28,97.28,2026-10-29,30,263,22.237417221069336,22.476208046672213,22.356812633870774,20.15789341947137,34.369998931884766,5.463223123135601,0.8853654775190384,2.483628817967006,3.5726702976609728,,,,,,,,,19,strong_close,2026-09-18,hammer,2026-09-28,False,True,False,no TV drawing read (f_rr False),https://www.tradingview.com/chart/?symbol=NYSE:MYE,https://finviz.com/quote.ashx?t=MYE,"$vol(30d) $10.0M < $50M | FAIL: dollar_vol, rr (no TV drawing read)"
NATL,FAIL,"dollar_vol,short_float,rr",False,False,True,True,False,True,False,True,True,45.47999954223633,31838495.015540317,700054.8666666667,6.07,96.68,2026-11-17,49,156,44.689998626708984,45.20000076293945,44.94499969482422,43.61642837524414,47.75,2.1112907254857483,1.0,1.3285713195800781,0.40268809022703195,,,,,,,,,1,engulfing,2026-09-11,hammer,2026-09-28,False,True,False,no TV drawing read (f_rr False),https://www.tradingview.com/chart/?symbol=NYSE:NATL,https://finviz.com/quote.ashx?t=NATL,"$vol(30d) $31.8M < $50M | FAIL: dollar_vol, short_float, rr (no TV drawing read)"
NESR,FAIL,"dollar_vol,history,rr",False,True,True,False,False,True,True,True,True,26.489999771118164,49095939.528795816,1853376.3666666667,4.73,87.54,2026-11-04,36,117,28.6200008392334,29.03499984741211,28.827500343322754,26.030000915527342,36.849998474121094,2.867738971128414,0.789298495097342,3.544285774230957,-0.6595124437198587,,,,,,,,,12,hammer,2026-09-18,hammer,2026-09-24,False,True,False,no TV drawing read (f_rr False),https://www.tradingview.com/chart/?symbol=NASDAQ:NESR,https://finviz.com/quote.ashx?t=NESR,"$vol(30d) $49.1M < $50M | FAIL: dollar_vol, history, rr (no TV drawing read)"
NGVT,FAIL,"dollar_vol,rr",False,True,True,True,False,False,True,True,True,71.0999984741211,17342718.737807464,243920.1,4.26,102.65,2026-11-04,36,263,77.12000274658203,77.2742427520752,77.19712274932861,72.22212155042376,77.30999755859375,0.02268839840480513,0.9999999999999988,4.975001198904855,-1.2255523227913347,,,,,,,,,27,strong_close,2026-09-25,strong_close,2026-09-28,False,True,False,no TV drawing read (f_rr False),https://www.tradingview.com/chart/?symbol=NYSE:NGVT,https://finviz.com/quote.ashx?t=NGVT,"$vol(30d) $17.3M < $50M | FAIL: dollar_vol, rr (no TV drawing read)"
NMIH,FAIL,"dollar_vol,rr",False,True,True,True,False,True,False,True,True,40.72999954223633,21111204.589064915,518320.76666666666,2.68,100.37,2026-11-03,35,263,41.11000061035156,41.290000915527344,41.20000076293945,39.589998474121096,45.709999084472656,2.801237211186367,0.8177641137779859,1.9687856946672713,-0.23872645051017408,,,,,,,,,0,rejection,2026-09-18,hammer,2026-09-29,False,True,False,no TV drawing read (f_rr False),https://www.tradingview.com/chart/?symbol=NASDAQ:NMIH,https://finviz.com/quote.ashx?t=NMIH,"$vol(30d) $21.1M < $50M | FAIL: dollar_vol, rr (no TV drawing read)"
NOVT,FAIL,"dollar_vol,short_float,rr",False,False,True,True,False,True,False,True,True,141.22000122070312,49477660.749017335,350358.73333333334,13.24,120.48,2026-11-10,42,263,128.8300018310547,131.6699981689453,130.25,115.88428388323102,166.6300048828125,2.5324184737540807,1.0000000000000004,14.365716116768974,0.7636236948813111,,,,,,,,,1,strong_close,2026-09-25,hammer,2026-09-28,False,True,False,no TV drawing read (f_rr False),https://www.tradingview.com/chart/?symbol=NASDAQ:NOVT,https://finviz.com/quote.ashx?t=NOVT,"$vol(30d) $49.5M < $50M | FAIL: dollar_vol, short_float, rr (no TV drawing read)"
NPO,FAIL,"dollar_vol,rr",False,True,True,True,False,True,True,True,True,307.7200012207031,45813220.43640442,148879.56666666668,2.64,100.47,2026-11-03,35,263,273.64581298828125,285.38612586181665,279.515969425049,252.39503272951288,344.5766566764277,2.3989100369858254,1.0,27.120936695536102,1.0399357556221984,,,,,,,,,12,strong_close,2026-09-25,hammer,2026-09-25,False,True,False,no TV drawing read (f_rr False),https://www.tradingview.com/chart/?symbol=NYSE:NPO,https://finviz.com/quote.ashx?t=NPO,"$vol(30d) $45.8M < $50M | FAIL: dollar_vol, rr (no TV drawing read)"
NRIX,FAIL,"dollar_vol,short_float,no_earnings_14d,rr",False,False,False,True,False,True,True,True,True,23.674999237060547,32100527.412210084,1355882.9333333333,18.19,110.46,2026-10-09,10,263,17.510000228881836,17.68000030517578,17.59500026702881,15.445714814322336,27.049999237060547,4.399135981740163,0.9999999999999996,2.149285452706473,2.8288466580255966,,,,,,,,,16,engulfing,2026-09-18,hammer,2026-09-29,False,True,True,no TV drawing read (f_rr False),https://www.tradingview.com/chart/?symbol=NASDAQ:NRIX,https://finviz.com/quote.ashx?t=NRIX,"$vol(30d) $32.1M < $50M | FAIL: dollar_vol, short_float, no_earnings_14d, rr (no TV drawing read)"
NSP,FAIL,"dollar_vol,short_float,rr",False,False,True,True,False,False,True,True,True,46.54999923706055,16922844.134306718,363541.23333333334,8.41,112.18,2026-11-02,34,263,44.116486806655885,44.204719780269194,44.16060329346254,39.4308154682084,52.91501998901367,1.8509110807905498,0.9999999999999994,4.729787825254145,0.5051803657745714,,,,,,,,,21,hammer,2026-09-18,hammer,2026-09-29,True,True,False,no TV drawing read (f_rr False),https://www.tradingview.com/chart/?symbol=NYSE:NSP,https://finviz.com/quote.ashx?t=NSP,"$vol(30d) $16.9M < $50M | FAIL: dollar_vol, short_float, rr (no TV drawing read)"
NTCT,FAIL,"dollar_vol,short_float,rr",False,False,True,True,False,True,False,True,True,39.0,24193503.099999998,620346.2333333333,5.34,95.1,2026-10-29,30,263,28.219999313354492,28.479999542236328,28.34999942779541,25.6199991607666,43.68000030517578,5.615384387513172,0.9480791204556928,2.8795067923409596,3.69855025191534,,,,,,,,,3,strong_close,2026-09-25,rejection,2026-09-29,False,True,False,no TV drawing read (f_rr False),https://www.tradingview.com/chart/?symbol=NASDAQ:NTCT,https://finviz.com/quote.ashx?t=NTCT,"$vol(30d) $24.2M < $50M | FAIL: dollar_vol, short_float, rr (no TV drawing read)"
NTRS,FAIL,rr,True,True,True,True,False,True,False,True,True,172.94000244140625,166206502.7410156,961064.5333333333,2.19,87.0,2026-10-21,22,263,149.8953399658203,150.3189701451915,150.10715505550593,144.57520863497314,190.51141357421875,7.303805107140106,0.6627889540596694,8.346467433787017,2.7356300814727366,,,,,,,,,1,strong_close,2026-09-11,hammer,2026-09-25,False,True,False,no TV drawing read (f_rr False),https://www.tradingview.com/chart/?symbol=NASDAQ:NTRS,https://finviz.com/quote.ashx?t=NTRS,FAIL: rr (no TV drawing read)
NUE,FAIL,rr,True,True,True,True,False,True,True,True,True,236.3000030517578,318080228.3045965,1346086.4333333333,1.9,82.68,2026-10-26,27,263,191.71368408203125,191.9622239178054,191.83795399991834,174.29595437864825,273.0,4.626727154963038,0.9542300056390323,18.38340810664668,2.4185966385505977,no,,,,,,,2026-09-29,5,hammer,2026-09-25,rejection,2026-09-28,False,True,False,TV drawing not found (f_rr False),https://www.tradingview.com/chart/?symbol=NYSE:NUE,https://finviz.com/quote.ashx?t=NUE,FAIL: rr (TV drawing not found)
NWPX,FAIL,"dollar_vol,short_float,rr",False,False,True,True,False,True,False,True,True,102.3499984741211,13800385.925924428,134835.23333333334,7.77,91.35,2026-11-04,36,263,77.5999984741211,82.76000213623047,80.18000030517578,70.94999908447265,148.3000030517578,7.380281011641376,0.961422756582933,9.60035651070731,2.309289050278397,,,,,,,,,3,hammer,2026-09-25,hammer,2026-09-28,False,True,False,no TV drawing read (f_rr False),https://www.tradingview.com/chart/?symbol=NASDAQ:NWPX,https://finviz.com/quote.ashx?t=NWPX,"$vol(30d) $13.8M < $50M | FAIL: dollar_vol, short_float, rr (no TV drawing read)"
NX,FAIL,"dollar_vol,short_float,rr",False,False,True,True,False,False,False,True,True,19.145000457763672,8213490.456887436,429014.9,9.27,109.27,2026-12-10,72,263,21.89618682861328,21.936035215234913,21.916111021924095,19.758951111656334,22.812678432851737,0.4156239909058727,0.9999999999999998,2.157159910267762,-1.2846106359432823,,,,,,,,,1,engulfing,2026-09-04,strong_close,2026-09-25,False,True,False,no TV drawing read (f_rr False),https://www.tradingview.com/chart/?symbol=NYSE:NX,https://finviz.com/quote.ashx?t=NX,"$vol(30d) $8.2M < $50M | FAIL: dollar_vol, short_float, rr (no TV drawing read)"
OFG,FAIL,"dollar_vol,rr",False,True,True,True,False,True,True,True,True,50.5,12777188.483333332,253013.63333333333,4.97,98.58,2026-10-21,22,263,42.16169179286037,42.53567610326576,42.34868394806306,40.371121676373946,53.95000076293945,5.8664735775765156,0.9999999999999982,1.97756227168912,4.121901074181878,,,,,,,,,14,rejection,2026-09-18,hammer,2026-09-24,False,True,False,no TV drawing read (f_rr False),https://www.tradingview.com/chart/?symbol=NYSE:OFG,https://finviz.com/quote.ashx?t=OFG,"$vol(30d) $12.8M < $50M | FAIL: dollar_vol, rr (no TV drawing read)"
OHI,FAIL,rr,True,True,True,True,False,False,False,False,True,46.540000915527344,86495089.67951736,1858510.7,4.78,82.57,2026-11-03,35,263,47.35532405553296,47.93740006425408,47.64636205989352,45.615863362741,51.025360107421875,1.664122243598046,0.9999999999999984,2.03049869715252,-0.5448716346962875,,,,,,,,,1,,,strong_close,2026-09-28,False,True,False,no TV drawing read (f_rr False),https://www.tradingview.com/chart/?symbol=NYSE:OHI,https://finviz.com/quote.ashx?t=OHI,FAIL: rr (no TV drawing read)
OII,FAIL,"dollar_vol,short_float,rr",False,False,True,True,False,True,False,True,True,44.19499969482422,38637602.22919922,874252.8,7.7,105.34,2026-10-28,29,263,26.940000534057617,27.709999084472656,27.324999809265137,23.840000381469725,53.0,7.367289643136815,0.7799722490953791,4.468106951032366,3.7756481817565333,,,,,,,,,1,hammer,2026-09-11,hammer,2026-09-24,False,True,False,no TV drawing read (f_rr False),https://www.tradingview.com/chart/?symbol=NYSE:OII,https://finviz.com/quote.ashx?t=OII,"$vol(30d) $38.6M < $50M | FAIL: dollar_vol, short_float, rr (no TV drawing read)"
OKE,FAIL,rr,True,True,True,True,False,False,False,True,True,86.87999725341797,305720116.76711273,3518878.066666667,4.34,84.19,2026-11-03,35,263,92.92205810546875,94.93802623364421,93.93004216955649,88.583651473361,97.5999984741211,0.686436235791029,1.0000000000000002,5.346390696195483,-1.3186550173288614,,,,,,,,,1,hammer,2026-08-28,strong_close,2026-09-17,False,True,False,no TV drawing read (f_rr False),https://www.tradingview.com/chart/?symbol=NYSE:OKE,https://finviz.com/quote.ashx?t=OKE,FAIL: rr (no TV drawing read)
ONB,FAIL,"short_float,rr",True,False,True,True,False,True,True,True,True,24.84000015258789,94213449.83073717,3792811.966666667,6.23,86.53,2026-10-27,28,263,24.107157917767047,24.31472360859983,24.210940763183437,23.15309511655782,27.01835823059082,2.653900856294739,1.0000000000000018,1.0578456466256139,0.5946608481219058,,,,,,,,,7,hammer,2026-09-25,strong_close,2026-09-25,False,True,False,no TV drawing read (f_rr False),https://www.tradingview.com/chart/?symbol=NASDAQ:ONB,https://finviz.com/quote.ashx?t=ONB,"short float 6.23% >= 5% | FAIL: short_float, rr (no TV drawing read)"
OPLN,FAIL,"dollar_vol,rr",False,True,True,True,False,True,False,True,True,34.6150016784668,40253012.38351822,1162877.6666666667,2.29,88.02,2026-11-03,35,263,31.020000457763672,31.06999969482422,31.045000076293945,29.845892633710587,40.400001525878906,7.801637382410485,0.5000000000000007,2.398214885166713,1.4886078909166145,,,,,,,,,1,hammer,2026-09-25,hammer,2026-09-29,False,True,False,no TV drawing read (f_rr False),https://www.tradingview.com/chart/?symbol=NYSE:OPLN,https://finviz.com/quote.ashx?t=OPLN,"$vol(30d) $40.3M < $50M | FAIL: dollar_vol, rr (no TV drawing read)"
ORKA,FAIL,"short_float,rr",True,False,True,True,False,True,True,True,True,82.1500015258789,75510337.18588512,919176.3333333334,12.97,103.55,2026-11-18,50,263,34.38999938964844,36.5099983215332,35.44999885559082,29.827321188790457,111.04000091552734,13.443772974265428,0.5000000000000001,11.245355333600726,4.152825880988404,,,,,,,,,12,hammer,2026-09-04,rejection,2026-09-23,False,True,False,no TV drawing read (f_rr False),https://www.tradingview.com/chart/?symbol=NASDAQ:ORKA,https://finviz.com/quote.ashx?t=ORKA,"short float 12.97% >= 5% | FAIL: short_float, rr (no TV drawing read)"
OVV,FAIL,rr,True,True,True,True,False,False,False,True,True,58.82500076293945,187147314.32640114,3181424.7666666666,4.13,93.64,2026-11-10,42,263,62.84023666381836,64.31344306209049,63.57683986295442,59.469887909207294,65.9757722113199,0.5841150262731295,0.9999999999999998,4.106951953747129,-1.1570232994032117,,,,,,,,,1,hammer,2026-09-25,strong_close,2026-09-25,False,True,False,no TV drawing read (f_rr False),https://www.tradingview.com/chart/?symbol=NYSE:OVV,https://finviz.com/quote.ashx?t=OVV,FAIL: rr (no TV drawing read)
OXY,FAIL,rr,True,True,True,True,False,True,True,True,True,54.939998626708984,435753725.74581414,7931447.7,2.17,84.93,2026-11-10,42,263,47.308015123332105,48.48458765145014,47.89630138739112,44.29562521501581,59.07481002807617,3.104558173391852,1.0000000000000007,3.6006761723753065,1.9562151390779623,no,,,,,,,2026-09-29,20,strong_close,2026-09-11,strong_close,2026-09-17,False,True,False,TV drawing not found (f_rr False),https://www.tradingview.com/chart/?symbol=NYSE:OXY,https://finviz.com/quote.ashx?t=OXY,FAIL: rr (TV drawing not found)
PAGP,FAIL,"dollar_vol,short_float,rr",False,False,True,True,False,True,True,True,True,26.1299991607666,44898395.399970375,1718270.0666666667,9.46,81.16,2026-10-29,30,262,25.542062759399414,25.738917602217157,25.640490180808285,24.484694061602998,28.31999969482422,2.3183236813931622,1.0000000000000009,1.1557961192052868,0.4235253708023326,,,,,,,,,7,rejection,2026-09-04,hammer,2026-09-28,False,True,False,no TV drawing read (f_rr False),https://www.tradingview.com/chart/?symbol=NASDAQ:PAGP,https://finviz.com/quote.ashx?t=PAGP,"$vol(30d) $44.9M < $50M | FAIL: dollar_vol, short_float, rr (no TV drawing read)"
PARR,FAIL,"short_float,rr",True,False,True,True,False,False,True,True,True,78.33999633789062,69986845.38237,893373.1,9.39,101.71,2026-11-09,41,263,66.1500015258789,70.38999938964844,68.27000045776367,58.19892910548619,86.02999877929688,1.7634666362995168,1.0000000000000002,10.071071352277484,0.9998932117435264,,,,,,,,,7,hammer,2026-09-18,engulfing,2026-09-29,False,True,False,no TV drawing read (f_rr False),https://www.tradingview.com/chart/?symbol=NYSE:PARR,https://finviz.com/quote.ashx?t=PARR,"short float 9.39% >= 5% | FAIL: short_float, rr (no TV drawing read)"
PBI,FAIL,"dollar_vol,short_float,rr",False,False,True,True,False,True,True,True,True,16.30500030517578,24816289.815479025,1522004.8666666667,13.62,88.08,2026-11-04,36,263,10.600667953491211,10.777269590974814,10.688968772233013,9.797314962463306,17.399999618530273,7.52649825836617,0.7385297821775905,1.2073362933863319,4.651588429592343,,,,,,,,,18,hammer,2026-09-11,rejection,2026-09-29,False,True,False,no TV drawing read (f_rr False),https://www.tradingview.com/chart/?symbol=NYSE:PBI,https://finviz.com/quote.ashx?t=PBI,"$vol(30d) $24.8M < $50M | FAIL: dollar_vol, short_float, rr (no TV drawing read)"
PCTY,FAIL,"short_float,rr",True,False,True,True,False,True,True,True,True,142.19000244140625,86154685.63527833,605912.4,6.57,88.04,2026-10-29,30,263,117.55000305175781,123.36499786376953,120.45750045776367,108.43671580723354,157.92999267578125,3.1173083378018083,0.9999999999999999,12.020784650530134,1.8079104330917486,,,,,,,,,14,strong_close,2026-08-28,hammer,2026-09-29,False,True,False,no TV drawing read (f_rr False),https://www.tradingview.com/chart/?symbol=NASDAQ:PCTY,https://finviz.com/quote.ashx?t=PCTY,"short float 6.57% >= 5% | FAIL: short_float, rr (no TV drawing read)"
PCVX,FAIL,"short_float,rr",True,False,True,True,False,True,False,True,True,56.689998626708984,69351014.42266795,1223337.7333333334,11.1,111.42,2026-11-09,41,263,49.61000061035156,50.27000045776367,49.94000053405762,45.376207624162944,62.619998931884766,2.7783903976746807,1.0000000000000004,4.563792909894671,1.479032512193274,,,,,,,,,1,strong_close,2026-09-04,strong_close,2026-09-28,False,True,False,no TV drawing read (f_rr False),https://www.tradingview.com/chart/?symbol=NASDAQ:PCVX,https://finviz.com/quote.ashx?t=PCVX,"short float 11.10% >= 5% | FAIL: short_float, rr (no TV drawing read)"
PGNY,FAIL,"dollar_vol,short_float,rr",False,False,True,True,False,True,True,True,True,24.790000915527344,26890217.230091095,1084720.3,6.32,103.53,2026-10-29,30,263,23.670000076293945,23.8799991607666,23.774999618530273,21.607142448425293,31.969999313354492,3.7802304542173175,1.0,2.1678571701049805,0.46820487576121905,,,,,,,,,7,strong_close,2026-09-11,rejection,2026-09-29,False,True,False,no TV drawing read (f_rr False),https://www.tradingview.com/chart/?symbol=NASDAQ:PGNY,https://finviz.com/quote.ashx?t=PGNY,"$vol(30d) $26.9M < $50M | FAIL: dollar_vol, short_float, rr (no TV drawing read)"
PGR,FAIL,"no_earnings_14d,rr",True,True,False,True,False,False,False,True,True,210.50999450683594,543860149.1682129,2583536.0,1.08,90.32,2026-10-08,9,263,202.7299793447737,208.3674785494131,205.54872894709342,193.03400867449272,220.39999389648438,1.1867037077852876,0.9999999999999996,12.514720272600703,0.3964343949903969,,,,,,,,,0,hammer,2026-09-11,hammer,2026-09-29,False,True,True,no TV drawing read (f_rr False),https://www.tradingview.com/chart/?symbol=NYSE:PGR,https://finviz.com/quote.ashx?t=PGR,"FAIL: no_earnings_14d, rr (no TV drawing read)"
PH,FAIL,rr,True,True,True,True,False,False,True,True,True,970.6099853515625,572255858.7741861,589583.7333333333,1.16,91.12,2026-10-29,30,263,966.9724731445312,1001.7723946354896,984.3724338900104,932.9477784593248,1082.6694406412896,1.911476235047839,0.999999999999999,51.42465543068561,-0.26762354406045624,no,,,,,,,2026-09-29,19,strong_close,2026-09-25,hammer,2026-09-29,True,True,False,TV drawing not found (f_rr False),https://www.tradingview.com/chart/?symbol=NYSE:PH,https://finviz.com/quote.ashx?t=PH,FAIL: rr (TV drawing not found)
PKG,FAIL,rr,True,True,True,True,False,True,True,True,True,233.3699951171875,128788911.27234295,551865.7666666667,3.89,98.84,2026-10-21,22,263,222.27140433922395,222.5082841555742,222.38984424739908,209.7857103263027,254.39352416992188,2.5391415326804885,0.9999999999999999,12.604133921096379,0.8711547289584258,no,,,,,,,2026-09-29,27,hammer,2026-09-11,hammer,2026-09-29,False,True,False,TV drawing not found (f_rr False),https://www.tradingview.com/chart/?symbol=NYSE:PKG,https://finviz.com/quote.ashx?t=PKG,FAIL: rr (TV drawing not found)
PR,FAIL,rr,True,True,True,True,False,False,False,True,True,21.200000762939453,221213512.4143008,10434599.266666668,2.66,88.44,2026-11-10,42,263,21.78944947590495,22.336154565538486,22.06280202072172,20.597450358345945,24.061764464624872,1.364152029323962,0.9999999999999997,1.4653516623757743,-0.5888015006468866,,,,,,,,,1,hammer,2026-09-11,strong_close,2026-09-29,False,True,False,no TV drawing read (f_rr False),https://www.tradingview.com/chart/?symbol=NYSE:PR,https://finviz.com/quote.ashx?t=PR,FAIL: rr (no TV drawing read)
PRGS,FAIL,"dollar_vol,short_float,no_earnings_14d,rr",False,False,False,True,False,True,True,True,True,39.439998626708984,19218690.6374766,487289.3333333333,11.68,114.32,2026-09-30,1,263,33.650001525878906,35.380001068115234,34.51500129699707,30.879999389648436,44.7599983215332,2.8184296145277186,0.9319665642311497,3.9003565652029857,1.262704382889056,,,,,,,,,22,hammer,2026-08-28,strong_close,2026-09-29,True,True,True,no TV drawing read (f_rr False),https://www.tradingview.com/chart/?symbol=NASDAQ:PRGS,https://finviz.com/quote.ashx?t=PRGS,"$vol(30d) $19.2M < $50M | FAIL: dollar_vol, short_float, no_earnings_14d, rr (no TV drawing read)"
PSMT,FAIL,"dollar_vol,short_float,rr",False,False,True,True,False,True,False,True,True,170.3800048828125,36418112.675683595,213746.4,7.59,91.57,2026-10-26,27,263,161.1516306511763,164.60814848667107,162.8798895689237,152.41565536881046,197.43016587276261,3.3017491431398858,0.9111359815968793,11.484821597950013,0.6530458701446045,,,,,,,,,1,strong_close,2026-09-25,engulfing,2026-09-25,False,True,False,no TV drawing read (f_rr False),https://www.tradingview.com/chart/?symbol=NASDAQ:PSMT,https://finviz.com/quote.ashx?t=PSMT,"$vol(30d) $36.4M < $50M | FAIL: dollar_vol, short_float, rr (no TV drawing read)"
PTEN,FAIL,"short_float,rr",True,False,True,True,False,False,False,True,True,10.550000190734863,85180700.83665994,8073999.933333334,9.21,112.61,2026-10-28,29,263,12.211823463439941,12.221656074466415,12.216739768953179,11.081696948588553,12.880000114440918,0.5843483026258607,1.0,1.1350428203646263,-1.4684376204264122,,,,,,,,,1,hammer,2026-08-28,hammer,2026-09-24,False,True,False,no TV drawing read (f_rr False),https://www.tradingview.com/chart/?symbol=NASDAQ:PTEN,https://finviz.com/quote.ashx?t=PTEN,"short float 9.21% >= 5% | FAIL: short_float, rr (no TV drawing read)"
PTGX,FAIL,"short_float,rr",True,False,True,True,False,True,False,True,True,140.97000122070312,86350549.28073628,612545.5666666667,13.3,114.66,2026-11-05,37,263,105.9800033569336,106.90299987792969,106.44150161743164,95.3900015258789,155.11000061035156,4.403791212934061,0.9505264480646113,11.626714978899274,2.969755400896597,,,,,,,,,1,hammer,2026-09-25,rejection,2026-09-29,False,True,False,no TV drawing read (f_rr False),https://www.tradingview.com/chart/?symbol=NASDAQ:PTGX,https://finviz.com/quote.ashx?t=PTGX,"short float 13.30% >= 5% | FAIL: short_float, rr (no TV drawing read)"
PVLA,FAIL,"dollar_vol,short_float,rr",False,False,True,True,False,False,True,True,True,139.0,28710806.76666667,206552.56666666668,25.45,88.37,2026-11-17,49,263,130.00999450683594,133.3300018310547,131.6699981689453,114.01356996808732,157.24000549316406,1.4481981878405177,1.0000000000000004,17.65642820085798,0.41514635619782375,,,,,,,,,9,strong_close,2026-09-04,hammer,2026-09-29,True,True,False,no TV drawing read (f_rr False),https://www.tradingview.com/chart/?symbol=NASDAQ:PVLA,https://finviz.com/quote.ashx?t=PVLA,"$vol(30d) $28.7M < $50M | FAIL: dollar_vol, short_float, rr (no TV drawing read)"
QNST,FAIL,"dollar_vol,short_float,rr",False,False,True,True,False,True,False,True,True,14.4399995803833,14636235.324014155,1013589.7333333333,11.27,94.3,2026-11-04,36,263,13.210000038146973,13.850000381469727,13.53000020980835,11.421429293496267,21.829999923706055,3.9363151837522783,1.0000000000000004,2.1085709163120816,0.4315716220569674,,,,,,,,,0,hammer,2026-09-11,engulfing,2026-09-29,False,True,False,no TV drawing read (f_rr False),https://www.tradingview.com/chart/?symbol=NASDAQ:QNST,https://finviz.com/quote.ashx?t=QNST,"$vol(30d) $14.6M < $50M | FAIL: dollar_vol, short_float, rr (no TV drawing read)"
RAMP,FAIL,"dollar_vol,short_float,rr",False,False,True,True,False,True,False,True,True,37.65999984741211,44455710.41521111,1180449.0333333334,13.52,101.42,2026-11-11,43,263,29.389999389648438,29.68000030517578,29.53499984741211,29.21110643659319,38.0,26.135141592369358,1.000000000000003,0.3238934108189174,25.085413066777488,,,,,,,,,0,strong_close,2026-08-28,strong_close,2026-09-29,False,True,False,no TV drawing read (f_rr False),https://www.tradingview.com/chart/?symbol=NYSE:RAMP,https://finviz.com/quote.ashx?t=RAMP,"$vol(30d) $44.5M < $50M | FAIL: dollar_vol, short_float, rr (no TV drawing read)"
RDNT,FAIL,"dollar_vol,short_float,rr",False,False,True,True,False,True,True,True,True,70.6500015258789,48792266.37380168,690619.4666666667,13.73,103.99,2026-11-11,43,262,63.45000076293945,63.576900764465336,63.513450763702394,57.47608634894235,76.9800033569336,2.2305349931020246,0.9999999999999996,6.037364414760044,1.1820639391468892,,,,,,,,,14,hammer,2026-09-11,engulfing,2026-09-28,False,True,False,no TV drawing read (f_rr False),https://www.tradingview.com/chart/?symbol=NASDAQ:RDNT,https://finviz.com/quote.ashx?t=RDNT,"$vol(30d) $48.8M < $50M | FAIL: dollar_vol, short_float, rr (no TV drawing read)"
REGN,FAIL,rr,True,True,True,True,False,False,True,True,True,750.510009765625,528967285.2039144,704810.4333333333,2.55,91.71,2026-10-30,31,262,764.7933395314827,773.5699248936681,769.1816322125754,720.1934587710175,834.510009765625,1.3335540593483286,1.000000000000001,48.98817344155788,-0.3811455119718923,no,,,,,,,2026-09-29,15,hammer,2026-09-18,strong_close,2026-09-29,False,True,False,TV drawing not found (f_rr False),https://www.tradingview.com/chart/?symbol=NASDAQ:REGN,https://finviz.com/quote.ashx?t=REGN,FAIL: rr (TV drawing not found)
RELY,FAIL,"short_float,rr",True,False,True,True,False,True,True,True,True,21.469999313354492,83734740.68602677,3900081.2,9.44,85.39,2026-11-04,36,263,17.149999618530273,17.878999710083008,17.51449966430664,15.133856773376465,26.670000076293945,3.8458100737696217,1.0,2.380642890930176,1.661525827379486,,,,,,,,,16,hammer,2026-09-25,engulfing,2026-09-28,False,True,False,no TV drawing read (f_rr False),https://www.tradingview.com/chart/?symbol=NASDAQ:RELY,https://finviz.com/quote.ashx?t=RELY,"short float 9.44% >= 5% | FAIL: short_float, rr (no TV drawing read)"
REPL,FAIL,"dollar_vol,short_float,rr",False,False,True,True,False,True,True,True,True,13.0,30281066.4,2329312.8,25.68,103.02,2026-10-29,30,262,8.40999984741211,8.430000305175781,8.420000076293945,7.0400001907348635,15.5,5.130435152780988,0.5709219278509037,2.4171429021017894,1.8947989875665134,,,,,,,,,18,strong_close,2026-08-28,strong_close,2026-09-29,False,True,False,no TV drawing read (f_rr False),https://www.tradingview.com/chart/?symbol=NASDAQ:REPL,https://finviz.com/quote.ashx?t=REPL,"$vol(30d) $30.3M < $50M | FAIL: dollar_vol, short_float, rr (no TV drawing read)"
REX,FAIL,"dollar_vol,rr",False,True,True,True,False,True,False,True,True,42.619998931884766,8627245.313122813,202422.46666666667,3.39,80.59,2026-11-26,58,263,34.18000030517578,34.970001220703125,34.57500076293945,31.890365055629186,44.66999816894531,3.7602857544199257,0.9999999999999999,2.684635707310268,2.996681503951828,,,,,,,,,0,strong_close,2026-09-18,hammer,2026-09-25,False,True,False,no TV drawing read (f_rr False),https://www.tradingview.com/chart/?symbol=NYSE:REX,https://finviz.com/quote.ashx?t=REX,"$vol(30d) $8.6M < $50M | FAIL: dollar_vol, rr (no TV drawing read)"
REXR,FAIL,rr,True,True,True,True,False,False,False,True,True,37.400001525878906,97050150.33953935,2594923.7,4.96,107.4,2026-10-21,22,262,35.8876542312289,36.24307636702684,36.06536529912787,34.2143345268692,39.0,1.5854056803665273,1.0000000000000018,1.8510307722586643,0.7210232518838613,,,,,,,,,0,engulfing,2026-09-11,strong_close,2026-09-29,False,True,False,no TV drawing read (f_rr False),https://www.tradingview.com/chart/?symbol=NYSE:REXR,https://finviz.com/quote.ashx?t=REXR,FAIL: rr (no TV drawing read)
RHI,FAIL,"short_float,rr",True,False,True,True,False,True,True,True,True,36.900001525878906,69186352.81097539,1874968.8333333333,19.91,124.41,2026-10-27,28,263,26.628504898582214,29.19673419757267,27.912619548077444,23.50648081435434,45.310001373291016,3.948441680253929,1.0,4.406138733723104,2.03974103425638,,,,,,,,,9,hammer,2026-09-25,hammer,2026-09-29,False,True,False,no TV drawing read (f_rr False),https://www.tradingview.com/chart/?symbol=NYSE:RHI,https://finviz.com/quote.ashx?t=RHI,"short float 19.91% >= 5% | FAIL: short_float, rr (no TV drawing read)"
RHP,FAIL,rr,True,True,True,True,False,True,False,True,True,122.0250015258789,69584704.24263178,570249.5666666667,4.37,94.29,2026-11-02,34,263,102.76312827616329,103.40852128131385,103.08582477873857,96.40152536439264,134.4499969482422,4.692215328085009,1.0,6.684299414345929,2.833382464360114,,,,,,,,,3,hammer,2026-09-18,hammer,2026-09-29,False,True,False,no TV drawing read (f_rr False),https://www.tradingview.com/chart/?symbol=NYSE:RHP,https://finviz.com/quote.ashx?t=RHP,FAIL: rr (no TV drawing read)
RLAY,FAIL,"short_float,rr",True,False,True,True,False,True,False,True,True,18.360000610351562,58281002.4534673,3174346.433333333,25.93,98.95,2026-11-11,43,263,8.5600004196167,8.8100004196167,8.6850004196167,6.848214558192662,20.0049991607666,6.162938739289756,0.9999999999999998,1.8367858614240373,5.267353366512717,,,,,,,,,1,hammer,2026-09-11,strong_close,2026-09-29,False,True,False,no TV drawing read (f_rr False),https://www.tradingview.com/chart/?symbol=NASDAQ:RLAY,https://finviz.com/quote.ashx?t=RLAY,"short float 25.93% >= 5% | FAIL: short_float, rr (no TV drawing read)"
RLJ,FAIL,"dollar_vol,short_float,rr",False,False,True,True,False,True,True,True,True,11.0649995803833,17721129.42329699,1601548.1333333333,8.95,94.92,2026-11-04,36,263,8.060415837466191,8.176531888559357,8.118473863012774,7.467583707189209,12.390000343322754,6.56259192444731,0.9999999999999998,0.6508901558235652,4.526917008972605,,,,,,,,,7,strong_close,2026-09-25,hammer,2026-09-29,False,True,False,no TV drawing read (f_rr False),https://www.tradingview.com/chart/?symbol=NYSE:RLJ,https://finviz.com/quote.ashx?t=RLJ,"$vol(30d) $17.7M < $50M | FAIL: dollar_vol, short_float, rr (no TV drawing read)"
RPRX,FAIL,rr,True,True,True,True,False,True,False,True,True,58.220001220703125,171560186.43378195,2946756.8333333335,2.79,85.12,2026-11-11,43,263,45.822017669677734,45.98067415053724,45.90134591010749,44.44080602390541,63.959999084472656,12.364368371564353,0.5000000000000007,2.9210797724041515,4.217158130007847,,,,,,,,,1,engulfing,2026-09-04,hammer,2026-09-29,False,True,False,no TV drawing read (f_rr False),https://www.tradingview.com/chart/?symbol=NASDAQ:RPRX,https://finviz.com/quote.ashx?t=RPRX,FAIL: rr (no TV drawing read)
RS,FAIL,rr,True,True,True,True,False,True,False,True,True,387.3999938964844,122104526.59623413,315189.8,2.3,83.26,2026-10-21,22,263,349.6131591796875,350.71168485924875,350.1624220194681,327.0223569917048,426.5400085449219,3.3006642995089375,1.0,23.14006502776334,1.6092250316642924,,,,,,,,,1,hammer,2026-09-04,hammer,2026-09-29,False,True,False,no TV drawing read (f_rr False),https://www.tradingview.com/chart/?symbol=NYSE:RS,https://finviz.com/quote.ashx?t=RS,FAIL: rr (no TV drawing read)
RXO,FAIL,"dollar_vol,short_float,rr",False,False,True,True,False,True,True,True,True,20.71500015258789,32377201.369492337,1562983.4,9.05,110.54,2026-11-05,37,206,17.110000610351562,17.399999618530273,17.255000114440918,14.522071429661342,29.290000915527344,4.403701006950024,1.0000000000000002,2.732928684779576,1.2660410999440472,,,,,,,,,8,strong_close,2026-09-18,strong_close,2026-09-29,False,True,False,no TV drawing read (f_rr False),https://www.tradingview.com/chart/?symbol=NYSE:RXO,https://finviz.com/quote.ashx?t=RXO,"$vol(30d) $32.4M < $50M | FAIL: dollar_vol, short_float, rr (no TV drawing read)"
SCHW,FAIL,rr,True,True,True,True,False,True,False,True,True,99.09500122070312,805334527.9093577,8126893.566666666,1.18,85.59,2026-10-15,16,263,94.97129043895808,96.11383605389696,95.54256324642752,90.56644470205016,112.88999938964844,3.486138038817871,1.0,4.976118544377357,0.7138973765586022,,,,,,,,,1,rejection,2026-08-28,engulfing,2026-09-29,False,True,False,no TV drawing read (f_rr False),https://www.tradingview.com/chart/?symbol=NYSE:SCHW,https://finviz.com/quote.ashx?t=SCHW,FAIL: rr (no TV drawing read)
SCL,FAIL,"dollar_vol,rr",False,True,True,True,False,True,True,True,True,62.189998626708984,8612896.063808441,138493.26666666666,3.09,88.19,2026-10-21,22,263,52.202964782714844,52.804591375734766,52.5037780792248,48.780628179370105,64.75885009765625,3.2915870561402127,1.0000000000000002,3.723149899854696,2.6016198133366073,,,,,,,,,27,strong_close,2026-09-25,strong_close,2026-09-25,False,True,False,no TV drawing read (f_rr False),https://www.tradingview.com/chart/?symbol=NYSE:SCL,https://finviz.com/quote.ashx?t=SCL,"$vol(30d) $8.6M < $50M | FAIL: dollar_vol, rr (no TV drawing read)"
SFNC,FAIL,"dollar_vol,rr",False,True,True,True,False,True,True,True,True,22.520000457763672,28217222.02290433,1252984.9666666666,4.42,82.24,2026-10-27,28,263,21.176232841110334,21.75519394637739,21.46571339374386,20.439631875948184,23.857324600219727,2.3308198861370615,1.0000000000000016,1.0260815177956764,1.027488601767945,,,,,,,,,7,hammer,2026-09-25,hammer,2026-09-25,False,True,False,no TV drawing read (f_rr False),https://www.tradingview.com/chart/?symbol=NASDAQ:SFNC,https://finviz.com/quote.ashx?t=SFNC,"$vol(30d) $28.2M < $50M | FAIL: dollar_vol, rr (no TV drawing read)"
SFST,FAIL,"dollar_vol,rr",False,True,True,True,False,False,True,True,True,59.54999923706055,5637000.942780176,94659.96666666666,4.7,89.07,2026-10-27,28,263,58.40999984741211,59.70000076293945,59.05500030517578,55.936793191092356,64.18000030517578,1.6435726725312334,0.9999999999999997,3.118207114083426,0.158744725342039,,,,,,,,,5,rejection,2026-09-25,rejection,2026-09-29,False,True,False,no TV drawing read (f_rr False),https://www.tradingview.com/chart/?symbol=NASDAQ:SFST,https://finviz.com/quote.ashx?t=SFST,"$vol(30d) $5.6M < $50M | FAIL: dollar_vol, rr (no TV drawing read)"
SIRI,FAIL,"short_float,rr",True,False,True,True,False,True,False,True,True,25.760000228881836,100600033.44318116,3905280.7666666666,11.88,84.17,2026-11-03,35,263,21.340167999267578,21.61139908431277,21.47578354179017,19.85776291551338,29.149999618530273,4.742965542039566,0.9417765772144485,1.7180514629727919,2.493648635925356,,,,,,,,,0,hammer,2026-09-11,strong_close,2026-09-28,False,True,False,no TV drawing read (f_rr False),https://www.tradingview.com/chart/?symbol=NASDAQ:SIRI,https://finviz.com/quote.ashx?t=SIRI,"short float 11.88% >= 5% | FAIL: short_float, rr (no TV drawing read)"
SKWD,FAIL,"dollar_vol,short_float,rr",False,False,True,True,False,True,True,True,True,53.47999954223633,20337586.36325315,380283.9666666667,5.18,89.72,2026-11-04,36,195,46.83000183105469,47.625,47.227500915527344,43.29242924281529,64.19999694824219,4.313135171186699,1.0000000000000007,3.9350716727120534,1.5889160723722624,,,,,,,,,6,hammer,2026-09-11,hammer,2026-09-29,False,True,False,no TV drawing read (f_rr False),https://www.tradingview.com/chart/?symbol=NASDAQ:SKWD,https://finviz.com/quote.ashx?t=SKWD,"$vol(30d) $20.3M < $50M | FAIL: dollar_vol, short_float, rr (no TV drawing read)"
SKY,FAIL,"dollar_vol,short_float,rr",False,False,True,True,False,False,True,True,True,86.66000366210938,48169396.856892906,555843.4666666667,5.42,111.18,2026-11-03,35,263,88.81999969482422,90.54000091552734,89.68000030517578,82.98035594395229,94.52999877929688,0.7239187951814483,0.9999999999999998,6.699644361223493,-0.4507696946640452,,,,,,,,,5,strong_close,2026-09-25,hammer,2026-09-29,False,True,False,no TV drawing read (f_rr False),https://www.tradingview.com/chart/?symbol=NYSE:SKY,https://finviz.com/quote.ashx?t=SKY,"$vol(30d) $48.2M < $50M | FAIL: dollar_vol, short_float, rr (no TV drawing read)"
SKYW,FAIL,"dollar_vol,rr",False,True,True,True,False,False,True,True,True,98.9000015258789,31404442.75119018,317537.3333333333,4.74,94.93,2026-10-22,23,263,99.30000305175781,101.37999725341797,100.34000015258789,93.23142841884068,111.83999633789062,1.617764667226707,1.0000000000000002,7.10857173374721,-0.20257214538227694,,,,,,,,,10,strong_close,2026-09-25,hammer,2026-09-28,True,True,False,no TV drawing read (f_rr False),https://www.tradingview.com/chart/?symbol=NASDAQ:SKYW,https://finviz.com/quote.ashx?t=SKYW,"$vol(30d) $31.4M < $50M | FAIL: dollar_vol, rr (no TV drawing read)"
SLG,FAIL,"dollar_vol,short_float,rr",False,False,True,True,False,True,True,True,True,49.029998779296875,39063834.36075847,796733.3333333334,16.03,94.98,2026-10-21,22,263,45.2158317565918,46.24369158241842,45.72976166950511,41.864337016982944,57.540000915527344,3.055353630633087,0.9999999999999992,3.8654246525221683,0.8537838417412636,,,,,,,,,22,hammer,2026-09-18,hammer,2026-09-25,False,True,False,no TV drawing read (f_rr False),https://www.tradingview.com/chart/?symbol=NYSE:SLG,https://finviz.com/quote.ashx?t=SLG,"$vol(30d) $39.1M < $50M | FAIL: dollar_vol, short_float, rr (no TV drawing read)"
SM,FAIL,"short_float,rr",True,False,True,True,False,False,False,True,True,33.099998474121094,129158165.70259629,3902059.566666667,5.72,98.24,2026-10-29,30,263,33.343101501464844,35.42643045537445,34.38476597841965,30.950089999373354,39.0,1.3437174422671034,1.0,3.434675979046297,-0.3740578477086206,,,,,,,,,1,hammer,2026-08-28,hammer,2026-09-18,False,True,False,no TV drawing read (f_rr False),https://www.tradingview.com/chart/?symbol=NYSE:SM,https://finviz.com/quote.ashx?t=SM,"short float 5.72% >= 5% | FAIL: short_float, rr (no TV drawing read)"
SNDA,FAIL,"dollar_vol,short_float,rr",False,False,True,True,False,False,True,True,True,37.59000015258789,16890636.789563622,449338.56666666665,7.51,83.0,2026-11-16,48,263,38.27000045776367,38.86000061035156,38.56500053405762,35.530000915527346,42.75,1.3789126826872584,0.9077197277614308,3.3435426439557756,-0.29160698256152484,,,,,,,,,8,strong_close,2026-09-11,hammer,2026-09-25,True,True,False,no TV drawing read (f_rr False),https://www.tradingview.com/chart/?symbol=NYSE:SNDA,https://finviz.com/quote.ashx?t=SNDA,"$vol(30d) $16.9M < $50M | FAIL: dollar_vol, short_float, rr (no TV drawing read)"
SPB,FAIL,"dollar_vol,short_float,rr",False,False,True,True,False,True,True,True,True,80.77999877929688,23096956.526971437,285924.2,17.85,116.57,2026-11-13,45,263,79.21566772460938,79.5122770216909,79.36397237315015,74.22571320829017,89.65047454833984,2.0019430404635923,0.9999999999999997,5.138259164859976,0.2755848548533297,,,,,,,,,5,hammer,2026-09-18,hammer,2026-09-25,False,True,False,no TV drawing read (f_rr False),https://www.tradingview.com/chart/?symbol=NYSE:SPB,https://finviz.com/quote.ashx?t=SPB,"$vol(30d) $23.1M < $50M | FAIL: dollar_vol, short_float, rr (no TV drawing read)"
SPHR,FAIL,"short_float,rr",True,False,True,True,False,True,True,True,True,134.10000610351562,76106312.86395264,567534.0,23.88,102.08,2026-11-10,42,263,119.01000213623047,120.2699966430664,119.63999938964844,110.49,168.10000610351562,5.296175950425839,0.5702595959365422,16.045322963169642,0.9011976104849131,,,,,,,,,5,rejection,2026-09-25,hammer,2026-09-25,False,True,False,no TV drawing read (f_rr False),https://www.tradingview.com/chart/?symbol=NYSE:SPHR,https://finviz.com/quote.ashx?t=SPHR,"short float 23.88% >= 5% | FAIL: short_float, rr (no TV drawing read)"
SSB,FAIL,rr,True,True,True,True,False,True,True,True,True,100.11000061035156,63378153.0844045,633085.1333333333,3.2,89.36,2026-10-28,29,263,98.71031951904297,99.76725949141188,99.23878950522743,94.83334913218336,111.58999633789062,2.8036259231284872,1.0,4.4054403730440725,0.19775800631757104,no,,,,,,,2026-09-29,8,hammer,2026-09-04,strong_close,2026-09-18,True,True,False,TV drawing not found (f_rr False),https://www.tradingview.com/chart/?symbol=NYSE:SSB,https://finviz.com/quote.ashx?t=SSB,FAIL: rr (TV drawing not found)
SSNC,FAIL,rr,True,True,True,True,False,True,True,False,True,77.58999633789062,115928268.75239259,1494113.6,2.36,87.18,2026-10-22,23,262,71.56195068359375,72.33602132157533,71.94898600258455,67.73952111804502,83.6500015258789,2.7796919191010967,0.9999999999999989,4.209464884539533,1.3400777747367145,no,,,,,,,2026-09-29,15,,,hammer,2026-09-29,True,True,False,TV drawing not found (f_rr False),https://www.tradingview.com/chart/?symbol=NASDAQ:SSNC,https://finviz.com/quote.ashx?t=SSNC,FAIL: rr (TV drawing not found)
STLD,FAIL,rr,True,True,True,True,False,True,False,True,True,221.89999389648438,255322763.2905009,1150620.8666666667,2.83,86.0,2026-10-19,20,263,133.47352600097656,137.9203468520754,135.69693642652598,119.05236549628881,262.7099914550781,7.630899922918131,0.8820779876001111,18.86972712642157,4.568325598585687,,,,,,,,,1,hammer,2026-09-25,hammer,2026-09-28,False,True,False,no TV drawing read (f_rr False),https://www.tradingview.com/chart/?symbol=NASDAQ:STLD,https://finviz.com/quote.ashx?t=STLD,FAIL: rr (no TV drawing read)
STT,FAIL,rr,True,True,True,True,False,True,False,True,True,177.7899932861328,288831844.91786957,1624567.5,1.92,94.69,2026-10-14,15,263,130.82041931152344,132.6490334945846,131.73472640305403,122.64025597022757,194.25999450683594,6.8750861928251705,1.0000000000000004,9.094470432826451,5.064095509821276,,,,,,,,,1,hammer,2026-09-25,hammer,2026-09-25,False,True,False,no TV drawing read (f_rr False),https://www.tradingview.com/chart/?symbol=NYSE:STT,https://finviz.com/quote.ashx?t=STT,FAIL: rr (no TV drawing read)
SUNC,FAIL,"dollar_vol,short_float,history,rr",False,False,True,False,False,True,True,True,True,73.11000061035156,36062026.88206024,493257.1,5.16,92.7,2026-12-02,64,48,70.4206314086914,70.72637683368852,70.57350412118996,66.52772452568796,81.80999755859375,2.7773370180363415,0.9999999999999998,4.045779595501998,0.6269487571645335,,,,,,,,,40,rejection,2026-09-18,hammer,2026-09-25,True,True,False,no TV drawing read (f_rr False),https://www.tradingview.com/chart/?symbol=NYSE:SUNC,https://finviz.com/quote.ashx?t=SUNC,"$vol(30d) $36.1M < $50M | FAIL: dollar_vol, short_float, history, rr (no TV drawing read)"
SXT,FAIL,"dollar_vol,rr",False,True,True,True,False,False,True,True,True,128.6999969482422,40874664.290772505,317596.4666666667,3.69,99.78,2026-10-30,31,262,124.41615429024088,125.86134407944745,125.13874918484416,117.0418884657047,135.97999572753906,1.3389444278161085,1.0000000000000002,8.096860719139455,0.43983068091808836,,,,,,,,,8,hammer,2026-09-25,hammer,2026-09-29,True,True,False,no TV drawing read (f_rr False),https://www.tradingview.com/chart/?symbol=NYSE:SXT,https://finviz.com/quote.ashx?t=SXT,"$vol(30d) $40.9M < $50M | FAIL: dollar_vol, rr (no TV drawing read)"
SYNA,FAIL,"short_float,rr",True,False,True,True,False,True,False,True,True,100.79000091552734,67454326.29138896,669256.1333333333,6.57,105.79,2026-11-05,37,263,90.80999755859375,97.0,93.90499877929688,82.3571423121861,147.5,4.641121178925803,1.0000000000000004,11.54785646711077,0.5962147309190681,,,,,,,,,4,strong_close,2026-09-25,strong_close,2026-09-25,False,True,False,no TV drawing read (f_rr False),https://www.tradingview.com/chart/?symbol=NASDAQ:SYNA,https://finviz.com/quote.ashx?t=SYNA,"short float 6.57% >= 5% | FAIL: short_float, rr (no TV drawing read)"
SYRE,FAIL,"short_float,rr",True,False,True,True,False,True,False,True,True,84.72000122070312,105518696.56838481,1245499.2333333334,15.35,100.8,2026-11-05,37,263,75.1500015258789,78.80000305175781,76.97500228881836,66.69761003766742,106.48999786376953,2.871837023798119,0.9999999999999994,10.277392251150948,0.7535957315453652,,,,,,,,,4,engulfing,2026-09-11,rejection,2026-09-29,False,True,False,no TV drawing read (f_rr False),https://www.tradingview.com/chart/?symbol=NASDAQ:SYRE,https://finviz.com/quote.ashx?t=SYRE,"short float 15.35% >= 5% | FAIL: short_float, rr (no TV drawing read)"
TDW,FAIL,"dollar_vol,short_float,rr",False,False,True,True,False,True,False,True,True,81.04000091552734,45742355.8847618,564441.7,12.95,115.53,2026-11-11,43,263,59.599998474121094,59.71919847106933,59.65959847259521,52.70138303157261,95.37000274658203,5.1321210986733545,1.0000000000000002,6.958215441022601,3.0726847457011193,,,,,,,,,1,rejection,2026-09-04,strong_close,2026-09-15,False,True,False,no TV drawing read (f_rr False),https://www.tradingview.com/chart/?symbol=NYSE:TDW,https://finviz.com/quote.ashx?t=TDW,"$vol(30d) $45.7M < $50M | FAIL: dollar_vol, short_float, rr (no TV drawing read)"
TFX,FAIL,"short_float,rr",True,False,True,True,False,False,False,True,True,126.4800033569336,90864844.92366382,718412.7333333333,9.53,113.53,2026-10-22,23,263,132.75062526878483,133.41896517435038,133.08479522156762,124.57729765050442,139.6699981689453,0.7740469970601156,0.9999999999999996,8.507497571063201,-0.7763495445592714,,,,,,,,,1,rejection,2026-09-25,hammer,2026-09-29,False,True,False,no TV drawing read (f_rr False),https://www.tradingview.com/chart/?symbol=NYSE:TFX,https://finviz.com/quote.ashx?t=TFX,"short float 9.53% >= 5% | FAIL: short_float, rr (no TV drawing read)"
THC,FAIL,rr,True,True,True,True,False,True,True,True,True,257.7200012207031,199845916.6692464,775438.1333333333,2.53,100.38,2026-11-03,35,262,196.88999938964844,199.0800018310547,197.98500061035156,177.25196293422155,280.7699890136719,3.992902038596633,0.9999999999999994,20.73303767613002,2.881150439384218,yes,245.93,238.6,239.65,218.71,278.39,1.85,2026-09-29,14,hammer,2026-09-25,hammer,2026-09-29,False,True,False,TV R:R 1.85 < 2 (f_rr False),https://www.tradingview.com/chart/?symbol=NYSE:THC,https://finviz.com/quote.ashx?t=THC,FAIL: rr (TV R:R 1.85 < 2)
THG,FAIL,rr,True,True,True,True,False,True,False,True,True,217.9600067138672,62972075.1770752,288915.73333333334,2.16,93.11,2026-10-28,29,263,178.01681518554688,178.7953795713839,178.4060973784654,169.29469008273662,231.64344787597656,5.842933892601597,0.9075565813689671,10.039492283759374,3.939831638636459,,,,,,,,,1,hammer,2026-09-11,engulfing,2026-09-29,False,True,False,no TV drawing read (f_rr False),https://www.tradingview.com/chart/?symbol=NYSE:THG,https://finviz.com/quote.ashx?t=THG,FAIL: rr (no TV drawing read)
TILE,FAIL,"dollar_vol,short_float,rr",False,False,True,True,False,True,False,True,True,34.939998626708984,17085648.846461106,488999.7,7.59,104.56,2026-10-30,31,263,29.605663299560547,30.284417857288204,29.945040578424376,27.29922310972984,39.05777275005759,3.4442028898272787,0.9999999999999998,2.6458174686945353,1.8878694798054818,,,,,,,,,3,strong_close,2026-09-25,rejection,2026-09-29,False,True,False,no TV drawing read (f_rr False),https://www.tradingview.com/chart/?symbol=NASDAQ:TILE,https://finviz.com/quote.ashx?t=TILE,"$vol(30d) $17.1M < $50M | FAIL: dollar_vol, short_float, rr (no TV drawing read)"
TKR,FAIL,"short_float,rr",True,False,True,True,False,True,True,True,True,117.30999755859375,103503764.39425659,882309.8333333334,6.79,95.15,2026-11-04,36,263,107.74349212646484,109.86098416374651,108.80223814510568,101.78862054727331,141.48865294954925,4.660421579663207,0.8383788589516618,8.36568995382641,1.0169823960062832,,,,,,,,,7,hammer,2026-09-25,hammer,2026-09-29,False,True,False,no TV drawing read (f_rr False),https://www.tradingview.com/chart/?symbol=NYSE:TKR,https://finviz.com/quote.ashx?t=TKR,"short float 6.79% >= 5% | FAIL: short_float, rr (no TV drawing read)"
TNET,FAIL,"dollar_vol,rr",False,True,True,True,False,True,True,True,True,62.65999984741211,19406929.832740784,309718.0,4.0,96.37,2026-10-28,29,263,44.209415435791016,46.10822304583507,45.158819240813045,39.732991654666066,70.6500015258789,4.698118744161535,1.0000000000000002,5.425827586146978,3.2255320186145298,,,,,,,,,28,hammer,2026-09-04,rejection,2026-09-29,False,True,False,no TV drawing read (f_rr False),https://www.tradingview.com/chart/?symbol=NYSE:TNET,https://finviz.com/quote.ashx?t=TNET,"$vol(30d) $19.4M < $50M | FAIL: dollar_vol, rr (no TV drawing read)"
TNGX,FAIL,"short_float,rr",True,False,True,True,False,True,True,True,True,24.420000076293945,65325185.18409157,2675069.0,33.73,111.02,2026-11-10,42,263,10.90999984741211,11.199999809265137,11.054999828338623,8.819999923706055,31.469999313354492,9.134228347258956,0.6612635828336393,3.3798926217215404,3.9542677072231633,,,,,,,,,14,strong_close,2026-09-25,hammer,2026-09-29,False,True,False,no TV drawing read (f_rr False),https://www.tradingview.com/chart/?symbol=NASDAQ:TNGX,https://finviz.com/quote.ashx?t=TNGX,"short float 33.73% >= 5% | FAIL: short_float, rr (no TV drawing read)"
TOST,FAIL,"short_float,rr",True,False,True,True,False,True,True,True,True,30.46500015258789,249713689.4127233,8196740.133333334,6.54,83.16,2026-11-10,42,262,27.46500015258789,28.155000686645508,27.8100004196167,25.051071848188126,36.63999938964844,3.2005174260309195,1.0000000000000004,2.7589285714285716,0.9623300003002376,,,,,,,,,16,hammer,2026-09-25,hammer,2026-09-29,True,True,False,no TV drawing read (f_rr False),https://www.tradingview.com/chart/?symbol=NYSE:TOST,https://finviz.com/quote.ashx?t=TOST,"short float 6.54% >= 5% | FAIL: short_float, rr (no TV drawing read)"
TPC,FAIL,"dollar_vol,rr",False,True,True,True,False,True,False,True,True,84.4749984741211,34792416.32737503,411866.43333333335,4.09,81.23,2026-11-11,43,263,79.45196533203125,85.635893885523,82.54392960877712,74.69512477439055,99.87191409742356,2.207722685717757,0.9999999999999992,7.848804834386576,0.2460334924985935,,,,,,,,,1,hammer,2026-09-11,rejection,2026-09-29,False,True,False,no TV drawing read (f_rr False),https://www.tradingview.com/chart/?symbol=NYSE:TPC,https://finviz.com/quote.ashx?t=TPC,"$vol(30d) $34.8M < $50M | FAIL: dollar_vol, rr (no TV drawing read)"
TRAX,FAIL,"dollar_vol,short_float,history,rr",False,False,True,False,False,False,False,False,True,35.97999954223633,24603638.200974658,683814.3,14.82,89.85,2026-12-02,64,26,,,,,,,,,,,,,,,,,,0,,,hammer,2026-09-29,False,True,False,too few weekly bars for computed retest (26); no TV drawing read (f_rr False),https://www.tradingview.com/chart/?symbol=NASDAQ:TRAX,https://finviz.com/quote.ashx?t=TRAX,"$vol(30d) $24.6M < $50M | FAIL: dollar_vol, short_float, history, rr (no TV drawing read)"
TREX,FAIL,"short_float,rr",True,False,True,True,False,False,True,True,True,44.04999923706055,63059111.25282554,1431534.9,10.05,109.24,2026-11-02,34,263,42.77000045776367,43.619998931884766,43.19499969482422,39.58214214869908,49.630001068115234,1.7811389713366022,1.0000000000000007,3.6128575461251393,0.23665465115095166,,,,,,,,,42,strong_close,2026-09-25,hammer,2026-09-28,True,True,False,no TV drawing read (f_rr False),https://www.tradingview.com/chart/?symbol=NYSE:TREX,https://finviz.com/quote.ashx?t=TREX,"short float 10.05% >= 5% | FAIL: short_float, rr (no TV drawing read)"
TRGP,FAIL,rr,True,True,True,True,False,False,True,True,True,273.510009765625,334910718.5909261,1224491.6333333333,2.68,97.46,2026-10-29,30,262,283.77191861982357,289.6842600997971,286.7280893598103,273.94784661093036,296.20001220703125,0.7411379449776899,0.7481247149072016,17.083037753224406,-0.7737546322339788,no,,,,,,,2026-09-29,7,hammer,2026-09-18,strong_close,2026-09-18,False,True,False,TV drawing not found (f_rr False),https://www.tradingview.com/chart/?symbol=NYSE:TRGP,https://finviz.com/quote.ashx?t=TRGP,FAIL: rr (TV drawing not found)
TRMK,FAIL,"dollar_vol,short_float,rr",False,False,True,True,False,False,False,True,True,45.2400016784668,16224304.177944185,358627.4,6.23,81.12,2026-10-27,28,263,44.788429260253906,45.312558479832276,45.05049387004309,43.191600290922665,48.027099609375,1.6012781865330616,1.0000000000000007,1.8588935791204253,0.10194656141282453,,,,,,,,,1,hammer,2026-09-11,hammer,2026-09-18,False,True,False,no TV drawing read (f_rr False),https://www.tradingview.com/chart/?symbol=NASDAQ:TRMK,https://finviz.com/quote.ashx?t=TRMK,"$vol(30d) $16.2M < $50M | FAIL: dollar_vol, short_float, rr (no TV drawing read)"
TRNO,FAIL,"dollar_vol,short_float,rr",False,False,True,True,False,True,False,True,True,66.25,44560719.45833333,672614.6333333333,6.12,107.01,2026-11-04,36,263,66.4073486328125,66.50655140083632,66.45695001682441,63.548734902775855,75.05999755859375,2.958188168478694,1.000000000000001,2.908215114048549,-0.07116049147283017,,,,,,,,,3,hammer,2026-09-18,engulfing,2026-09-28,False,True,False,no TV drawing read (f_rr False),https://www.tradingview.com/chart/?symbol=NYSE:TRNO,https://finviz.com/quote.ashx?t=TRNO,"$vol(30d) $44.6M < $50M | FAIL: dollar_vol, short_float, rr (no TV drawing read)"
TRNS,FAIL,"dollar_vol,short_float,rr",False,False,True,True,False,True,True,True,True,87.56999969482422,9405820.692221325,107409.16666666667,5.26,103.62,2026-11-02,34,263,78.30000305175781,79.87999725341797,79.09000015258789,71.8192858014788,93.69999694824219,2.0094307230520827,0.9999999999999993,7.270714351109096,1.1663227480450753,,,,,,,,,12,hammer,2026-09-18,hammer,2026-09-29,True,True,False,no TV drawing read (f_rr False),https://www.tradingview.com/chart/?symbol=NASDAQ:TRNS,https://finviz.com/quote.ashx?t=TRNS,"$vol(30d) $9.4M < $50M | FAIL: dollar_vol, short_float, rr (no TV drawing read)"
TROW,FAIL,"short_float,rr",True,False,True,True,False,True,True,True,True,104.51000213623047,144350385.46258545,1381211.2,13.1,92.12,2026-10-22,23,263,102.80223083496094,104.36383483538079,103.58303283517085,98.35799933039183,117.09334131100715,2.585688390989118,1.0000000000000004,5.2250335047790175,0.1774092549285612,,,,,,,,,8,hammer,2026-09-25,strong_close,2026-09-29,True,True,False,no TV drawing read (f_rr False),https://www.tradingview.com/chart/?symbol=NASDAQ:TROW,https://finviz.com/quote.ashx?t=TROW,"short float 13.10% >= 5% | FAIL: short_float, rr (no TV drawing read)"
TRS,FAIL,"dollar_vol,short_float,rr",False,False,True,True,False,True,True,True,True,39.29999923706055,13479530.318318939,342990.6,13.21,83.13,2026-10-22,23,263,38.46530532836914,38.79466376519861,38.629984546783874,36.27442333147732,44.536415100097656,2.5074409083209175,1.0000000000000004,2.35556121530655,0.2844395152725752,,,,,,,,,7,hammer,2026-09-04,hammer,2026-09-29,False,True,False,no TV drawing read (f_rr False),https://www.tradingview.com/chart/?symbol=NASDAQ:TRS,https://finviz.com/quote.ashx?t=TRS,"$vol(30d) $13.5M < $50M | FAIL: dollar_vol, short_float, rr (no TV drawing read)"
TRV,FAIL,rr,True,True,True,True,False,True,False,True,True,363.24200439453125,520131032.9950541,1431913.2333333334,2.98,91.47,2026-10-16,17,263,305.1965026855469,306.353432038302,305.77496736192444,288.61243484281977,386.20955984085373,4.686638897225254,0.9415145010829225,18.228643849207277,3.152567876578812,,,,,,,,,1,engulfing,2026-09-11,strong_close,2026-09-29,False,True,False,no TV drawing read (f_rr False),https://www.tradingview.com/chart/?symbol=NYSE:TRV,https://finviz.com/quote.ashx?t=TRV,FAIL: rr (no TV drawing read)
TTEK,FAIL,rr,True,True,True,True,False,True,True,True,True,33.70000076293945,78930784.8002594,2342159.7333333334,4.35,100.35,2026-11-18,50,262,31.52167320251465,34.12940339532502,32.82553829891984,30.89563435182582,37.060001373291016,2.194131516621479,1.0000000000000007,1.9299039470940174,0.4531119102255583,no,,,,,,,2026-09-29,14,engulfing,2026-09-11,hammer,2026-09-28,False,True,False,TV drawing not found (f_rr False),https://www.tradingview.com/chart/?symbol=NASDAQ:TTEK,https://finviz.com/quote.ashx?t=TTEK,FAIL: rr (TV drawing not found)
TVTX,FAIL,"short_float,rr",True,False,True,True,False,True,True,True,True,59.9900016784668,85045373.78816044,1417659.1333333333,14.17,113.69,2026-10-22,23,263,40.18000030517578,40.75,40.46500015258789,35.35650798252651,66.16999816894531,5.031817052985433,0.9999999999999997,5.108492170061384,3.822067427313742,,,,,,,,,19,engulfing,2026-09-11,engulfing,2026-09-28,False,True,False,no TV drawing read (f_rr False),https://www.tradingview.com/chart/?symbol=NASDAQ:TVTX,https://finviz.com/quote.ashx?t=TVTX,"short float 14.17% >= 5% | FAIL: short_float, rr (no TV drawing read)"
UAL,FAIL,"short_float,rr",True,False,True,True,False,True,True,True,True,112.6500015258789,406647099.66816,3609827.7333333334,5.66,91.28,2026-10-20,21,263,101.80000305175781,105.9800033569336,103.8900032043457,94.58071735927037,129.55999755859375,2.757461182463058,1.0000000000000002,9.309285845075335,0.9409957398791543,,,,,,,,,22,rejection,2026-09-25,hammer,2026-09-29,True,True,False,no TV drawing read (f_rr False),https://www.tradingview.com/chart/?symbol=NASDAQ:UAL,https://finviz.com/quote.ashx?t=UAL,"short float 5.66% >= 5% | FAIL: short_float, rr (no TV drawing read)"
UMBF,FAIL,rr,True,True,True,True,False,True,False,True,True,131.83999633789062,77340712.56104635,586625.5666666667,4.98,96.84,2026-10-27,28,263,132.90444946289062,134.67557855210754,133.79001400749908,126.77838238441863,151.50167846679688,2.5260403585658513,1.0000000000000009,7.011631623080441,-0.27811182538305534,,,,,,,,,1,hammer,2026-09-25,hammer,2026-09-24,False,True,False,no TV drawing read (f_rr False),https://www.tradingview.com/chart/?symbol=NASDAQ:UMBF,https://finviz.com/quote.ashx?t=UMBF,FAIL: rr (no TV drawing read)
UNF,FAIL,"short_float,rr",True,False,True,True,False,True,False,True,True,254.64999389648438,77094343.44718322,302746.3,6.03,85.31,2026-10-28,29,263,262.42755126953125,264.17287945787757,263.3002153637044,254.49876279594866,296.07663908860803,3.7239789083202637,0.6248248437241524,14.086271786659958,-0.6140887807810158,,,,,,,,,1,rejection,2026-09-11,hammer,2026-09-18,False,True,False,no TV drawing read (f_rr False),https://www.tradingview.com/chart/?symbol=NYSE:UNF,https://finviz.com/quote.ashx?t=UNF,"short float 6.03% >= 5% | FAIL: short_float, rr (no TV drawing read)"
UNFI,FAIL,"dollar_vol,short_float,rr",False,False,True,True,False,True,False,True,True,45.470001220703125,27601556.322667442,607027.8333333334,5.25,98.31,2026-12-09,71,263,40.900001525878906,41.900001525878906,41.400001525878906,38.092144284929546,50.91999816894531,2.8779950129692273,1.0000000000000007,3.307857240949358,1.2304036717304419,,,,,,,,,2,hammer,2026-09-25,rejection,2026-09-28,False,True,False,no TV drawing read (f_rr False),https://www.tradingview.com/chart/?symbol=NYSE:UNFI,https://finviz.com/quote.ashx?t=UNFI,"$vol(30d) $27.6M < $50M | FAIL: dollar_vol, short_float, rr (no TV drawing read)"
UNM,FAIL,rr,True,True,True,True,False,True,False,True,True,88.2300033569336,155723611.94789863,1764973.4333333333,2.72,90.31,2026-11-03,35,262,78.87035369873047,79.45974330307754,79.165048500904,74.18664682878432,92.18831634521484,2.6159536136355652,0.9999999999999997,4.9784016721196895,1.8208564621845662,,,,,,,,,0,hammer,2026-09-11,strong_close,2026-09-25,False,True,False,no TV drawing read (f_rr False),https://www.tradingview.com/chart/?symbol=NYSE:UNM,https://finviz.com/quote.ashx?t=UNM,FAIL: rr (no TV drawing read)
URGN,FAIL,"dollar_vol,short_float,rr",False,False,True,True,False,True,True,False,True,40.45000076293945,31898537.56331444,788591.7666666667,15.05,80.62,2026-11-05,37,263,30.459999084472656,32.369998931884766,31.41499900817871,26.637141636439733,48.5099983215332,3.577963506083584,0.9999999999999998,4.777857371738979,1.891015376097823,,,,,,,,,5,,,rejection,2026-09-29,False,True,False,no TV drawing read (f_rr False),https://www.tradingview.com/chart/?symbol=NASDAQ:URGN,https://finviz.com/quote.ashx?t=URGN,"$vol(30d) $31.9M < $50M | FAIL: dollar_vol, short_float, rr (no TV drawing read)"
USB,FAIL,rr,True,True,True,True,False,True,False,True,True,58.150001525878906,406673487.4829389,6993524.966666667,1.54,84.08,2026-10-15,16,263,56.44691467285156,56.90301038568536,56.67496252926846,54.127808765659026,65.41999816894531,3.4332578443496566,0.9999999999999998,2.5471537636094372,0.5790930322636838,,,,,,,,,1,rejection,2026-09-25,strong_close,2026-09-25,False,True,False,no TV drawing read (f_rr False),https://www.tradingview.com/chart/?symbol=NYSE:USB,https://finviz.com/quote.ashx?t=USB,FAIL: rr (no TV drawing read)
USFD,FAIL,rr,True,True,True,True,False,True,True,True,True,93.70999908447266,205920925.88952842,2197427.466666667,4.94,109.51,2026-11-05,37,263,93.69000244140625,93.73999786376953,93.71500015258789,88.7599966430664,109.7300033569336,3.232087156663243,0.7994888776828694,6.197714124407087,-0.0008069213930890705,no,,,,,,,2026-09-29,11,hammer,2026-09-18,hammer,2026-09-28,False,True,False,TV drawing not found (f_rr False),https://www.tradingview.com/chart/?symbol=NYSE:USFD,https://finviz.com/quote.ashx?t=USFD,FAIL: rr (TV drawing not found)
UVSP,FAIL,"dollar_vol,rr",False,True,True,True,False,True,False,True,True,41.22999954223633,8972157.778051632,217612.36666666667,3.3,82.82,2026-10-28,29,263,35.21139907836914,35.57501000171196,35.39320454004055,33.71414600299535,44.46081763382424,5.4004151098512825,0.9999999999999979,1.6790585370452042,3.476230800426607,,,,,,,,,1,hammer,2026-09-25,rejection,2026-09-29,False,True,False,no TV drawing read (f_rr False),https://www.tradingview.com/chart/?symbol=NASDAQ:UVSP,https://finviz.com/quote.ashx?t=UVSP,"$vol(30d) $9.0M < $50M | FAIL: dollar_vol, rr (no TV drawing read)"
V,FAIL,rr,True,True,True,True,False,True,False,True,True,366.0299987792969,2202944971.31422,6018482.033333333,1.09,82.58,2026-11-03,35,263,328.2701721191406,334.5485043686942,331.40933824391743,317.66682147513416,381.6000061035156,3.652218054673106,1.000000000000001,13.74251676878326,2.519237277848685,,,,,,,,,1,hammer,2026-09-25,hammer,2026-09-25,False,True,False,no TV drawing read (f_rr False),https://www.tradingview.com/chart/?symbol=NYSE:V,https://finviz.com/quote.ashx?t=V,FAIL: rr (no TV drawing read)
VAC,FAIL,"short_float,rr",True,False,True,True,False,True,True,True,True,104.75,50649750.041666664,483529.8333333333,6.15,90.62,2026-11-11,43,263,100.49881744384766,101.19327651998854,100.84604698191811,93.41520465004895,120.54897189974993,2.65150625432201,0.6833499024242712,10.874139742330092,0.35901258495739735,,,,,,,,,28,hammer,2026-09-25,strong_close,2026-09-28,False,True,False,no TV drawing read (f_rr False),https://www.tradingview.com/chart/?symbol=NYSE:VAC,https://finviz.com/quote.ashx?t=VAC,"short float 6.15% >= 5% | FAIL: short_float, rr (no TV drawing read)"
VCEL,FAIL,"dollar_vol,short_float,rr",False,False,True,True,False,True,True,True,True,40.61000061035156,21046931.479660034,518269.6666666667,10.84,109.09,2026-11-11,43,263,35.68000030517578,35.86000061035156,35.77000045776367,32.79318618774414,47.0,3.7724891523590576,1.0,2.9768142700195312,1.6258992713563332,,,,,,,,,20,hammer,2026-09-25,strong_close,2026-09-29,False,True,False,no TV drawing read (f_rr False),https://www.tradingview.com/chart/?symbol=NASDAQ:VCEL,https://finviz.com/quote.ashx?t=VCEL,"$vol(30d) $21.0M < $50M | FAIL: dollar_vol, short_float, rr (no TV drawing read)"
VIRT,FAIL,"short_float,rr",True,False,True,True,False,True,True,True,True,53.77000045776367,71347632.27207515,1326904.0666666667,5.46,94.47,2026-11-04,36,263,40.92362976074219,41.48558142369565,41.20460559221892,36.22087027089234,67.68162536621094,5.312685780220032,0.7988792211004799,6.238408998122812,2.0141986313058,,,,,,,,,10,rejection,2026-09-04,strong_close,2026-09-29,False,True,False,no TV drawing read (f_rr False),https://www.tradingview.com/chart/?symbol=NYSE:VIRT,https://finviz.com/quote.ashx?t=VIRT,"short float 5.46% >= 5% | FAIL: short_float, rr (no TV drawing read)"
VNO,FAIL,"dollar_vol,short_float,rr",False,False,True,True,False,False,True,True,True,33.88999938964844,40644357.604003906,1199302.4,6.56,100.52,2026-11-02,34,263,39.13450060722655,39.212769608441,39.173635107833775,36.83470634022077,40.90999984741211,0.7423760670361853,1.0000000000000013,2.338928767613002,-2.2589981325414885,,,,,,,,,7,rejection,2026-09-25,strong_close,2026-09-25,False,True,False,no TV drawing read (f_rr False),https://www.tradingview.com/chart/?symbol=NYSE:VNO,https://finviz.com/quote.ashx?t=VNO,"$vol(30d) $40.6M < $50M | FAIL: dollar_vol, short_float, rr (no TV drawing read)"
VOYA,FAIL,rr,True,True,True,True,False,False,True,True,True,95.08000183105469,96437344.92119446,1014275.8,3.76,103.63,2026-11-03,35,263,77.40950012207031,78.62838351894207,78.0189418205062,72.8092433896699,81.74494171142578,0.7152045248656471,1.0000000000000004,5.209698430836295,3.2748651840505354,no,,,,,,,2026-09-29,14,hammer,2026-09-18,rejection,2026-09-29,False,True,False,TV drawing not found (f_rr False),https://www.tradingview.com/chart/?symbol=NYSE:VOYA,https://finviz.com/quote.ashx?t=VOYA,FAIL: rr (TV drawing not found)
VPG,FAIL,"dollar_vol,short_float,rr",False,False,True,True,False,True,True,True,True,71.68000030517578,28568174.030961607,398551.5333333333,12.67,84.05,2026-11-10,42,262,55.97999954223633,56.13999938964844,56.05999946594238,48.330360412597656,146.66000366210938,11.721117062634775,0.5,15.459278106689453,1.010396522491849,,,,,,,,,5,strong_close,2026-09-25,hammer,2026-09-28,False,True,False,no TV drawing read (f_rr False),https://www.tradingview.com/chart/?symbol=NYSE:VPG,https://finviz.com/quote.ashx?t=VPG,"$vol(30d) $28.6M < $50M | FAIL: dollar_vol, short_float, rr (no TV drawing read)"
VRSN,FAIL,rr,True,True,True,True,False,True,False,True,True,279.8399963378906,193995663.41328737,693237.8,2.19,100.13,2026-10-22,23,262,248.8050956360197,251.74760384411098,250.27634974006534,233.96482494249184,293.6978454589844,2.662013285562268,1.0000000000000007,16.311524797573487,1.8124391781094058,,,,,,,,,0,hammer,2026-09-18,hammer,2026-09-29,False,True,False,no TV drawing read (f_rr False),https://www.tradingview.com/chart/?symbol=NASDAQ:VRSN,https://finviz.com/quote.ashx?t=VRSN,FAIL: rr (no TV drawing read)
VSAT,FAIL,"short_float,rr",True,False,True,True,False,True,True,True,True,69.08999633789062,113820122.01097412,1647418.2666666666,8.67,101.92,2026-11-11,43,263,48.849998474121094,49.5,49.17499923706055,41.659998168945314,82.87000274658203,4.483699097859505,0.660929227555705,11.370356695992607,1.7514839361063284,,,,,,,,,11,engulfing,2026-09-18,hammer,2026-09-28,False,True,False,no TV drawing read (f_rr False),https://www.tradingview.com/chart/?symbol=NASDAQ:VSAT,https://finviz.com/quote.ashx?t=VSAT,"short float 8.67% >= 5% | FAIL: short_float, rr (no TV drawing read)"
VSH,FAIL,"short_float,rr",True,False,True,True,False,True,True,True,True,32.474998474121094,106093072.6300827,3266915.4,12.43,100.48,2026-11-11,43,263,19.93852996826172,20.096850653767337,20.017690311014526,17.171550646524235,68.24396480102472,16.944451142613527,0.49999999999999994,5.692279328980583,2.1884569331803183,,,,,,,,,12,hammer,2026-09-25,strong_close,2026-09-28,False,True,False,no TV drawing read (f_rr False),https://www.tradingview.com/chart/?symbol=NYSE:VSH,https://finviz.com/quote.ashx?t=VSH,"short float 12.43% >= 5% | FAIL: short_float, rr (no TV drawing read)"
VSTS,FAIL,"dollar_vol,short_float,rr",False,False,True,True,False,True,False,True,True,13.454999923706055,18454150.876859345,1371545.9666666666,7.42,98.79,2026-12-02,64,158,7.980000019073486,8.050000190734863,8.015000104904175,7.305000057220459,16.5,11.950703274988577,0.5718131897190386,1.2416643415178572,4.381216112038636,,,,,,,,,2,strong_close,2026-09-18,hammer,2026-09-29,False,True,False,no TV drawing read (f_rr False),https://www.tradingview.com/chart/?symbol=NYSE:VSTS,https://finviz.com/quote.ashx?t=VSTS,"$vol(30d) $18.5M < $50M | FAIL: dollar_vol, short_float, rr (no TV drawing read)"
VTR,FAIL,rr,True,True,True,True,False,False,False,False,True,86.91999816894531,268081486.1499349,3084232.533333333,3.88,104.71,2026-10-27,28,263,88.52151204654766,89.15778465546525,88.83964835100645,83.91052545852745,93.44999694824219,0.9353283936722995,1.0000000000000004,4.929122892478998,-0.38945066372562803,,,,,,,,,1,,,strong_close,2026-09-29,False,True,False,no TV drawing read (f_rr False),https://www.tradingview.com/chart/?symbol=NYSE:VTR,https://finviz.com/quote.ashx?t=VTR,FAIL: rr (no TV drawing read)
VVX,FAIL,"dollar_vol,short_float,rr",False,False,True,True,False,True,True,True,True,72.7699966430664,42717382.78774897,587019.1666666666,5.99,100.42,2026-11-09,41,263,69.83999633789062,72.75,71.29499816894531,64.57171085902623,90.51000213623047,2.8579775162868066,1.0000000000000002,6.723287309919085,0.21938650040211435,,,,,,,,,13,rejection,2026-09-25,strong_close,2026-09-24,False,True,False,no TV drawing read (f_rr False),https://www.tradingview.com/chart/?symbol=NYSE:VVX,https://finviz.com/quote.ashx?t=VVX,"$vol(30d) $42.7M < $50M | FAIL: dollar_vol, short_float, rr (no TV drawing read)"
WABC,FAIL,"dollar_vol,rr",False,True,True,True,False,True,True,True,True,58.369998931884766,12331946.414337158,211272.0,4.34,81.02,2026-10-15,16,263,52.199039459228516,52.48422351324328,52.3416314862359,49.56729060433199,60.87034606933594,3.074140830613126,0.9999999999999999,2.774340881903911,2.1729007725654315,,,,,,,,,14,hammer,2026-09-25,strong_close,2026-09-25,False,True,False,no TV drawing read (f_rr False),https://www.tradingview.com/chart/?symbol=NASDAQ:WABC,https://finviz.com/quote.ashx?t=WABC,"$vol(30d) $12.3M < $50M | FAIL: dollar_vol, rr (no TV drawing read)"
WBI,FAIL,"dollar_vol,short_float,history,rr",False,False,True,False,False,True,False,True,True,28.395000457763672,17681767.44305267,622707.0666666667,17.05,107.14,2026-11-18,50,55,24.837726256959588,25.354972127147505,25.096349192053545,22.42964499317966,32.779998779296875,2.8813280417408276,1.0000000000000004,2.6667041988738824,1.2369768147149987,,,,,,,,,1,hammer,2026-09-25,strong_close,2026-09-24,False,True,False,no TV drawing read (f_rr False),https://www.tradingview.com/chart/?symbol=NYSE:WBI,https://finviz.com/quote.ashx?t=WBI,"$vol(30d) $17.7M < $50M | FAIL: dollar_vol, short_float, history, rr (no TV drawing read)"
WEX,FAIL,"short_float,rr",True,False,True,True,False,True,False,True,True,171.5,88914426.53333333,518451.4666666667,7.43,117.37,2026-10-22,23,263,167.07000732421875,167.5399932861328,167.30500030517578,153.52642713274275,199.97000122070312,2.3707099789461976,0.9999999999999993,13.778573172433036,0.3044582078511008,,,,,,,,,1,hammer,2026-09-11,hammer,2026-09-24,False,True,False,no TV drawing read (f_rr False),https://www.tradingview.com/chart/?symbol=NYSE:WEX,https://finviz.com/quote.ashx?t=WEX,"short float 7.43% >= 5% | FAIL: short_float, rr (no TV drawing read)"
WHD,FAIL,"dollar_vol,short_float,rr",False,False,True,True,False,True,False,True,True,63.72999954223633,44693831.68430379,701299.7333333333,5.09,110.55,2026-11-04,36,262,62.59322977270104,64.00675567807671,63.299992725388876,58.39183211930728,73.32175086648901,2.0418561953091747,1.0000000000000004,4.908160606081592,0.08761058395575741,,,,,,,,,1,hammer,2026-08-28,hammer,2026-09-29,False,True,False,no TV drawing read (f_rr False),https://www.tradingview.com/chart/?symbol=NYSE:WHD,https://finviz.com/quote.ashx?t=WHD,"$vol(30d) $44.7M < $50M | FAIL: dollar_vol, short_float, rr (no TV drawing read)"
WK,FAIL,"short_float,rr",True,False,True,True,False,True,False,True,True,65.125,58457046.625,897613.0,7.82,91.32,2026-11-04,36,262,51.189998626708984,53.619998931884766,52.404998779296875,45.78871372767857,79.1500015258789,4.042299045147754,1.0000000000000002,6.616285051618304,1.9225292020318696,,,,,,,,,1,strong_close,2026-08-28,hammer,2026-09-28,False,True,False,no TV drawing read (f_rr False),https://www.tradingview.com/chart/?symbol=NYSE:WK,https://finviz.com/quote.ashx?t=WK,"short float 7.82% >= 5% | FAIL: short_float, rr (no TV drawing read)"
WKC,FAIL,"dollar_vol,short_float,rr",False,False,True,True,False,True,False,True,True,35.869998931884766,34839994.303888954,971285.0666666667,19.99,117.69,2026-10-22,23,263,27.560400009155273,27.649018809672977,27.604709409414127,25.400946822133868,39.86000061035156,5.56107598507792,1.0000000000000002,2.203762587280259,3.7505353662760577,,,,,,,,,3,hammer,2026-09-18,engulfing,2026-09-29,False,True,False,no TV drawing read (f_rr False),https://www.tradingview.com/chart/?symbol=NYSE:WKC,https://finviz.com/quote.ashx?t=WKC,"$vol(30d) $34.8M < $50M | FAIL: dollar_vol, short_float, rr (no TV drawing read)"
WLY,FAIL,"dollar_vol,short_float,rr",False,False,True,True,False,True,False,True,True,47.7400016784668,24933119.753944397,522268.93333333335,11.92,85.19,2026-12-09,71,263,41.237430572509766,41.6942990720334,41.465864822271584,37.42568583220394,53.709999084472656,3.030592033744542,1.0000000000000009,4.040178990067641,1.552935370343622,,,,,,,,,3,rejection,2026-09-25,hammer,2026-09-24,False,True,False,no TV drawing read (f_rr False),https://www.tradingview.com/chart/?symbol=NYSE:WLY,https://finviz.com/quote.ashx?t=WLY,"$vol(30d) $24.9M < $50M | FAIL: dollar_vol, short_float, rr (no TV drawing read)"
WNC,FAIL,"dollar_vol,short_float,rr",False,False,True,True,False,False,True,True,True,12.670000076293945,8392132.503200913,662362.4666666667,10.86,92.79,2026-10-28,29,263,13.965169906616211,14.233539223208567,14.099354564912389,12.647077379770788,14.220000267028809,0.08307346789632074,1.0000000000000004,1.4522771851415996,-0.9842160320648974,,,,,,,,,9,strong_close,2026-09-25,hammer,2026-09-29,False,True,False,no TV drawing read (f_rr False),https://www.tradingview.com/chart/?symbol=NYSE:WNC,https://finviz.com/quote.ashx?t=WNC,"$vol(30d) $8.4M < $50M | FAIL: dollar_vol, short_float, rr (no TV drawing read)"
WSBC,FAIL,"dollar_vol,short_float,rr",False,False,True,True,False,True,False,True,True,37.72999954223633,35614309.940571845,943925.5333333333,6.67,85.91,2026-10-28,29,263,35.6299934387207,36.11995483641904,35.87497413756987,33.96661041617581,42.297306060791016,3.365360518659214,1.0000000000000016,1.9083637213940574,0.9720502354296289,,,,,,,,,1,rejection,2026-09-25,hammer,2026-09-24,False,True,False,no TV drawing read (f_rr False),https://www.tradingview.com/chart/?symbol=NASDAQ:WSBC,https://finviz.com/quote.ashx?t=WSBC,"$vol(30d) $35.6M < $50M | FAIL: dollar_vol, short_float, rr (no TV drawing read)"
WSFS,FAIL,"dollar_vol,short_float,rr",False,False,True,True,False,True,False,True,True,75.83999633789062,26992536.680603027,355914.26666666666,5.11,93.2,2026-10-26,27,263,71.793760834154,72.10299926965995,71.94838005190698,68.82428663021305,81.66000366210938,3.108621382050929,0.999999999999999,3.124093421693931,1.2456785891740558,,,,,,,,,1,hammer,2026-09-25,hammer,2026-09-24,False,True,False,no TV drawing read (f_rr False),https://www.tradingview.com/chart/?symbol=NASDAQ:WSFS,https://finviz.com/quote.ashx?t=WSFS,"$vol(30d) $27.0M < $50M | FAIL: dollar_vol, short_float, rr (no TV drawing read)"
WTRG,FAIL,rr,True,True,True,True,False,False,False,True,True,39.22999954223633,91900318.54064141,2342603.1,2.66,80.47,2026-11-09,41,263,40.89522933959961,41.08178485289641,40.988507096248014,39.214219595621564,41.70000076293945,0.4010024679992566,1.000000000000001,1.7742875006264478,-0.9911063192356423,,,,,,,,,0,strong_close,2026-09-04,strong_close,2026-09-29,False,True,False,no TV drawing read (f_rr False),https://www.tradingview.com/chart/?symbol=NYSE:WTRG,https://finviz.com/quote.ashx?t=WTRG,FAIL: rr (no TV drawing read)
WTTR,FAIL,"dollar_vol,short_float,rr",False,False,True,True,False,False,True,True,True,19.354999542236328,29528426.66012535,1525622.7,5.28,92.48,2026-11-03,35,263,20.26125144958496,20.410742785440835,20.335997117512896,19.10000061035156,21.059999465942383,0.5857640731463509,0.6567761561110425,1.8819144021305834,-0.5212764056462639,,,,,,,,,9,hammer,2026-09-18,hammer,2026-09-28,False,True,False,no TV drawing read (f_rr False),https://www.tradingview.com/chart/?symbol=NYSE:WTTR,https://finviz.com/quote.ashx?t=WTTR,"$vol(30d) $29.5M < $50M | FAIL: dollar_vol, short_float, rr (no TV drawing read)"
WWW,FAIL,"dollar_vol,short_float,rr",False,False,True,True,False,False,True,True,True,19.235000610351562,13315654.863189695,692261.7333333333,7.35,102.91,2026-11-11,43,263,18.348322862272337,18.55705342513436,18.452688143703348,16.83958342229722,21.200000762939453,1.7031210576591083,0.999999999999999,1.6131047214061291,0.48497314295024785,,,,,,,,,19,hammer,2026-09-04,hammer,2026-09-29,True,True,False,no TV drawing read (f_rr False),https://www.tradingview.com/chart/?symbol=NYSE:WWW,https://finviz.com/quote.ashx?t=WWW,"$vol(30d) $13.3M < $50M | FAIL: dollar_vol, short_float, rr (no TV drawing read)"
XHR,FAIL,"dollar_vol,rr",False,True,True,True,False,True,False,True,True,18.334999084472656,14494668.13139979,790546.4333333333,3.54,97.34,2026-11-03,35,263,15.916731810340291,16.21185013042073,16.06429097038051,15.079528642368862,21.489999771118164,5.509663241985295,1.0000000000000009,0.984762328011649,2.30584380565915,,,,,,,,,3,strong_close,2026-09-25,hammer,2026-09-29,False,True,False,no TV drawing read (f_rr False),https://www.tradingview.com/chart/?symbol=NYSE:XHR,https://finviz.com/quote.ashx?t=XHR,"$vol(30d) $14.5M < $50M | FAIL: dollar_vol, rr (no TV drawing read)"
