ticker,status,failed_filters,f_dollar_vol,f_short_float,f_no_earnings_14d,f_history,f_rr,f_rr_computed,f_smooth_streak,f_weekly_reversal,f_daily_reversal,f_near_zone,needs_drawing,current_price,dollar_vol_30d,avg_vol_30d,short_float_pct,inst_own_pct,earnings_date,days_to_earnings,weekly_bars,zone_lo,zone_hi,entry,sl,tp,rr,sl_atr_mult,atr,atrs_from_entry,tv_found,tv_zone_top,tv_zone_bottom,tv_entry,tv_sl,tv_tp,tv_rr,tv_read_date,tv_screenshot,tv_source,f_bot_review,tv_bot_status,tv_bot_note,tv_price,tv_weekly_atr,tv_zone_dist,tv_zone_dist_atr,f_tv_stale,tv_stale,tv_stale_detail,f_technical,tech_new_high_atr,tech_hh,tech_hl,tech_structure,tech_ema30_slope_pct,tech_ema_rising,tech_detail,smooth_streak_weeks,weekly_reversal_kind,weekly_reversal_date,daily_reversal_kind,daily_reversal_date,smooth_pullback,earnings_known,earnings_blackout,filter_notes,tradingview_url,finviz_url,reason
MLI,PASS,,True,True,True,True,True,True,True,True,True,,False,63.150001525878906,105971956.51557593,1678099.0333333334,2.47,95.79,2026-10-27,21,262,39.03588104248047,39.611248112735055,39.32356457760776,35.19681784921845,69.22703973518834,7.2462588876279375,1.0000000000000004,4.126746728389312,5.773661074075828,yes,,,94.07,87.82,132.4,6.1328,2026-10-06,charts/latest/MLI.webp,user,False,user drawing (no rectangle),"fib 65.80–139.30, hline 107.51",,,,,True,broken,low 62.47 < SL 87.82 on 2026-10-06,False,0.45,5/5,3/5,0.8,12.3,True,no new high: recent high 70.92 is +0.45 ATR vs prior 2.5y high 69.05 (needs >= +1),13,engulfing,2026-10-02,hammer,2026-10-06,False,True,False,,https://www.tradingview.com/chart/?symbol=NYSE:MLI,https://finviz.com/quote.ashx?t=MLI,PASS (TV) entry=94.07 SL=87.82 TP=132.4 R:R=6.1328 zone=[-]
SNEX,PASS,,True,True,True,True,True,True,True,True,True,False,False,66.0,55270122.6,837426.1,4.5,84.03,2026-11-30,55,264,45.38666534423828,45.51555633544922,45.45111083984375,42.30248056139265,70.37000274658203,7.9142006850663265,0.49999999999999983,6.297260556902204,3.2631473597885896,yes,58.87,56.98,57.67,51.65,93.27,5.9136,2026-10-06,charts/latest/SNEX.webp,user,False,,,66.0,6.2973,7.13,1.1322,False,,,True,5.01,5/8,3/5,0.61,40.8,True,"uptrend: new high +5.0 ATR above prior 2.5y high, 5/8 HH and 3/5 HL, 30w EMA +41% in 26w",8,hammer,2026-10-02,engulfing,2026-10-05,False,True,False,,https://www.tradingview.com/chart/?symbol=NASDAQ:SNEX,https://finviz.com/quote.ashx?t=SNEX,PASS (TV) entry=57.67 SL=51.65 TP=93.27 R:R=5.9136 zone=[56.98-58.87]
JBL,PASS,,True,True,True,True,True,True,False,True,True,True,False,309.19000244140625,384396059.4245768,1243235.7333333334,2.78,100.13,2026-12-10,65,264,270.9702453613281,277.747249151928,274.358747256628,245.0816749595404,365.7699890136719,3.1222808356468463,0.8673988416229746,33.7527223835206,1.031953949936323,yes,301.46,290.79,297.24,276.77,417.39,5.8696,2026-10-06,charts/latest/JBL.webp,user,False,,,309.19,33.7527,7.73,0.229,False,,,True,3.71,3/5,2/4,0.55,30.1,True,"uptrend: new high +3.7 ATR above prior 2.5y high, 3/5 HH and 2/4 HL, 30w EMA +30% in 26w",2,rejection,2026-10-02,engulfing,2026-10-06,False,True,False,,https://www.tradingview.com/chart/?symbol=NYSE:JBL,https://finviz.com/quote.ashx?t=JBL,PASS (TV) entry=297.24 SL=276.77 TP=417.39 R:R=5.8696 zone=[290.79-301.46]
GTX,PASS,,True,True,True,True,True,True,False,True,True,False,False,26.09000015258789,70010022.94478837,2683404.466666667,3.91,95.06,2026-10-22,16,264,17.351736831272113,17.497647987157407,17.42469240921476,16.356432783549575,35.00577926635742,16.45769102824162,0.5000000000000001,2.1365192513303692,4.055806067732557,yes,21.3,20.96,21.1,18.48,34.59,5.1489,2026-10-06,charts/latest/GTX.webp,user,False,,,26.09,2.1365,4.79,2.242,False,,,True,6.98,4/4,3/3,1.0,58.0,True,"uptrend: new high +7.0 ATR above prior 2.5y high, 4/4 HH and 3/3 HL, 30w EMA +58% in 26w",2,engulfing,2026-10-02,strong_close,2026-10-02,False,True,False,,https://www.tradingview.com/chart/?symbol=NASDAQ:GTX,https://finviz.com/quote.ashx?t=GTX,PASS (TV) entry=21.1 SL=18.48 TP=34.59 R:R=5.1489 zone=[20.96-21.3]
SSNC,PASS,,True,True,True,True,True,True,True,True,True,False,False,77.98999786376953,113243593.02680206,1452027.1333333333,2.36,87.19,2026-10-22,16,263,71.56195068359375,72.33602132157533,71.94898600258455,67.86267887605969,83.6500015258789,2.8634694263045573,1.0000000000000013,4.0863071265248525,1.4783548260413026,yes,63.05,61.45,63.64,59.56,82.86,4.7108,2026-10-06,charts/latest/SSNC.webp,user,False,,,77.99,4.0863,14.94,3.6561,True,far,close 77.99 is 3.66 ATR above zone top 63.05,False,-1.11,1/5,1/5,0.2,-1.9,False,"no new high: recent high 84.96 is -1.11 ATR vs prior 2.5y high 89.50 (needs >= +1); choppy swings: 1/5 higher highs, 1/5 higher lows; 30w EMA falling (-2% in 26w)",16,hammer,2026-10-02,hammer,2026-10-02,True,True,False,,https://www.tradingview.com/chart/?symbol=NASDAQ:SSNC,https://finviz.com/quote.ashx?t=SSNC,PASS (TV) entry=63.64 SL=59.56 TP=82.86 R:R=4.7108 zone=[61.45-63.05]
AIZ,PASS,,True,True,True,True,True,True,False,True,True,False,False,270.9800109863281,89080008.72289938,328732.76666666666,2.7,101.34,2026-11-03,28,264,240.75289916992188,243.72137027574166,242.23713472283177,231.01696122825294,288.6579895019531,4.137267111025528,1.0,11.22017349457883,2.561714065953066,yes,244.73,239.39,242.36,231.66,286.63,4.1374,2026-10-06,charts/latest/AIZ.webp,user,False,,,270.98,11.2202,26.25,2.3395,False,,,True,5.28,7/7,4/5,0.9,19.6,True,"uptrend: new high +5.3 ATR above prior 2.5y high, 7/7 HH and 4/5 HL, 30w EMA +20% in 26w",1,hammer,2026-10-02,engulfing,2026-10-06,False,True,False,,https://www.tradingview.com/chart/?symbol=NYSE:AIZ,https://finviz.com/quote.ashx?t=AIZ,PASS (TV) entry=242.36 SL=231.66 TP=286.63 R:R=4.1374 zone=[239.39-244.73]
DGX,PASS,,True,True,True,True,True,True,False,True,True,,False,228.40499877929688,223705314.68391418,979423.9,3.28,97.86,2026-10-27,21,264,210.74019020158403,211.4739831603851,211.10708668098457,198.61031051048997,244.38999938964844,2.663319903836175,1.0000000000000009,12.496776170494588,1.3841899592595253,yes,,,189.15,179.08,226.84,3.7428,2026-10-06,charts/latest/DGX.webp,user,False,user drawing (no rectangle),"hline 188.86, hline 191.77",,,,,True,target hit,close 228.40 >= TP 226.84,True,2.97,4/7,3/6,0.54,16.6,True,"uptrend: new high +3.0 ATR above prior 2.5y high, 4/7 HH and 3/6 HL, 30w EMA +17% in 26w",4,rejection,2026-10-02,rejection,2026-10-06,False,True,False,,https://www.tradingview.com/chart/?symbol=NYSE:DGX,https://finviz.com/quote.ashx?t=DGX,PASS (TV) entry=189.15 SL=179.08 TP=226.84 R:R=3.7428 zone=[-]
FTI,PASS,,True,True,True,True,True,True,False,True,True,True,False,69.9000015258789,183741956.3209867,2628640.2333333334,3.27,99.58,2026-10-29,23,264,40.23847198486328,40.79664885300429,40.51756041893378,37.831834129318544,80.30999755859375,14.816266755671773,0.49999999999999944,5.371452579230485,5.470110863597061,yes,64.55,63.6,64.07,59.83,79.75,3.6981,2026-10-06,charts/latest/FTI.webp,user,False,,,69.9,5.3715,5.35,0.996,False,,,True,1.22,4/4,4/4,1.0,27.2,True,"uptrend: new high +1.2 ATR above prior 2.5y high, 4/4 HH and 4/4 HL, 30w EMA +27% in 26w",2,strong_close,2026-09-04,rejection,2026-10-06,False,True,False,,https://www.tradingview.com/chart/?symbol=NYSE:FTI,https://finviz.com/quote.ashx?t=FTI,PASS (TV) entry=64.07 SL=59.83 TP=79.75 R:R=3.6981 zone=[63.6-64.55]
WDC,PASS,,True,True,True,True,True,True,False,True,True,True,False,411.0400085449219,2995362071.5172057,7287276.2,4.83,92.47,2026-10-22,16,264,285.21746826171875,309.5716191307068,297.39454369621274,241.10422989889253,772.5020143301236,8.440305952896095,0.6558720836066764,85.82514060939552,1.324151222378167,yes,433.33,408.24,442.29,365.23,727.22,3.6975,2026-10-06,charts/latest/WDC.webp,user,False,,,411.04,85.8251,0.0,0.0,False,,,True,5.24,5/5,0/1,0.5,100.4,True,"uptrend: new high +5.2 ATR above prior 2.5y high, 5/5 HH and 0/1 HL, 30w EMA +100% in 26w",0,strong_close,2026-09-18,strong_close,2026-10-05,False,True,False,,https://www.tradingview.com/chart/?symbol=NASDAQ:WDC,https://finviz.com/quote.ashx?t=WDC,PASS (TV) entry=442.29 SL=365.23 TP=727.22 R:R=3.6975 zone=[408.24-433.33]
NTRS,PASS,,True,True,True,True,True,True,False,True,True,False,False,169.4600067138672,162519817.3282359,959045.2666666667,2.19,86.97,2026-10-21,15,264,149.8953399658203,150.3189701451915,150.10715505550593,144.57520863497314,190.51141357421875,7.303805107140106,0.6413993591739148,8.624808150194626,2.243858799099728,yes,154.89,149.22,151.62,141.15,189.78,3.6447,2026-10-06,charts/latest/NTRS.webp,user,False,,,169.46,8.6248,14.57,1.6893,False,,,True,4.59,5/7,3/3,0.86,25.8,True,"uptrend: new high +4.6 ATR above prior 2.5y high, 5/7 HH and 3/3 HL, 30w EMA +26% in 26w",2,hammer,2026-10-02,strong_close,2026-10-02,False,True,False,,https://www.tradingview.com/chart/?symbol=NASDAQ:NTRS,https://finviz.com/quote.ashx?t=NTRS,PASS (TV) entry=151.62 SL=141.15 TP=189.78 R:R=3.6447 zone=[149.22-154.89]
R,PASS,,True,True,True,True,True,True,True,True,True,True,False,236.1699981689453,56509914.8222051,239276.43333333332,2.22,91.99,2026-10-22,16,264,222.27438354492188,223.891398337612,223.08289094126695,211.0966396227148,270.889957823935,3.98849194899434,1.0000000000000002,11.986251318552146,1.0918432193576924,yes,228.9,221.83,227.11,213.47,276.32,3.6078,2026-10-06,charts/latest/R.webp,user,False,,,236.17,11.9863,7.27,0.6065,False,,,True,4.63,6/7,3/3,0.93,25.4,True,"uptrend: new high +4.6 ATR above prior 2.5y high, 6/7 HH and 3/3 HL, 30w EMA +25% in 26w",9,hammer,2026-10-02,strong_close,2026-10-02,True,True,False,,https://www.tradingview.com/chart/?symbol=NYSE:R,https://finviz.com/quote.ashx?t=R,PASS (TV) entry=227.11 SL=213.47 TP=276.32 R:R=3.6078 zone=[221.83-228.9]
BPOP,PASS,,True,True,True,True,True,True,True,True,True,False,False,158.2899932861328,83070192.75157928,524797.5,2.83,93.68,2026-10-28,22,264,145.18597412109375,145.50082762825642,145.34340087467507,139.46928459204034,177.02821362200743,5.393970977557955,0.8697944172052194,6.75345365116179,1.9170328368553406,yes,146.69,143.39,145.45,136.59,176.59,3.5147,2026-10-06,charts/latest/BPOP.webp,user,False,,,158.29,6.7535,11.6,1.7176,False,,,True,4.64,3/3,3/4,0.88,24.6,True,"uptrend: new high +4.6 ATR above prior 2.5y high, 3/3 HH and 3/4 HL, 30w EMA +25% in 26w",15,hammer,2026-10-02,hammer,2026-10-05,False,True,False,,https://www.tradingview.com/chart/?symbol=NASDAQ:BPOP,https://finviz.com/quote.ashx?t=BPOP,PASS (TV) entry=145.45 SL=136.59 TP=176.59 R:R=3.5147 zone=[143.39-146.69]
UNP,PASS,,True,True,True,True,True,True,True,True,True,True,False,276.6499938964844,590976166.6200815,2136187.1666666665,4.63,92.23,2026-10-22,16,264,262.3927820459206,265.5219318602399,263.95735695308025,251.01959255978736,307.0749771113229,3.332694803175993,1.0,12.937764393292895,0.9810533379309452,yes,274.95,271.18,273.25,258.2,313.49,2.6738,2026-10-06,charts/latest/UNP.webp,user,False,,,276.65,12.9378,1.7,0.1314,False,,,True,3.79,7/9,5/6,0.81,16.4,True,"uptrend: new high +3.8 ATR above prior 2.5y high, 7/9 HH and 5/6 HL, 30w EMA +16% in 26w",9,hammer,2026-10-02,hammer,2026-10-06,False,True,False,,https://www.tradingview.com/chart/?symbol=NYSE:UNP,https://finviz.com/quote.ashx?t=UNP,PASS (TV) entry=273.25 SL=258.2 TP=313.49 R:R=2.6738 zone=[271.18-274.95]
BDX,PASS,,True,True,True,True,True,True,True,True,True,,False,180.22999572753906,304954505.60186917,1692029.7,4.16,99.84,2026-11-05,30,263,148.73347521905285,149.31637529249466,149.02492525577375,141.28477528439376,190.87437438964844,5.4068008098831895,0.7905517762458962,9.790819784297678,3.187176473395147,yes,,,154.03,145.93,182.3,3.4901,2026-10-06,charts/latest/BDX.webp,user,False,user drawing (no rectangle),"hline 153.94, hline 151.48",,,,,False,,,False,0.18,3/4,4/6,0.71,7.8,True,no new high: recent high 191.94 is +0.18 ATR vs prior 2.5y high 190.21 (needs >= +1),20,hammer,2026-09-25,engulfing,2026-10-05,False,True,False,,https://www.tradingview.com/chart/?symbol=NYSE:BDX,https://finviz.com/quote.ashx?t=BDX,PASS (TV) entry=154.03 SL=145.93 TP=182.3 R:R=3.4901 zone=[-]
ROST,PASS,,True,True,True,True,True,True,True,True,True,True,False,224.2100067138672,458740400.0367737,2046030.0,3.03,96.38,2026-11-12,37,264,191.2069091796875,193.7515609738917,192.47923507678962,184.9943125962721,255.75570326720648,8.453857518914715,0.6102358430790749,12.26562248908677,2.586967898719347,yes,212.6,205.24,210.04,197.13,253.89,3.3966,2026-10-06,charts/latest/ROST.webp,user,False,,,224.21,12.2656,11.61,0.9465,False,,,True,2.51,3/4,2/4,0.62,20.0,True,"uptrend: new high +2.5 ATR above prior 2.5y high, 3/4 HH and 2/4 HL, 30w EMA +20% in 26w",14,strong_close,2026-09-25,rejection,2026-10-06,False,True,False,,https://www.tradingview.com/chart/?symbol=NASDAQ:ROST,https://finviz.com/quote.ashx?t=ROST,PASS (TV) entry=210.04 SL=197.13 TP=253.89 R:R=3.3966 zone=[205.24-212.6]
RPRX,PASS,,True,True,True,True,True,True,False,True,True,False,False,56.439998626708984,169728207.57686105,3007232.6666666665,2.79,85.15,2026-11-11,36,264,45.822017669677734,45.98067415053724,45.90134591010749,44.46438143973505,63.959999084472656,12.567223161533468,0.499999999999999,2.873928940744881,3.6669844432096608,yes,52.75,50.92,53.02,49.82,63.46,3.2625,2026-10-06,charts/latest/RPRX.webp,user,False,,,56.44,2.8739,3.69,1.284,False,,,True,5.47,3/4,2/2,0.88,31.9,True,"uptrend: new high +5.5 ATR above prior 2.5y high, 3/4 HH and 2/2 HL, 30w EMA +32% in 26w",2,engulfing,2026-09-04,rejection,2026-10-06,False,True,False,,https://www.tradingview.com/chart/?symbol=NASDAQ:RPRX,https://finviz.com/quote.ashx?t=RPRX,PASS (TV) entry=53.02 SL=49.82 TP=63.46 R:R=3.2625 zone=[50.92-52.75]
MDB,PASS,,True,True,True,True,True,False,False,True,True,False,False,360.7099914550781,1051315445.6175386,2914572.566666667,3.71,93.27,2026-12-07,62,263,354.8800048828125,363.1759948730469,359.0279998779297,304.2812696184431,460.3299865722656,1.8503751039411565,0.9999999999999996,54.746730259486604,0.030723142170796205,yes,297.71,288.09,292.9,242.41,452.39,3.1588,2026-10-06,charts/latest/MDB.webp,user,False,,,360.71,54.7467,63.0,1.1508,False,,,False,0.52,5/7,4/6,0.69,13.7,True,no new high: recent high 473.10 is +0.52 ATR vs prior 2.5y high 444.72 (needs >= +1),4,strong_close,2026-10-02,hammer,2026-10-05,False,True,False,,https://www.tradingview.com/chart/?symbol=NASDAQ:MDB,https://finviz.com/quote.ashx?t=MDB,PASS (TV) entry=292.9 SL=242.41 TP=452.39 R:R=3.1588 zone=[288.09-297.71]
BWA,PASS,,True,True,True,True,True,True,False,True,True,True,False,63.34000015258789,129759373.64526075,2048616.5666666667,3.16,106.87,2026-10-29,23,264,44.466069356964546,45.83957961215685,45.152824484560696,40.46499611642697,68.75734005811681,5.035277258444789,0.9999999999999997,4.687828368133731,3.8796590318146995,yes,62.15,59.77,61.21,56.67,75.26,3.0947,2026-10-06,charts/latest/BWA.webp,user,False,,,63.34,4.6878,1.19,0.2538,False,,,True,1.94,3/4,4/4,0.88,28.7,True,"uptrend: new high +1.9 ATR above prior 2.5y high, 3/4 HH and 4/4 HL, 30w EMA +29% in 26w",2,hammer,2026-09-25,hammer,2026-10-06,False,True,False,,https://www.tradingview.com/chart/?symbol=NYSE:BWA,https://finviz.com/quote.ashx?t=BWA,PASS (TV) entry=61.21 SL=56.67 TP=75.26 R:R=3.0947 zone=[59.77-62.15]
MUSA,PASS,,True,True,True,True,True,True,True,True,True,True,False,513.3499755859375,127201022.60886636,247786.16666666666,4.99,83.87,2026-10-28,22,264,505.08624267578125,506.1238809865399,505.6050618311606,465.1994199074263,622.5089585338304,2.893256761600922,0.9999999999999998,40.40564192373427,0.19167901773211415,yes,520.14,504.85,509.83,473.12,620.64,3.0185,2026-10-06,charts/latest/MUSA.webp,user,False,,,513.35,40.4056,0.0,0.0,False,,,True,1.97,3/7,3/5,0.51,22.3,True,"uptrend: new high +2.0 ATR above prior 2.5y high, 3/7 HH and 3/5 HL, 30w EMA +22% in 26w",8,hammer,2026-10-02,hammer,2026-10-05,False,True,False,,https://www.tradingview.com/chart/?symbol=NYSE:MUSA,https://finviz.com/quote.ashx?t=MUSA,PASS (TV) entry=509.83 SL=473.12 TP=620.64 R:R=3.0185 zone=[504.85-520.14]
IRM,PASS,,True,True,True,True,True,True,True,True,True,True,False,116.44000244140625,182065362.70004475,1563598.0666666667,2.69,88.93,2026-10-29,23,264,108.49203420768968,109.12745642718059,108.80974531743513,102.1426206814936,128.6404567879491,2.9744023928410424,0.8267655077410926,8.064105932717975,0.9462000112143085,yes,116.65,114.84,116.09,108.82,137.81,2.9876,2026-10-06,charts/latest/IRM.webp,user,False,,,116.44,8.0641,0.0,0.0,False,,,True,1.43,4/5,2/4,0.65,20.0,True,"uptrend: new high +1.4 ATR above prior 2.5y high, 4/5 HH and 2/4 HL, 30w EMA +20% in 26w",8,strong_close,2026-10-02,strong_close,2026-10-06,True,True,False,,https://www.tradingview.com/chart/?symbol=NYSE:IRM,https://finviz.com/quote.ashx?t=IRM,PASS (TV) entry=116.09 SL=108.82 TP=137.81 R:R=2.9876 zone=[114.84-116.65]
WTS,PASS,,True,True,True,True,True,True,True,True,True,True,False,362.4599914550781,66939473.68191528,184681.0,2.75,82.48,2026-11-04,29,264,302.1103943028199,311.22603705146736,306.6682156771436,287.90284604531206,391.55438232421875,4.523554201835883,1.0000000000000009,18.765369631831543,2.973124264138947,yes,343.78,337.04,345.17,330.54,388.28,2.9467,2026-10-06,charts/latest/WTS.webp,user,False,,,362.46,18.7654,18.68,0.9955,False,,,True,2.69,3/5,2/3,0.63,18.5,True,"uptrend: new high +2.7 ATR above prior 2.5y high, 3/5 HH and 2/3 HL, 30w EMA +18% in 26w",22,strong_close,2026-10-02,rejection,2026-10-05,False,True,False,,https://www.tradingview.com/chart/?symbol=NYSE:WTS,https://finviz.com/quote.ashx?t=WTS,PASS (TV) entry=345.17 SL=330.54 TP=388.28 R:R=2.9467 zone=[337.04-343.78]
EWBC,FAIL,rr,True,True,True,True,False,True,True,True,True,False,False,127.12000274658203,104268690.71151836,820238.2666666667,3.4,93.54,2026-10-20,14,264,124.25652313232422,125.93539541524018,125.0959592737822,119.80825508775344,136.60000610351562,2.175622240769361,0.9999999999999997,5.287704186028764,0.38278303808064457,yes,117.6,111.64,,,,,2026-10-06,charts/latest/EWBC.webp,user,False,user drawing (no Long Position),,127.12,5.2877,9.52,1.8004,False,,,True,2.87,8/8,1/3,0.67,16.5,True,"uptrend: new high +2.9 ATR above prior 2.5y high, 8/8 HH and 1/3 HL, 30w EMA +16% in 26w",10,hammer,2026-10-02,hammer,2026-10-05,False,True,False,TV R:R  < 2 (f_rr False),https://www.tradingview.com/chart/?symbol=NASDAQ:EWBC,https://finviz.com/quote.ashx?t=EWBC,FAIL: rr (TV R:R  < 2)
OVV,PASS,,True,True,True,True,True,False,False,True,True,,False,61.459999084472656,180839835.74881998,2942398.933333333,4.13,93.64,2026-11-10,35,264,62.84023666381836,64.31344306209049,63.57683986295442,59.393935466896046,65.9757722113199,0.5735087683634462,0.9999999999999993,4.182904396058379,-0.5060696057209676,yes,,,51.6,48.22,61.18,2.8343,2026-10-06,charts/latest/OVV.webp,user,False,user drawing (no rectangle),"hline 51.20, hline 52.74",,,,,True,target hit,close 61.46 >= TP 61.18,True,1.3,7/8,3/4,0.81,24.9,True,"uptrend: new high +1.3 ATR above prior 2.5y high, 7/8 HH and 3/4 HL, 30w EMA +25% in 26w",2,hammer,2026-10-02,strong_close,2026-10-06,False,True,False,,https://www.tradingview.com/chart/?symbol=NYSE:OVV,https://finviz.com/quote.ashx?t=OVV,PASS (TV) entry=51.6 SL=48.22 TP=61.18 R:R=2.8343 zone=[-]
MOG-A,PASS,,True,True,True,True,True,True,True,True,True,True,False,375.5950012207031,90441648.71560669,240795.66666666666,2.57,90.19,2026-10-30,24,264,344.507080078125,345.34571230956607,344.92639619384556,317.66173064387937,443.3500061035156,3.6099327801874352,0.8271100028683389,32.963771995762265,0.9303730480480279,yes,353.61,344.29,349.88,316.8,439.61,2.7125,2026-10-06,charts/latest/MOG-A.webp,user,False,,,375.595,32.9638,21.985,0.6669,False,,,True,2.89,3/4,4/4,0.88,34.5,True,"uptrend: new high +2.9 ATR above prior 2.5y high, 3/4 HH and 4/4 HL, 30w EMA +35% in 26w",9,hammer,2026-10-02,rejection,2026-10-06,True,True,False,,https://www.tradingview.com/chart/?symbol=NYSE:MOG.A,https://finviz.com/quote.ashx?t=MOG-A,PASS (TV) entry=349.88 SL=316.8 TP=439.61 R:R=2.7125 zone=[344.29-353.61]
AXTA,PASS,,True,True,True,True,True,True,False,True,True,True,False,33.41999816894531,62901173.28169556,1882141.7333333334,3.74,106.76,2026-11-04,29,264,30.0,31.229999542236328,30.614999771118164,28.43699904850551,38.189998626708984,3.4779597531556883,1.0000000000000007,2.1780007226126537,1.2878776249726722,yes,32.3,31.5,32.29,30.14,38.04,2.6744,2026-10-06,charts/latest/AXTA.webp,user,False,,,33.42,2.178,1.12,0.5142,False,,,False,-1.4,4/7,3/6,0.54,8.6,True,no new high: recent high 38.61 is -1.40 ATR vs prior 2.5y high 41.65 (needs >= +1),2,hammer,2026-10-02,rejection,2026-10-05,False,True,False,,https://www.tradingview.com/chart/?symbol=NYSE:AXTA,https://finviz.com/quote.ashx?t=AXTA,PASS (TV) entry=32.29 SL=30.14 TP=38.04 R:R=2.6744 zone=[31.5-32.3]
LH,PASS,,True,True,True,True,True,True,False,True,True,False,False,311.6449890136719,227048458.11392823,728548.4,3.03,101.19,2026-10-22,16,264,272.3859558105469,275.2320022818144,273.80897904618064,260.07239875490035,335.62042236328125,4.499769375376293,0.8004496356117042,17.161080073180102,2.2047569154241398,yes,289.97,284.29,288.77,272.04,333.31,2.6623,2026-10-06,charts/latest/LH.webp,user,False,,,311.645,17.1611,21.675,1.263,False,,,True,2.93,4/6,5/6,0.75,11.1,True,"uptrend: new high +2.9 ATR above prior 2.5y high, 4/6 HH and 5/6 HL, 30w EMA +11% in 26w",1,hammer,2026-10-02,hammer,2026-10-06,False,True,False,,https://www.tradingview.com/chart/?symbol=NYSE:LH,https://finviz.com/quote.ashx?t=LH,PASS (TV) entry=288.77 SL=272.04 TP=333.31 R:R=2.6623 zone=[284.29-289.97]
WELL,PASS,,True,True,True,True,True,True,True,False,True,True,False,225.75,510252475.95000005,2260254.6,2.44,101.72,2026-10-26,20,264,216.76171204387026,218.92354913493656,217.84263058940343,207.0332148941361,239.85000610351562,2.0359449700641705,1.0000000000000009,10.809415695267308,0.7315260725941607,yes,220.4,214.72,218.23,206.34,249.6,2.6384,2026-10-06,charts/latest/WELL.webp,user,False,,,225.75,10.8094,5.35,0.4949,False,,,True,3.71,6/8,3/4,0.75,17.6,True,"uptrend: new high +3.7 ATR above prior 2.5y high, 6/8 HH and 3/4 HL, 30w EMA +18% in 26w",9,,,hammer,2026-10-06,True,True,False,,https://www.tradingview.com/chart/?symbol=NYSE:WELL,https://finviz.com/quote.ashx?t=WELL,PASS (TV) entry=218.23 SL=206.34 TP=249.6 R:R=2.6384 zone=[214.72-220.4]
RHP,PASS,,True,True,True,True,True,True,False,True,True,True,False,120.97000122070312,64329028.04814147,531776.7,4.37,94.29,2026-11-02,27,264,102.76312827616329,103.40852128131385,103.08582477873857,96.54546746149526,134.4499969482422,4.7954829756493025,1.0000000000000002,6.540357317243304,2.7344341561911114,yes,117.25,114.4,115.82,108.83,134.08,2.6123,2026-10-06,charts/latest/RHP.webp,user,False,,,120.97,6.5404,3.72,0.5688,False,,,False,3.87,3/5,1/3,0.47,26.2,True,"choppy swings: 3/5 higher highs, 1/3 higher lows",4,hammer,2026-10-02,strong_close,2026-10-01,False,True,False,,https://www.tradingview.com/chart/?symbol=NYSE:RHP,https://finviz.com/quote.ashx?t=RHP,PASS (TV) entry=115.82 SL=108.83 TP=134.08 R:R=2.6123 zone=[114.4-117.25]
ATI,PASS,,True,True,True,True,True,True,True,True,True,True,False,194.76499938964844,336391861.48148704,1727167.9333333333,3.22,94.7,2026-11-03,28,264,202.80999755859375,202.85000610351562,202.8300018310547,192.94553811209542,231.25999450683594,2.876230161202376,0.5000000000000002,19.768927437918528,-0.40796358157179896,yes,184.47,174.75,186.1,169.21,229.84,2.59,2026-10-05,charts/latest/ATI.webp,user,False,,,194.765,19.7689,10.295,0.5208,False,,,True,3.82,4/4,3/3,1.0,47.6,True,"uptrend: new high +3.8 ATR above prior 2.5y high, 4/4 HH and 3/3 HL, 30w EMA +48% in 26w",14,engulfing,2026-10-02,hammer,2026-10-06,False,True,False,,https://www.tradingview.com/chart/?symbol=NYSE:ATI,https://finviz.com/quote.ashx?t=ATI,PASS (TV) entry=186.1 SL=169.21 TP=229.84 R:R=2.59 zone=[174.75-184.47]
ASB,PASS,,True,True,True,True,True,True,True,True,True,True,False,28.899999618530273,53234651.84732151,1842029.5,4.55,80.96,2026-10-22,16,264,28.170221585616805,28.278417871726944,28.224319728671873,26.962371036187193,32.076515197753906,3.0525769328207457,0.9999999999999998,1.26194869248468,0.5354258012883544,yes,28.78,28.63,28.73,27.42,32.11,2.58,2026-10-05,charts/latest/ASB.webp,user,False,,,28.9,1.2619,0.12,0.0951,False,,,True,2.72,5/7,5/6,0.77,14.5,True,"uptrend: new high +2.7 ATR above prior 2.5y high, 5/7 HH and 5/6 HL, 30w EMA +15% in 26w",15,hammer,2026-10-02,hammer,2026-10-05,False,True,False,,https://www.tradingview.com/chart/?symbol=NYSE:ASB,https://finviz.com/quote.ashx?t=ASB,PASS (TV) entry=28.73 SL=27.42 TP=32.11 R:R=2.58 zone=[28.63-28.78]
PFG,PASS,,True,True,True,True,True,True,True,True,True,False,False,109.69999694824219,152189347.14955902,1387323.1666666667,4.45,81.85,2026-10-22,16,263,94.98644256591797,95.51338696573315,95.24991476582557,89.81351765668508,113.26871592747503,3.314474789075572,1.0000000000000004,5.436397109140484,2.6580255070257808,yes,95.45,94.35,94.98,85.81,117.62,2.47,2026-10-05,charts/latest/PFG.webp,user,False,,,109.7,5.4364,14.25,2.6212,False,,,True,4.72,5/5,3/5,0.8,24.0,True,"uptrend: new high +4.7 ATR above prior 2.5y high, 5/5 HH and 3/5 HL, 30w EMA +24% in 26w",10,strong_close,2026-09-18,hammer,2026-10-02,False,True,False,,https://www.tradingview.com/chart/?symbol=NASDAQ:PFG,https://finviz.com/quote.ashx?t=PFG,PASS (TV) entry=94.98 SL=85.81 TP=117.62 R:R=2.47 zone=[94.35-95.45]
EOG,PASS,,True,True,True,True,True,False,False,True,True,False,False,144.2899932861328,429646315.3540634,2977658.433333333,2.96,98.31,2026-11-05,30,264,140.17967224121094,144.62666418972194,142.40316821546645,133.650889873818,153.0500030517578,1.216464378838078,1.0000000000000013,8.75227834164845,0.2155810175377703,yes,127.55,125.02,127.52,119.32,147.49,2.44,2026-10-05,charts/latest/EOG.webp,user,False,,,144.29,8.7523,16.74,1.9126,False,,,False,0.52,4/7,3/5,0.59,14.9,True,no new high: recent high 154.16 is +0.52 ATR vs prior 2.5y high 149.59 (needs >= +1),2,hammer,2026-10-02,strong_close,2026-10-06,False,True,False,,https://www.tradingview.com/chart/?symbol=NYSE:EOG,https://finviz.com/quote.ashx?t=EOG,PASS (TV) entry=127.52 SL=119.32 TP=147.49 R:R=2.44 zone=[125.02-127.55]
BAX,PASS,,True,True,True,True,True,True,False,False,True,False,False,24.354999542236328,144534053.91324782,5934471.633333334,4.52,109.64,2026-10-29,23,264,18.69306755065918,19.17263462498108,18.93285108782013,16.95058782099611,27.53937530517578,4.341766485510784,1.0000000000000007,1.9822632668240192,2.735332155503018,yes,22.36,21.76,21.99,19.87,27.15,2.43,2026-10-05,charts/latest/BAX.webp,user,False,,,24.355,1.9823,1.995,1.0064,False,,,False,-4.82,2/6,2/5,0.37,12.7,True,"no new high: recent high 29.99 is -4.82 ATR vs prior 2.5y high 39.53 (needs >= +1); choppy swings: 2/6 higher highs, 2/5 higher lows",2,,,hammer,2026-10-06,False,True,False,,https://www.tradingview.com/chart/?symbol=NYSE:BAX,https://finviz.com/quote.ashx?t=BAX,PASS (TV) entry=21.99 SL=19.87 TP=27.15 R:R=2.43 zone=[21.76-22.36]
TTEK,PASS,,True,True,True,True,True,True,True,True,True,True,False,33.380001068115234,71212984.40471993,2133402.7,4.35,100.41,2026-11-18,43,263,31.52167320251465,34.12940339532502,32.82553829891984,30.92751649613867,37.060001373291016,2.230987583054327,1.0000000000000009,1.898021802781168,0.2921266596531942,yes,32.29,31.48,32.15,30.15,36.96,2.41,2026-10-05,charts/latest/TTEK.webp,user,False,,,33.38,1.898,1.09,0.5743,False,,,False,-6.77,2/4,3/7,0.46,-2.4,False,"no new high: recent high 37.59 is -6.77 ATR vs prior 2.5y high 50.44 (needs >= +1); choppy swings: 2/4 higher highs, 3/7 higher lows; 30w EMA falling (-2% in 26w)",15,engulfing,2026-09-11,hammer,2026-10-05,True,True,False,,https://www.tradingview.com/chart/?symbol=NASDAQ:TTEK,https://finviz.com/quote.ashx?t=TTEK,PASS (TV) entry=32.15 SL=30.15 TP=36.96 R:R=2.41 zone=[31.48-32.29]
ARMK,PASS,,True,True,True,True,True,True,False,True,True,True,False,55.459999084472656,111917690.27647552,2017989.4,3.16,100.11,2026-11-17,42,264,41.66974639892578,41.918669624243776,41.79420801158478,38.85408435694101,62.26625061035156,6.9629869364277495,1.0000000000000004,2.940123654643769,4.648032762602854,yes,55.8,55.21,55.47,52.77,61.88,2.37,2026-10-05,charts/latest/ARMK.webp,user,False,,,55.46,2.9401,0.0,0.0,False,,,True,6.31,3/5,3/4,0.68,34.5,True,"uptrend: new high +6.3 ATR above prior 2.5y high, 3/5 HH and 3/4 HL, 30w EMA +35% in 26w",2,hammer,2026-10-02,strong_close,2026-10-01,False,True,False,,https://www.tradingview.com/chart/?symbol=NYSE:ARMK,https://finviz.com/quote.ashx?t=ARMK,PASS (TV) entry=55.47 SL=52.77 TP=61.88 R:R=2.37 zone=[55.21-55.8]
AMGN,PASS,,True,True,True,True,True,True,False,True,True,True,False,402.6000061035156,1156166164.927765,2871749.0,2.61,85.55,2026-11-03,28,264,350.58819580078125,351.9597768434924,351.2739863221368,338.7945350322018,440.30999755859375,7.134609460615202,0.4999999999999993,24.958902579870063,2.0564213357190813,yes,386.1,382.85,384.48,360.4,440.31,2.32,2026-10-05,charts/latest/AMGN.webp,user,False,,,402.6,24.9589,16.5,0.6611,False,,,True,2.44,4/4,6/7,0.93,13.7,True,"uptrend: new high +2.4 ATR above prior 2.5y high, 4/4 HH and 6/7 HL, 30w EMA +14% in 26w",0,strong_close,2026-09-25,hammer,2026-10-06,False,True,False,,https://www.tradingview.com/chart/?symbol=NASDAQ:AMGN,https://finviz.com/quote.ashx?t=AMGN,PASS (TV) entry=384.48 SL=360.4 TP=440.31 R:R=2.32 zone=[382.85-386.1]
LAMR,PASS,,True,True,True,True,True,True,False,True,True,True,False,144.74000549316406,73363628.41029206,506864.9,3.63,85.41,2026-10-29,23,264,134.6874542236328,135.62618083125926,135.15681752744604,129.02217397275854,162.32000732421875,4.427835057509941,1.0,6.1346435546875,1.5621425890988372,yes,147.28,145.49,146.09,140.13,159.92,2.32,2026-10-05,charts/latest/LAMR.webp,user,False,,,144.74,6.1346,0.75,0.1223,False,,,True,4.84,6/6,3/4,0.88,16.8,True,"uptrend: new high +4.8 ATR above prior 2.5y high, 6/6 HH and 3/4 HL, 30w EMA +17% in 26w",2,hammer,2026-09-04,engulfing,2026-10-06,False,True,False,,https://www.tradingview.com/chart/?symbol=NASDAQ:LAMR,https://finviz.com/quote.ashx?t=LAMR,PASS (TV) entry=146.09 SL=140.13 TP=159.92 R:R=2.32 zone=[145.49-147.28]
EBAY,PASS,,True,True,True,True,True,True,True,True,True,True,False,107.05999755859375,486497490.8558655,4544157.5,4.54,95.93,2026-11-04,29,263,92.17344665527344,93.40223569089885,92.78784117308615,85.85861904348486,111.83999633789062,2.7495373663105176,1.0000000000000002,6.929222129601285,2.059705421267659,yes,101.66,99.2,100.49,93.4,116.76,2.29,2026-10-05,charts/latest/EBAY.webp,user,False,,,107.06,6.9292,5.4,0.7793,False,,,False,2.71,3/6,0/3,0.25,19.9,True,"choppy swings: 3/6 higher highs, 0/3 higher lows",23,strong_close,2026-09-18,hammer,2026-10-06,False,True,False,,https://www.tradingview.com/chart/?symbol=NASDAQ:EBAY,https://finviz.com/quote.ashx?t=EBAY,PASS (TV) entry=100.49 SL=93.4 TP=116.76 R:R=2.29 zone=[99.2-101.66]
GL,PASS,,True,True,True,True,True,True,True,True,True,True,False,166.42999267578125,62719087.26320394,376849.6666666667,2.71,88.06,2026-10-28,22,264,145.89846801757812,152.0726073494638,148.98553768352096,140.53963118066102,186.61000061035156,4.454757214526381,1.000000000000001,8.445906502859932,2.0654331167830584,yes,173.75,167.97,170.86,163.72,186.21,2.15,2026-10-05,charts/latest/GL.webp,user,False,,,166.43,8.4459,1.54,0.1823,False,,,True,4.67,3/4,4/5,0.78,19.8,True,"uptrend: new high +4.7 ATR above prior 2.5y high, 3/4 HH and 4/5 HL, 30w EMA +20% in 26w",10,hammer,2026-09-11,engulfing,2026-10-05,False,True,False,,https://www.tradingview.com/chart/?symbol=NYSE:GL,https://finviz.com/quote.ashx?t=GL,PASS (TV) entry=170.86 SL=163.72 TP=186.21 R:R=2.15 zone=[167.97-173.75]
SWK,PASS,,True,True,True,True,True,True,True,True,True,True,False,90.01499938964844,137290988.08759105,1525201.2333333334,4.75,100.12,2026-11-04,29,264,79.62845014666357,79.90309745824958,79.76577380245658,73.97314863242015,102.99365997314453,4.009906646616645,1.0000000000000007,5.792625170036426,1.7693576377439606,yes,90.29,89,89.86,83.76,102.48,2.07,2026-10-05,charts/latest/SWK.webp,user,False,,,90.015,5.7926,0.0,0.0,False,,,False,0.34,5/6,3/5,0.72,19.0,True,no new high: recent high 103.78 is +0.34 ATR vs prior 2.5y high 101.83 (needs >= +1),20,hammer,2026-10-02,hammer,2026-10-01,False,True,False,,https://www.tradingview.com/chart/?symbol=NYSE:SWK,https://finviz.com/quote.ashx?t=SWK,PASS (TV) entry=89.86 SL=83.76 TP=102.48 R:R=2.07 zone=[89-90.29]
INCY,PASS,,True,True,True,True,True,True,False,True,True,True,False,112.7300033569336,173939280.07398912,1542972.3666666667,4.97,103.08,2026-11-03,28,263,108.5,109.4800033569336,108.9900016784668,101.14499991280692,127.80999755859375,2.3989791770995135,0.9999999999999994,7.845001765659878,0.47673688167133366,yes,112.16,107.48,110.39,102.07,127.46,2.05,2026-10-05,charts/latest/INCY.webp,user,False,,,112.73,7.845,0.57,0.0727,False,,,True,2.59,4/6,2/4,0.58,18.7,True,"uptrend: new high +2.6 ATR above prior 2.5y high, 4/6 HH and 2/4 HL, 30w EMA +19% in 26w",0,strong_close,2026-09-18,rejection,2026-10-05,False,True,False,,https://www.tradingview.com/chart/?symbol=NASDAQ:INCY,https://finviz.com/quote.ashx?t=INCY,PASS (TV) entry=110.39 SL=102.07 TP=127.46 R:R=2.05 zone=[107.48-112.16]
CNO,FAIL,rr,True,True,True,True,False,True,False,True,True,False,False,54.02000045776367,50271763.304001234,930613.9,2.42,96.52,2026-11-04,29,264,44.1458740234375,44.3436609545763,44.244767489006904,41.893210936019855,56.563594818115234,5.23858433830155,1.0000000000000009,2.3515565529870464,4.15692021369414,yes,44.36,44.15,44.05,41.79,56.35,5.44,2026-10-06,charts/latest/CNO.webp,bot,True,bot drawing on chart,bot drawing (review needed): zone 44.15-44.36 entry 44.05 SL 41.79 TP 56.35 R:R 5.44,54.02,2.3516,9.66,4.1079,True,far,close 54.02 is 4.11 ATR above zone top 44.36,True,5.54,5/6,3/5,0.72,25.0,True,"uptrend: new high +5.5 ATR above prior 2.5y high, 5/6 HH and 3/5 HL, 30w EMA +25% in 26w",1,hammer,2026-10-02,strong_close,2026-10-02,False,True,False,TV drawing by the bot - review needed (f_rr False until approved); TV drawing by the bot - review needed (f_rr False until approved); TV drawing by the bot - review needed (f_rr False until approved),https://www.tradingview.com/chart/?symbol=NYSE:CNO,https://finviz.com/quote.ashx?t=CNO,FAIL: rr (bot drawing - review needed)
CSX,FAIL,rr,True,True,True,True,False,True,False,True,True,False,False,47.5,473479930.3333333,9967998.533333333,2.2,82.07,2026-10-21,15,264,42.44334030151367,42.522879890397,42.48311009595534,41.16432207386231,51.858033041478826,7.108741350747689,0.6317368340848736,2.087559171697518,2.4032324314740885,yes,43.1,42.44,42.82,40.75,53.26,5.04,2026-10-06,charts/latest/CSX.webp,bot,True,bot drawing on chart,bot drawing (review needed): zone 42.44-43.1 entry 42.82 SL 40.75 TP 53.26 R:R 5.06,47.5,2.0876,4.4,2.1077,False,,,True,4.96,5/6,3/3,0.92,23.8,True,"uptrend: new high +5.0 ATR above prior 2.5y high, 5/6 HH and 3/3 HL, 30w EMA +24% in 26w",2,hammer,2026-10-02,hammer,2026-10-05,False,True,False,TV drawing by the bot - review needed (f_rr False until approved); TV drawing by the bot - review needed (f_rr False until approved); TV drawing by the bot - review needed (f_rr False until approved),https://www.tradingview.com/chart/?symbol=NASDAQ:CSX,https://finviz.com/quote.ashx?t=CSX,FAIL: rr (bot drawing - review needed)
STLD,FAIL,no_earnings_14d,True,True,False,True,True,True,False,True,True,True,False,238.1699981689453,233634622.16181335,980957.4,2.83,86.01,2026-10-19,13,264,133.47352600097656,137.9203468520754,135.69693642652598,119.05236549628881,262.7099914550781,7.630899922918131,0.9323948005294128,17.851419721330917,5.740331208501742,yes,220.81,216.73,218.36,200.03,285.6,3.67,2026-10-05,charts/latest/STLD.webp,user,False,,,238.17,17.8514,17.36,0.9725,False,,,True,4.52,4/6,2/3,0.67,35.5,True,"uptrend: new high +4.5 ATR above prior 2.5y high, 4/6 HH and 2/3 HL, 30w EMA +36% in 26w",2,hammer,2026-10-02,strong_close,2026-10-05,False,True,True,,https://www.tradingview.com/chart/?symbol=NASDAQ:STLD,https://finviz.com/quote.ashx?t=STLD,FAIL: no_earnings_14d
UNH,FAIL,no_earnings_14d,True,True,False,True,True,True,True,True,True,False,False,376.1099853515625,1610939445.4503906,4283160.533333333,1.48,90.13,2026-10-13,7,264,349.3529357910156,350.9317071763275,350.1423214836716,329.75212484129355,424.6352826432401,3.653371395386436,0.9999999999999994,20.390196642378054,1.273536706062015,yes,354.18,346.7,351.27,330.5,423.15,3.46,2026-09-29,,user,False,,,376.11,20.3902,21.93,1.0755,False,,,False,-6.99,4/7,2/5,0.49,22.5,True,"no new high: recent high 458.79 is -6.99 ATR vs prior 2.5y high 601.33 (needs >= +1); choppy swings: 4/7 higher highs, 2/5 higher lows",28,hammer,2026-10-02,strong_close,2026-10-05,True,True,True,,https://www.tradingview.com/chart/?symbol=NYSE:UNH,https://finviz.com/quote.ashx?t=UNH,FAIL: no_earnings_14d
MA,FAIL,rr,True,True,True,True,False,True,True,True,True,False,False,566.75,1360053986.3083334,2399742.3666666667,0.89,83.8,2026-10-22,16,264,520.4276123046875,526.5872699856476,523.5074411451676,501.4613589060306,595.2999877929688,3.256476405606094,1.0000000000000002,22.04608223913697,1.961462285487927,yes,526.59,520.43,523.51,500.74,593.17,3.06,2026-10-06,charts/latest/MA.webp,bot,True,bot drawing on chart,bot drawing (review needed): zone 520.43-526.59 entry 523.51 SL 500.74 TP 593.17 R:R 3.06,566.75,22.0461,40.16,1.8216,False,,,False,0.14,2/5,0/3,0.2,2.8,True,"no new high: recent high 601.23 is +0.14 ATR vs prior 2.5y high 598.04 (needs >= +1); choppy swings: 2/5 higher highs, 0/3 higher lows",15,hammer,2026-09-25,strong_close,2026-10-06,False,True,False,TV drawing by the bot - review needed (f_rr False until approved); TV drawing by the bot - review needed (f_rr False until approved); TV drawing by the bot - review needed (f_rr False until approved),https://www.tradingview.com/chart/?symbol=NYSE:MA,https://finviz.com/quote.ashx?t=MA,FAIL: rr (bot drawing - review needed)
ESS,FAIL,rr,True,True,True,True,False,True,False,False,True,True,False,272.5,139061936.58333334,510319.0333333333,3.43,104.63,2026-10-28,22,264,255.67339383830705,256.81922863785974,256.2463112380834,245.9424520723468,290.30999755859375,3.3059153636127125,1.0000000000000004,10.303859165736608,1.5774370068997956,yes,271.13,269.28,269.79,259.25,299.07,2.78,2026-10-06,charts/latest/ESS.webp,bot,True,bot drawing on chart,bot drawing (review needed): zone 269.28-271.13 entry 269.79 SL 259.25 TP 299.07 R:R 2.78,272.5,10.3039,1.37,0.133,False,,,False,0.43,3/7,2/6,0.38,9.3,True,"no new high: recent high 303.35 is +0.43 ATR vs prior 2.5y high 298.89 (needs >= +1); choppy swings: 3/7 higher highs, 2/6 higher lows",2,,,strong_close,2026-10-05,False,True,False,TV drawing by the bot - review needed (f_rr False until approved); TV drawing by the bot - review needed (f_rr False until approved); TV drawing by the bot - review needed (f_rr False until approved),https://www.tradingview.com/chart/?symbol=NYSE:ESS,https://finviz.com/quote.ashx?t=ESS,FAIL: rr (bot drawing - review needed)
DASH,FAIL,rr,True,True,True,True,False,True,True,True,True,False,False,193.6199951171875,781852042.4208374,4038074.9,4.31,82.5,2026-11-04,29,264,183.88999938964844,188.44000244140625,186.16500091552734,168.0599365234375,236.74000549316406,2.793417547839989,1.0,18.105064392089844,0.4117629211480333,yes,172.91,166.58,174.87,152.85,235.05,2.73,2026-10-06,charts/latest/DASH.webp,bot,True,bot drawing on chart,bot drawing (review needed): zone 166.58-172.91 entry 174.87 SL 152.85 TP 235.05 R:R 2.73,193.62,18.1051,20.71,1.1439,False,,,False,-2.58,3/5,2/5,0.5,-0.3,False,no new high: recent high 238.83 is -2.58 ATR vs prior 2.5y high 285.50 (needs >= +1); 30w EMA falling (-0% in 26w),21,hammer,2026-10-02,hammer,2026-10-06,False,True,False,TV drawing by the bot - review needed (f_rr False until approved); TV drawing by the bot - review needed (f_rr False until approved); TV drawing by the bot - review needed (f_rr False until approved),https://www.tradingview.com/chart/?symbol=NASDAQ:DASH,https://finviz.com/quote.ashx?t=DASH,FAIL: rr (bot drawing - review needed)
PH,FAIL,rr,True,True,True,True,False,False,True,True,True,True,False,985.010009765625,522923919.83605963,530881.8333333334,1.16,91.27,2026-10-29,23,264,966.9724731445312,1001.7723946354896,984.3724338900104,931.5457093122443,1082.6694406412896,1.860743923401431,0.9999999999999989,52.82672457776613,0.012069191885558897,yes,951.29,927.47,944.47,895.21,1077.95,2.71,2026-10-06,charts/latest/PH.webp,bot,True,bot drawing on chart,bot drawing (review needed): zone 927.47-951.29 entry 944.47 SL 895.21 TP 1077.95 R:R 2.71,985.01,52.8267,33.72,0.6383,False,,,True,1.27,4/6,3/4,0.71,8.4,True,"uptrend: new high +1.3 ATR above prior 2.5y high, 4/6 HH and 3/4 HL, 30w EMA +8% in 26w",20,hammer,2026-10-02,hammer,2026-10-05,True,True,False,TV drawing by the bot - review needed (f_rr False until approved); TV drawing by the bot - review needed (f_rr False until approved); TV drawing by the bot - review needed (f_rr False until approved),https://www.tradingview.com/chart/?symbol=NYSE:PH,https://finviz.com/quote.ashx?t=PH,FAIL: rr (bot drawing - review needed)
SSB,FAIL,rr,True,True,True,True,False,True,True,True,True,True,False,101.04000091552734,60164578.401153564,595453.0666666667,3.19,89.34,2026-10-28,22,264,98.71031951904297,99.76725949141188,99.23878950522743,94.80099236507365,111.58999633789062,2.7831841885938946,1.0000000000000016,4.437797140153769,0.40587961851665477,yes,99.77,98.71,99.18,94.54,111.18,2.59,2026-10-06,charts/latest/SSB.webp,bot,True,bot drawing on chart,bot drawing (review needed): zone 98.71-99.77 entry 99.18 SL 94.54 TP 111.18 R:R 2.59,101.04,4.4378,1.27,0.2862,False,,,False,0.6,4/5,3/4,0.78,7.3,True,no new high: recent high 112.20 is +0.60 ATR vs prior 2.5y high 109.52 (needs >= +1),9,hammer,2026-10-02,engulfing,2026-10-01,True,True,False,TV drawing by the bot - review needed (f_rr False until approved); TV drawing by the bot - review needed (f_rr False until approved); TV drawing by the bot - review needed (f_rr False until approved),https://www.tradingview.com/chart/?symbol=NYSE:SSB,https://finviz.com/quote.ashx?t=SSB,FAIL: rr (bot drawing - review needed)
STX,FAIL,rr,True,True,True,True,False,True,False,True,True,True,False,805.6300048828125,3288057671.3221316,4081349.566666667,4.03,85.87,2026-10-28,22,262,427.92401123046875,457.91620030452225,442.9201057674955,344.86492392751313,989.5367754962906,5.5745821839464496,0.6870624387949423,142.71655136899062,2.541470457603325,yes,787.03,712.16,767.56,641.42,1073.88,2.43,2026-10-04,charts/latest/STX.webp,bot,True,bot drawing on chart,bot drawing (review needed): zone 712.16-787.03 entry 767.56 SL 641.42 TP 1073.88 R:R 2.43,805.63,142.7166,18.6,0.1303,False,,,True,4.39,4/5,2/2,0.9,129.7,True,"uptrend: new high +4.4 ATR above prior 2.5y high, 4/5 HH and 2/2 HL, 30w EMA +130% in 26w",0,hammer,2026-09-25,hammer,2026-10-02,False,True,False,TV drawing by the bot - review needed (f_rr False until approved); TV drawing by the bot - review needed (f_rr False until approved); TV drawing by the bot - review needed (f_rr False until approved),https://www.tradingview.com/chart/?symbol=NASDAQ:STX,https://finviz.com/quote.ashx?t=STX,FAIL: rr (bot drawing - review needed)
BNY,FAIL,no_earnings_14d,True,True,False,True,True,True,False,True,True,True,False,143.69500732421875,478361551.1320354,3329006.066666667,1.52,87.76,2026-10-15,9,264,134.03237915039062,136.45308434956033,135.24273174997546,127.98735762688952,164.83999633789062,4.079357464660485,1.0000000000000007,7.2553741230859385,1.1649675717409138,yes,147.25,145,146.4,138.81,164.41,2.37,2026-10-02,charts/latest/BNY.webp,user,False,,,143.695,7.2554,1.305,0.1799,False,,,True,5.25,7/7,3/3,1.0,28.3,True,"uptrend: new high +5.3 ATR above prior 2.5y high, 7/7 HH and 3/3 HL, 30w EMA +28% in 26w",1,rejection,2026-10-02,rejection,2026-10-06,False,True,True,,https://www.tradingview.com/chart/?symbol=NYSE:BNY,https://finviz.com/quote.ashx?t=BNY,FAIL: no_earnings_14d
OXY,FAIL,rr,True,True,True,True,False,True,True,True,True,False,False,58.34000015258789,460317660.70262456,7890258.133333334,2.17,84.95,2026-11-10,35,264,47.308015123332105,48.48458765145014,47.89630138739112,44.29769247784543,62.540000915527344,4.069266735068728,1.0000000000000009,3.5986089095456855,2.902148865772485,yes,51.33,50.15,51.6,47,62.21,2.31,2026-10-06,charts/latest/OXY.webp,bot,True,bot drawing on chart,bot drawing (review needed): zone 50.15-51.33 entry 51.6 SL 47.0 TP 62.21 R:R 2.31,58.34,3.5986,7.01,1.948,False,,,False,-0.85,4/6,1/4,0.46,13.4,True,"no new high: recent high 63.77 is -0.85 ATR vs prior 2.5y high 66.83 (needs >= +1); choppy swings: 4/6 higher highs, 1/4 higher lows",21,hammer,2026-10-02,strong_close,2026-10-06,False,True,False,TV drawing by the bot - review needed (f_rr False until approved); TV drawing by the bot - review needed (f_rr False until approved); TV drawing by the bot - review needed (f_rr False until approved),https://www.tradingview.com/chart/?symbol=NYSE:OXY,https://finviz.com/quote.ashx?t=OXY,FAIL: rr (bot drawing - review needed)
PKG,FAIL,rr,True,True,True,True,False,True,True,True,True,True,False,229.74000549316406,120785693.01802826,525749.5,3.89,98.86,2026-10-21,15,264,222.27140433922395,222.5082841555742,222.38984424739908,209.36222620024242,254.39352416992188,2.456602565923994,0.9999999999999999,13.027618047156666,0.5641983990595414,yes,228.27,222.27,226.57,214.16,253.22,2.15,2026-10-06,charts/latest/PKG.webp,bot,True,bot drawing on chart,bot drawing (review needed): zone 222.27-228.27 entry 226.57 SL 214.16 TP 253.22 R:R 2.15,229.74,13.0276,1.47,0.1128,False,,,True,1.03,5/6,5/5,0.92,9.8,True,"uptrend: new high +1.0 ATR above prior 2.5y high, 5/6 HH and 5/5 HL, 30w EMA +10% in 26w",28,hammer,2026-09-11,hammer,2026-10-06,False,True,False,TV drawing by the bot - review needed (f_rr False until approved); TV drawing by the bot - review needed (f_rr False until approved); TV drawing by the bot - review needed (f_rr False until approved),https://www.tradingview.com/chart/?symbol=NYSE:PKG,https://finviz.com/quote.ashx?t=PKG,FAIL: rr (bot drawing - review needed)
OKE,FAIL,rr,True,True,True,True,False,False,False,True,True,True,False,89.25499725341797,299042554.9941045,3350429.2666666666,4.34,84.17,2026-11-03,28,264,92.92205810546875,94.93802623364421,93.93004216955649,88.55871719969437,97.5999984741211,0.6832497242591555,0.9999999999999996,5.371324969862118,-0.8703708940288761,yes,86.42,83.68,85.71,79.99,97.11,1.99,2026-10-06,charts/latest/OKE.webp,bot,True,bot drawing on chart,bot drawing (review needed): zone 83.68-86.42 entry 85.71 SL 79.99 TP 97.11 R:R 1.99,89.255,5.3713,2.835,0.5278,False,,,False,-1.53,3/6,4/6,0.58,12.6,True,no new high: recent high 99.85 is -1.53 ATR vs prior 2.5y high 108.05 (needs >= +1),2,hammer,2026-10-02,strong_close,2026-10-06,False,True,False,TV drawing by the bot - review needed (f_rr False until approved); TV drawing by the bot - review needed (f_rr False until approved); TV drawing by the bot - review needed (f_rr False until approved),https://www.tradingview.com/chart/?symbol=NYSE:OKE,https://finviz.com/quote.ashx?t=OKE,FAIL: rr (bot drawing - review needed)
BMY,FAIL,rr,True,True,True,True,False,True,False,True,True,True,False,59.58000183105469,578478614.3342133,9709274.866666667,2.06,85.12,2026-10-29,23,264,58.954503866693024,59.112717751159956,59.03361080892649,55.685754287320044,67.41000366210938,2.5020166781710023,1.0,3.3478565216064453,0.16320622422194364,yes,61.55,61,61.23,58.11,67.27,1.94,2026-10-02,charts/latest/BMY.webp,user,False,,,59.58,3.3479,1.42,0.4242,False,,,True,2.12,3/7,4/7,0.5,12.3,True,"uptrend: new high +2.1 ATR above prior 2.5y high, 3/7 HH and 4/7 HL, 30w EMA +12% in 26w",2,hammer,2026-09-25,strong_close,2026-10-06,False,True,False,TV R:R 1.94 < 2 (f_rr False),https://www.tradingview.com/chart/?symbol=NYSE:BMY,https://finviz.com/quote.ashx?t=BMY,FAIL: rr (TV R:R 1.94 < 2)
EW,FAIL,rr,True,True,True,True,False,False,True,True,True,True,False,86.48999786376953,255595671.2540011,2955204.966666667,1.6,94.42,2026-10-28,22,264,84.1500015258789,84.73999786376953,84.44499969482422,79.48035757882255,91.5999984741211,1.4411912504700808,0.9999999999999991,4.9646421160016745,0.4119125047007966,yes,85.06,84.15,84.4,79.47,93.91,1.93,2026-10-06,charts/latest/EW.webp,bot,True,bot drawing on chart,bot drawing (review needed): zone 84.15-85.06 entry 84.4 SL 79.47 TP 93.91 R:R 1.93,86.49,4.9646,1.43,0.288,False,,,False,0.21,3/7,3/6,0.46,6.4,True,"no new high: recent high 96.29 is +0.21 ATR vs prior 2.5y high 95.25 (needs >= +1); choppy swings: 3/7 higher highs, 3/6 higher lows",10,strong_close,2026-09-18,strong_close,2026-10-05,True,True,False,TV drawing by the bot - review needed (f_rr False until approved); TV drawing by the bot - review needed (f_rr False until approved); TV drawing by the bot - review needed (f_rr False until approved),https://www.tradingview.com/chart/?symbol=NYSE:EW,https://finviz.com/quote.ashx?t=EW,FAIL: rr (bot drawing - review needed)
THC,FAIL,rr,True,True,True,True,False,True,True,True,True,True,False,258.4200134277344,186703566.94928384,722481.0666666667,2.53,100.43,2026-11-03,28,263,196.88999938964844,199.0800018310547,197.98500061035156,178.36321367536272,280.7699890136719,4.219034111297028,1.0000000000000004,19.62178693498884,3.0799953652344145,yes,245.93,238.6,239.65,218.71,278.39,1.85,2026-10-06,charts/latest/THC.webp,user,False,,,258.42,19.6218,12.49,0.6365,False,,,True,1.83,4/6,3/8,0.52,15.0,True,"uptrend: new high +1.8 ATR above prior 2.5y high, 4/6 HH and 3/8 HL, 30w EMA +15% in 26w",15,hammer,2026-09-25,strong_close,2026-10-02,False,True,False,TV R:R 1.85 < 2 (f_rr False),https://www.tradingview.com/chart/?symbol=NYSE:THC,https://finviz.com/quote.ashx?t=THC,FAIL: rr (TV R:R 1.85 < 2)
MSI,FAIL,rr,True,True,True,True,False,True,False,True,True,True,False,456.3399963378906,371774201.7511943,814686.8666666667,1.93,91.88,2026-10-29,23,263,441.9690493476176,447.498134987632,444.7335921676248,427.0940190996935,484.7465160721933,2.26836124380538,0.8167129892098511,21.598252141180115,0.5373770106209924,yes,447.5,441.97,444.58,423.34,482.73,1.8,2026-10-06,charts/latest/MSI.webp,bot,True,bot drawing on chart,bot drawing (review needed): zone 441.97-447.5 entry 444.58 SL 423.34 TP 482.73 R:R 1.8,456.34,21.5983,8.84,0.4093,False,,,False,-0.16,4/5,2/4,0.65,3.4,True,no new high: recent high 493.57 is -0.16 ATR vs prior 2.5y high 497.07 (needs >= +1),2,hammer,2026-09-11,rejection,2026-10-06,False,True,False,TV drawing by the bot - review needed (f_rr False until approved); TV drawing by the bot - review needed (f_rr False until approved); TV drawing by the bot - review needed (f_rr False until approved),https://www.tradingview.com/chart/?symbol=NYSE:MSI,https://finviz.com/quote.ashx?t=MSI,FAIL: rr (bot drawing - review needed)
IVZ,FAIL,rr,True,True,True,True,False,True,True,True,True,True,False,30.3700008392334,114870837.206965,3782378.466666667,2.98,98.32,2026-10-27,21,264,28.785341262817383,28.853784369721446,28.819562816269414,26.812299837067908,33.06999969482422,2.1175286559838997,1.0000000000000007,2.007262979201505,0.7724139980804872,yes,29.59,29.39,29.52,27.56,33.03,1.79,2026-10-06,charts/latest/IVZ.webp,user,False,,,30.37,2.0073,0.78,0.3886,False,,,True,2.35,4/4,3/4,0.88,22.1,True,"uptrend: new high +2.3 ATR above prior 2.5y high, 4/4 HH and 3/4 HL, 30w EMA +22% in 26w",14,hammer,2026-10-02,hammer,2026-10-05,True,True,False,TV R:R 1.79 < 2 (f_rr False),https://www.tradingview.com/chart/?symbol=NYSE:IVZ,https://finviz.com/quote.ashx?t=IVZ,FAIL: rr (TV R:R 1.79 < 2)
SJM,FAIL,rr,True,True,True,True,False,True,True,True,True,True,False,116.7699966430664,152763526.8259819,1308242.9666666666,4.53,89.88,2026-12-01,56,264,115.40843200683594,116.64682622654612,116.02762911669103,108.89816035597498,132.33999633789062,2.288020015051059,0.9999999999999993,7.129468760716056,0.10412662588072194,yes,117.04,113.27,115.15,106,131.43,1.78,2026-10-06,charts/latest/SJM.webp,user,False,,,116.77,7.1295,0.0,0.0,False,,,True,2.65,3/5,2/5,0.5,12.7,True,"uptrend: new high +2.7 ATR above prior 2.5y high, 3/5 HH and 2/5 HL, 30w EMA +13% in 26w",28,hammer,2026-09-18,strong_close,2026-10-02,True,True,False,TV R:R 1.78 < 2 (f_rr False),https://www.tradingview.com/chart/?symbol=NYSE:SJM,https://finviz.com/quote.ashx?t=SJM,FAIL: rr (TV R:R 1.78 < 2)
DXCM,FAIL,rr,True,True,True,True,False,True,True,True,True,True,False,83.38999938964844,313310659.7361369,3757173.066666667,4.65,105.03,2026-10-22,16,262,75.69999694824219,75.85139694213868,75.77569694519043,70.8900015258789,92.33999633789062,3.3903667689203503,0.810231650067172,6.029998234340122,1.2627370935360245,yes,83.03,82.29,82.25,76.66,91.8,1.71,2026-10-04,charts/latest/DXCM.webp,bot,True,bot drawing on chart,bot drawing (review needed): zone 82.29-83.03 entry 82.25 SL 76.66 TP 91.8 R:R 1.71,83.39,6.03,0.36,0.0597,False,,,False,-7.74,4/6,2/5,0.53,14.7,True,no new high: recent high 92.59 is -7.74 ATR vs prior 2.5y high 139.24 (needs >= +1),41,strong_close,2026-09-18,engulfing,2026-10-05,False,True,False,TV drawing by the bot - review needed (f_rr False until approved); TV drawing by the bot - review needed (f_rr False until approved); TV drawing by the bot - review needed (f_rr False until approved),https://www.tradingview.com/chart/?symbol=NASDAQ:DXCM,https://finviz.com/quote.ashx?t=DXCM,FAIL: rr (bot drawing - review needed)
PRI,FAIL,rr,True,True,True,True,False,True,False,True,True,True,False,279.1700134277344,53842562.00609437,192866.56666666668,3.94,95.75,2026-11-10,35,264,277.65155029296875,281.4002466411534,279.5258984670611,266.23028065912234,320.22467979774984,3.0610673320037587,0.9999999999999993,13.295617807938763,-0.026767093072893874,yes,286.51,282.62,284.78,265.3,318.12,1.71,2026-10-06,charts/latest/PRI.webp,user,False,,,279.17,13.2956,3.45,0.2595,False,,,True,2.01,4/6,4/6,0.67,11.0,True,"uptrend: new high +2.0 ATR above prior 2.5y high, 4/6 HH and 4/6 HL, 30w EMA +11% in 26w",1,hammer,2026-10-02,strong_close,2026-10-05,False,True,False,TV R:R 1.71 < 2 (f_rr False),https://www.tradingview.com/chart/?symbol=NYSE:PRI,https://finviz.com/quote.ashx?t=PRI,FAIL: rr (TV R:R 1.71 < 2)
DAR,FAIL,rr,True,True,True,True,False,False,False,True,True,True,False,61.16999816894531,136285240.94345552,2227975.2333333334,4.34,106.26,2026-11-10,35,264,64.11000061035156,66.0199966430664,65.06499862670898,59.90335546221052,66.66000366210938,0.30901110064538345,0.9999999999999998,5.161643164498465,-0.7546047515553378,yes,59.41,57.76,58.72,54.11,66.57,1.7,2026-10-06,charts/latest/DAR.webp,bot,True,bot drawing on chart,bot drawing (review needed): zone 57.76-59.41 entry 58.72 SL 54.11 TP 66.57 R:R 1.7,61.17,5.1616,1.76,0.341,False,,,False,0.98,5/7,3/5,0.66,28.9,True,no new high: recent high 69.98 is +0.98 ATR vs prior 2.5y high 64.90 (needs >= +1),2,hammer,2026-10-02,strong_close,2026-10-02,False,True,False,TV drawing by the bot - review needed (f_rr False until approved); TV drawing by the bot - review needed (f_rr False until approved); TV drawing by the bot - review needed (f_rr False until approved),https://www.tradingview.com/chart/?symbol=NYSE:DAR,https://finviz.com/quote.ashx?t=DAR,FAIL: rr (bot drawing - review needed)
TRV,FAIL,"no_earnings_14d,rr",True,True,False,True,False,True,False,True,True,True,False,360.67999267578125,447405929.7306641,1240451.2,2.98,91.45,2026-10-16,10,264,305.1965026855469,306.353432038302,305.77496736192444,288.61243484281977,383.0,4.499629209856507,0.9669685616481226,17.74880094328245,3.0934498329948994,yes,362.34,357.66,359.93,344.26,384.54,1.57,2026-10-04,charts/latest/TRV.webp,bot,True,bot drawing on chart,bot drawing (review needed): zone 357.66-362.34 entry 359.93 SL 344.26 TP 384.54 R:R 1.57,360.68,17.7488,0.0,0.0,False,,,True,4.94,4/6,4/5,0.73,19.8,True,"uptrend: new high +4.9 ATR above prior 2.5y high, 4/6 HH and 4/5 HL, 30w EMA +20% in 26w",2,hammer,2026-10-02,hammer,2026-10-05,False,True,True,TV drawing by the bot - review needed (f_rr False until approved); TV drawing by the bot - review needed (f_rr False until approved); TV drawing by the bot - review needed (f_rr False until approved),https://www.tradingview.com/chart/?symbol=NYSE:TRV,https://finviz.com/quote.ashx?t=TRV,"FAIL: no_earnings_14d, rr (bot drawing - review needed)"
FWONK,FAIL,rr,True,True,True,True,False,True,False,False,True,True,False,95.54000091552734,209275620.48275045,2190450.2666666666,4.06,89.97,2026-10-30,24,264,91.58999633789062,93.2249984741211,92.40749740600586,86.55356815883091,105.63999938964844,2.2604478846457643,1.0000000000000002,5.8539292471749445,0.5351112692441924,yes,95.69,93.9,94.74,87.59,105.43,1.5,2026-10-06,charts/latest/FWONK.webp,user,False,,,95.54,5.8539,0.0,0.0,False,,,False,-0.35,3/5,3/6,0.55,4.6,True,no new high: recent high 107.31 is -0.35 ATR vs prior 2.5y high 109.36 (needs >= +1),0,,,strong_close,2026-10-05,False,True,False,TV R:R 1.5 < 2 (f_rr False),https://www.tradingview.com/chart/?symbol=NASDAQ:FWONK,https://finviz.com/quote.ashx?t=FWONK,FAIL: rr (TV R:R 1.5 < 2)
VLTO,FAIL,rr,True,True,True,True,False,False,True,True,True,True,False,96.45099639892578,142303542.88431802,1475397.3333333333,2.73,100.92,2026-10-28,22,158,90.84608459472656,92.61746779485162,91.73177619478909,87.30749030611722,99.08999633789062,1.663143008443877,1.0,4.424285888671875,1.0666625807839356,yes,92.62,90.85,92.02,87.52,98.68,1.48,2026-10-06,charts/latest/VLTO.webp,bot,True,bot drawing on chart,bot drawing (review needed): zone 90.85-92.62 entry 92.02 SL 87.52 TP 98.68 R:R 1.48,96.451,4.4243,3.831,0.8659,False,,,False,-2.66,2/5,2/6,0.37,-2.0,False,"no new high: recent high 102.25 is -2.66 ATR vs prior 2.5y high 114.01 (needs >= +1); choppy swings: 2/5 higher highs, 2/6 higher lows; 30w EMA falling (-2% in 26w)",18,strong_close,2026-09-25,engulfing,2026-10-05,True,True,False,TV drawing by the bot - review needed (f_rr False until approved); TV drawing by the bot - review needed (f_rr False until approved); TV drawing by the bot - review needed (f_rr False until approved),https://www.tradingview.com/chart/?symbol=NYSE:VLTO,https://finviz.com/quote.ashx?t=VLTO,FAIL: rr (bot drawing - review needed)
ADP,FAIL,rr,True,True,True,True,False,True,False,True,True,True,False,262.3599853515625,536330536.9482015,2044254.3333333333,2.66,92.23,2026-10-28,22,264,228.73956298828125,233.82815399089716,231.2838584895892,217.78132632330045,285.6518859863281,4.026506052877808,1.0000000000000007,13.502532166288736,2.3015036349670694,yes,262.33,260.49,262.02,246.47,284.1,1.42,2026-10-06,charts/latest/ADP.webp,user,False,,,262.36,13.5025,0.03,0.0022,False,,,False,-2.31,1/4,2/6,0.29,6.1,True,"no new high: recent high 286.17 is -2.31 ATR vs prior 2.5y high 317.38 (needs >= +1); choppy swings: 1/4 higher highs, 2/6 higher lows",2,hammer,2026-09-11,strong_close,2026-10-06,False,True,False,TV R:R 1.42 < 2 (f_rr False),https://www.tradingview.com/chart/?symbol=NASDAQ:ADP,https://finviz.com/quote.ashx?t=ADP,FAIL: rr (TV R:R 1.42 < 2)
VOYA,FAIL,rr,True,True,True,True,False,True,True,True,True,True,False,97.82499694824219,97143186.06701203,993030.3,3.76,103.97,2026-11-03,28,264,77.40950012207031,78.62838351894207,78.0189418205062,72.89731748304229,104.18000030517578,5.107961217168031,1.0000000000000013,5.121624337463906,3.8671432777405585,yes,97.3,96.63,96.61,91.53,103.7,1.4,2026-10-06,charts/latest/VOYA.webp,bot,True,bot drawing on chart,bot drawing (review needed): zone 96.63-97.3 entry 96.61 SL 91.53 TP 103.7 R:R 1.39,97.825,5.1216,0.525,0.1025,False,,,True,4.94,6/6,3/4,0.88,30.4,True,"uptrend: new high +4.9 ATR above prior 2.5y high, 6/6 HH and 3/4 HL, 30w EMA +30% in 26w",15,hammer,2026-10-02,strong_close,2026-10-05,False,True,False,TV drawing by the bot - review needed (f_rr False until approved); TV drawing by the bot - review needed (f_rr False until approved); TV drawing by the bot - review needed (f_rr False until approved),https://www.tradingview.com/chart/?symbol=NYSE:VOYA,https://finviz.com/quote.ashx?t=VOYA,FAIL: rr (bot drawing - review needed)
VRTX,FAIL,rr,True,True,True,True,False,True,True,True,True,True,False,502.30999755859375,490822184.6580953,977130.0333333333,1.87,98.18,2026-11-09,34,264,444.010009765625,444.89802978515627,444.45401977539063,426.000009765625,548.97998046875,5.664132653989326,0.5997264830114497,30.77071053641183,1.8802288531732325,yes,507.84,496.62,502.72,469.92,546.93,1.35,2026-10-06,charts/latest/VRTX.webp,user,False,,,502.31,30.7707,0.0,0.0,False,,,True,1.31,5/7,5/7,0.71,8.5,True,"uptrend: new high +1.3 ATR above prior 2.5y high, 5/7 HH and 5/7 HL, 30w EMA +9% in 26w",12,engulfing,2026-09-25,hammer,2026-10-06,False,True,False,TV R:R 1.35 < 2 (f_rr False),https://www.tradingview.com/chart/?symbol=NASDAQ:VRTX,https://finviz.com/quote.ashx?t=VRTX,FAIL: rr (TV R:R 1.35 < 2)
NEM,FAIL,rr,True,True,True,True,False,False,True,True,True,,False,116.41000366210938,799209515.893106,6865471.1,1.59,81.86,2026-10-22,16,263,120.3677978515625,121.46294861920876,120.91537323538563,111.84112753887918,133.1228732047779,1.3452908790085012,0.9999999999999994,9.074245696506457,-0.49650072567583237,yes,,,120.26,110.62,132.29,1.25,2026-10-06,charts/latest/NEM.webp,user,False,user-edited bot drawing,levels changed vs the bot drawing (zone 120.37-121.46 entry 120.26 SL 110.62 TP 132.29 R:R 1.25) -> user-owned,,,,,False,,,False,0.11,3/7,3/5,0.51,10.3,True,no new high: recent high 135.01 is +0.11 ATR vs prior 2.5y high 134.02 (needs >= +1),14,hammer,2026-09-18,hammer,2026-10-06,False,True,False,TV R:R 1.25 < 2 (f_rr False),https://www.tradingview.com/chart/?symbol=NYSE:NEM,https://finviz.com/quote.ashx?t=NEM,FAIL: rr (TV R:R 1.25 < 2)
THG,FAIL,rr,True,True,True,True,False,True,False,True,True,,False,220.16000366210938,59145353.85848186,268647.13333333336,2.16,92.99,2026-10-28,22,264,178.01681518554688,178.7953795713839,178.4060973784654,169.29469008273662,228.07000732421875,5.450739752248222,0.9385941043953757,9.707505356213776,4.301198377080192,yes,,,223,213.42,230.72,0.81,2026-10-06,charts/latest/THG.webp,user,False,user-edited bot drawing,levels changed vs the bot drawing (zone 220.67-224.33 entry 223.0 SL 213.42 TP 230.72 R:R 0.81) -> user-owned,,,,,False,,,True,5.11,7/9,4/5,0.79,20.8,True,"uptrend: new high +5.1 ATR above prior 2.5y high, 7/9 HH and 4/5 HL, 30w EMA +21% in 26w",2,hammer,2026-10-02,strong_close,2026-10-02,False,True,False,TV R:R 0.81 < 2 (f_rr False),https://www.tradingview.com/chart/?symbol=NYSE:THG,https://finviz.com/quote.ashx?t=THG,FAIL: rr (TV R:R 0.81 < 2)
ABM,FAIL,"dollar_vol,rr",False,True,True,True,False,False,True,True,True,,False,48.404998779296875,23957984.765314735,494948.56666666665,3.49,102.18,2026-12-23,78,263,48.540000915527344,49.439998626708984,48.989999771118164,46.78500011989048,49.86000061035156,0.39455826614258505,1.000000000000001,2.2049996512276784,-0.26530661421899904,,,,,,,,,,,False,,,,,,,,,,False,-2.61,5/8,4/7,0.6,7.8,True,no new high: recent high 51.29 is -2.61 ATR vs prior 2.5y high 57.05 (needs >= +1),15,hammer,2026-10-02,strong_close,2026-10-01,True,True,False,no TV drawing read (f_rr False),https://www.tradingview.com/chart/?symbol=NYSE:ABM,https://finviz.com/quote.ashx?t=ABM,"$vol(30d) $24.0M < $50M | FAIL: dollar_vol, rr (no TV drawing read)"
ACIW,FAIL,"dollar_vol,short_float,rr",False,False,True,True,False,True,False,True,True,,False,50.709999084472656,37150647.35827561,732609.9,6.49,103.97,2026-10-29,23,264,45.5099983215332,48.540000915527344,47.02499961853027,43.45892824445452,58.38999938964844,3.1869804552253855,1.0000000000000002,3.5660713740757535,1.0333498910681373,,,,,,,,,,,False,,,,,,,,,,False,0.38,2/6,3/4,0.54,12.9,True,no new high: recent high 61.08 is +0.38 ATR vs prior 2.5y high 59.71 (needs >= +1),2,strong_close,2026-10-02,strong_close,2026-10-05,False,True,False,no TV drawing read (f_rr False),https://www.tradingview.com/chart/?symbol=NASDAQ:ACIW,https://finviz.com/quote.ashx?t=ACIW,"$vol(30d) $37.2M < $50M | FAIL: dollar_vol, short_float, rr (no TV drawing read)"
ADUS,FAIL,"dollar_vol,rr",False,True,True,True,False,True,True,True,True,,False,113.16000366210938,23126068.624411013,204366.1,4.85,104.84,2026-11-02,27,264,99.79000091552734,103.5,101.64500045776367,94.875,121.01000213623047,2.8604136438808485,1.0,6.770000457763672,1.7008866212321414,,,,,,,,,,,False,,,,,,,,,,False,-2.01,3/5,1/5,0.4,2.9,True,"no new high: recent high 123.14 is -2.01 ATR vs prior 2.5y high 136.72 (needs >= +1); choppy swings: 3/5 higher highs, 1/5 higher lows",20,strong_close,2026-09-04,strong_close,2026-10-05,True,True,False,no TV drawing read (f_rr False),https://www.tradingview.com/chart/?symbol=NASDAQ:ADUS,https://finviz.com/quote.ashx?t=ADUS,"$vol(30d) $23.1M < $50M | FAIL: dollar_vol, rr (no TV drawing read)"
AGIO,FAIL,"dollar_vol,short_float,rr",False,False,True,True,False,False,False,False,True,,False,31.719999313354492,26511665.299433075,835802.8333333334,12.97,113.55,2026-10-29,23,264,30.229999542236328,31.020000457763672,30.625,26.932499476841517,33.83000183105469,0.867975999178248,1.0000000000000002,3.692500523158482,0.2965468268689247,,,,,,,,,,,False,,,,,,,,,,False,-5.01,5/8,4/6,0.65,4.4,True,no new high: recent high 44.09 is -5.01 ATR vs prior 2.5y high 62.58 (needs >= +1),2,,,hammer,2026-10-06,False,True,False,no TV drawing read (f_rr False),https://www.tradingview.com/chart/?symbol=NASDAQ:AGIO,https://finviz.com/quote.ashx?t=AGIO,"$vol(30d) $26.5M < $50M | FAIL: dollar_vol, short_float, rr (no TV drawing read)"
AGYS,FAIL,"dollar_vol,short_float,rr",False,False,True,True,False,False,True,True,True,,False,98.79000091552734,22106594.14887085,223773.6,6.38,105.85,2026-11-02,27,264,110.80999755859375,112.12000274658203,111.46500015258789,101.8616076878139,117.87999725341797,0.6679928082040592,0.9999999999999994,9.603392464773995,-1.3198460110376047,,,,,,,,,,,False,,,,,,,,,,False,-2.46,2/5,2/4,0.45,6.5,True,"no new high: recent high 121.59 is -2.46 ATR vs prior 2.5y high 145.25 (needs >= +1); choppy swings: 2/5 higher highs, 2/4 higher lows",17,hammer,2026-10-02,hammer,2026-10-01,False,True,False,no TV drawing read (f_rr False),https://www.tradingview.com/chart/?symbol=NASDAQ:AGYS,https://finviz.com/quote.ashx?t=AGYS,"$vol(30d) $22.1M < $50M | FAIL: dollar_vol, short_float, rr (no TV drawing read)"
AMCX,FAIL,"dollar_vol,short_float,rr",False,False,True,True,False,True,False,True,True,,False,10.979999542236328,6611313.192369843,602123.2666666667,22.95,82.29,2026-10-30,24,263,8.350000381469727,8.890000343322754,8.62000036239624,7.457143238612584,12.65999984741211,3.4742010883251826,0.9999999999999997,1.1628571237836565,2.0294833574749234,,,,,,,,,,,False,,,,,,,,,,False,-4.86,5/6,4/7,0.7,34.1,True,no new high: recent high 12.93 is -4.86 ATR vs prior 2.5y high 18.58 (needs >= +1),0,strong_close,2026-09-25,hammer,2026-10-02,False,True,False,no TV drawing read (f_rr False),https://www.tradingview.com/chart/?symbol=NASDAQ:AMCX,https://finviz.com/quote.ashx?t=AMCX,"$vol(30d) $6.6M < $50M | FAIL: dollar_vol, short_float, rr (no TV drawing read)"
AMLX,FAIL,"dollar_vol,short_float,rr",False,False,True,True,False,True,False,False,True,,False,28.040000915527344,43697374.7947525,1558394.2,12.72,85.61,2026-11-05,30,249,18.360000610351562,18.604999542236328,18.482500076293945,15.599999656677246,38.65999984741211,6.999998901579092,0.7019018355349218,4.106700216020856,2.327294503248167,,,,,,,,,,,False,,,,,,,,,,True,5.76,5/7,2/4,0.61,72.7,True,"uptrend: new high +5.8 ATR above prior 2.5y high, 5/7 HH and 2/4 HL, 30w EMA +73% in 26w",4,,,hammer,2026-10-06,False,True,False,no TV drawing read (f_rr False),https://www.tradingview.com/chart/?symbol=NASDAQ:AMLX,https://finviz.com/quote.ashx?t=AMLX,"$vol(30d) $43.7M < $50M | FAIL: dollar_vol, short_float, rr (no TV drawing read)"
AMP,FAIL,rr,True,True,True,True,False,True,False,True,True,,True,496.69000244140625,283169841.2702128,570113.8333333334,3.1,91.76,2026-10-29,23,264,468.9648602543218,476.2919751042868,472.62841767930433,446.6353990780789,569.5399780273438,3.728368829908445,0.9999999999999989,25.993018601225486,0.9256941308450989,no,,,,,,,2026-10-06,charts/latest/AMP.webp,,False,,,,,,,,,,False,0.13,3/5,1/3,0.47,7.3,True,"no new high: recent high 572.56 is +0.13 ATR vs prior 2.5y high 569.13 (needs >= +1); choppy swings: 3/5 higher highs, 1/3 higher lows",1,rejection,2026-09-18,hammer,2026-10-06,False,True,False,TV drawing not found (f_rr False),https://www.tradingview.com/chart/?symbol=NYSE:AMP,https://finviz.com/quote.ashx?t=AMP,FAIL: rr (TV drawing not found)
ANGO,FAIL,"dollar_vol,no_earnings_14d,rr",False,True,False,True,False,True,False,True,True,,False,14.420000076293945,7209617.427478282,499973.4666666667,3.61,91.04,2026-10-08,2,262,11.4399995803833,11.640000343322754,11.539999961853027,10.420714242117745,15.850000381469727,3.85067042634658,1.0000000000000007,1.119285719735282,2.5730696493850167,,,,,,,,,,,False,,,,,,,,,,False,2.05,4/6,1/4,0.46,25.1,True,"choppy swings: 4/6 higher highs, 1/4 higher lows",0,hammer,2026-09-25,engulfing,2026-10-05,False,True,True,no TV drawing read (f_rr False),https://www.tradingview.com/chart/?symbol=NASDAQ:ANGO,https://finviz.com/quote.ashx?t=ANGO,"$vol(30d) $7.2M < $50M | FAIL: dollar_vol, no_earnings_14d, rr (no TV drawing read)"
ARCB,FAIL,"dollar_vol,short_float,rr",False,False,True,True,False,True,False,True,True,,False,128.24000549316406,28949817.893399555,225747.16666666666,6.16,103.7,2026-11-03,28,264,125.5844955444336,134.8471256863653,130.21581061539945,118.41538723215491,159.66820345796373,2.495875943263514,1.0000000000000002,11.800423383244532,-0.16743510449301668,,,,,,,,,,,False,,,,,,,,,,True,2.28,4/7,3/5,0.59,47.3,True,"uptrend: new high +2.3 ATR above prior 2.5y high, 4/7 HH and 3/5 HL, 30w EMA +47% in 26w",2,engulfing,2026-10-02,hammer,2026-10-05,False,True,False,no TV drawing read (f_rr False),https://www.tradingview.com/chart/?symbol=NASDAQ:ARCB,https://finviz.com/quote.ashx?t=ARCB,"$vol(30d) $28.9M < $50M | FAIL: dollar_vol, short_float, rr (no TV drawing read)"
ASH,FAIL,"dollar_vol,short_float,rr",False,False,True,True,False,True,True,True,True,,False,71.0,42612775.266666666,600179.9333333333,9.74,117.89,2026-11-10,35,264,67.5309829711914,67.58069962796111,67.55584129957626,63.87200439401436,76.01213073730469,2.2955113525685764,0.8334797694245883,4.419827619937455,0.7792518162670969,,,,,,,,,,,False,,,,,,,,,,False,-4.25,6/7,6/8,0.8,18.8,True,no new high: recent high 77.80 is -4.25 ATR vs prior 2.5y high 96.58 (needs >= +1),14,hammer,2026-10-02,strong_close,2026-10-06,False,True,False,no TV drawing read (f_rr False),https://www.tradingview.com/chart/?symbol=NYSE:ASH,https://finviz.com/quote.ashx?t=ASH,"$vol(30d) $42.6M < $50M | FAIL: dollar_vol, short_float, rr (no TV drawing read)"
ATEX,FAIL,"dollar_vol,short_float,rr",False,False,True,True,False,True,False,True,True,,False,83.41000366210938,23750631.53876953,284745.6,8.62,97.42,2026-11-18,43,264,39.599998474121094,40.334999084472656,39.967498779296875,29.289999237060545,107.12999725341797,6.290096123015554,0.9540662081621799,11.191570826939174,3.881716477033078,,,,,,,,,,,False,,,,,,,,,,True,6.21,2/4,1/2,0.5,147.4,True,"uptrend: new high +6.2 ATR above prior 2.5y high, 2/4 HH and 1/2 HL, 30w EMA +147% in 26w",2,strong_close,2026-10-02,hammer,2026-10-05,False,True,False,no TV drawing read (f_rr False),https://www.tradingview.com/chart/?symbol=NASDAQ:ATEX,https://finviz.com/quote.ashx?t=ATEX,"$vol(30d) $23.8M < $50M | FAIL: dollar_vol, short_float, rr (no TV drawing read)"
AVNT,FAIL,"dollar_vol,rr",False,True,True,True,False,True,False,True,True,,False,41.5099983215332,25401808.24953842,611944.3333333334,4.54,105.9,2026-10-29,23,264,37.674944182521905,38.25668255857597,37.965813370548936,34.97840927960878,46.0345458984375,2.700917680456576,1.000000000000001,2.98740409094015,1.186376145675323,,,,,,,,,,,False,,,,,,,,,,False,-1.76,4/7,3/6,0.54,12.8,True,no new high: recent high 46.33 is -1.76 ATR vs prior 2.5y high 51.58 (needs >= +1),2,hammer,2026-10-02,engulfing,2026-10-05,False,True,False,no TV drawing read (f_rr False),https://www.tradingview.com/chart/?symbol=NYSE:AVNT,https://finviz.com/quote.ashx?t=AVNT,"$vol(30d) $25.4M < $50M | FAIL: dollar_vol, rr (no TV drawing read)"
AWR,FAIL,"dollar_vol,rr",False,True,True,True,False,True,True,True,True,,False,81.5,16416588.466666667,201430.53333333333,2.64,84.51,2026-11-09,34,264,78.7132774468711,80.16452552542472,79.43890148614791,75.94281551375744,89.87999725341797,2.9865100142634304,0.9999999999999989,3.4960859723904787,0.5895445735971973,,,,,,,,,,,False,,,,,,,,,,True,2.45,4/7,4/8,0.54,11.7,True,"uptrend: new high +2.5 ATR above prior 2.5y high, 4/7 HH and 4/8 HL, 30w EMA +12% in 26w",9,hammer,2026-10-02,hammer,2026-10-05,False,True,False,no TV drawing read (f_rr False),https://www.tradingview.com/chart/?symbol=NYSE:AWR,https://finviz.com/quote.ashx?t=AWR,"$vol(30d) $16.4M < $50M | FAIL: dollar_vol, rr (no TV drawing read)"
BANR,FAIL,"dollar_vol,rr",False,True,True,True,False,True,False,True,True,,False,67.12000274658203,18114332.91724701,269879.8,3.82,86.62,2026-10-21,15,264,65.48006745871781,67.44938938233389,66.46472842052586,63.36018942219622,74.01000213623047,2.4304006874335484,0.9999999999999997,3.1045389983296383,0.21106976797802685,,,,,,,,,,,False,,,,,,,,,,False,0.29,3/7,3/5,0.51,10.2,True,no new high: recent high 74.84 is +0.29 ATR vs prior 2.5y high 73.94 (needs >= +1),2,hammer,2026-10-02,hammer,2026-10-01,False,True,False,no TV drawing read (f_rr False),https://www.tradingview.com/chart/?symbol=NASDAQ:BANR,https://finviz.com/quote.ashx?t=BANR,"$vol(30d) $18.1M < $50M | FAIL: dollar_vol, rr (no TV drawing read)"
BBY,FAIL,"short_float,rr",True,False,True,True,False,True,True,True,True,,False,84.8550033569336,334987077.7408638,3947758.7,8.11,96.81,2026-11-24,49,262,67.73250579833984,67.83831605019272,67.78541092426627,61.10036399150886,92.8499984741211,3.7493510220602597,0.9999999999999998,6.685046932757418,2.5533990418264025,,,,,,,,,,,False,,,,,,,,,,False,0.46,4/8,3/6,0.5,20.4,True,no new high: recent high 96.53 is +0.46 ATR vs prior 2.5y high 93.46 (needs >= +1),17,strong_close,2026-09-18,hammer,2026-10-05,False,True,False,no TV drawing read (f_rr False),https://www.tradingview.com/chart/?symbol=NYSE:BBY,https://finviz.com/quote.ashx?t=BBY,"short float 8.11% >= 5% | FAIL: short_float, rr (no TV drawing read)"
BFH,FAIL,"dollar_vol,short_float,rr",False,False,True,True,False,True,True,True,True,,False,97.87000274658203,48141621.45835927,491893.5333333333,7.49,104.17,2026-10-22,16,264,90.1479721069336,90.86453921500193,90.50625566096775,82.65689119664451,113.15333557128906,2.885211919163177,1.0000000000000004,7.849364464323242,0.9381329047827782,,,,,,,,,,,False,,,,,,,,,,True,4.19,6/8,5/6,0.79,37.9,True,"uptrend: new high +4.2 ATR above prior 2.5y high, 6/8 HH and 5/6 HL, 30w EMA +38% in 26w",12,hammer,2026-09-18,hammer,2026-10-05,False,True,False,no TV drawing read (f_rr False),https://www.tradingview.com/chart/?symbol=NYSE:BFH,https://finviz.com/quote.ashx?t=BFH,"$vol(30d) $48.1M < $50M | FAIL: dollar_vol, short_float, rr (no TV drawing read)"
BHVN,FAIL,"dollar_vol,short_float,rr",False,False,True,True,False,True,False,True,True,,False,12.079999923706055,39386776.12991066,3260494.7333333334,15.91,91.21,2026-11-17,42,212,10.979999542236328,11.0600004196167,11.019999980926514,9.290000190734863,15.6899995803833,2.6994220611665174,0.8150764576245098,2.122500010899135,0.49941104232574446,,,,,,,,,,,False,,,,,,,,,,False,-17.65,3/8,3/5,0.49,8.1,True,"no new high: recent high 18.24 is -17.65 ATR vs prior 2.5y high 55.70 (needs >= +1); choppy swings: 3/8 higher highs, 3/5 higher lows",3,strong_close,2026-09-18,hammer,2026-10-05,False,True,False,no TV drawing read (f_rr False),https://www.tradingview.com/chart/?symbol=NYSE:BHVN,https://finviz.com/quote.ashx?t=BHVN,"$vol(30d) $39.4M < $50M | FAIL: dollar_vol, short_float, rr (no TV drawing read)"
BILL,FAIL,"short_float,rr",True,False,True,True,False,False,True,True,True,,False,43.959999084472656,73402612.9032898,1669759.2,14.94,105.13,2026-10-29,23,264,41.83000183105469,43.29999923706055,42.56500053405762,38.60321453639439,50.310001373291016,1.9549266022449514,1.0000000000000007,3.9617859976632253,0.3521135546538478,,,,,,,,,,,False,,,,,,,,,,False,-12.01,3/5,1/5,0.4,-3.7,False,"no new high: recent high 52.60 is -12.01 ATR vs prior 2.5y high 100.19 (needs >= +1); choppy swings: 3/5 higher highs, 1/5 higher lows; 30w EMA falling (-4% in 26w)",6,hammer,2026-10-02,engulfing,2026-10-05,False,True,False,no TV drawing read (f_rr False),https://www.tradingview.com/chart/?symbol=NYSE:BILL,https://finviz.com/quote.ashx?t=BILL,"short float 14.94% >= 5% | FAIL: short_float, rr (no TV drawing read)"
BJRI,FAIL,"dollar_vol,short_float,no_earnings_14d,rr",False,False,False,True,False,True,False,True,True,,False,61.33000183105469,26218228.246098835,427494.3333333333,10.61,100.06,2026-10-15,9,264,44.400001525878906,44.540000915527344,44.470001220703125,40.010000457763674,69.55000305175781,5.623317834260911,0.8826066137553723,5.053214754377093,3.336490022662788,,,,,,,,,,,False,,,,,,,,,,True,5.46,1/2,1/2,0.5,47.6,True,"uptrend: new high +5.5 ATR above prior 2.5y high, 1/2 HH and 1/2 HL, 30w EMA +48% in 26w",2,hammer,2026-10-02,strong_close,2026-10-02,False,True,True,no TV drawing read (f_rr False),https://www.tradingview.com/chart/?symbol=NASDAQ:BJRI,https://finviz.com/quote.ashx?t=BJRI,"$vol(30d) $26.2M < $50M | FAIL: dollar_vol, short_float, no_earnings_14d, rr (no TV drawing read)"
BLKB,FAIL,"dollar_vol,short_float,rr",False,False,True,True,False,False,False,True,True,,False,43.5099983215332,17708512.753866196,406998.7,10.63,88.48,2026-11-04,29,263,,,,,,,,,,,,,,,,,,,,False,,,,,,,,,,False,-9.32,2/5,2/6,0.37,-20.3,False,"no new high: recent high 49.54 is -9.32 ATR vs prior 2.5y high 88.95 (needs >= +1); choppy swings: 2/5 higher highs, 2/6 higher lows; 30w EMA falling (-20% in 26w)",2,hammer,2026-09-25,hammer,2026-10-06,False,True,False,no computed weekly retest setup; no TV drawing read (f_rr False),https://www.tradingview.com/chart/?symbol=NASDAQ:BLKB,https://finviz.com/quote.ashx?t=BLKB,"$vol(30d) $17.7M < $50M | FAIL: dollar_vol, short_float, rr (no TV drawing read)"
BRZE,FAIL,"short_float,rr",True,False,True,True,False,True,False,True,True,,False,26.34000015258789,67085932.8926295,2546922.2666666666,9.32,82.95,2026-12-15,70,256,23.739999771118164,23.969999313354492,23.854999542236328,19.96597807747977,34.529998779296875,2.744906227389202,0.9999999999999999,3.889021464756557,0.6389783735758109,,,,,,,,,,,False,,,,,,,,,,False,-3.42,4/6,4/7,0.62,3.6,True,no new high: recent high 35.02 is -3.42 ATR vs prior 2.5y high 48.33 (needs >= +1),3,engulfing,2026-10-02,strong_close,2026-10-05,False,True,False,no TV drawing read (f_rr False),https://www.tradingview.com/chart/?symbol=NASDAQ:BRZE,https://finviz.com/quote.ashx?t=BRZE,"short float 9.32% >= 5% | FAIL: short_float, rr (no TV drawing read)"
BXC,FAIL,"dollar_vol,short_float,rr",False,False,True,True,False,True,False,True,True,,False,74.63999938964844,11117063.133092752,148942.43333333332,5.77,92.67,2026-11-03,28,263,65.27999877929688,65.41055877685547,65.34527877807616,54.846492941720136,90.36000061035156,2.382629974758837,1.0000000000000002,10.498785836356026,0.8853138597594571,,,,,,,,,,,False,,,,,,,,,,False,-3.9,4/7,3/6,0.54,5.9,True,no new high: recent high 93.80 is -3.90 ATR vs prior 2.5y high 134.79 (needs >= +1),2,hammer,2026-09-11,strong_close,2026-10-05,False,True,False,no TV drawing read (f_rr False),https://www.tradingview.com/chart/?symbol=NYSE:BXC,https://finviz.com/quote.ashx?t=BXC,"$vol(30d) $11.1M < $50M | FAIL: dollar_vol, short_float, rr (no TV drawing read)"
C,FAIL,"no_earnings_14d,rr",True,True,False,True,False,True,False,True,True,,False,128.50999450683594,1108221307.4250426,8623619.6,1.48,82.7,2026-10-13,7,264,121.49465942382812,121.77193023361565,121.63329482872189,113.78234624918545,139.3300018310547,2.2540852004125234,0.9999999999999999,7.850948579536436,0.8759068548784317,,,,,,,,,,,False,,,,,,,,,,True,2.92,5/6,3/4,0.79,20.7,True,"uptrend: new high +2.9 ATR above prior 2.5y high, 5/6 HH and 3/4 HL, 30w EMA +21% in 26w",2,hammer,2026-09-25,hammer,2026-10-02,False,True,True,no TV drawing read (f_rr False),https://www.tradingview.com/chart/?symbol=NYSE:C,https://finviz.com/quote.ashx?t=C,"FAIL: no_earnings_14d, rr (no TV drawing read)"
CACI,FAIL,rr,True,True,True,True,False,False,False,True,True,,True,600.3599853515625,158904301.53482667,264681.7,4.48,101.71,2026-10-28,22,262,621.5900268554688,635.3400268554688,628.4650268554688,584.0600073242188,670.5399780273438,0.9475269151106845,0.9678813586178934,45.87857709612165,-0.6125961893940715,,,,,,,,,,,False,,,,,,,,,,False,-0.0,4/8,4/7,0.54,0.7,True,no new high: recent high 683.39 is -0.00 ATR vs prior 2.5y high 683.50 (needs >= +1),2,hammer,2026-09-11,hammer,2026-09-28,False,True,False,no TV drawing read (f_rr False),https://www.tradingview.com/chart/?symbol=NYSE:CACI,https://finviz.com/quote.ashx?t=CACI,FAIL: rr (no TV drawing read)
CCK,FAIL,"no_earnings_14d,rr",True,True,False,True,False,True,False,True,True,,False,107.68499755859375,98546041.0282898,915132.5,2.39,100.38,2026-10-19,13,264,106.46979522705078,107.99008131580116,107.22993827142597,101.6357208198262,120.69000244140625,2.4060673876971217,0.9999999999999992,5.594217451599765,0.08134458324240734,,,,,,,,,,,False,,,,,,,,,,True,1.33,3/5,3/6,0.55,6.8,True,"uptrend: new high +1.3 ATR above prior 2.5y high, 3/5 HH and 3/6 HL, 30w EMA +7% in 26w",2,hammer,2026-10-02,strong_close,2026-10-06,False,True,True,no TV drawing read (f_rr False),https://www.tradingview.com/chart/?symbol=NYSE:CCK,https://finviz.com/quote.ashx?t=CCK,"FAIL: no_earnings_14d, rr (no TV drawing read)"
CCSI,FAIL,"dollar_vol,short_float,rr",False,False,True,True,False,True,False,True,True,,False,36.349998474121094,5417634.0642484035,149040.83333333334,6.28,100.63,2026-11-05,30,263,30.549999237060547,31.665000915527344,31.107500076293945,27.689642769949778,39.06999969482422,2.329675848008757,0.9999999999999998,3.4178573063441684,1.5338552572385373,,,,,,,,,,,False,,,,,,,,,,True,2.72,5/8,4/5,0.71,33.7,True,"uptrend: new high +2.7 ATR above prior 2.5y high, 5/8 HH and 4/5 HL, 30w EMA +34% in 26w",2,strong_close,2026-09-11,hammer,2026-10-06,False,True,False,no TV drawing read (f_rr False),https://www.tradingview.com/chart/?symbol=NASDAQ:CCSI,https://finviz.com/quote.ashx?t=CCSI,"$vol(30d) $5.4M < $50M | FAIL: dollar_vol, short_float, rr (no TV drawing read)"
CDP,FAIL,"dollar_vol,short_float,rr",False,False,True,True,False,True,False,True,True,,False,33.65999984741211,27172010.19282354,807249.2666666667,6.58,115.47,2026-10-22,16,264,32.20624542236328,32.67214005879686,32.43919274058007,30.884049656735204,38.400001525878906,3.8329648552733855,0.999999999999999,1.555143083844866,0.7850127229539368,,,,,,,,,,,False,,,,,,,,,,True,4.31,5/5,5/6,0.92,14.9,True,"uptrend: new high +4.3 ATR above prior 2.5y high, 5/5 HH and 5/6 HL, 30w EMA +15% in 26w",2,rejection,2026-10-02,strong_close,2026-10-06,False,True,False,no TV drawing read (f_rr False),https://www.tradingview.com/chart/?symbol=NYSE:CDP,https://finviz.com/quote.ashx?t=CDP,"$vol(30d) $27.2M < $50M | FAIL: dollar_vol, short_float, rr (no TV drawing read)"
CDW,FAIL,"short_float,rr",True,False,True,True,False,False,True,True,True,,False,135.6699981689453,204300710.83734536,1505865.0666666667,7.68,109.52,2026-11-04,29,263,148.7394520183851,153.76544506518871,151.25244854178692,136.65897161968226,153.7899932861328,0.17388212266963532,1.0,14.593476922104657,-1.067768185471891,,,,,,,,,,,False,,,,,,,,,,False,-5.51,1/8,1/7,0.13,1.3,True,"no new high: recent high 158.05 is -5.51 ATR vs prior 2.5y high 238.51 (needs >= +1); choppy swings: 1/8 higher highs, 1/7 higher lows",11,hammer,2026-10-02,strong_close,2026-10-06,False,True,False,no TV drawing read (f_rr False),https://www.tradingview.com/chart/?symbol=NASDAQ:CDW,https://finviz.com/quote.ashx?t=CDW,"short float 7.68% >= 5% | FAIL: short_float, rr (no TV drawing read)"
CF,FAIL,"short_float,rr",True,False,True,True,False,True,True,True,True,,False,116.06999969482422,286742263.817086,2470425.3,6.5,107.99,2026-11-04,29,264,90.28155891555231,90.58527093276805,90.43341492416019,84.57935697390326,136.35000610351562,7.843549136260291,0.5755316643016556,10.171565377484809,2.5204168502334654,,,,,,,,,,,False,,,,,,,,,,False,0.1,3/5,3/6,0.55,17.2,True,no new high: recent high 141.66 is +0.10 ATR vs prior 2.5y high 140.66 (needs >= +1),21,hammer,2026-10-02,strong_close,2026-10-02,False,True,False,no TV drawing read (f_rr False),https://www.tradingview.com/chart/?symbol=NYSE:CF,https://finviz.com/quote.ashx?t=CF,"short float 6.50% >= 5% | FAIL: short_float, rr (no TV drawing read)"
CFR,FAIL,"short_float,rr",True,False,True,True,False,True,False,True,True,,False,152.97000122070312,69924514.97999878,457112.6,6.94,92.58,2026-10-22,16,264,141.34042358398438,142.82945770440006,142.08494064419222,135.32033501766412,168.99656677246094,3.978299344271013,1.0000000000000002,6.764605626528093,1.6091197591510775,,,,,,,,,,,False,,,,,,,,,,True,3.52,4/7,3/5,0.59,15.6,True,"uptrend: new high +3.5 ATR above prior 2.5y high, 4/7 HH and 3/5 HL, 30w EMA +16% in 26w",2,hammer,2026-10-02,strong_close,2026-10-02,False,True,False,no TV drawing read (f_rr False),https://www.tradingview.com/chart/?symbol=NYSE:CFR,https://finviz.com/quote.ashx?t=CFR,"short float 6.94% >= 5% | FAIL: short_float, rr (no TV drawing read)"
CGEM,FAIL,"dollar_vol,short_float,rr",False,False,True,True,False,True,False,True,True,,False,16.25,18289796.416666668,1125525.9333333333,19.85,88.23,2026-11-05,30,264,16.440000534057617,16.719999313354492,16.579999923706055,14.015071392059326,22.09000015258789,2.14820809270047,1.0,2.5649285316467285,-0.12865852581638562,,,,,,,,,,,False,,,,,,,,,,False,-2.73,7/9,5/8,0.7,43.2,True,no new high: recent high 23.19 is -2.73 ATR vs prior 2.5y high 30.19 (needs >= +1),1,strong_close,2026-10-02,strong_close,2026-10-05,False,True,False,no TV drawing read (f_rr False),https://www.tradingview.com/chart/?symbol=NASDAQ:CGEM,https://finviz.com/quote.ashx?t=CGEM,"$vol(30d) $18.3M < $50M | FAIL: dollar_vol, short_float, rr (no TV drawing read)"
CHD,FAIL,rr,True,True,True,True,False,False,False,True,True,,True,96.56999969482422,172115113.83209023,1782283.4666666666,4.57,95.32,2026-10-30,24,264,99.27729034423828,99.69601352287812,99.48665193355819,95.0742037140025,102.04883984305152,0.5806726293439258,0.9999999999999994,4.412448219555702,-0.661005431362922,,,,,,,,,,,False,,,,,,,,,,False,-2.32,2/6,4/8,0.42,3.5,True,"no new high: recent high 103.99 is -2.32 ATR vs prior 2.5y high 114.24 (needs >= +1); choppy swings: 2/6 higher highs, 4/8 higher lows",0,engulfing,2026-09-25,strong_close,2026-10-05,False,True,False,no TV drawing read (f_rr False),https://www.tradingview.com/chart/?symbol=NYSE:CHD,https://finviz.com/quote.ashx?t=CHD,FAIL: rr (no TV drawing read)
CHE,FAIL,"short_float,rr",True,False,True,True,False,True,True,True,True,,False,511.3599853515625,74183351.02694093,145070.7,5.1,105.82,2026-11-03,28,264,474.8237160779636,479.48528825465365,477.1545021663086,450.07172911478426,551.993896484375,2.7633578797742113,1.0000000000000002,27.082773051524324,1.2629978148906245,,,,,,,,,,,False,,,,,,,,,,False,-2.31,3/6,3/5,0.55,12.7,True,no new high: recent high 556.27 is -2.31 ATR vs prior 2.5y high 618.90 (needs >= +1),27,hammer,2026-09-25,rejection,2026-10-06,True,True,False,no TV drawing read (f_rr False),https://www.tradingview.com/chart/?symbol=NYSE:CHE,https://finviz.com/quote.ashx?t=CHE,"short float 5.10% >= 5% | FAIL: short_float, rr (no TV drawing read)"
CHRD,FAIL,"short_float,rr",True,False,True,True,False,False,False,True,True,,False,137.52999877929688,94011926.8012258,683573.9666666667,6.62,98.07,2026-11-04,29,264,145.80734252929688,146.1807336091469,145.9940380692219,135.33822135128688,155.39999389648438,0.8827062323088893,0.9999999999999991,10.65581671793502,-0.7943116434875439,,,,,,,,,,,False,,,,,,,,,,False,-1.07,4/7,2/4,0.54,22.5,True,no new high: recent high 157.06 is -1.07 ATR vs prior 2.5y high 168.49 (needs >= +1),2,hammer,2026-10-02,hammer,2026-10-05,False,True,False,no TV drawing read (f_rr False),https://www.tradingview.com/chart/?symbol=NASDAQ:CHRD,https://finviz.com/quote.ashx?t=CHRD,"short float 6.62% >= 5% | FAIL: short_float, rr (no TV drawing read)"
CLW,FAIL,"dollar_vol,rr",False,True,True,True,False,True,True,True,True,,False,19.799999237060547,2363093.6089445753,119348.16666666667,4.47,88.97,2026-11-03,28,263,17.899999618530273,18.200000762939453,18.050000190734863,16.034850324903214,23.309999465942383,2.610227340603636,1.0000000000000007,2.015149865831648,0.8684212901473027,,,,,,,,,,,False,,,,,,,,,,False,-16.64,3/6,2/7,0.39,5.4,True,"no new high: recent high 23.59 is -16.64 ATR vs prior 2.5y high 57.13 (needs >= +1); choppy swings: 3/6 higher highs, 2/7 higher lows",17,hammer,2026-10-02,strong_close,2026-10-05,False,True,False,no TV drawing read (f_rr False),https://www.tradingview.com/chart/?symbol=NYSE:CLW,https://finviz.com/quote.ashx?t=CLW,"$vol(30d) $2.4M < $50M | FAIL: dollar_vol, rr (no TV drawing read)"
CLYM,FAIL,"dollar_vol,short_float,rr",False,False,True,True,False,True,False,True,True,,False,10.680000305175781,17375820.088505555,1626949.4,16.42,95.71,2026-11-11,36,264,11.520000457763672,12.479999542236328,12.0,9.699714251926967,17.280000686645508,2.2953672999402808,1.0000000000000002,2.300285748073033,-0.5738416176903207,,,,,,,,,,,False,,,,,,,,,,True,2.95,3/4,4/4,0.88,138.5,True,"uptrend: new high +2.9 ATR above prior 2.5y high, 3/4 HH and 4/4 HL, 30w EMA +138% in 26w",1,hammer,2026-09-04,hammer,2026-10-05,False,True,False,no TV drawing read (f_rr False),https://www.tradingview.com/chart/?symbol=NASDAQ:CLYM,https://finviz.com/quote.ashx?t=CLYM,"$vol(30d) $17.4M < $50M | FAIL: dollar_vol, short_float, rr (no TV drawing read)"
CMCO,FAIL,"dollar_vol,short_float,rr",False,False,True,True,False,True,False,True,True,,False,17.020000457763672,6931579.5697625475,407260.8333333333,8.15,89.04,2026-10-29,23,262,15.992856252611373,16.240884407388005,16.11687032999969,13.968485662478896,20.56999969482422,2.072780276338214,0.9435780697453878,2.2768488760029215,0.3966579149290998,,,,,,,,,,,False,,,,,,,,,,False,-9.75,3/7,3/6,0.46,-1.9,False,"no new high: recent high 22.21 is -9.75 ATR vs prior 2.5y high 44.42 (needs >= +1); choppy swings: 3/7 higher highs, 3/6 higher lows; 30w EMA falling (-2% in 26w)",2,hammer,2026-10-02,hammer,2026-10-05,False,True,False,no TV drawing read (f_rr False),https://www.tradingview.com/chart/?symbol=NASDAQ:CMCO,https://finviz.com/quote.ashx?t=CMCO,"$vol(30d) $6.9M < $50M | FAIL: dollar_vol, short_float, rr (no TV drawing read)"
CNC,FAIL,rr,True,True,True,True,False,True,False,True,True,,False,64.60399627685547,268079364.7318522,4149578.6666666665,2.91,99.98,2026-10-27,21,264,38.70000076293945,38.86000061035156,38.78000068664551,34.39999984741211,67.30999755859375,6.513696667907869,0.9029600254979747,4.850714002336774,5.323751426649676,no,,,,,,,2026-10-06,charts/latest/CNC.webp,user-lines,False,"user lines only, no zone/position",fib only,,,,,,,,False,-2.26,3/6,3/5,0.55,49.3,True,no new high: recent high 69.63 is -2.26 ATR vs prior 2.5y high 80.59 (needs >= +1),2,hammer,2026-10-02,hammer,2026-10-06,False,True,False,TV drawing not found (f_rr False),https://www.tradingview.com/chart/?symbol=NYSE:CNC,https://finviz.com/quote.ashx?t=CNC,FAIL: rr (TV drawing not found)
CNK,FAIL,"short_float,rr",True,False,True,True,False,True,False,True,True,,False,35.279998779296875,73923645.56221008,2095341.5,7.01,107.34,2026-10-30,24,264,30.196596145629883,30.902542807201307,30.549569476415595,28.059423717066423,37.2900505065918,2.706862040050982,0.9999999999999997,2.490145759349173,1.8996596023028105,,,,,,,,,,,False,,,,,,,,,,True,1.42,5/7,5/6,0.77,23.3,True,"uptrend: new high +1.4 ATR above prior 2.5y high, 5/7 HH and 5/6 HL, 30w EMA +23% in 26w",4,strong_close,2026-09-25,rejection,2026-09-29,False,True,False,no TV drawing read (f_rr False),https://www.tradingview.com/chart/?symbol=NYSE:CNK,https://finviz.com/quote.ashx?t=CNK,"short float 7.01% >= 5% | FAIL: short_float, rr (no TV drawing read)"
CNMD,FAIL,"dollar_vol,short_float,rr",False,False,True,True,False,True,True,True,True,,False,44.474998474121094,12982022.26710383,291894.8333333333,7.16,114.52,2026-10-28,22,264,39.08000183105469,40.029998779296875,39.55500030517578,36.249998321533205,51.06999969482422,3.484112701486881,0.8371635134389908,3.947857175554548,1.246245228781411,,,,,,,,,,,False,,,,,,,,,,False,-5.94,2/6,1/6,0.25,2.3,True,"no new high: recent high 53.66 is -5.94 ATR vs prior 2.5y high 77.09 (needs >= +1); choppy swings: 2/6 higher highs, 1/6 higher lows",15,engulfing,2026-10-02,strong_close,2026-10-05,False,True,False,no TV drawing read (f_rr False),https://www.tradingview.com/chart/?symbol=NYSE:CNMD,https://finviz.com/quote.ashx?t=CNMD,"$vol(30d) $13.0M < $50M | FAIL: dollar_vol, short_float, rr (no TV drawing read)"
COLD,FAIL,"dollar_vol,short_float,rr",False,False,True,True,False,True,False,True,True,,False,13.850000381469727,45405649.65893841,3278386.1666666665,9.74,109.88,2026-10-29,23,264,12.962912792921243,13.199568260654253,13.081240526787749,11.980533540769159,15.329999923706055,2.043013649847341,1.0000000000000004,1.1007069860185896,0.6984237080775595,,,,,,,,,,,False,,,,,,,,,,False,-9.37,3/6,3/5,0.55,14.6,True,no new high: recent high 16.88 is -9.37 ATR vs prior 2.5y high 27.19 (needs >= +1),2,hammer,2026-09-25,hammer,2026-10-01,False,True,False,no TV drawing read (f_rr False),https://www.tradingview.com/chart/?symbol=NYSE:COLD,https://finviz.com/quote.ashx?t=COLD,"$vol(30d) $45.4M < $50M | FAIL: dollar_vol, short_float, rr (no TV drawing read)"
CPF,FAIL,"dollar_vol,rr",False,True,True,True,False,True,True,True,True,,False,36.2599983215332,5414066.164717483,149312.36666666667,2.8,95.58,2026-10-28,22,264,34.28493881225586,34.83586029457153,34.560399553413696,32.950109371929635,39.40501344247253,3.00853470061774,0.999999999999999,1.6102901814840622,1.055461175670299,,,,,,,,,,,False,,,,,,,,,,True,4.05,6/8,2/4,0.62,17.6,True,"uptrend: new high +4.0 ATR above prior 2.5y high, 6/8 HH and 2/4 HL, 30w EMA +18% in 26w",6,hammer,2026-10-02,hammer,2026-10-01,False,True,False,no TV drawing read (f_rr False),https://www.tradingview.com/chart/?symbol=NYSE:CPF,https://finviz.com/quote.ashx?t=CPF,"$vol(30d) $5.4M < $50M | FAIL: dollar_vol, rr (no TV drawing read)"
CROX,FAIL,"short_float,rr",True,False,True,True,False,True,True,True,True,,False,120.22000122070312,128182183.92355043,1066230.1,10.22,101.15,2026-10-29,23,264,105.87000274658203,106.70999908447266,106.29000091552734,95.47285733904157,139.61000061035156,3.0802955936773344,1.0000000000000004,10.81714357648577,1.2877706768593435,,,,,,,,,,,False,,,,,,,,,,False,-2.22,4/7,4/6,0.62,32.3,True,no new high: recent high 141.28 is -2.22 ATR vs prior 2.5y high 165.32 (needs >= +1),46,strong_close,2026-09-25,strong_close,2026-10-06,False,True,False,no TV drawing read (f_rr False),https://www.tradingview.com/chart/?symbol=NASDAQ:CROX,https://finviz.com/quote.ashx?t=CROX,"short float 10.22% >= 5% | FAIL: short_float, rr (no TV drawing read)"
CSW,FAIL,"dollar_vol,short_float,rr",False,False,True,True,False,True,False,True,True,,False,297.05499267578125,36214498.95425822,121911.76666666666,6.76,101.2,2026-10-29,23,264,296.29609368494766,301.8707702754161,299.0834319801819,274.42110342611835,350.67999267578125,2.0921204006544594,0.999999999999999,24.662328554063574,-0.08224849084927248,,,,,,,,,,,False,,,,,,,,,,False,-3.17,3/6,3/6,0.5,5.1,True,no new high: recent high 355.48 is -3.17 ATR vs prior 2.5y high 433.63 (needs >= +1),2,strong_close,2026-10-02,strong_close,2026-10-05,False,True,False,no TV drawing read (f_rr False),https://www.tradingview.com/chart/?symbol=NYSE:CSW,https://finviz.com/quote.ashx?t=CSW,"$vol(30d) $36.2M < $50M | FAIL: dollar_vol, short_float, rr (no TV drawing read)"
CURB,FAIL,"dollar_vol,short_float,history,rr",False,False,True,False,False,True,False,True,True,,False,27.875,36261929.65,1300876.4,12.97,120.9,2026-11-03,28,107,28.070083618164062,28.089970778310413,28.08002719823724,26.842022829425023,31.65999984741211,2.891728607233929,0.9946661766364853,1.244643075125558,-0.164727705745325,,,,,,,,,,,False,,,,,,,,,,,,,,,,,not enough history (107 weekly bars < 130),2,hammer,2026-10-02,strong_close,2026-10-01,False,True,False,no TV drawing read (f_rr False),https://www.tradingview.com/chart/?symbol=NYSE:CURB,https://finviz.com/quote.ashx?t=CURB,"$vol(30d) $36.3M < $50M | FAIL: dollar_vol, short_float, history, rr (no TV drawing read)"
CUZ,FAIL,"dollar_vol,short_float,rr",False,False,True,True,False,True,True,True,True,,False,27.670000076293945,36290550.78439655,1311548.6333333333,7.43,106.29,2026-10-22,16,264,26.331689834594727,26.56583523670444,26.448762535649585,25.083048326229246,32.189998626708984,4.2038341927307,0.9999999999999992,1.3657142094203405,0.8942116382919514,,,,,,,,,,,False,,,,,,,,,,False,2.13,1/3,2/4,0.42,16.1,True,"choppy swings: 1/3 higher highs, 2/4 higher lows",8,hammer,2026-10-02,strong_close,2026-10-06,False,True,False,no TV drawing read (f_rr False),https://www.tradingview.com/chart/?symbol=NYSE:CUZ,https://finviz.com/quote.ashx?t=CUZ,"$vol(30d) $36.3M < $50M | FAIL: dollar_vol, short_float, rr (no TV drawing read)"
CVBF,FAIL,"dollar_vol,short_float,rr",False,False,True,True,False,True,True,True,True,,False,21.889999389648438,28293010.276115417,1292508.5,5.87,83.63,2026-10-28,22,264,20.493440628051758,20.959199955001317,20.726320291526537,19.800542376476887,23.25,2.7260098425853196,0.9999999999999989,0.9257779150496513,1.2569743555175321,,,,,,,,,,,False,,,,,,,,,,False,0.53,5/8,6/6,0.81,12.9,True,no new high: recent high 23.41 is +0.53 ATR vs prior 2.5y high 22.92 (needs >= +1),15,hammer,2026-10-02,engulfing,2026-10-01,True,True,False,no TV drawing read (f_rr False),https://www.tradingview.com/chart/?symbol=NASDAQ:CVBF,https://finviz.com/quote.ashx?t=CVBF,"$vol(30d) $28.3M < $50M | FAIL: dollar_vol, short_float, rr (no TV drawing read)"
CVEO,FAIL,"dollar_vol,short_float,rr",False,False,True,True,False,True,True,True,True,,False,32.66999816894531,2539006.62469635,77716.76666666666,11.91,87.71,2026-10-23,17,264,23.459999084472656,23.579999923706055,23.519999504089355,20.888214111328125,34.540000915527344,4.187272047997791,1.0,2.6317853927612305,3.4767267460421283,,,,,,,,,,,False,,,,,,,,,,True,2.57,2/4,3/4,0.62,25.1,True,"uptrend: new high +2.6 ATR above prior 2.5y high, 2/4 HH and 3/4 HL, 30w EMA +25% in 26w",8,hammer,2026-09-18,hammer,2026-10-06,False,True,False,no TV drawing read (f_rr False),https://www.tradingview.com/chart/?symbol=NYSE:CVEO,https://finviz.com/quote.ashx?t=CVEO,"$vol(30d) $2.5M < $50M | FAIL: dollar_vol, short_float, rr (no TV drawing read)"
CVSA,FAIL,"dollar_vol,short_float,rr",False,False,True,True,False,False,False,True,True,,False,127.63999938964844,41668213.95008341,326451.06666666665,5.86,102.09,2026-10-29,23,264,133.72999572753906,133.74000549316406,133.73500061035156,122.07178769792829,138.89999389648438,0.4428448082801634,1.0000000000000004,11.66321291242327,-0.5225833795943937,,,,,,,,,,,False,,,,,,,,,,False,-1.21,4/5,3/6,0.65,12.2,True,no new high: recent high 142.13 is -1.21 ATR vs prior 2.5y high 156.26 (needs >= +1),4,strong_close,2026-10-02,strong_close,2026-10-06,False,True,False,no TV drawing read (f_rr False),https://www.tradingview.com/chart/?symbol=NYSE:CVSA,https://finviz.com/quote.ashx?t=CVSA,"$vol(30d) $41.7M < $50M | FAIL: dollar_vol, short_float, rr (no TV drawing read)"
CXT,FAIL,"dollar_vol,short_float,rr",False,False,True,True,False,False,True,True,True,,False,49.790000915527344,24733806.98946635,496762.5333333333,16.1,107.65,2026-11-11,36,264,46.02586364746094,46.5515888790783,46.28872626326962,42.43770379752626,51.9900016784668,1.480457583904709,1.0000000000000009,3.8510224657433594,0.909180531509019,,,,,,,,,,,False,,,,,,,,,,False,-2.71,3/7,2/5,0.41,-2.5,False,"no new high: recent high 57.56 is -2.71 ATR vs prior 2.5y high 67.99 (needs >= +1); choppy swings: 3/7 higher highs, 2/5 higher lows; 30w EMA falling (-3% in 26w)",17,hammer,2026-10-02,strong_close,2026-10-06,True,True,False,no TV drawing read (f_rr False),https://www.tradingview.com/chart/?symbol=NYSE:CXT,https://finviz.com/quote.ashx?t=CXT,"$vol(30d) $24.7M < $50M | FAIL: dollar_vol, short_float, rr (no TV drawing read)"
CXW,FAIL,"short_float,rr",True,False,True,True,False,True,False,True,True,,False,31.774999618530273,60458817.12083791,1902716.5333333334,15.15,88.04,2026-11-09,34,264,20.610000610351562,20.770000457763672,20.690000534057617,17.95999931335449,35.22999954223633,5.326004581211819,0.8773102253639959,3.1117854799543108,3.56226325878846,,,,,,,,,,,False,,,,,,,,,,False,3.71,2/5,3/6,0.45,50.1,True,"choppy swings: 2/5 higher highs, 3/6 higher lows",1,hammer,2026-10-02,engulfing,2026-09-29,False,True,False,no TV drawing read (f_rr False),https://www.tradingview.com/chart/?symbol=NYSE:CXW,https://finviz.com/quote.ashx?t=CXW,"short float 15.15% >= 5% | FAIL: short_float, rr (no TV drawing read)"
CZR,FAIL,"short_float,rr",True,False,True,True,False,True,False,True,True,,False,29.649999618530273,119658287.01550542,4035692.7,9.82,95.69,2026-11-03,28,264,24.790000915527344,25.110000610351562,24.950000762939453,24.567286491394043,30.149999618530273,13.587156900611754,1.0,0.38271427154541016,12.28069921879867,,,,,,,,,,,False,,,,,,,,,,False,-39.46,4/7,2/5,0.49,15.8,True,"no new high: recent high 30.83 is -39.46 ATR vs prior 2.5y high 45.93 (needs >= +1); choppy swings: 4/7 higher highs, 2/5 higher lows",1,strong_close,2026-10-02,engulfing,2026-10-02,False,True,False,no TV drawing read (f_rr False),https://www.tradingview.com/chart/?symbol=NASDAQ:CZR,https://finviz.com/quote.ashx?t=CZR,"short float 9.82% >= 5% | FAIL: short_float, rr (no TV drawing read)"
DAL,FAIL,"no_earnings_14d,rr",True,True,False,True,False,True,True,True,True,,False,83.63999938964844,546304609.1734161,6531619.0,4.01,89.86,2026-10-09,3,264,74.76238250732422,75.06997012395297,74.9161763156386,69.65042860641549,91.33999633789062,3.118991058664897,1.0000000000000004,5.265747709223104,1.6567111748878176,,,,,,,,,,,False,,,,,,,,,,True,3.73,5/9,2/4,0.53,25.0,True,"uptrend: new high +3.7 ATR above prior 2.5y high, 5/9 HH and 2/4 HL, 30w EMA +25% in 26w",27,strong_close,2026-09-25,hammer,2026-10-01,False,True,True,no TV drawing read (f_rr False),https://www.tradingview.com/chart/?symbol=NYSE:DAL,https://finviz.com/quote.ashx?t=DAL,"FAIL: no_earnings_14d, rr (no TV drawing read)"
DAVE,FAIL,"short_float,rr",True,False,True,True,False,True,True,True,True,,False,343.1400146484375,109684991.63238525,319650.8333333333,22.39,97.51,2026-11-10,35,264,217.3300018310547,224.27999877929688,220.80500030517578,173.04999755859376,380.69000244140625,3.348026236846441,0.8824667148079703,54.11535862513951,2.2606339023027466,,,,,,,,,,,False,,,,,,,,,,False,3.17,3/8,3/6,0.44,61.2,True,"choppy swings: 3/8 higher highs, 3/6 higher lows",17,engulfing,2026-10-02,strong_close,2026-10-05,False,True,False,no TV drawing read (f_rr False),https://www.tradingview.com/chart/?symbol=NASDAQ:DAVE,https://finviz.com/quote.ashx?t=DAVE,"short float 22.39% >= 5% | FAIL: short_float, rr (no TV drawing read)"
DBX,FAIL,"short_float,rr",True,False,True,True,False,True,False,True,True,,False,33.72999954223633,139772323.9457591,4143857.8666666667,17.08,84.14,2026-10-29,23,263,28.899999618530273,29.100000381469727,29.0,26.248142787388392,36.47999954223633,2.7181641212908536,1.0000000000000002,2.751857212611607,1.718839015541579,,,,,,,,,,,False,,,,,,,,,,True,1.76,3/6,2/4,0.5,17.5,True,"uptrend: new high +1.8 ATR above prior 2.5y high, 3/6 HH and 2/4 HL, 30w EMA +17% in 26w",1,strong_close,2026-10-02,strong_close,2026-10-05,False,True,False,no TV drawing read (f_rr False),https://www.tradingview.com/chart/?symbol=NASDAQ:DBX,https://finviz.com/quote.ashx?t=DBX,"short float 17.08% >= 5% | FAIL: short_float, rr (no TV drawing read)"
DCO,FAIL,"dollar_vol,short_float,rr",False,False,True,True,False,True,True,True,True,,False,175.52000427246094,37221526.84203643,212064.3,6.08,96.48,2026-11-05,30,264,128.91000366210938,140.02000427246094,134.46500396728516,119.96000122070312,207.0,5.000688197029609,0.86853508201172,16.700537545340403,2.4583041230688103,,,,,,,,,,,False,,,,,,,,,,True,4.02,4/4,2/2,1.0,46.8,True,"uptrend: new high +4.0 ATR above prior 2.5y high, 4/4 HH and 2/2 HL, 30w EMA +47% in 26w",12,strong_close,2026-10-02,hammer,2026-10-06,False,True,False,no TV drawing read (f_rr False),https://www.tradingview.com/chart/?symbol=NYSE:DCO,https://finviz.com/quote.ashx?t=DCO,"$vol(30d) $37.2M < $50M | FAIL: dollar_vol, short_float, rr (no TV drawing read)"
DCOM,FAIL,"dollar_vol,short_float,rr",False,False,True,True,False,True,True,True,True,,False,39.459999084472656,10369898.351403808,262795.2,9.4,89.62,2026-10-23,17,264,35.759178161621094,35.99606384725181,35.87762100443645,34.13744763455422,41.25,3.0872665267410357,1.0000000000000018,1.7401733698822253,2.0586328592527896,,,,,,,,,,,False,,,,,,,,,,True,3.21,5/5,5/6,0.92,22.9,True,"uptrend: new high +3.2 ATR above prior 2.5y high, 5/5 HH and 5/6 HL, 30w EMA +23% in 26w",8,hammer,2026-10-02,hammer,2026-10-01,False,True,False,no TV drawing read (f_rr False),https://www.tradingview.com/chart/?symbol=NYSE:DCOM,https://finviz.com/quote.ashx?t=DCOM,"$vol(30d) $10.4M < $50M | FAIL: dollar_vol, short_float, rr (no TV drawing read)"
DFTX,FAIL,"short_float,rr",True,False,True,True,False,True,False,True,True,,False,35.619998931884766,78354502.54576454,2199733.433333333,9.29,84.64,2026-11-05,30,264,17.399999618530273,18.1200008392334,17.760000228881836,13.639999618530274,47.06999969482422,7.114076486372497,0.8243698964046645,4.997757230486188,3.573602694035918,,,,,,,,,,,False,,,,,,,,,,True,5.52,6/6,4/4,1.0,119.3,True,"uptrend: new high +5.5 ATR above prior 2.5y high, 6/6 HH and 4/4 HL, 30w EMA +119% in 26w",2,hammer,2026-09-11,hammer,2026-10-06,False,True,False,no TV drawing read (f_rr False),https://www.tradingview.com/chart/?symbol=NASDAQ:DFTX,https://finviz.com/quote.ashx?t=DFTX,"short float 9.29% >= 5% | FAIL: short_float, rr (no TV drawing read)"
DGII,FAIL,"dollar_vol,rr",False,True,True,True,False,True,False,True,True,,False,73.94000244140625,27253594.79321289,368590.6666666667,4.59,104.99,2026-11-18,43,264,50.20000076293945,51.779998779296875,50.989999771118164,46.99,85.27999877929688,8.57250024256708,0.5327244995894989,7.508571079799107,3.0565073469214754,,,,,,,,,,,False,,,,,,,,,,True,4.16,7/7,4/4,1.0,51.8,True,"uptrend: new high +4.2 ATR above prior 2.5y high, 7/7 HH and 4/4 HL, 30w EMA +52% in 26w",4,hammer,2026-10-02,hammer,2026-09-28,False,True,False,no TV drawing read (f_rr False),https://www.tradingview.com/chart/?symbol=NASDAQ:DGII,https://finviz.com/quote.ashx?t=DGII,"$vol(30d) $27.3M < $50M | FAIL: dollar_vol, rr (no TV drawing read)"
DLR,FAIL,rr,True,True,True,True,False,False,True,True,True,,True,184.81100463867188,355138641.89995116,1921631.4666666666,2.29,104.92,2026-10-22,16,264,191.68560791015625,195.6881599849896,193.68688394757294,181.50463365896306,198.7869110107422,0.4186440881072405,0.9999999999999991,12.18225028860989,-0.7285911140078771,,,,,,,,,,,False,,,,,,,,,,True,1.52,5/6,2/4,0.67,9.2,True,"uptrend: new high +1.5 ATR above prior 2.5y high, 5/6 HH and 2/4 HL, 30w EMA +9% in 26w",9,hammer,2026-10-02,strong_close,2026-10-06,False,True,False,no TV drawing read (f_rr False),https://www.tradingview.com/chart/?symbol=NYSE:DLR,https://finviz.com/quote.ashx?t=DLR,FAIL: rr (no TV drawing read)
DNTH,FAIL,"short_float,rr",True,False,True,True,False,True,False,True,True,,False,85.4000015258789,65509313.52381668,767087.9666666667,18.98,115.87,2026-11-05,30,264,93.01000213623047,93.61000061035156,93.31000137329102,85.42000030517578,115.95999908447266,2.8707217547427106,0.7596190397640866,10.38678686959403,-0.761544445527,,,,,,,,,,,False,,,,,,,,,,True,2.47,5/7,4/4,0.86,67.5,True,"uptrend: new high +2.5 ATR above prior 2.5y high, 5/7 HH and 4/4 HL, 30w EMA +67% in 26w",2,hammer,2026-10-02,hammer,2026-10-05,False,True,False,no TV drawing read (f_rr False),https://www.tradingview.com/chart/?symbol=NASDAQ:DNTH,https://finviz.com/quote.ashx?t=DNTH,"short float 18.98% >= 5% | FAIL: short_float, rr (no TV drawing read)"
DOC,FAIL,rr,True,True,True,True,False,True,True,True,True,False,False,19.0,90398493.23333333,4757815.433333334,3.69,99.29,2026-10-22,16,264,18.14604511932241,18.230271363830575,18.18815824157649,17.274767513624134,22.207807340773716,4.400799106214365,1.0000000000000013,0.9133907279523564,0.8888219833843715,yes,20.54,20.26,,,,,2026-10-04,charts/latest/DOC.webp,user,False,user drawing (no Long Position),user drawing (no Long Position),19.0,0.9134,1.26,1.3795,False,,,True,2.4,3/5,3/6,0.55,18.7,True,"uptrend: new high +2.4 ATR above prior 2.5y high, 3/5 HH and 3/6 HL, 30w EMA +19% in 26w",18,rejection,2026-09-25,strong_close,2026-09-29,False,True,False,TV R:R  < 2 (f_rr False),https://www.tradingview.com/chart/?symbol=NYSE:DOC,https://finviz.com/quote.ashx?t=DOC,FAIL: rr (TV R:R  < 2)
DORM,FAIL,"dollar_vol,short_float,rr",False,False,True,True,False,False,True,True,True,,False,126.58000183105469,26368563.71343689,208315.4,6.11,96.78,2026-11-04,29,263,124.12999725341797,127.38999938964844,125.7599983215332,115.87214061192104,141.97000122070312,1.6393847257138308,0.9999999999999998,9.887857709612165,0.08293035090142369,,,,,,,,,,,False,,,,,,,,,,False,-1.17,3/6,3/6,0.5,4.1,True,no new high: recent high 155.37 is -1.17 ATR vs prior 2.5y high 166.89 (needs >= +1),10,hammer,2026-09-25,strong_close,2026-10-06,False,True,False,no TV drawing read (f_rr False),https://www.tradingview.com/chart/?symbol=NASDAQ:DORM,https://finviz.com/quote.ashx?t=DORM,"$vol(30d) $26.4M < $50M | FAIL: dollar_vol, short_float, rr (no TV drawing read)"
DRH,FAIL,"dollar_vol,short_float,rr",False,False,True,True,False,True,False,True,True,,False,12.375,35159296.8375,2841155.3,7.03,114.76,2026-11-03,28,264,9.870772361755371,10.49015361087426,10.180462986314815,9.5279631062053,13.289999961853027,4.765574784498522,1.0000000000000004,0.6524998801095145,3.363275734727886,,,,,,,,,,,False,,,,,,,,,,True,5.06,5/5,3/3,1.0,29.8,True,"uptrend: new high +5.1 ATR above prior 2.5y high, 5/5 HH and 3/3 HL, 30w EMA +30% in 26w",4,rejection,2026-10-02,strong_close,2026-10-01,False,True,False,no TV drawing read (f_rr False),https://www.tradingview.com/chart/?symbol=NASDAQ:DRH,https://finviz.com/quote.ashx?t=DRH,"$vol(30d) $35.2M < $50M | FAIL: dollar_vol, short_float, rr (no TV drawing read)"
DVA,FAIL,"short_float,rr",True,False,True,True,False,True,False,True,True,,False,180.36000061035156,111339715.33678183,617319.3333333334,6.88,93.31,2026-10-23,17,264,145.1699981689453,151.85000610351562,148.51000213623047,133.94107164655412,185.0,2.5046449284404657,1.0000000000000007,14.568930489676339,2.186158997511194,,,,,,,,,,,False,,,,,,,,,,True,4.66,4/6,2/6,0.5,34.3,True,"uptrend: new high +4.7 ATR above prior 2.5y high, 4/6 HH and 2/6 HL, 30w EMA +34% in 26w",2,hammer,2026-10-02,strong_close,2026-10-02,False,True,False,no TV drawing read (f_rr False),https://www.tradingview.com/chart/?symbol=NYSE:DVA,https://finviz.com/quote.ashx?t=DVA,"short float 6.88% >= 5% | FAIL: short_float, rr (no TV drawing read)"
EAT,FAIL,"short_float,rr",True,False,True,True,False,True,False,True,True,,False,190.55999755859375,233671243.32626343,1226234.5,13.43,112.94,2026-11-04,29,264,158.13999938964844,161.7100067138672,159.9250030517578,139.56036594935827,248.8800048828125,4.368111318839716,0.9999999999999994,20.364637102399552,1.5043231240897603,,,,,,,,,,,False,,,,,,,,,,True,3.08,3/6,2/4,0.5,27.8,True,"uptrend: new high +3.1 ATR above prior 2.5y high, 3/6 HH and 2/4 HL, 30w EMA +28% in 26w",2,hammer,2026-10-02,strong_close,2026-10-02,False,True,False,no TV drawing read (f_rr False),https://www.tradingview.com/chart/?symbol=NYSE:EAT,https://finviz.com/quote.ashx?t=EAT,"short float 13.43% >= 5% | FAIL: short_float, rr (no TV drawing read)"
EBC,FAIL,"dollar_vol,short_float,rr",False,False,True,True,False,True,True,True,True,,False,21.200000762939453,47850168.38868459,2257083.3333333335,7.97,84.86,2026-10-22,16,264,20.751916885375977,21.185686711657443,20.968801798516708,19.946744417281835,23.46565818786621,2.4429708499661182,0.9999999999999987,1.0220573812348746,0.22620937793473497,,,,,,,,,,,False,,,,,,,,,,True,1.48,5/6,4/4,0.92,13.3,True,"uptrend: new high +1.5 ATR above prior 2.5y high, 5/6 HH and 4/4 HL, 30w EMA +13% in 26w",9,hammer,2026-10-02,strong_close,2026-10-02,False,True,False,no TV drawing read (f_rr False),https://www.tradingview.com/chart/?symbol=NASDAQ:EBC,https://finviz.com/quote.ashx?t=EBC,"$vol(30d) $47.9M < $50M | FAIL: dollar_vol, short_float, rr (no TV drawing read)"
EIG,FAIL,"dollar_vol,short_float,rr",False,False,True,True,False,True,True,True,True,,False,48.939998626708984,7161882.661699168,146340.06666666668,5.67,83.29,2026-10-22,16,264,42.07155227661133,42.27836377492538,42.174958025768355,40.04266653905418,50.11000061035156,3.7213685999426747,0.9644060793845122,2.2109892630239436,3.059734714264584,,,,,,,,,,,False,,,,,,,,,,False,0.33,2/5,4/5,0.6,14.0,True,no new high: recent high 52.22 is +0.33 ATR vs prior 2.5y high 51.48 (needs >= +1),25,strong_close,2026-10-02,engulfing,2026-10-01,False,True,False,no TV drawing read (f_rr False),https://www.tradingview.com/chart/?symbol=NYSE:EIG,https://finviz.com/quote.ashx?t=EIG,"$vol(30d) $7.2M < $50M | FAIL: dollar_vol, short_float, rr (no TV drawing read)"
ELVN,FAIL,"short_float,rr",True,False,True,True,False,True,False,True,True,,False,42.38999938964844,54242972.32698364,1279617.2,14.14,96.67,2026-11-18,43,264,48.11000061035156,48.529998779296875,48.31999969482422,43.33464241027832,60.459999084472656,2.435131264770371,1.0,4.985357284545898,-1.1894835147639629,,,,,,,,,,,False,,,,,,,,,,True,3.21,6/6,3/5,0.8,70.6,True,"uptrend: new high +3.2 ATR above prior 2.5y high, 6/6 HH and 3/5 HL, 30w EMA +71% in 26w",1,strong_close,2026-10-02,hammer,2026-10-02,False,True,False,no TV drawing read (f_rr False),https://www.tradingview.com/chart/?symbol=NASDAQ:ELVN,https://finviz.com/quote.ashx?t=ELVN,"short float 14.14% >= 5% | FAIL: short_float, rr (no TV drawing read)"
ENR,FAIL,"dollar_vol,short_float,rr",False,False,True,True,False,False,True,True,True,,False,21.56999969482422,19246642.540695444,892287.5666666667,12.68,102.9,2026-11-17,42,263,19.83138084411621,19.976629849391394,19.904005346753802,18.11347590946283,22.4542236328125,1.4242816861570946,1.0000000000000007,1.7905294372909697,0.9304478962328752,,,,,,,,,,,False,,,,,,,,,,False,-7.26,2/5,2/5,0.4,3.9,True,"no new high: recent high 22.94 is -7.26 ATR vs prior 2.5y high 35.93 (needs >= +1); choppy swings: 2/5 higher highs, 2/5 higher lows",28,hammer,2026-10-02,hammer,2026-10-06,True,True,False,no TV drawing read (f_rr False),https://www.tradingview.com/chart/?symbol=NYSE:ENR,https://finviz.com/quote.ashx?t=ENR,"$vol(30d) $19.2M < $50M | FAIL: dollar_vol, short_float, rr (no TV drawing read)"
ENVA,FAIL,"short_float,rr",True,False,True,True,False,True,False,True,True,,False,182.9600067138672,68878014.53286844,376464.86666666664,8.65,96.1,2026-10-22,16,262,174.89999389648438,175.8979949951172,175.39899444580078,161.82999633789063,265.45001220703125,6.63652666505529,0.6491544870781095,20.902571541922434,0.3617264149964493,,,,,,,,,,,False,,,,,,,,,,True,4.34,6/7,5/5,0.93,42.6,True,"uptrend: new high +4.3 ATR above prior 2.5y high, 6/7 HH and 5/5 HL, 30w EMA +43% in 26w",2,hammer,2026-10-02,strong_close,2026-10-06,False,True,False,no TV drawing read (f_rr False),https://www.tradingview.com/chart/?symbol=NYSE:ENVA,https://finviz.com/quote.ashx?t=ENVA,"short float 8.65% >= 5% | FAIL: short_float, rr (no TV drawing read)"
EPC,FAIL,"dollar_vol,short_float,rr",False,False,True,True,False,True,True,True,True,,False,26.875,14024098.833333334,521826.93333333335,9.99,118.01,2026-11-05,30,264,23.11480140686035,24.01332622062832,23.564063813744333,21.219467983950867,28.892744064331055,2.272750033448674,1.0000000000000007,2.3445958297934646,1.4121564766867845,,,,,,,,,,,False,,,,,,,,,,False,-4.08,3/7,4/8,0.46,23.1,True,"no new high: recent high 29.79 is -4.08 ATR vs prior 2.5y high 39.36 (needs >= +1); choppy swings: 3/7 higher highs, 4/8 higher lows",20,hammer,2026-09-25,hammer,2026-10-05,False,True,False,no TV drawing read (f_rr False),https://www.tradingview.com/chart/?symbol=NYSE:EPC,https://finviz.com/quote.ashx?t=EPC,"$vol(30d) $14.0M < $50M | FAIL: dollar_vol, short_float, rr (no TV drawing read)"
ETSY,FAIL,"short_float,rr",True,False,True,True,False,True,False,True,True,,False,71.41999816894531,214873861.29443103,3008595.1666666665,11.36,123.76,2026-11-04,29,264,61.880001068115234,63.70000076293945,62.790000915527344,55.66390718732561,85.55000305175781,3.1938959834554344,1.0000000000000002,7.12609372820173,1.2110417828584679,,,,,,,,,,,False,,,,,,,,,,True,1.61,4/7,4/5,0.69,28.7,True,"uptrend: new high +1.6 ATR above prior 2.5y high, 4/7 HH and 4/5 HL, 30w EMA +29% in 26w",1,strong_close,2026-10-02,hammer,2026-10-01,False,True,False,no TV drawing read (f_rr False),https://www.tradingview.com/chart/?symbol=NYSE:ETSY,https://finviz.com/quote.ashx?t=ETSY,"short float 11.36% >= 5% | FAIL: short_float, rr (no TV drawing read)"
EVTC,FAIL,"dollar_vol,rr",False,True,True,True,False,False,False,True,True,,False,29.059999465942383,12681614.250273705,436394.1666666667,4.63,102.56,2026-10-22,16,262,30.565820693969727,30.97429467362739,30.77005768379856,28.49039939842395,31.1200008392334,0.15350684691646002,1.0000000000000002,2.2796582853746084,-0.750137960951094,,,,,,,,,,,False,,,,,,,,,,False,-1.72,3/9,4/7,0.45,-2.6,False,"no new high: recent high 34.41 is -1.72 ATR vs prior 2.5y high 38.33 (needs >= +1); choppy swings: 3/9 higher highs, 4/7 higher lows; 30w EMA falling (-3% in 26w)",2,hammer,2026-09-25,hammer,2026-10-06,False,True,False,no TV drawing read (f_rr False),https://www.tradingview.com/chart/?symbol=NYSE:EVTC,https://finviz.com/quote.ashx?t=EVTC,"$vol(30d) $12.7M < $50M | FAIL: dollar_vol, rr (no TV drawing read)"
EWTX,FAIL,"short_float,rr",True,False,True,True,False,True,False,True,True,,False,40.02000045776367,54147518.181359485,1353011.4333333333,11.65,86.77,2026-11-05,30,264,30.440000534057617,31.81999969482422,31.130000114440918,26.064642906188965,45.40999984741211,2.8191495971316103,1.0,5.065357208251953,1.7550589184194334,,,,,,,,,,,False,,,,,,,,,,True,2.05,6/9,8/9,0.78,46.7,True,"uptrend: new high +2.1 ATR above prior 2.5y high, 6/9 HH and 8/9 HL, 30w EMA +47% in 26w",1,strong_close,2026-10-02,hammer,2026-10-02,False,True,False,no TV drawing read (f_rr False),https://www.tradingview.com/chart/?symbol=NASDAQ:EWTX,https://finviz.com/quote.ashx?t=EWTX,"short float 11.65% >= 5% | FAIL: short_float, rr (no TV drawing read)"
EXLS,FAIL,"short_float,rr",True,False,True,True,False,True,True,True,True,,False,35.40999984741211,71678719.3387905,2024250.7666666666,6.71,103.56,2026-11-03,28,263,31.860000610351562,32.04999923706055,31.954999923706055,29.349285534449987,38.400001525878906,2.473410604303759,0.9999999999999998,2.6057143892560686,1.3259319355765837,,,,,,,,,,,False,,,,,,,,,,False,-5.21,2/8,1/5,0.23,-7.9,False,"no new high: recent high 38.86 is -5.21 ATR vs prior 2.5y high 52.43 (needs >= +1); choppy swings: 2/8 higher highs, 1/5 higher lows; 30w EMA falling (-8% in 26w)",15,engulfing,2026-10-02,hammer,2026-10-05,True,True,False,no TV drawing read (f_rr False),https://www.tradingview.com/chart/?symbol=NASDAQ:EXLS,https://finviz.com/quote.ashx?t=EXLS,"short float 6.71% >= 5% | FAIL: short_float, rr (no TV drawing read)"
EXPE,FAIL,"short_float,rr",True,False,True,True,False,True,False,True,True,,False,260.07000732421875,542390486.1740662,2085555.7,5.53,104.08,2026-10-29,23,264,264.8948974609375,268.6913499380408,266.7931236994891,240.69819048868388,332.2110900878906,2.5069221622423474,1.0000000000000004,26.094933210805227,-0.2576406814671018,,,,,,,,,,,False,,,,,,,,,,True,1.51,4/5,4/7,0.69,14.5,True,"uptrend: new high +1.5 ATR above prior 2.5y high, 4/5 HH and 4/7 HL, 30w EMA +15% in 26w",1,hammer,2026-10-02,hammer,2026-10-06,False,True,False,no TV drawing read (f_rr False),https://www.tradingview.com/chart/?symbol=NASDAQ:EXPE,https://finviz.com/quote.ashx?t=EXPE,"short float 5.53% >= 5% | FAIL: short_float, rr (no TV drawing read)"
FBP,FAIL,"dollar_vol,rr",False,True,True,True,False,True,True,True,True,,False,26.825000762939453,33696400.85920474,1256156.5666666667,4.92,97.34,2026-10-28,22,264,23.937618255615234,24.134553408849484,24.03608583223236,22.878591452882674,29.4887638092041,4.710759787909481,0.9999999999999987,1.1574943793496872,2.4094414456457094,,,,,,,,,,,False,,,,,,,,,,True,5.88,4/5,3/4,0.78,24.4,True,"uptrend: new high +5.9 ATR above prior 2.5y high, 4/5 HH and 3/4 HL, 30w EMA +24% in 26w",27,hammer,2026-10-02,hammer,2026-10-05,False,True,False,no TV drawing read (f_rr False),https://www.tradingview.com/chart/?symbol=NYSE:FBP,https://finviz.com/quote.ashx?t=FBP,"$vol(30d) $33.7M < $50M | FAIL: dollar_vol, rr (no TV drawing read)"
FCFS,FAIL,"short_float,rr",True,False,True,True,False,True,False,True,True,,False,213.0,83086259.0,390076.3333333333,6.19,99.28,2026-10-22,16,263,162.90859985351562,164.29010707885658,163.5993534661861,153.2777266570131,228.3800048828125,6.276205545336583,0.6574626861497157,15.699182670912212,3.1467018104926248,,,,,,,,,,,False,,,,,,,,,,True,2.31,4/6,5/7,0.69,22.3,True,"uptrend: new high +2.3 ATR above prior 2.5y high, 4/6 HH and 5/7 HL, 30w EMA +22% in 26w",2,hammer,2026-09-11,hammer,2026-10-06,False,True,False,no TV drawing read (f_rr False),https://www.tradingview.com/chart/?symbol=NASDAQ:FCFS,https://finviz.com/quote.ashx?t=FCFS,"short float 6.19% >= 5% | FAIL: short_float, rr (no TV drawing read)"
FDMT,FAIL,"dollar_vol,short_float,rr",False,False,True,True,False,True,False,True,True,,False,12.5600004196167,12396603.60615778,986990.7,23.82,99.56,2026-11-11,36,262,10.489999771118164,10.739999771118164,10.614999771118164,8.53964260646275,15.829999923706055,2.512820559951075,1.0000000000000002,2.0753571646554128,0.9371883941824917,,,,,,,,,,,False,,,,,,,,,,False,-5.78,6/7,4/5,0.83,35.1,True,no new high: recent high 16.93 is -5.78 ATR vs prior 2.5y high 28.93 (needs >= +1),0,strong_close,2026-09-18,hammer,2026-09-29,False,True,False,no TV drawing read (f_rr False),https://www.tradingview.com/chart/?symbol=NASDAQ:FDMT,https://finviz.com/quote.ashx?t=FDMT,"$vol(30d) $12.4M < $50M | FAIL: dollar_vol, short_float, rr (no TV drawing read)"
FDS,FAIL,"short_float,rr",True,False,True,True,False,True,False,True,True,,False,271.9200134277344,234317336.83486938,861714.2,10.84,115.32,2026-12-17,72,264,230.73046875,232.33656852734288,231.53351863867144,207.16926807674957,307.82000732421875,3.131082915588346,0.9534721208758404,25.55318611680156,1.580487638780523,,,,,,,,,,,False,,,,,,,,,,False,-6.49,4/8,4/6,0.58,0.9,True,no new high: recent high 320.48 is -6.49 ATR vs prior 2.5y high 486.33 (needs >= +1),3,rejection,2026-10-02,strong_close,2026-10-05,False,True,False,no TV drawing read (f_rr False),https://www.tradingview.com/chart/?symbol=NYSE:FDS,https://finviz.com/quote.ashx?t=FDS,"short float 10.84% >= 5% | FAIL: short_float, rr (no TV drawing read)"
FFBC,FAIL,"dollar_vol,short_float,rr",False,False,True,True,False,True,False,True,True,,False,31.3700008392334,26739157.132678986,852379.8666666667,5.9,85.73,2026-10-22,16,264,30.133853912353516,30.221622568782454,30.177738240567983,28.688494353337624,35.43537902832031,3.530409513736731,1.0000000000000007,1.4892438872303575,0.8005825028986641,,,,,,,,,,,False,,,,,,,,,,True,3.6,6/6,3/4,0.88,19.3,True,"uptrend: new high +3.6 ATR above prior 2.5y high, 6/6 HH and 3/4 HL, 30w EMA +19% in 26w",2,hammer,2026-10-02,hammer,2026-10-01,False,True,False,no TV drawing read (f_rr False),https://www.tradingview.com/chart/?symbol=NASDAQ:FFBC,https://finviz.com/quote.ashx?t=FFBC,"$vol(30d) $26.7M < $50M | FAIL: dollar_vol, short_float, rr (no TV drawing read)"
FISI,FAIL,"dollar_vol,rr",False,True,True,True,False,True,True,True,True,,False,39.279998779296875,5376350.323586019,136872.46666666667,3.47,80.14,2026-10-22,16,264,34.20723342895508,34.528475599215206,34.36785451408514,32.5848201356113,41.87079449794637,4.207961480968904,1.0000000000000018,1.783034378473833,2.7549352522390667,,,,,,,,,,,False,,,,,,,,,,True,4.55,5/6,3/5,0.72,25.8,True,"uptrend: new high +4.5 ATR above prior 2.5y high, 5/6 HH and 3/5 HL, 30w EMA +26% in 26w",8,hammer,2026-10-02,rejection,2026-10-05,False,True,False,no TV drawing read (f_rr False),https://www.tradingview.com/chart/?symbol=NASDAQ:FISI,https://finviz.com/quote.ashx?t=FISI,"$vol(30d) $5.4M < $50M | FAIL: dollar_vol, rr (no TV drawing read)"
FLR,FAIL,"short_float,rr",True,False,True,True,False,False,True,True,True,,False,52.02000045776367,115178187.01754074,2214113.533333333,7.83,96.99,2026-10-30,24,263,53.65999984741211,53.91999816894531,53.78999900817871,48.93964276994978,56.81999969482422,0.624696524919969,0.9999999999999998,4.850356238228934,-0.3649213508204789,,,,,,,,,,,False,,,,,,,,,,False,-0.36,4/5,3/6,0.65,10.9,True,no new high: recent high 58.35 is -0.36 ATR vs prior 2.5y high 60.10 (needs >= +1),6,hammer,2026-10-02,strong_close,2026-10-06,False,True,False,no TV drawing read (f_rr False),https://www.tradingview.com/chart/?symbol=NYSE:FLR,https://finviz.com/quote.ashx?t=FLR,"short float 7.83% >= 5% | FAIL: short_float, rr (no TV drawing read)"
FOXF,FAIL,"dollar_vol,short_float,rr",False,False,True,True,False,False,True,True,True,,False,19.389999389648438,9560087.31073761,493042.1666666667,6.94,101.79,2026-10-29,23,264,19.719999313354492,20.0,19.859999656677246,17.947642871311732,21.979999542236328,1.1085796864803557,1.0000000000000002,1.9123567853655135,-0.24577017773332308,,,,,,,,,,,False,,,,,,,,,,False,-17.13,2/4,3/5,0.55,-0.8,False,no new high: recent high 22.09 is -17.13 ATR vs prior 2.5y high 54.85 (needs >= +1); 30w EMA falling (-1% in 26w),13,hammer,2026-10-02,engulfing,2026-10-05,False,True,False,no TV drawing read (f_rr False),https://www.tradingview.com/chart/?symbol=NASDAQ:FOXF,https://finviz.com/quote.ashx?t=FOXF,"$vol(30d) $9.6M < $50M | FAIL: dollar_vol, short_float, rr (no TV drawing read)"
FRST,FAIL,"dollar_vol,rr",False,True,True,True,False,True,True,True,True,,False,15.479999542236328,2121713.505258179,137061.6,3.58,80.48,2026-10-22,16,264,14.509625434875488,14.776129374748734,14.642877404812111,14.104805881499399,16.65999984741211,3.7487998438967765,0.6214387662669699,0.8658480167643055,0.9668234161378138,,,,,,,,,,,False,,,,,,,,,,True,2.92,5/5,4/5,0.9,22.1,True,"uptrend: new high +2.9 ATR above prior 2.5y high, 5/5 HH and 4/5 HL, 30w EMA +22% in 26w",13,hammer,2026-10-02,hammer,2026-10-06,False,True,False,no TV drawing read (f_rr False),https://www.tradingview.com/chart/?symbol=NASDAQ:FRST,https://finviz.com/quote.ashx?t=FRST,"$vol(30d) $2.1M < $50M | FAIL: dollar_vol, rr (no TV drawing read)"
FSS,FAIL,"dollar_vol,short_float,rr",False,False,True,True,False,False,True,True,True,,False,118.18000030517578,47500646.90799408,401934.73333333334,6.51,102.93,2026-10-29,23,264,121.30345153808594,128.5750689293277,124.93926023370682,116.06778979205498,128.05372619628906,0.3510653598032325,0.9999999999999994,8.871470441651843,-0.7619097615200398,,,,,,,,,,,False,,,,,,,,,,False,0.24,4/8,2/6,0.42,5.0,True,"no new high: recent high 134.35 is +0.24 ATR vs prior 2.5y high 132.23 (needs >= +1); choppy swings: 4/8 higher highs, 2/6 higher lows",12,hammer,2026-10-02,hammer,2026-10-06,True,True,False,no TV drawing read (f_rr False),https://www.tradingview.com/chart/?symbol=NYSE:FSS,https://finviz.com/quote.ashx?t=FSS,"$vol(30d) $47.5M < $50M | FAIL: dollar_vol, short_float, rr (no TV drawing read)"
FTDR,FAIL,"dollar_vol,rr",False,True,True,True,False,True,False,True,True,,False,78.7699966430664,43098168.70128937,547139.4,4.91,105.8,2026-10-29,23,264,68.80000305175781,70.01000213623047,69.40500259399414,62.73964473179409,90.83000183105469,3.214380934977846,0.9999999999999998,6.6653578622000555,1.4050249427989652,,,,,,,,,,,False,,,,,,,,,,True,3.4,5/7,3/5,0.66,25.2,True,"uptrend: new high +3.4 ATR above prior 2.5y high, 5/7 HH and 3/5 HL, 30w EMA +25% in 26w",1,strong_close,2026-10-02,hammer,2026-10-06,False,True,False,no TV drawing read (f_rr False),https://www.tradingview.com/chart/?symbol=NASDAQ:FTDR,https://finviz.com/quote.ashx?t=FTDR,"$vol(30d) $43.1M < $50M | FAIL: dollar_vol, rr (no TV drawing read)"
FULT,FAIL,"dollar_vol,short_float,rr",False,False,True,True,False,True,True,True,True,,False,22.399999618530273,36570382.73721008,1632606.4,5.41,83.65,2026-10-20,14,264,21.817279815673828,22.20421596394416,22.010747889808997,21.056462131926743,24.81999969482422,2.9438266072937114,0.999999999999999,0.9542857578822544,0.4078984994862567,,,,,,,,,,,False,,,,,,,,,,True,2.76,4/6,4/5,0.73,16.4,True,"uptrend: new high +2.8 ATR above prior 2.5y high, 4/6 HH and 4/5 HL, 30w EMA +16% in 26w",15,hammer,2026-10-02,hammer,2026-10-05,False,True,False,no TV drawing read (f_rr False),https://www.tradingview.com/chart/?symbol=NASDAQ:FULT,https://finviz.com/quote.ashx?t=FULT,"$vol(30d) $36.6M < $50M | FAIL: dollar_vol, short_float, rr (no TV drawing read)"
GCMG,FAIL,"dollar_vol,rr",False,True,True,True,False,True,True,True,True,,False,13.180000305175781,6083720.7548652645,461587.3,2.02,90.31,2026-11-11,36,264,11.173583954886555,11.418618698938745,11.29610132691265,10.398369757122687,13.73939037322998,2.721625404004643,0.999999999999999,0.8977315697899639,2.0985103361173922,,,,,,,,,,,False,,,,,,,,,,True,1.33,4/6,3/6,0.58,14.7,True,"uptrend: new high +1.3 ATR above prior 2.5y high, 4/6 HH and 3/6 HL, 30w EMA +15% in 26w",10,hammer,2026-09-25,hammer,2026-10-05,False,True,False,no TV drawing read (f_rr False),https://www.tradingview.com/chart/?symbol=NASDAQ:GCMG,https://finviz.com/quote.ashx?t=GCMG,"$vol(30d) $6.1M < $50M | FAIL: dollar_vol, rr (no TV drawing read)"
GEO,FAIL,"short_float,rr",True,False,True,True,False,True,True,True,True,,False,29.940000534057617,68006851.9390787,2271437.9,7.65,95.0,2026-11-05,30,264,18.549999237060547,18.809999465942383,18.679999351501465,17.08000015258789,32.79999923706055,8.825004346968912,0.6505346433564495,2.4595142092023576,4.578140325608394,,,,,,,,,,,False,,,,,,,,,,False,-1.34,4/9,2/6,0.39,57.7,True,"no new high: recent high 33.17 is -1.34 ATR vs prior 2.5y high 36.46 (needs >= +1); choppy swings: 4/9 higher highs, 2/6 higher lows",30,hammer,2026-10-02,rejection,2026-10-05,False,True,False,no TV drawing read (f_rr False),https://www.tradingview.com/chart/?symbol=NYSE:GEO,https://finviz.com/quote.ashx?t=GEO,"short float 7.65% >= 5% | FAIL: short_float, rr (no TV drawing read)"
GFF,FAIL,"dollar_vol,rr",False,True,True,True,False,False,False,True,True,,False,94.51000213623047,27789021.654121395,294032.6,4.66,80.27,2026-11-12,37,264,96.2056884765625,97.48284224289681,96.84426535972966,89.92392839185304,106.01384412929028,1.3250191157055944,0.9999999999999991,6.920336967876628,-0.33730485008671707,,,,,,,,,,,False,,,,,,,,,,True,1.66,4/6,4/5,0.73,19.0,True,"uptrend: new high +1.7 ATR above prior 2.5y high, 4/6 HH and 4/5 HL, 30w EMA +19% in 26w",2,rejection,2026-10-02,hammer,2026-10-05,False,True,False,no TV drawing read (f_rr False),https://www.tradingview.com/chart/?symbol=NYSE:GFF,https://finviz.com/quote.ashx?t=GFF,"$vol(30d) $27.8M < $50M | FAIL: dollar_vol, rr (no TV drawing read)"
GKOS,FAIL,"short_float,rr",True,False,True,True,False,True,False,True,True,,False,161.69000244140625,113857755.64783935,704173.1333333333,7.36,103.71,2026-11-04,29,264,144.99000549316406,148.11000061035156,146.5500030517578,131.78648267473494,184.88999938964844,2.5969413364010987,0.9999999999999994,14.76352037702288,1.0255006260709667,,,,,,,,,,,False,,,,,,,,,,True,1.89,4/6,4/5,0.73,39.5,True,"uptrend: new high +1.9 ATR above prior 2.5y high, 4/6 HH and 4/5 HL, 30w EMA +40% in 26w",2,strong_close,2026-10-02,strong_close,2026-09-30,False,True,False,no TV drawing read (f_rr False),https://www.tradingview.com/chart/?symbol=NYSE:GKOS,https://finviz.com/quote.ashx?t=GKOS,"short float 7.36% >= 5% | FAIL: short_float, rr (no TV drawing read)"
GM,FAIL,rr,True,True,True,True,False,False,False,True,True,,True,82.01000213623047,587273977.9405556,7161004.3,2.37,90.27,2026-10-20,14,264,83.0777353887578,83.85445062002798,83.46609300439289,78.32374140741295,87.76000213623047,0.8350088574961232,1.000000000000001,5.14235159697993,-0.28315661438194395,,,,,,,,,,,False,,,,,,,,,,False,0.9,3/4,3/5,0.68,11.5,True,no new high: recent high 91.66 is +0.90 ATR vs prior 2.5y high 87.04 (needs >= +1),0,rejection,2026-09-25,hammer,2026-10-06,False,True,False,no TV drawing read (f_rr False),https://www.tradingview.com/chart/?symbol=NYSE:GM,https://finviz.com/quote.ashx?t=GM,FAIL: rr (no TV drawing read)
GPC,FAIL,"short_float,no_earnings_14d,rr",True,False,False,True,False,True,True,True,True,,False,127.4000015258789,114388142.51003493,897866.1,5.8,96.01,2026-10-15,9,264,111.69415283203125,113.69657986606866,112.69536634904995,105.47680720845649,138.0800018310547,3.5165792767776374,1.0000000000000004,7.218559140593453,2.037059597411577,,,,,,,,,,,False,,,,,,,,,,False,-1.77,4/6,3/5,0.63,3.3,True,no new high: recent high 138.81 is -1.77 ATR vs prior 2.5y high 151.55 (needs >= +1),12,hammer,2026-10-02,rejection,2026-10-05,False,True,True,no TV drawing read (f_rr False),https://www.tradingview.com/chart/?symbol=NYSE:GPC,https://finviz.com/quote.ashx?t=GPC,"short float 5.80% >= 5% | FAIL: short_float, no_earnings_14d, rr (no TV drawing read)"
GPN,FAIL,"short_float,rr",True,False,True,True,False,True,True,True,True,,False,81.7699966430664,180964198.33081055,2213088.0,7.44,93.13,2026-11-03,28,264,75.2475653121576,75.55550671858524,75.40153601537142,68.89629083330423,93.36565351610253,2.7614820038224313,1.0,6.505245182067185,0.978973190011459,,,,,,,,,,,False,,,,,,,,,,False,-4.37,3/7,3/7,0.43,7.5,True,"no new high: recent high 95.61 is -4.37 ATR vs prior 2.5y high 124.02 (needs >= +1); choppy swings: 3/7 higher highs, 3/7 higher lows",15,hammer,2026-09-25,engulfing,2026-10-05,True,True,False,no TV drawing read (f_rr False),https://www.tradingview.com/chart/?symbol=NYSE:GPN,https://finviz.com/quote.ashx?t=GPN,"short float 7.44% >= 5% | FAIL: short_float, rr (no TV drawing read)"
GPRE,FAIL,"dollar_vol,short_float,rr",False,False,True,True,False,False,True,True,True,,False,15.15999984741211,22940377.574434664,1513217.5333333334,17.61,112.53,2026-10-29,23,264,18.190000534057617,18.940000534057617,18.565000534057617,16.88361460821969,19.010000228881836,0.264662435902365,1.0000000000000002,1.6813859258379256,-2.0251154921191645,,,,,,,,,,,False,,,,,,,,,,False,-1.84,5/5,5/6,0.92,21.2,True,no new high: recent high 19.65 is -1.84 ATR vs prior 2.5y high 22.75 (needs >= +1),5,hammer,2026-10-02,hammer,2026-10-05,False,True,False,no TV drawing read (f_rr False),https://www.tradingview.com/chart/?symbol=NASDAQ:GPRE,https://finviz.com/quote.ashx?t=GPRE,"$vol(30d) $22.9M < $50M | FAIL: dollar_vol, short_float, rr (no TV drawing read)"
GRPN,FAIL,"dollar_vol,short_float,rr",False,False,True,True,False,True,True,True,True,,False,18.84000015258789,20174699.86739782,1070843.9333333333,39.89,92.34,2026-11-05,30,264,20.229999542236328,22.389999389648438,21.309999465942383,18.286785125732422,28.350000381469727,2.3286476323866667,1.0,3.023214340209961,-0.8170109808300763,,,,,,,,,,,False,,,,,,,,,,False,-4.36,2/3,2/3,0.67,25.3,True,no new high: recent high 29.90 is -4.36 ATR vs prior 2.5y high 43.08 (needs >= +1),8,strong_close,2026-09-25,engulfing,2026-10-05,False,True,False,no TV drawing read (f_rr False),https://www.tradingview.com/chart/?symbol=NASDAQ:GRPN,https://finviz.com/quote.ashx?t=GRPN,"$vol(30d) $20.2M < $50M | FAIL: dollar_vol, short_float, rr (no TV drawing read)"
GWRE,FAIL,rr,True,True,True,True,False,False,False,True,True,,False,164.57000732421875,248498653.93447876,1509987.5,3.9,104.06,2026-12-03,58,262,158.9199981689453,173.17999267578125,166.04999542236328,144.57713971819197,205.85000610351562,1.853503382571551,0.9999999999999997,21.472855704171316,-0.06892367361538358,yes,,,,,,,2026-10-06,charts/latest/GWRE.webp,user,False,"user drawing (short position only, no long setup)","SHORT position only (entry 169.33, SL 182.03, TP 126.34): no long setup; Fib + horizontal line 168.86, no rectangle",,,,,False,,,False,-3.03,3/6,2/5,0.45,-10.4,False,"no new high: recent high 207.49 is -3.03 ATR vs prior 2.5y high 272.60 (needs >= +1); choppy swings: 3/6 higher highs, 2/5 higher lows; 30w EMA falling (-10% in 26w)",2,engulfing,2026-10-02,strong_close,2026-10-05,False,True,False,TV R:R  < 2 (f_rr False),https://www.tradingview.com/chart/?symbol=NYSE:GWRE,https://finviz.com/quote.ashx?t=GWRE,FAIL: rr (TV R:R  < 2)
HAFC,FAIL,"dollar_vol,rr",False,True,True,True,False,True,True,True,True,,False,31.68000030517578,6855898.434043375,216410.93333333332,4.33,94.0,2026-10-27,21,264,28.165475845336914,29.36132093663308,28.763398390984996,27.433159207934203,32.4900016784668,2.8014535543413674,1.0000000000000004,1.3302391830507925,2.1925394706099413,,,,,,,,,,,False,,,,,,,,,,True,2.89,5/6,4/6,0.75,18.5,True,"uptrend: new high +2.9 ATR above prior 2.5y high, 5/6 HH and 4/6 HL, 30w EMA +19% in 26w",22,hammer,2026-10-02,hammer,2026-10-06,False,True,False,no TV drawing read (f_rr False),https://www.tradingview.com/chart/?symbol=NASDAQ:HAFC,https://finviz.com/quote.ashx?t=HAFC,"$vol(30d) $6.9M < $50M | FAIL: dollar_vol, rr (no TV drawing read)"
HAS,FAIL,"short_float,rr",True,False,True,True,False,True,True,True,True,,False,91.02999877929688,148161994.7634959,1627617.2333333334,5.18,100.45,2026-10-20,14,262,80.76200866699219,81.54421152241544,81.1531100947038,75.68362391599332,95.97981262207031,2.7108035458756996,1.000000000000001,5.4694861787104765,1.8058165542200368,,,,,,,,,,,False,,,,,,,,,,False,-1.17,4/6,1/2,0.58,4.9,True,no new high: recent high 98.20 is -1.17 ATR vs prior 2.5y high 104.60 (needs >= +1),17,hammer,2026-09-25,strong_close,2026-10-05,False,True,False,no TV drawing read (f_rr False),https://www.tradingview.com/chart/?symbol=NASDAQ:HAS,https://finviz.com/quote.ashx?t=HAS,"short float 5.18% >= 5% | FAIL: short_float, rr (no TV drawing read)"
HBNC,FAIL,"dollar_vol,rr",False,True,True,True,False,True,False,True,True,,False,19.309999465942383,10417292.857888412,539476.6,4.03,80.54,2026-10-28,22,264,18.25895881652832,18.29826856207387,18.278613689301096,17.383613912733363,20.690000534057617,2.694287649997004,1.0000000000000018,0.8949997765677316,1.1523866303035146,,,,,,,,,,,False,,,,,,,,,,True,2.57,5/6,4/5,0.82,15.6,True,"uptrend: new high +2.6 ATR above prior 2.5y high, 5/6 HH and 4/5 HL, 30w EMA +16% in 26w",2,hammer,2026-10-02,engulfing,2026-10-01,False,True,False,no TV drawing read (f_rr False),https://www.tradingview.com/chart/?symbol=NASDAQ:HBNC,https://finviz.com/quote.ashx?t=HBNC,"$vol(30d) $10.4M < $50M | FAIL: dollar_vol, rr (no TV drawing read)"
HCC,FAIL,"short_float,rr",True,False,True,True,False,False,False,False,True,,False,92.38500213623047,54765170.25334219,592792.8666666667,7.37,97.9,2026-11-04,29,264,100.83221200402642,101.61153229439427,101.22187214921034,92.66431139280876,109.05000305175781,0.9147619427290125,0.983860750694354,8.69793896175057,-1.015972870336324,,,,,,,,,,,False,,,,,,,,,,False,0.73,5/6,4/5,0.82,10.0,True,no new high: recent high 111.42 is +0.73 ATR vs prior 2.5y high 105.06 (needs >= +1),2,,,hammer,2026-10-06,False,True,False,no TV drawing read (f_rr False),https://www.tradingview.com/chart/?symbol=NYSE:HCC,https://finviz.com/quote.ashx?t=HCC,"short float 7.37% >= 5% | FAIL: short_float, rr (no TV drawing read)"
HCSG,FAIL,"dollar_vol,rr",False,True,True,True,False,True,False,True,True,,False,21.1299991607666,13828057.45611572,654427.7333333333,4.49,107.24,2026-10-28,22,264,21.770000457763672,21.84000015258789,21.80500030517578,20.164364678519114,25.34000015258789,2.1546526175442318,0.9999999999999993,1.6406356266566686,-0.41142660408070936,,,,,,,,,,,False,,,,,,,,,,True,1.69,6/6,5/7,0.86,16.6,True,"uptrend: new high +1.7 ATR above prior 2.5y high, 6/6 HH and 5/7 HL, 30w EMA +17% in 26w",1,hammer,2026-10-02,hammer,2026-10-05,False,True,False,no TV drawing read (f_rr False),https://www.tradingview.com/chart/?symbol=NASDAQ:HCSG,https://finviz.com/quote.ashx?t=HCSG,"$vol(30d) $13.8M < $50M | FAIL: dollar_vol, rr (no TV drawing read)"
HESM,FAIL,"short_float,rr",True,False,True,True,False,False,True,True,True,,False,38.68000030517578,52412330.02285386,1355024.0333333334,5.77,89.55,2026-10-28,22,264,39.87998580932617,40.28192310755961,40.08095445844289,38.488950625013686,40.75,0.42025372521621096,1.0000000000000022,1.5920038334291995,-0.879994208462069,,,,,,,,,,,False,,,,,,,,,,False,0.92,7/8,6/7,0.87,8.8,True,no new high: recent high 41.32 is +0.92 ATR vs prior 2.5y high 39.85 (needs >= +1),15,rejection,2026-10-02,strong_close,2026-10-06,False,True,False,no TV drawing read (f_rr False),https://www.tradingview.com/chart/?symbol=NYSE:HESM,https://finviz.com/quote.ashx?t=HESM,"short float 5.77% >= 5% | FAIL: short_float, rr (no TV drawing read)"
HFWA,FAIL,"dollar_vol,short_float,no_earnings_14d,rr",False,False,False,True,False,True,False,True,True,,False,27.690000534057617,10980026.671772003,396534.0,7.51,82.7,2026-10-15,9,264,24.839114844737473,25.413826005784966,25.126470425261218,23.813919757321845,30.270082473754883,3.918791231555908,1.0,1.312550667939373,1.9530903997946154,,,,,,,,,,,False,,,,,,,,,,True,1.91,3/5,3/5,0.6,13.3,True,"uptrend: new high +1.9 ATR above prior 2.5y high, 3/5 HH and 3/5 HL, 30w EMA +13% in 26w",3,hammer,2026-10-02,rejection,2026-10-02,False,True,True,no TV drawing read (f_rr False),https://www.tradingview.com/chart/?symbol=NASDAQ:HFWA,https://finviz.com/quote.ashx?t=HFWA,"$vol(30d) $11.0M < $50M | FAIL: dollar_vol, short_float, no_earnings_14d, rr (no TV drawing read)"
HIW,FAIL,"dollar_vol,short_float,rr",False,False,True,True,False,True,True,True,True,,False,29.639999389648438,31552789.08625997,1064534.0666666667,11.27,119.13,2026-10-27,21,264,28.898186068327096,29.044090305736304,28.9711381870317,27.410907129435614,33.30302810668945,2.776441283211017,1.0000000000000002,1.5602310575960838,0.42869368569504235,,,,,,,,,,,False,,,,,,,,,,False,1.9,2/4,0/3,0.25,20.8,True,"choppy swings: 2/4 higher highs, 0/3 higher lows",9,hammer,2026-10-02,hammer,2026-10-01,False,True,False,no TV drawing read (f_rr False),https://www.tradingview.com/chart/?symbol=NYSE:HIW,https://finviz.com/quote.ashx?t=HIW,"$vol(30d) $31.6M < $50M | FAIL: dollar_vol, short_float, rr (no TV drawing read)"
HNI,FAIL,"dollar_vol,short_float,rr",False,False,True,True,False,True,True,True,True,,False,46.72999954223633,24094575.004304633,515612.56666666665,5.99,88.7,2026-11-03,28,264,37.259033203125,37.59293086872538,37.42598203592519,34.22782829332101,49.65999984741211,3.825337615422161,0.9999999999999993,3.198153742604179,2.909183940211425,,,,,,,,,,,False,,,,,,,,,,False,-1.61,3/6,0/3,0.25,4.2,True,"no new high: recent high 50.06 is -1.61 ATR vs prior 2.5y high 55.20 (needs >= +1); choppy swings: 3/6 higher highs, 0/3 higher lows",20,hammer,2026-10-02,strong_close,2026-10-05,False,True,False,no TV drawing read (f_rr False),https://www.tradingview.com/chart/?symbol=NYSE:HNI,https://finviz.com/quote.ashx?t=HNI,"$vol(30d) $24.1M < $50M | FAIL: dollar_vol, short_float, rr (no TV drawing read)"
HOPE,FAIL,"dollar_vol,short_float,rr",False,False,True,True,False,True,True,True,True,,False,13.479999542236328,11617470.701485442,861830.2,5.52,94.56,2026-10-26,20,264,12.248750686645508,12.383428447353165,12.316089566999336,11.729613536568346,14.449999809265137,3.6385293371625593,0.9999999999999997,0.5864760304309906,1.9845823441098787,,,,,,,,,,,False,,,,,,,,,,True,2.34,5/7,3/6,0.61,19.5,True,"uptrend: new high +2.3 ATR above prior 2.5y high, 5/7 HH and 3/6 HL, 30w EMA +20% in 26w",6,hammer,2026-10-02,strong_close,2026-10-01,False,True,False,no TV drawing read (f_rr False),https://www.tradingview.com/chart/?symbol=NASDAQ:HOPE,https://finviz.com/quote.ashx?t=HOPE,"$vol(30d) $11.6M < $50M | FAIL: dollar_vol, short_float, rr (no TV drawing read)"
HP,FAIL,"dollar_vol,short_float,rr",False,False,True,True,False,True,False,True,True,,False,39.61000061035156,46153778.68318481,1165205.2,7.61,102.79,2026-11-18,43,264,29.30034637451172,29.86909365405642,29.58472001428407,26.337589137267393,44.939998626708984,4.728875796510143,0.9999999999999999,3.247130877016677,3.08742732454267,,,,,,,,,,,False,,,,,,,,,,True,2.78,5/5,3/4,0.88,23.8,True,"uptrend: new high +2.8 ATR above prior 2.5y high, 5/5 HH and 3/4 HL, 30w EMA +24% in 26w",2,hammer,2026-10-02,hammer,2026-10-06,False,True,False,no TV drawing read (f_rr False),https://www.tradingview.com/chart/?symbol=NYSE:HP,https://finviz.com/quote.ashx?t=HP,"$vol(30d) $46.2M < $50M | FAIL: dollar_vol, short_float, rr (no TV drawing read)"
HPP,FAIL,"dollar_vol,short_float,rr",False,False,True,True,False,False,True,True,True,,False,11.5649995803833,6765774.944015153,585021.6333333333,12.71,121.09,2026-11-04,29,264,16.520000457763672,17.149999618530273,16.835000038146973,15.250714370182582,16.959999084472656,0.07889931017699084,1.0000000000000002,1.5842856679643904,-3.326420584574855,,,,,,,,,,,False,,,,,,,,,,False,-16.94,1/3,1/4,0.29,18.9,True,"no new high: recent high 17.20 is -16.94 ATR vs prior 2.5y high 44.03 (needs >= +1); choppy swings: 1/3 higher highs, 1/4 higher lows",27,hammer,2026-10-02,strong_close,2026-10-06,False,True,False,no TV drawing read (f_rr False),https://www.tradingview.com/chart/?symbol=NYSE:HPP,https://finviz.com/quote.ashx?t=HPP,"$vol(30d) $6.8M < $50M | FAIL: dollar_vol, short_float, rr (no TV drawing read)"
HQY,FAIL,"short_float,rr",True,False,True,True,False,True,False,True,True,,False,91.05000305175781,89392021.95118663,981790.4333333333,5.96,109.63,2026-12-08,63,264,89.52999877929688,92.3499984741211,90.93999862670898,84.08072062901088,105.72000122070312,2.1547461116103106,0.9999999999999998,6.859277997698102,0.01603731837166308,,,,,,,,,,,False,,,,,,,,,,False,-1.32,3/6,3/4,0.62,6.8,True,no new high: recent high 107.62 is -1.32 ATR vs prior 2.5y high 116.65 (needs >= +1),1,hammer,2026-10-02,strong_close,2026-10-05,False,True,False,no TV drawing read (f_rr False),https://www.tradingview.com/chart/?symbol=NASDAQ:HQY,https://finviz.com/quote.ashx?t=HQY,"short float 5.96% >= 5% | FAIL: short_float, rr (no TV drawing read)"
HRB,FAIL,"short_float,rr",True,False,True,True,False,True,False,True,True,,False,42.63999938964844,73934357.69103241,1733920.2333333334,14.48,105.8,2026-11-05,30,264,38.11940002441406,39.0505761008114,38.58498806261273,34.31912470983878,53.43327713012695,3.4807230892332446,1.0000000000000007,4.265863352773946,0.9505722503743285,,,,,,,,,,,False,,,,,,,,,,False,-1.22,3/8,3/8,0.38,10.3,True,"no new high: recent high 58.14 is -1.22 ATR vs prior 2.5y high 63.36 (needs >= +1); choppy swings: 3/8 higher highs, 3/8 higher lows",2,hammer,2026-10-02,strong_close,2026-10-06,False,True,False,no TV drawing read (f_rr False),https://www.tradingview.com/chart/?symbol=NYSE:HRB,https://finviz.com/quote.ashx?t=HRB,"short float 14.48% >= 5% | FAIL: short_float, rr (no TV drawing read)"
HRMY,FAIL,"dollar_vol,short_float,rr",False,False,True,True,False,True,False,True,True,,False,39.36000061035156,38588175.92638295,980390.6333333333,9.22,95.56,2026-11-03,28,263,31.829999923706055,31.857999801635742,31.8439998626709,30.069999923706053,42.25,5.865840189036959,0.572469007567756,3.0988576071602956,2.4254101673836224,,,,,,,,,,,False,,,,,,,,,,False,0.61,5/6,4/6,0.75,13.6,True,no new high: recent high 43.49 is +0.61 ATR vs prior 2.5y high 41.61 (needs >= +1),0,hammer,2026-09-25,rejection,2026-10-01,False,True,False,no TV drawing read (f_rr False),https://www.tradingview.com/chart/?symbol=NASDAQ:HRMY,https://finviz.com/quote.ashx?t=HRMY,"$vol(30d) $38.6M < $50M | FAIL: dollar_vol, short_float, rr (no TV drawing read)"
HSIC,FAIL,"short_float,rr",True,False,True,True,False,True,False,True,True,,False,84.83999633789062,91546380.29241028,1079047.4333333333,8.01,98.66,2026-11-03,28,264,78.83000183105469,79.95999908447266,79.39500045776367,75.31285803658622,89.80999755859375,2.5513556427622093,0.9999999999999989,4.082142421177456,1.3338574009273285,,,,,,,,,,,False,,,,,,,,,,False,0.71,3/6,1/5,0.35,11.5,True,"no new high: recent high 92.18 is +0.71 ATR vs prior 2.5y high 89.29 (needs >= +1); choppy swings: 3/6 higher highs, 1/5 higher lows",2,rejection,2026-10-02,hammer,2026-10-02,False,True,False,no TV drawing read (f_rr False),https://www.tradingview.com/chart/?symbol=NASDAQ:HSIC,https://finviz.com/quote.ashx?t=HSIC,"short float 8.01% >= 5% | FAIL: short_float, rr (no TV drawing read)"
HST,FAIL,"short_float,rr",True,False,True,True,False,True,False,True,True,,False,22.479999542236328,180120417.0975137,8012474.233333333,6.1,106.2,2026-11-04,29,264,19.44915133350018,19.582559924202123,19.51585562885115,18.498705431140838,25.1299991607666,5.519483302026929,1.0000000000000016,1.0171501977103097,2.914165400604272,,,,,,,,,,,False,,,,,,,,,,True,5.6,6/6,3/3,1.0,25.6,True,"uptrend: new high +5.6 ATR above prior 2.5y high, 6/6 HH and 3/3 HL, 30w EMA +26% in 26w",2,strong_close,2026-09-25,hammer,2026-10-05,False,True,False,no TV drawing read (f_rr False),https://www.tradingview.com/chart/?symbol=NASDAQ:HST,https://finviz.com/quote.ashx?t=HST,"short float 6.10% >= 5% | FAIL: short_float, rr (no TV drawing read)"
HTO,FAIL,"dollar_vol,short_float,rr",False,False,True,True,False,True,True,True,True,,False,58.18000030517578,25128190.366473388,431904.26666666666,13.22,112.38,2026-11-02,27,264,57.721810134814596,58.059423160855445,57.89061664783502,54.96794231108879,64.31999969482422,2.1998287548338165,1.0000000000000004,2.922674336746225,0.0990133090445277,,,,,,,,,,,False,,,,,,,,,,False,2.5,4/7,2/5,0.49,13.8,True,"choppy swings: 4/7 higher highs, 2/5 higher lows",9,hammer,2026-09-18,hammer,2026-09-30,False,True,False,no TV drawing read (f_rr False),https://www.tradingview.com/chart/?symbol=NASDAQ:HTO,https://finviz.com/quote.ashx?t=HTO,"$vol(30d) $25.1M < $50M | FAIL: dollar_vol, short_float, rr (no TV drawing read)"
HWC,FAIL,"short_float,rr",True,False,True,True,False,False,True,True,True,,False,72.72000122070312,57657272.23985495,792866.7666666667,7.85,97.59,2026-10-20,14,264,77.94108581542969,78.83513356942274,78.38810969242621,75.00766383696623,78.85500251461465,0.13811575222668687,0.9999999999999998,3.3804458554599828,-1.6767339913367192,,,,,,,,,,,False,,,,,,,,,,True,1.71,4/6,3/4,0.71,14.6,True,"uptrend: new high +1.7 ATR above prior 2.5y high, 4/6 HH and 3/4 HL, 30w EMA +15% in 26w",10,hammer,2026-10-02,rejection,2026-10-05,False,True,False,no TV drawing read (f_rr False),https://www.tradingview.com/chart/?symbol=NASDAQ:HWC,https://finviz.com/quote.ashx?t=HWC,"short float 7.85% >= 5% | FAIL: short_float, rr (no TV drawing read)"
IBCP,FAIL,"dollar_vol,rr",False,True,True,True,False,True,False,True,True,,False,35.790000915527344,6381654.220246124,178308.3,3.59,82.37,2026-10-27,21,264,34.27873992919922,34.33830470021423,34.30852231470672,32.80876345032988,38.49781321842195,2.793309646785052,1.0,1.4997588643768438,0.987811198192973,,,,,,,,,,,False,,,,,,,,,,False,0.56,5/8,4/6,0.65,8.6,True,no new high: recent high 38.95 is +0.56 ATR vs prior 2.5y high 38.11 (needs >= +1),2,hammer,2026-10-02,hammer,2026-10-01,False,True,False,no TV drawing read (f_rr False),https://www.tradingview.com/chart/?symbol=NASDAQ:IBCP,https://finviz.com/quote.ashx?t=IBCP,"$vol(30d) $6.4M < $50M | FAIL: dollar_vol, rr (no TV drawing read)"
ICFI,FAIL,"dollar_vol,rr",False,True,True,True,False,True,True,True,True,,False,83.08999633789062,14118070.54776001,169913.0,3.48,102.84,2026-10-29,23,264,73.09683990478516,73.83418321078032,73.46551155778275,67.43958078862764,94.85221862792969,3.549112641588737,1.0000000000000002,6.025930769155108,1.5971781204942916,,,,,,,,,,,False,,,,,,,,,,False,-13.57,3/6,2/5,0.45,-0.3,False,"no new high: recent high 95.53 is -13.57 ATR vs prior 2.5y high 177.31 (needs >= +1); choppy swings: 3/6 higher highs, 2/5 higher lows; 30w EMA falling (-0% in 26w)",15,hammer,2026-09-11,strong_close,2026-10-05,False,True,False,no TV drawing read (f_rr False),https://www.tradingview.com/chart/?symbol=NASDAQ:ICFI,https://finviz.com/quote.ashx?t=ICFI,"$vol(30d) $14.1M < $50M | FAIL: dollar_vol, rr (no TV drawing read)"
ICUI,FAIL,"dollar_vol,short_float,rr",False,False,True,True,False,True,True,True,True,,False,159.72999572753906,39105118.85134888,244820.13333333333,6.17,104.53,2026-11-09,34,264,157.02999877929688,159.88999938964844,158.45999908447266,146.78714861188615,184.55999755859375,2.2359575782638963,1.0000000000000007,11.672850472586495,0.10879918714361786,,,,,,,,,,,False,,,,,,,,,,False,-0.29,3/6,2/4,0.5,12.5,True,no new high: recent high 192.85 is -0.29 ATR vs prior 2.5y high 196.26 (needs >= +1),20,strong_close,2026-09-25,strong_close,2026-10-05,False,True,False,no TV drawing read (f_rr False),https://www.tradingview.com/chart/?symbol=NASDAQ:ICUI,https://finviz.com/quote.ashx?t=ICUI,"$vol(30d) $39.1M < $50M | FAIL: dollar_vol, short_float, rr (no TV drawing read)"
IDYA,FAIL,"dollar_vol,short_float,rr",False,False,True,True,False,False,True,True,True,,False,36.630001068115234,29287091.22499911,799538.3666666667,11.03,101.92,2026-11-10,35,264,34.91999816894531,38.099998474121094,36.5099983215332,33.47757611955915,40.11000061035156,1.1871705353149127,0.9999999999999997,3.032422201974051,0.03957323175641956,,,,,,,,,,,False,,,,,,,,,,False,-0.57,7/8,4/5,0.84,12.4,True,no new high: recent high 42.68 is -0.57 ATR vs prior 2.5y high 44.42 (needs >= +1),12,hammer,2026-09-18,hammer,2026-10-05,False,True,False,no TV drawing read (f_rr False),https://www.tradingview.com/chart/?symbol=NASDAQ:IDYA,https://finviz.com/quote.ashx?t=IDYA,"$vol(30d) $29.3M < $50M | FAIL: dollar_vol, short_float, rr (no TV drawing read)"
IFF,FAIL,"short_float,rr",True,False,True,True,False,False,False,True,True,,False,83.94999694824219,132294525.14581756,1575872.9,6.51,107.29,2026-11-09,34,263,83.43508911132812,83.60195928955078,83.51852420043946,78.83808342165305,87.53567504882812,0.8582847296340061,0.9999999999999989,4.68044077878641,0.09218634914863846,,,,,,,,,,,False,,,,,,,,,,False,-2.84,4/7,3/5,0.59,12.8,True,no new high: recent high 88.90 is -2.84 ATR vs prior 2.5y high 102.21 (needs >= +1),2,strong_close,2026-09-25,hammer,2026-10-01,False,True,False,no TV drawing read (f_rr False),https://www.tradingview.com/chart/?symbol=NYSE:IFF,https://finviz.com/quote.ashx?t=IFF,"short float 6.51% >= 5% | FAIL: short_float, rr (no TV drawing read)"
INBX,FAIL,"dollar_vol,short_float,history,rr",False,False,True,False,False,True,True,True,True,,False,93.41000366210938,30897198.88831482,330769.7,30.93,87.83,2026-11-13,38,124,83.91000366210938,88.0,85.95500183105469,70.6306871686663,123.41000366210938,2.4441550996719807,0.9999999999999998,15.324314662388392,0.4864819076935332,,,,,,,,,,,False,,,,,,,,,,,,,,,,,not enough history (124 weekly bars < 130),12,hammer,2026-09-18,rejection,2026-09-29,False,True,False,no TV drawing read (f_rr False),https://www.tradingview.com/chart/?symbol=NASDAQ:INBX,https://finviz.com/quote.ashx?t=INBX,"$vol(30d) $30.9M < $50M | FAIL: dollar_vol, short_float, history, rr (no TV drawing read)"
INDV,FAIL,"short_float,rr",True,False,True,True,False,False,True,True,True,,False,35.900001525878906,66031779.87992096,1839325.2666666666,9.23,95.2,2026-10-29,23,264,39.5,41.0,40.25,37.927164622715544,40.619998931884766,0.15928762559028967,0.9999999999999987,2.3228353772844588,-1.872710617661815,,,,,,,,,,,False,,,,,,,,,,True,2.07,3/4,2/3,0.71,20.3,True,"uptrend: new high +2.1 ATR above prior 2.5y high, 3/4 HH and 2/3 HL, 30w EMA +20% in 26w",28,rejection,2026-09-18,hammer,2026-10-06,False,True,False,no TV drawing read (f_rr False),https://www.tradingview.com/chart/?symbol=NASDAQ:INDV,https://finviz.com/quote.ashx?t=INDV,"short float 9.23% >= 5% | FAIL: short_float, rr (no TV drawing read)"
INTA,FAIL,"dollar_vol,rr",False,True,True,True,False,True,True,False,True,,False,37.029998779296875,20304793.772980753,548333.6333333333,4.36,89.02,2026-11-09,34,264,24.84000015258789,24.989999771118164,24.914999961853027,21.034285954066686,43.470001220703125,4.78133694511396,0.9999999999999999,3.880714007786342,3.121847884986132,,,,,,,,,,,False,,,,,,,,,,False,-8.61,2/6,3/6,0.42,-1.7,False,"no new high: recent high 44.33 is -8.61 ATR vs prior 2.5y high 77.74 (needs >= +1); choppy swings: 2/6 higher highs, 3/6 higher lows; 30w EMA falling (-2% in 26w)",19,,,strong_close,2026-10-05,False,True,False,no TV drawing read (f_rr False),https://www.tradingview.com/chart/?symbol=NASDAQ:INTA,https://finviz.com/quote.ashx?t=INTA,"$vol(30d) $20.3M < $50M | FAIL: dollar_vol, rr (no TV drawing read)"
J,FAIL,rr,True,True,True,True,False,True,True,True,True,,False,139.2100067138672,102888440.80180511,739087.9666666667,2.76,95.16,2026-11-24,49,264,128.57635591334733,128.58632609935245,128.58134100634987,120.81804170715101,151.97999572753906,3.0140090983744274,0.9999999999999993,7.763299299198868,1.369091322888213,no,,,,,,,2026-10-06,charts/latest/J.webp,user-lines,False,"user lines only, no zone/position","user Fib only, no zone/position",,,,,,,,False,-1.72,4/6,2/4,0.58,0.8,True,no new high: recent high 153.30 is -1.72 ATR vs prior 2.5y high 166.66 (needs >= +1),15,hammer,2026-09-18,hammer,2026-10-06,True,True,False,TV drawing not found (f_rr False),https://www.tradingview.com/chart/?symbol=NYSE:J,https://finviz.com/quote.ashx?t=J,FAIL: rr (TV drawing not found)
JANX,FAIL,"dollar_vol,short_float,rr",False,False,True,True,False,True,False,True,True,,False,16.790000915527344,15272525.110115562,909620.2666666667,10.19,96.18,2026-11-10,35,264,16.459999084472656,16.530000686645508,16.494999885559082,14.838357107979911,20.239999771118164,2.260595908933125,0.9999999999999996,1.6566427775791712,0.17807159996154545,,,,,,,,,,,False,,,,,,,,,,False,-31.03,6/9,3/7,0.55,-7.7,False,no new high: recent high 20.31 is -31.03 ATR vs prior 2.5y high 71.71 (needs >= +1); 30w EMA falling (-8% in 26w),2,strong_close,2026-09-04,rejection,2026-10-06,False,True,False,no TV drawing read (f_rr False),https://www.tradingview.com/chart/?symbol=NASDAQ:JANX,https://finviz.com/quote.ashx?t=JANX,"$vol(30d) $15.3M < $50M | FAIL: dollar_vol, short_float, rr (no TV drawing read)"
KALU,FAIL,"dollar_vol,short_float,rr",False,False,True,True,False,True,False,True,True,,False,153.77000427246094,32474702.579301454,211190.1,5.93,101.85,2026-10-22,16,264,139.23755306845413,148.66277260908612,143.95016283877013,125.91498643808659,186.77999877929688,2.3747944011738906,1.0000000000000002,18.035176400683536,0.5444826940156038,,,,,,,,,,,False,,,,,,,,,,True,2.84,3/3,3/3,1.0,39.2,True,"uptrend: new high +2.8 ATR above prior 2.5y high, 3/3 HH and 3/3 HL, 30w EMA +39% in 26w",2,hammer,2026-10-02,strong_close,2026-10-05,False,True,False,no TV drawing read (f_rr False),https://www.tradingview.com/chart/?symbol=NASDAQ:KALU,https://finviz.com/quote.ashx?t=KALU,"$vol(30d) $32.5M < $50M | FAIL: dollar_vol, short_float, rr (no TV drawing read)"
KDP,FAIL,"short_float,rr",True,False,True,True,False,False,False,True,True,,False,31.1299991607666,309448201.8165884,9940514.3,6.09,108.83,2026-10-22,16,264,29.013338088989258,29.072915096860722,29.04312659292499,27.042359468652844,32.59000015258789,1.7727568174398125,0.9999999999999998,2.0007671242721483,1.0430362147222834,,,,,,,,,,,False,,,,,,,,,,False,-1.11,3/6,4/6,0.58,9.8,True,no new high: recent high 33.82 is -1.11 ATR vs prior 2.5y high 36.04 (needs >= +1),2,engulfing,2026-09-25,strong_close,2026-10-05,False,True,False,no TV drawing read (f_rr False),https://www.tradingview.com/chart/?symbol=NASDAQ:KDP,https://finviz.com/quote.ashx?t=KDP,"short float 6.09% >= 5% | FAIL: short_float, rr (no TV drawing read)"
KELYA,FAIL,"dollar_vol,rr",False,True,True,True,False,True,True,True,True,,False,15.5600004196167,4293227.142444928,275914.3333333333,4.0,84.0,2026-11-05,30,262,10.885077476501465,11.561109137009604,11.223093306755533,9.978080348016753,17.280000686645508,4.864935210012375,1.0,1.24501295873878,3.483423270754169,,,,,,,,,,,False,,,,,,,,,,False,-4.18,3/4,4/5,0.78,40.2,True,no new high: recent high 17.67 is -4.18 ATR vs prior 2.5y high 22.87 (needs >= +1),20,strong_close,2026-09-25,hammer,2026-10-05,False,True,False,no TV drawing read (f_rr False),https://www.tradingview.com/chart/?symbol=NASDAQ:KELYA,https://finviz.com/quote.ashx?t=KELYA,"$vol(30d) $4.3M < $50M | FAIL: dollar_vol, rr (no TV drawing read)"
KFRC,FAIL,"dollar_vol,short_float,rr",False,False,True,True,False,True,False,True,True,,False,50.599998474121094,11665350.63488973,230540.53333333333,9.37,97.45,2026-11-02,27,264,43.337745666503906,46.753189950689816,45.04546780859686,40.66695626885234,58.630958557128906,3.1027646325044818,0.9999999999999998,4.378511539744523,1.2685887921282784,,,,,,,,,,,False,,,,,,,,,,False,-1.01,3/4,3/6,0.62,58.3,True,no new high: recent high 61.20 is -1.01 ATR vs prior 2.5y high 65.61 (needs >= +1),4,engulfing,2026-10-02,strong_close,2026-10-01,False,True,False,no TV drawing read (f_rr False),https://www.tradingview.com/chart/?symbol=NYSE:KFRC,https://finviz.com/quote.ashx?t=KFRC,"$vol(30d) $11.7M < $50M | FAIL: dollar_vol, short_float, rr (no TV drawing read)"
KFY,FAIL,"dollar_vol,rr",False,True,True,True,False,True,False,True,True,,False,71.06500244140625,36778197.27966512,517528.9666666667,4.02,94.22,2026-12-09,64,264,72.64205932617188,74.1302247028791,73.38614201452549,68.70471228778861,86.27999877929688,2.7542561818521314,0.9999999999999987,4.681429726736886,-0.495818523102589,,,,,,,,,,,False,,,,,,,,,,True,2.3,4/7,3/5,0.59,14.8,True,"uptrend: new high +2.3 ATR above prior 2.5y high, 4/7 HH and 3/5 HL, 30w EMA +15% in 26w",2,hammer,2026-09-04,strong_close,2026-09-29,False,True,False,no TV drawing read (f_rr False),https://www.tradingview.com/chart/?symbol=NYSE:KFY,https://finviz.com/quote.ashx?t=KFY,"$vol(30d) $36.8M < $50M | FAIL: dollar_vol, rr (no TV drawing read)"
KMX,FAIL,"short_float,rr",True,False,True,True,False,True,False,True,True,,False,55.34000015258789,138326322.24007112,2499572.1333333333,7.06,102.95,2026-12-17,72,264,46.86000061035156,49.439998626708984,48.14999961853027,43.34906414576939,63.290000915527344,3.153552340558845,1.0000000000000004,4.800935472760882,1.4976249055734239,,,,,,,,,,,False,,,,,,,,,,False,-5.41,3/6,1/5,0.35,16.8,True,"no new high: recent high 65.28 is -5.41 ATR vs prior 2.5y high 91.25 (needs >= +1); choppy swings: 3/6 higher highs, 1/5 higher lows",0,hammer,2026-09-25,hammer,2026-10-05,False,True,False,no TV drawing read (f_rr False),https://www.tradingview.com/chart/?symbol=NYSE:KMX,https://finviz.com/quote.ashx?t=KMX,"short float 7.06% >= 5% | FAIL: short_float, rr (no TV drawing read)"
KOP,FAIL,"dollar_vol,rr",False,True,True,True,False,True,False,True,True,,False,46.0099983215332,7090915.242986679,154116.83333333334,4.3,103.06,2026-10-30,24,264,29.477861404418945,30.072239189067158,29.775050296743053,26.39979777849336,47.939998626708984,5.381804244793438,1.0000000000000002,3.375252518249691,4.809995085407455,,,,,,,,,,,False,,,,,,,,,,False,-0.77,3/4,2/4,0.62,34.2,True,no new high: recent high 52.90 is -0.77 ATR vs prior 2.5y high 55.48 (needs >= +1),2,hammer,2026-10-02,strong_close,2026-10-05,False,True,False,no TV drawing read (f_rr False),https://www.tradingview.com/chart/?symbol=NYSE:KOP,https://finviz.com/quote.ashx?t=KOP,"$vol(30d) $7.1M < $50M | FAIL: dollar_vol, rr (no TV drawing read)"
KRYS,FAIL,"short_float,rr",True,False,True,True,False,True,False,True,True,,False,326.80999755859375,88509820.9147949,270829.6,12.18,99.09,2026-11-09,34,264,289.0,298.3030090332031,293.65150451660156,266.5357862200056,358.239990234375,2.3819573950169604,0.9999999999999991,27.115718296595983,1.2228513616825263,,,,,,,,,,,False,,,,,,,,,,True,3.11,4/5,5/5,0.9,34.8,True,"uptrend: new high +3.1 ATR above prior 2.5y high, 4/5 HH and 5/5 HL, 30w EMA +35% in 26w",2,strong_close,2026-09-25,strong_close,2026-10-05,False,True,False,no TV drawing read (f_rr False),https://www.tradingview.com/chart/?symbol=NASDAQ:KRYS,https://finviz.com/quote.ashx?t=KRYS,"short float 12.18% >= 5% | FAIL: short_float, rr (no TV drawing read)"
KURA,FAIL,"dollar_vol,short_float,rr",False,False,True,True,False,False,False,True,True,,False,10.529999732971191,20508095.15293805,1947587.4333333333,17.14,100.73,2026-10-29,23,264,11.449999809265137,12.220000267028809,11.835000038146973,10.444571426936559,13.25,1.0176717815244203,0.9999999999999997,1.3904286112104143,-0.9385597323401847,,,,,,,,,,,False,,,,,,,,,,False,-6.89,6/7,3/5,0.73,18.1,True,no new high: recent high 13.90 is -6.89 ATR vs prior 2.5y high 23.48 (needs >= +1),0,strong_close,2026-09-04,hammer,2026-10-05,False,True,False,no TV drawing read (f_rr False),https://www.tradingview.com/chart/?symbol=NASDAQ:KURA,https://finviz.com/quote.ashx?t=KURA,"$vol(30d) $20.5M < $50M | FAIL: dollar_vol, short_float, rr (no TV drawing read)"
KWR,FAIL,"dollar_vol,short_float,rr",False,False,True,True,False,False,True,True,True,,False,161.36000061035156,21627064.745805357,134029.9,13.44,91.39,2026-10-29,23,264,160.63099670410156,162.94337340643094,161.78718505526626,150.53012495557823,170.72000122070312,0.7935301123322969,1.0000000000000009,11.257060099688024,-0.037948135759401334,,,,,,,,,,,False,,,,,,,,,,False,-1.39,4/5,4/6,0.73,12.0,True,no new high: recent high 175.14 is -1.39 ATR vs prior 2.5y high 190.80 (needs >= +1),12,hammer,2026-10-02,hammer,2026-10-06,True,True,False,no TV drawing read (f_rr False),https://www.tradingview.com/chart/?symbol=NYSE:KWR,https://finviz.com/quote.ashx?t=KWR,"$vol(30d) $21.6M < $50M | FAIL: dollar_vol, short_float, rr (no TV drawing read)"
KYMR,FAIL,"short_float,rr",True,False,True,True,False,True,False,True,True,,False,105.9800033569336,79159477.87205581,746928.4333333333,14.12,108.48,2026-10-29,23,263,87.80999755859375,90.0999984741211,88.95499801635742,78.49304035731724,119.9800033569336,2.9655066816072857,1.0000000000000002,10.461957659040179,1.6273250088968638,,,,,,,,,,,False,,,,,,,,,,True,2.59,4/7,3/4,0.66,39.6,True,"uptrend: new high +2.6 ATR above prior 2.5y high, 4/7 HH and 3/4 HL, 30w EMA +40% in 26w",0,hammer,2026-09-18,hammer,2026-10-05,False,True,False,no TV drawing read (f_rr False),https://www.tradingview.com/chart/?symbol=NASDAQ:KYMR,https://finviz.com/quote.ashx?t=KYMR,"short float 14.12% >= 5% | FAIL: short_float, rr (no TV drawing read)"
LBRX,FAIL,"dollar_vol,short_float,history,rr",False,False,True,False,False,True,False,True,True,,False,34.2599983215332,11483514.051399358,335187.23333333334,23.48,83.47,2026-11-05,30,57,31.989999771118164,33.470001220703125,32.730000495910645,29.35000061035156,49.34000015258789,4.914201248243473,0.6710875099553516,5.03660079411098,0.3037758774551878,,,,,,,,,,,False,,,,,,,,,,,,,,,,,not enough history (57 weekly bars < 130),0,engulfing,2026-09-04,hammer,2026-09-28,False,True,False,no TV drawing read (f_rr False),https://www.tradingview.com/chart/?symbol=NASDAQ:LBRX,https://finviz.com/quote.ashx?t=LBRX,"$vol(30d) $11.5M < $50M | FAIL: dollar_vol, short_float, history, rr (no TV drawing read)"
LNC,FAIL,"short_float,rr",True,False,True,True,False,True,False,True,True,,False,42.08000183105469,74451441.69832103,1769283.2333333334,6.41,86.07,2026-11-04,29,264,37.102439880371094,38.04161780042772,37.57202884039941,34.591265940345735,45.470001220703125,2.6496479744032944,0.9944560850835047,2.997380120413644,1.5039710712544416,,,,,,,,,,,False,,,,,,,,,,False,0.82,3/6,3/4,0.62,9.1,True,no new high: recent high 47.67 is +0.82 ATR vs prior 2.5y high 45.22 (needs >= +1),2,hammer,2026-09-25,strong_close,2026-10-05,False,True,False,no TV drawing read (f_rr False),https://www.tradingview.com/chart/?symbol=NYSE:LNC,https://finviz.com/quote.ashx?t=LNC,"short float 6.41% >= 5% | FAIL: short_float, rr (no TV drawing read)"
LNTH,FAIL,"short_float,rr",True,False,True,True,False,True,True,True,True,,False,99.94999694824219,98581924.70167999,986312.4333333333,6.41,116.52,2026-10-29,23,264,57.689998626708984,58.29600143432617,57.99300003051758,54.52142769949777,110.37999725341797,15.090279627707258,0.9999999999999991,3.4715723310198103,12.085877209823051,,,,,,,,,,,False,,,,,,,,,,False,-4.33,4/7,3/4,0.66,36.2,True,no new high: recent high 111.86 is -4.33 ATR vs prior 2.5y high 126.89 (needs >= +1),6,hammer,2026-10-02,strong_close,2026-10-05,False,True,False,no TV drawing read (f_rr False),https://www.tradingview.com/chart/?symbol=NASDAQ:LNTH,https://finviz.com/quote.ashx?t=LNTH,"short float 6.41% >= 5% | FAIL: short_float, rr (no TV drawing read)"
LOCO,FAIL,"dollar_vol,short_float,rr",False,False,True,True,False,True,True,True,True,,False,14.390000343322754,3045960.152671814,211672.0,6.7,91.43,2026-10-29,23,264,14.1899995803833,14.345000267028809,14.267499923706055,13.319999923706055,16.81999969482422,2.693931156852944,0.9857395441606099,0.9612072535923549,0.1274443354010011,,,,,,,,,,,False,,,,,,,,,,True,3.02,4/7,3/5,0.59,25.5,True,"uptrend: new high +3.0 ATR above prior 2.5y high, 4/7 HH and 3/5 HL, 30w EMA +26% in 26w",8,hammer,2026-09-11,hammer,2026-10-05,False,True,False,no TV drawing read (f_rr False),https://www.tradingview.com/chart/?symbol=NASDAQ:LOCO,https://finviz.com/quote.ashx?t=LOCO,"$vol(30d) $3.0M < $50M | FAIL: dollar_vol, short_float, rr (no TV drawing read)"
LPLA,FAIL,rr,True,True,True,True,False,False,True,True,True,,True,332.3900146484375,262290245.80047202,789103.8666666667,2.26,105.88,2026-10-22,16,264,320.8233826009228,339.3589118594025,330.0911472301626,308.2718395888981,370.69000244140625,1.8606848520923447,1.0000000000000009,21.819307641264494,0.10535932010634846,no,,,,,,,2026-10-06,charts/latest/LPLA.webp,,False,,,,,,,,,,False,-1.06,3/6,2/5,0.45,-1.3,False,"no new high: recent high 378.70 is -1.06 ATR vs prior 2.5y high 401.79 (needs >= +1); choppy swings: 3/6 higher highs, 2/5 higher lows; 30w EMA falling (-1% in 26w)",14,hammer,2026-10-02,strong_close,2026-10-05,False,True,False,TV drawing not found (f_rr False),https://www.tradingview.com/chart/?symbol=NASDAQ:LPLA,https://finviz.com/quote.ashx?t=LPLA,FAIL: rr (TV drawing not found)
LQDT,FAIL,"dollar_vol,rr",False,True,True,True,False,True,False,True,True,,False,41.5099983215332,9879458.469521713,238001.9,4.38,80.58,2026-12-03,58,262,32.81999969482422,33.61000061035156,33.21500015258789,30.410000937325613,43.470001220703125,3.6559728830998455,1.0000000000000002,2.804999215262277,2.957219425877701,,,,,,,,,,,False,,,,,,,,,,True,1.88,7/8,5/8,0.75,30.4,True,"uptrend: new high +1.9 ATR above prior 2.5y high, 7/8 HH and 5/8 HL, 30w EMA +30% in 26w",0,hammer,2026-09-25,engulfing,2026-10-01,False,True,False,no TV drawing read (f_rr False),https://www.tradingview.com/chart/?symbol=NASDAQ:LQDT,https://finviz.com/quote.ashx?t=LQDT,"$vol(30d) $9.9M < $50M | FAIL: dollar_vol, rr (no TV drawing read)"
LTH,FAIL,"short_float,rr",True,False,True,True,False,True,False,True,True,,False,40.369998931884766,115615427.32569708,2863894.7333333334,5.99,85.18,2026-10-22,16,262,33.7400016784668,35.33000183105469,34.53500175476074,31.74957275390625,46.0,4.116061921421122,1.0,2.785429000854492,2.0948289025977718,,,,,,,,,,,False,,,,,,,,,,True,4.4,4/8,3/5,0.55,38.8,True,"uptrend: new high +4.4 ATR above prior 2.5y high, 4/8 HH and 3/5 HL, 30w EMA +39% in 26w",2,hammer,2026-10-02,engulfing,2026-10-01,False,True,False,no TV drawing read (f_rr False),https://www.tradingview.com/chart/?symbol=NYSE:LTH,https://finviz.com/quote.ashx?t=LTH,"short float 5.99% >= 5% | FAIL: short_float, rr (no TV drawing read)"
LW,FAIL,"no_earnings_14d,rr",True,True,False,True,False,True,True,True,True,,False,47.93000030517578,95174956.28798981,1985707.4,4.9,95.22,2026-10-06,0,264,44.09986877441406,44.35077269493586,44.225320734674966,40.418229403738685,54.97999954223633,2.824906962480581,1.0000000000000004,3.8070913309362795,0.9730997363779349,,,,,,,,,,,False,,,,,,,,,,False,-7.49,4/7,4/7,0.57,-0.1,False,no new high: recent high 55.70 is -7.49 ATR vs prior 2.5y high 84.23 (needs >= +1); 30w EMA falling (-0% in 26w),26,hammer,2026-10-02,strong_close,2026-10-05,False,True,True,no TV drawing read (f_rr False),https://www.tradingview.com/chart/?symbol=NYSE:LW,https://finviz.com/quote.ashx?t=LW,"FAIL: no_earnings_14d, rr (no TV drawing read)"
LYFT,FAIL,"short_float,rr",True,False,True,True,False,True,True,True,True,,False,15.760000228881836,150515996.7086043,9550507.266666668,21.0,111.65,2026-11-11,36,262,14.350000381469727,15.277999877929688,14.814000129699707,13.475357396262032,17.700000762939453,2.1559155113989292,1.0000000000000004,1.3386427334376745,0.7066860152841322,,,,,,,,,,,False,,,,,,,,,,False,-5.65,3/6,3/6,0.5,-3.2,False,no new high: recent high 17.98 is -5.65 ATR vs prior 2.5y high 25.54 (needs >= +1); 30w EMA falling (-3% in 26w),10,engulfing,2026-10-02,hammer,2026-10-06,True,True,False,no TV drawing read (f_rr False),https://www.tradingview.com/chart/?symbol=NASDAQ:LYFT,https://finviz.com/quote.ashx?t=LYFT,"short float 21.00% >= 5% | FAIL: short_float, rr (no TV drawing read)"
LYV,FAIL,"short_float,rr",True,False,True,True,False,True,True,True,True,,False,171.8000030517578,313125365.6421814,1822615.6,14.46,84.92,2026-10-29,23,264,160.58999633789062,165.97999572753906,163.28499603271484,154.07214028494698,188.4600067138672,2.7325957738187614,1.0000000000000004,9.212855747767858,0.9242527238208449,,,,,,,,,,,False,,,,,,,,,,True,1.52,4/4,4/4,1.0,13.0,True,"uptrend: new high +1.5 ATR above prior 2.5y high, 4/4 HH and 4/4 HL, 30w EMA +13% in 26w",9,rejection,2026-10-02,strong_close,2026-10-06,False,True,False,no TV drawing read (f_rr False),https://www.tradingview.com/chart/?symbol=NYSE:LYV,https://finviz.com/quote.ashx?t=LYV,"short float 14.46% >= 5% | FAIL: short_float, rr (no TV drawing read)"
M,FAIL,"short_float,rr",True,False,True,True,False,False,True,True,True,,False,22.459999084472656,140694168.8329437,6264210.8,13.7,99.7,2026-11-12,37,264,22.08687400817871,22.203631770318612,22.14525288924866,20.298990776502855,25.18402099609375,1.6459028682150456,1.0000000000000002,1.8462621127458045,0.17047752486016113,,,,,,,,,,,False,,,,,,,,,,True,1.51,4/6,5/6,0.75,17.8,True,"uptrend: new high +1.5 ATR above prior 2.5y high, 4/6 HH and 5/6 HL, 30w EMA +18% in 26w",29,hammer,2026-09-11,hammer,2026-10-06,False,True,False,no TV drawing read (f_rr False),https://www.tradingview.com/chart/?symbol=NYSE:M,https://finviz.com/quote.ashx?t=M,"short float 13.70% >= 5% | FAIL: short_float, rr (no TV drawing read)"
MAC,FAIL,"short_float,rr",True,False,True,True,False,True,False,True,True,,False,22.959999084472656,70422286.97591934,3067172.9,11.54,111.17,2026-11-04,29,264,21.9844913482666,22.240813006470994,22.112652177368798,20.921806421774818,24.553985531356954,2.050083600264795,0.9999999999999987,1.1908457555939813,0.7115505119982654,,,,,,,,,,,False,,,,,,,,,,True,4.49,6/8,3/4,0.75,24.5,True,"uptrend: new high +4.5 ATR above prior 2.5y high, 6/8 HH and 3/4 HL, 30w EMA +24% in 26w",3,hammer,2026-10-02,hammer,2026-10-02,False,True,False,no TV drawing read (f_rr False),https://www.tradingview.com/chart/?symbol=NYSE:MAC,https://finviz.com/quote.ashx?t=MAC,"short float 11.54% >= 5% | FAIL: short_float, rr (no TV drawing read)"
MAN,FAIL,"dollar_vol,short_float,no_earnings_14d,rr",False,False,False,True,False,True,True,True,True,,False,51.86000061035156,38172058.21992187,736059.7333333333,9.92,120.41,2026-10-15,9,263,30.4213809967041,31.789511211864244,31.105446104284173,25.740190503227602,62.38999938964844,5.830953007943079,0.93384194855915,5.7453572409493585,3.6124045269355474,,,,,,,,,,,False,,,,,,,,,,False,-1.33,1/5,2/6,0.27,49.5,True,"no new high: recent high 63.88 is -1.33 ATR vs prior 2.5y high 71.49 (needs >= +1); choppy swings: 1/5 higher highs, 2/6 higher lows",23,hammer,2026-09-25,strong_close,2026-10-01,False,True,True,no TV drawing read (f_rr False),https://www.tradingview.com/chart/?symbol=NYSE:MAN,https://finviz.com/quote.ashx?t=MAN,"$vol(30d) $38.2M < $50M | FAIL: dollar_vol, short_float, no_earnings_14d, rr (no TV drawing read)"
MANH,FAIL,"short_float,rr",True,False,True,True,False,True,True,True,True,,False,202.83999633789062,120085638.89195251,592021.5,5.14,111.07,2026-10-27,21,263,153.00999450683594,162.77000427246094,157.88999938964844,139.8528551374163,223.27999877929688,3.6252966919392615,0.9999999999999998,18.037144252232142,2.4920794733168203,,,,,,,,,,,False,,,,,,,,,,False,-4.74,3/6,3/6,0.5,11.2,True,no new high: recent high 227.03 is -4.74 ATR vs prior 2.5y high 312.60 (needs >= +1),10,hammer,2026-10-02,engulfing,2026-10-05,False,True,False,no TV drawing read (f_rr False),https://www.tradingview.com/chart/?symbol=NASDAQ:MANH,https://finviz.com/quote.ashx?t=MANH,"short float 5.14% >= 5% | FAIL: short_float, rr (no TV drawing read)"
MBIN,FAIL,"dollar_vol,short_float,rr",False,False,True,True,False,False,False,True,True,,False,49.95000076293945,10122665.689614233,202655.96666666667,13.25,97.95,2026-10-22,16,264,50.006271017370125,50.89442807468335,50.450349546026736,47.24778960011143,55.82420204245969,1.6779865442603243,0.8556139564509723,3.7429963849576535,-0.13367599955428316,,,,,,,,,,,False,,,,,,,,,,True,1.25,5/6,6/9,0.75,26.4,True,"uptrend: new high +1.3 ATR above prior 2.5y high, 5/6 HH and 6/9 HL, 30w EMA +26% in 26w",2,hammer,2026-09-25,hammer,2026-10-05,False,True,False,no TV drawing read (f_rr False),https://www.tradingview.com/chart/?symbol=NASDAQ:MBIN,https://finviz.com/quote.ashx?t=MBIN,"$vol(30d) $10.1M < $50M | FAIL: dollar_vol, short_float, rr (no TV drawing read)"
MBX,FAIL,"dollar_vol,short_float,history,rr",False,False,True,False,False,True,True,True,True,,False,56.91999816894531,26294665.59012909,461958.3,13.54,81.37,2026-11-05,30,109,38.189998626708984,40.970001220703125,39.579999923706055,31.914535522460938,68.56999969482422,3.781897384639769,1.0,7.665464401245117,2.2620936368085784,,,,,,,,,,,False,,,,,,,,,,,,,,,,,not enough history (109 weekly bars < 130),20,strong_close,2026-10-02,hammer,2026-10-05,False,True,False,no TV drawing read (f_rr False),https://www.tradingview.com/chart/?symbol=NASDAQ:MBX,https://finviz.com/quote.ashx?t=MBX,"$vol(30d) $26.3M < $50M | FAIL: dollar_vol, short_float, history, rr (no TV drawing read)"
MD,FAIL,"dollar_vol,short_float,rr",False,False,True,True,False,False,False,True,True,,False,26.0,16199764.533333335,623067.8666666667,5.91,104.29,2026-10-29,23,264,23.510000228881836,23.739999771118164,23.625,21.831442832946777,27.030000686645508,1.8984623123219728,1.0,1.7935571670532227,1.3241841652039872,,,,,,,,,,,False,,,,,,,,,,True,1.64,5/9,3/4,0.65,24.4,True,"uptrend: new high +1.6 ATR above prior 2.5y high, 5/9 HH and 3/4 HL, 30w EMA +24% in 26w",2,hammer,2026-09-25,rejection,2026-10-06,False,True,False,no TV drawing read (f_rr False),https://www.tradingview.com/chart/?symbol=NYSE:MD,https://finviz.com/quote.ashx?t=MD,"$vol(30d) $16.2M < $50M | FAIL: dollar_vol, short_float, rr (no TV drawing read)"
MEI,FAIL,"dollar_vol,short_float,rr",False,False,True,True,False,True,False,True,True,,False,15.09000015258789,10447548.527644094,692349.1333333333,9.44,93.11,2026-12-03,58,264,8.996204376220703,9.174347336172405,9.085275856196553,7.6429961373749675,18.209999084472656,6.3265974756488,0.5000000000000001,2.8845594376431705,2.0816781301263454,,,,,,,,,,,False,,,,,,,,,,True,1.41,4/6,2/3,0.67,87.9,True,"uptrend: new high +1.4 ATR above prior 2.5y high, 4/6 HH and 2/3 HL, 30w EMA +88% in 26w",4,strong_close,2026-10-02,strong_close,2026-10-02,False,True,False,no TV drawing read (f_rr False),https://www.tradingview.com/chart/?symbol=NYSE:MEI,https://finviz.com/quote.ashx?t=MEI,"$vol(30d) $10.4M < $50M | FAIL: dollar_vol, short_float, rr (no TV drawing read)"
MHK,FAIL,"short_float,rr",True,False,True,True,False,True,True,True,True,,False,126.05999755859375,123565677.80090128,980213.2333333333,9.66,90.16,2026-10-22,16,264,108.83000183105469,112.76000213623047,110.79500198364258,100.9817864554269,140.10000610351562,2.9862794754291437,0.9999999999999998,9.81321552821568,1.5555549076712043,,,,,,,,,,,False,,,,,,,,,,False,-2.44,4/7,3/5,0.59,6.3,True,no new high: recent high 140.30 is -2.44 ATR vs prior 2.5y high 164.29 (needs >= +1),22,strong_close,2026-10-02,hammer,2026-10-01,False,True,False,no TV drawing read (f_rr False),https://www.tradingview.com/chart/?symbol=NYSE:MHK,https://finviz.com/quote.ashx?t=MHK,"short float 9.66% >= 5% | FAIL: short_float, rr (no TV drawing read)"
MITK,FAIL,"dollar_vol,short_float,rr",False,False,True,True,False,True,True,True,True,,False,17.469999313354492,10510208.395903967,601614.7,9.58,88.65,2026-10-29,23,264,14.649999618530273,15.609999656677246,15.12999963760376,13.210713727133614,19.43000030517578,2.2404169405477994,1.0000000000000004,1.9192859104701452,1.219203279191233,,,,,,,,,,,False,,,,,,,,,,True,2.51,4/6,4/5,0.73,41.6,True,"uptrend: new high +2.5 ATR above prior 2.5y high, 4/6 HH and 4/5 HL, 30w EMA +42% in 26w",13,hammer,2026-10-02,hammer,2026-10-05,False,True,False,no TV drawing read (f_rr False),https://www.tradingview.com/chart/?symbol=NASDAQ:MITK,https://finviz.com/quote.ashx?t=MITK,"$vol(30d) $10.5M < $50M | FAIL: dollar_vol, short_float, rr (no TV drawing read)"
MLKN,FAIL,"dollar_vol,short_float,rr",False,False,True,True,False,True,False,True,True,,False,20.719999313354492,13972927.288947487,674369.1,5.74,98.31,2026-12-23,78,264,21.121780395507812,21.159853863126354,21.140817129317085,19.750620351447495,24.293996810913086,2.2681534958152447,0.7926373782702314,1.753887484972523,-0.239934328494958,,,,,,,,,,,False,,,,,,,,,,False,-2.67,4/5,3/4,0.78,12.3,True,no new high: recent high 24.51 is -2.67 ATR vs prior 2.5y high 29.20 (needs >= +1),2,hammer,2026-10-02,hammer,2026-10-05,False,True,False,no TV drawing read (f_rr False),https://www.tradingview.com/chart/?symbol=NASDAQ:MLKN,https://finviz.com/quote.ashx?t=MLKN,"$vol(30d) $14.0M < $50M | FAIL: dollar_vol, short_float, rr (no TV drawing read)"
MMSI,FAIL,"short_float,rr",True,False,True,True,False,True,True,True,True,,False,84.95999908447266,50037199.95680008,588950.1,6.77,105.49,2026-10-22,16,263,70.93000030517578,71.91000366210938,71.42000198364258,66.63643101283482,91.0,4.093176025995309,1.0000000000000004,4.783570970807757,2.8305207936621675,,,,,,,,,,,False,,,,,,,,,,False,-4.01,2/7,2/4,0.39,0.7,True,"no new high: recent high 92.26 is -4.01 ATR vs prior 2.5y high 111.45 (needs >= +1); choppy swings: 2/7 higher highs, 2/4 higher lows",21,strong_close,2026-09-25,strong_close,2026-10-05,False,True,False,no TV drawing read (f_rr False),https://www.tradingview.com/chart/?symbol=NASDAQ:MMSI,https://finviz.com/quote.ashx?t=MMSI,"short float 6.77% >= 5% | FAIL: short_float, rr (no TV drawing read)"
MOH,FAIL,"short_float,rr",True,False,True,True,False,False,True,True,True,,False,195.2550048828125,112751395.38861491,577457.1333333333,6.24,108.71,2026-10-21,15,264,192.6999969482422,198.4199981689453,195.55999755859375,177.93607875279017,206.0,0.5923769030284196,1.0000000000000007,17.623918805803573,-0.01730561058195613,,,,,,,,,,,False,,,,,,,,,,False,-7.28,1/5,2/4,0.35,15.8,True,"no new high: recent high 244.89 is -7.28 ATR vs prior 2.5y high 373.22 (needs >= +1); choppy swings: 1/5 higher highs, 2/4 higher lows",10,hammer,2026-10-02,hammer,2026-10-06,True,True,False,no TV drawing read (f_rr False),https://www.tradingview.com/chart/?symbol=NYSE:MOH,https://finviz.com/quote.ashx?t=MOH,"short float 6.24% >= 5% | FAIL: short_float, rr (no TV drawing read)"
MRK,FAIL,rr,True,True,True,True,False,True,True,True,True,,True,141.92999267578125,1353128885.5895326,9533776.9,1.4,83.08,2026-10-29,23,262,121.3064698777551,121.53348346154952,121.41997666965231,115.94115676967061,151.65481567382812,5.518494777365613,0.6513430205762984,8.411573820402841,2.438308982842248,no,,,,,,,2026-10-06,charts/latest/MRK.webp,,False,,,,,,,,,,True,3.65,7/8,5/6,0.85,23.2,True,"uptrend: new high +3.7 ATR above prior 2.5y high, 7/8 HH and 5/6 HL, 30w EMA +23% in 26w",5,hammer,2026-09-18,strong_close,2026-10-06,False,True,False,TV drawing not found (f_rr False),https://www.tradingview.com/chart/?symbol=NYSE:MRK,https://finviz.com/quote.ashx?t=MRK,FAIL: rr (TV drawing not found)
MSA,FAIL,"dollar_vol,rr",False,True,True,True,False,True,True,True,True,,False,182.4600067138672,39644490.600773625,217277.7,2.43,91.96,2026-10-28,22,264,171.77980293646493,172.84675029575328,172.3132766161091,163.9196190123519,193.63743591308594,2.54050859632773,1.0000000000000016,8.393657603757207,1.2088568031672098,,,,,,,,,,,False,,,,,,,,,,False,-1.33,2/5,1/3,0.37,3.3,True,"no new high: recent high 196.00 is -1.33 ATR vs prior 2.5y high 207.14 (needs >= +1); choppy swings: 2/5 higher highs, 1/3 higher lows",17,hammer,2026-10-02,engulfing,2026-10-05,False,True,False,no TV drawing read (f_rr False),https://www.tradingview.com/chart/?symbol=NYSE:MSA,https://finviz.com/quote.ashx?t=MSA,"$vol(30d) $39.6M < $50M | FAIL: dollar_vol, rr (no TV drawing read)"
MYE,FAIL,"dollar_vol,rr",False,True,True,True,False,True,True,True,True,,False,31.809999465942383,9366894.38107268,294463.8333333333,3.28,97.28,2026-10-29,23,264,22.237417221069336,22.476208046672213,22.356812633870774,20.15789341947137,34.369998931884766,5.463223123135601,0.959224247312916,2.292393275669643,4.123719491067775,,,,,,,,,,,False,,,,,,,,,,True,5.97,8/9,3/5,0.74,47.4,True,"uptrend: new high +6.0 ATR above prior 2.5y high, 8/9 HH and 3/5 HL, 30w EMA +47% in 26w",20,hammer,2026-10-02,hammer,2026-10-05,False,True,False,no TV drawing read (f_rr False),https://www.tradingview.com/chart/?symbol=NYSE:MYE,https://finviz.com/quote.ashx?t=MYE,"$vol(30d) $9.4M < $50M | FAIL: dollar_vol, rr (no TV drawing read)"
NATL,FAIL,"dollar_vol,short_float,rr",False,False,True,True,False,False,False,True,True,,False,45.68000030517578,32847856.312781014,719086.1666666666,6.07,96.67,2026-11-17,42,157,44.689998626708984,45.20000076293945,44.94499969482422,43.673928669520784,46.689998626708984,1.3728571394884819,1.0000000000000024,1.2710710253034319,0.578252981713671,,,,,,,,,,,False,,,,,,,,,,False,-0.24,4/7,3/5,0.59,12.5,True,no new high: recent high 48.20 is -0.24 ATR vs prior 2.5y high 48.50 (needs >= +1),2,hammer,2026-10-02,strong_close,2026-10-06,False,True,False,no TV drawing read (f_rr False),https://www.tradingview.com/chart/?symbol=NYSE:NATL,https://finviz.com/quote.ashx?t=NATL,"$vol(30d) $32.8M < $50M | FAIL: dollar_vol, short_float, rr (no TV drawing read)"
NCNO,FAIL,"dollar_vol,short_float,rr",False,False,True,True,False,True,True,True,True,,False,19.1200008392334,48136609.7128582,2517605.0,19.56,119.63,2026-12-02,57,264,18.459999084472656,18.889999389648438,18.674999237060547,16.660000076293944,23.1200008392334,2.2059570488762676,0.9590993148706213,2.100928579057966,0.21181186576670089,,,,,,,,,,,False,,,,,,,,,,False,-9.1,4/7,2/6,0.45,-8.7,False,"no new high: recent high 24.09 is -9.10 ATR vs prior 2.5y high 43.20 (needs >= +1); choppy swings: 4/7 higher highs, 2/6 higher lows; 30w EMA falling (-9% in 26w)",15,hammer,2026-10-02,strong_close,2026-10-05,False,True,False,no TV drawing read (f_rr False),https://www.tradingview.com/chart/?symbol=NASDAQ:NCNO,https://finviz.com/quote.ashx?t=NCNO,"$vol(30d) $48.1M < $50M | FAIL: dollar_vol, short_float, rr (no TV drawing read)"
NEO,FAIL,"dollar_vol,short_float,rr",False,False,True,True,False,True,True,True,True,,False,16.5049991607666,36211951.10355613,2193998.966666667,13.26,113.45,2026-11-10,35,262,15.329999923706055,15.569999694824219,15.449999809265137,13.533571379525322,19.920000076293945,2.3324639718665,0.9999999999999997,1.9164284297398158,0.5505028704070608,,,,,,,,,,,False,,,,,,,,,,False,0.54,4/6,3/5,0.63,48.2,True,no new high: recent high 20.15 is +0.54 ATR vs prior 2.5y high 19.11 (needs >= +1),12,rejection,2026-10-02,strong_close,2026-10-05,False,True,False,no TV drawing read (f_rr False),https://www.tradingview.com/chart/?symbol=NASDAQ:NEO,https://finviz.com/quote.ashx?t=NEO,"$vol(30d) $36.2M < $50M | FAIL: dollar_vol, short_float, rr (no TV drawing read)"
NEOG,FAIL,"dollar_vol,short_float,no_earnings_14d,rr",False,False,False,True,False,True,False,True,True,,False,11.960000038146973,45025559.787611105,3764678.9,5.17,109.76,2026-10-06,0,262,9.539999961853027,9.9399995803833,9.739999771118164,8.52071407863072,12.350000381469727,2.140598078393706,1.0000000000000002,1.2192856924874442,1.820738388637878,,,,,,,,,,,False,,,,,,,,,,False,-3.54,5/8,6/7,0.74,25.7,True,no new high: recent high 14.26 is -3.54 ATR vs prior 2.5y high 18.58 (needs >= +1),0,strong_close,2026-09-25,engulfing,2026-10-05,False,True,True,no TV drawing read (f_rr False),https://www.tradingview.com/chart/?symbol=NASDAQ:NEOG,https://finviz.com/quote.ashx?t=NEOG,"$vol(30d) $45.0M < $50M | FAIL: dollar_vol, short_float, no_earnings_14d, rr (no TV drawing read)"
NRIX,FAIL,"dollar_vol,short_float,no_earnings_14d,rr",False,False,False,True,False,True,True,True,True,,False,22.600000381469727,29465054.090679616,1303763.4333333333,18.19,110.48,2026-10-09,3,264,17.510000228881836,17.68000030517578,17.59500026702881,15.493814740862165,27.049999237060547,4.499840138952998,1.0000000000000002,2.1011855261666432,2.381988668831129,,,,,,,,,,,False,,,,,,,,,,False,-0.63,5/7,2/3,0.69,41.0,True,no new high: recent high 28.23 is -0.63 ATR vs prior 2.5y high 29.56 (needs >= +1),17,engulfing,2026-09-18,hammer,2026-10-06,False,True,True,no TV drawing read (f_rr False),https://www.tradingview.com/chart/?symbol=NASDAQ:NRIX,https://finviz.com/quote.ashx?t=NRIX,"$vol(30d) $29.5M < $50M | FAIL: dollar_vol, short_float, no_earnings_14d, rr (no TV drawing read)"
NSP,FAIL,"dollar_vol,short_float,rr",False,False,True,True,False,False,True,True,True,,False,46.35499954223633,16821285.237053555,362879.63333333336,8.41,112.17,2026-11-02,27,264,44.116486806655885,44.204719780269194,44.16060329346254,39.527559497795444,52.91501998901367,1.8895605311865187,1.0000000000000002,4.633043795667098,0.4736402990245898,,,,,,,,,,,False,,,,,,,,,,False,-9.05,1/4,0/3,0.12,26.0,True,"no new high: recent high 55.25 is -9.05 ATR vs prior 2.5y high 97.20 (needs >= +1); choppy swings: 1/4 higher highs, 0/3 higher lows",22,hammer,2026-09-18,strong_close,2026-10-05,True,True,False,no TV drawing read (f_rr False),https://www.tradingview.com/chart/?symbol=NYSE:NSP,https://finviz.com/quote.ashx?t=NSP,"$vol(30d) $16.8M < $50M | FAIL: dollar_vol, short_float, rr (no TV drawing read)"
NUE,FAIL,rr,True,True,True,True,False,True,True,True,True,False,False,251.10000610351562,274857473.270991,1094613.5666666667,1.9,82.72,2026-10-26,20,264,191.71368408203125,191.9622239178054,191.83795399991834,174.29595437864825,273.0,4.626727154963038,0.9767650306658919,17.959283011300222,3.2998005580906993,yes,220.83,215.19,,,,,2026-10-06,charts/latest/NUE.webp,user,False,user drawing (no Long Position),user drawing (no Long Position),251.1,17.9593,30.27,1.6855,False,,,True,4.7,5/5,3/4,0.88,43.1,True,"uptrend: new high +4.7 ATR above prior 2.5y high, 5/5 HH and 3/4 HL, 30w EMA +43% in 26w",6,hammer,2026-10-02,hammer,2026-10-06,False,True,False,TV R:R  < 2 (f_rr False),https://www.tradingview.com/chart/?symbol=NYSE:NUE,https://finviz.com/quote.ashx?t=NUE,FAIL: rr (TV R:R  < 2)
NWPX,FAIL,"dollar_vol,short_float,rr",False,False,True,True,False,True,False,True,True,,False,105.4800033569336,14138986.18197759,134044.23333333334,7.77,91.37,2026-11-04,29,264,77.5999984741211,82.76000213623047,80.18000030517578,71.43360791887555,148.3000030517578,7.788354299457305,1.0000000000000007,8.746392386300224,2.8926215443279313,,,,,,,,,,,False,,,,,,,,,,True,7.68,3/3,6/6,1.0,59.4,True,"uptrend: new high +7.7 ATR above prior 2.5y high, 3/3 HH and 6/6 HL, 30w EMA +59% in 26w",4,strong_close,2026-10-02,rejection,2026-10-06,False,True,False,no TV drawing read (f_rr False),https://www.tradingview.com/chart/?symbol=NASDAQ:NWPX,https://finviz.com/quote.ashx?t=NWPX,"$vol(30d) $14.1M < $50M | FAIL: dollar_vol, short_float, rr (no TV drawing read)"
NX,FAIL,"dollar_vol,short_float,rr",False,False,True,True,False,False,False,True,True,,False,18.860000610351562,8278624.30058136,438951.43333333335,9.27,109.26,2026-12-10,65,264,21.89618682861328,21.936035215234913,21.916111021924095,19.741977876790358,22.812678432851737,0.4123792569624299,1.0000000000000004,2.1741331451337365,-1.4056684699430144,,,,,,,,,,,False,,,,,,,,,,False,-5.35,4/7,4/6,0.62,8.1,True,no new high: recent high 23.24 is -5.35 ATR vs prior 2.5y high 34.87 (needs >= +1),2,engulfing,2026-09-04,hammer,2026-10-05,False,True,False,no TV drawing read (f_rr False),https://www.tradingview.com/chart/?symbol=NYSE:NX,https://finviz.com/quote.ashx?t=NX,"$vol(30d) $8.3M < $50M | FAIL: dollar_vol, short_float, rr (no TV drawing read)"
OFG,FAIL,"dollar_vol,rr",False,True,True,True,False,True,True,True,True,,False,50.86000061035156,11861313.347009785,233214.96666666667,4.97,98.57,2026-10-21,15,264,42.16169179286037,42.53567610326576,42.34868394806306,40.38439823377735,53.95000076293945,5.906124923937068,1.0000000000000007,1.9642857142857142,4.333033937165055,,,,,,,,,,,False,,,,,,,,,,True,4.49,4/8,2/4,0.5,20.8,True,"uptrend: new high +4.5 ATR above prior 2.5y high, 4/8 HH and 2/4 HL, 30w EMA +21% in 26w",15,hammer,2026-10-02,hammer,2026-10-02,False,True,False,no TV drawing read (f_rr False),https://www.tradingview.com/chart/?symbol=NYSE:OFG,https://finviz.com/quote.ashx?t=OFG,"$vol(30d) $11.9M < $50M | FAIL: dollar_vol, rr (no TV drawing read)"
OII,FAIL,"dollar_vol,short_float,rr",False,False,True,True,False,True,False,True,True,,False,45.0,36901971.0,820043.8,7.7,105.34,2026-10-28,22,264,26.940000534057617,27.709999084472656,27.324999809265137,23.840000381469725,53.0,7.367289643136815,0.7826611094276188,4.452756609235491,3.969451228049391,,,,,,,,,,,False,,,,,,,,,,True,3.42,5/5,4/4,1.0,43.8,True,"uptrend: new high +3.4 ATR above prior 2.5y high, 5/5 HH and 4/4 HL, 30w EMA +44% in 26w",2,hammer,2026-09-11,strong_close,2026-10-05,False,True,False,no TV drawing read (f_rr False),https://www.tradingview.com/chart/?symbol=NYSE:OII,https://finviz.com/quote.ashx?t=OII,"$vol(30d) $36.9M < $50M | FAIL: dollar_vol, short_float, rr (no TV drawing read)"
ONB,FAIL,"short_float,rr",True,False,True,True,False,True,True,True,True,,False,24.895000457763672,103932542.47142155,4174835.933333333,6.23,86.51,2026-10-27,21,264,24.107157917767047,24.31472360859983,24.210940763183437,23.147319360421374,27.01835823059082,2.639489446260621,1.0000000000000016,1.0636214027620616,0.64314209248125,,,,,,,,,,,False,,,,,,,,,,True,1.41,3/5,4/7,0.59,12.1,True,"uptrend: new high +1.4 ATR above prior 2.5y high, 3/5 HH and 4/7 HL, 30w EMA +12% in 26w",8,hammer,2026-10-02,hammer,2026-10-05,False,True,False,no TV drawing read (f_rr False),https://www.tradingview.com/chart/?symbol=NASDAQ:ONB,https://finviz.com/quote.ashx?t=ONB,"short float 6.23% >= 5% | FAIL: short_float, rr (no TV drawing read)"
OPLN,FAIL,"dollar_vol,rr",False,True,True,True,False,True,False,True,True,,False,34.959999084472656,34357483.310917914,982765.5666666667,2.29,88.02,2026-11-03,28,264,31.020000457763672,31.06999969482422,31.045000076293945,29.882142748151505,40.400001525878906,8.044840259577445,0.5000000000000007,2.325714656284877,1.6833531136758515,,,,,,,,,,,False,,,,,,,,,,True,4.78,3/5,4/4,0.8,25.1,True,"uptrend: new high +4.8 ATR above prior 2.5y high, 3/5 HH and 4/4 HL, 30w EMA +25% in 26w",2,strong_close,2026-10-02,strong_close,2026-10-02,False,True,False,no TV drawing read (f_rr False),https://www.tradingview.com/chart/?symbol=NYSE:OPLN,https://finviz.com/quote.ashx?t=OPLN,"$vol(30d) $34.4M < $50M | FAIL: dollar_vol, rr (no TV drawing read)"
ORIC,FAIL,"dollar_vol,short_float,rr",False,False,True,True,False,False,True,True,True,,False,11.979999542236328,17006576.93483416,1419580.7666666666,25.7,86.57,2026-11-09,34,262,13.710000038146973,14.045000076293945,13.877500057220459,12.308571406773158,14.15999984741211,0.18005904227136765,1.0000000000000002,1.5689286504473006,-1.2094243510966256,,,,,,,,,,,False,,,,,,,,,,False,-0.16,3/6,3/5,0.55,6.5,True,no new high: recent high 14.68 is -0.16 ATR vs prior 2.5y high 14.93 (needs >= +1),12,engulfing,2026-09-18,hammer,2026-10-05,False,True,False,no TV drawing read (f_rr False),https://www.tradingview.com/chart/?symbol=NASDAQ:ORIC,https://finviz.com/quote.ashx?t=ORIC,"$vol(30d) $17.0M < $50M | FAIL: dollar_vol, short_float, rr (no TV drawing read)"
ORKA,FAIL,"short_float,rr",True,False,True,True,False,True,True,True,True,,False,80.18000030517578,73785017.20416895,920242.1666666666,12.97,103.51,2026-11-18,43,264,34.38999938964844,36.5099983215332,35.44999885559082,30.10285677228655,111.04000091552734,14.136523937891255,0.5000000000000001,10.694284166608538,4.182608274918331,,,,,,,,,,,False,,,,,,,,,,True,4.76,4/4,5/5,1.0,131.6,True,"uptrend: new high +4.8 ATR above prior 2.5y high, 4/4 HH and 5/5 HL, 30w EMA +132% in 26w",13,hammer,2026-10-02,hammer,2026-10-05,False,True,False,no TV drawing read (f_rr False),https://www.tradingview.com/chart/?symbol=NASDAQ:ORKA,https://finviz.com/quote.ashx?t=ORKA,"short float 12.97% >= 5% | FAIL: short_float, rr (no TV drawing read)"
OUT,FAIL,"dollar_vol,short_float,rr",False,False,True,True,False,True,False,True,True,,False,29.059999465942383,46833205.56731071,1611603.8,5.6,102.05,2026-10-29,23,262,28.037744522094727,28.400091336886213,28.21891792949047,26.761734916357014,33.04487515499858,3.3118401614705926,1.0000000000000002,1.4571830131334556,0.577196912722234,,,,,,,,,,,False,,,,,,,,,,True,3.65,4/6,3/3,0.83,24.0,True,"uptrend: new high +3.6 ATR above prior 2.5y high, 4/6 HH and 3/3 HL, 30w EMA +24% in 26w",2,strong_close,2026-10-02,hammer,2026-10-06,False,True,False,no TV drawing read (f_rr False),https://www.tradingview.com/chart/?symbol=NYSE:OUT,https://finviz.com/quote.ashx?t=OUT,"$vol(30d) $46.8M < $50M | FAIL: dollar_vol, short_float, rr (no TV drawing read)"
PAGP,FAIL,"dollar_vol,short_float,rr",False,False,True,True,False,True,False,True,True,,False,26.239999771118164,44695773.28480193,1703345.0333333334,9.46,81.17,2026-10-29,23,263,25.542062759399414,25.738917602217157,25.640490180808285,24.469566286599136,28.31999969482422,2.2883720515633454,1.0,1.1709238942091496,0.511997059138324,,,,,,,,,,,False,,,,,,,,,,True,4.05,5/5,3/3,1.0,23.6,True,"uptrend: new high +4.1 ATR above prior 2.5y high, 5/5 HH and 3/3 HL, 30w EMA +24% in 26w",0,rejection,2026-09-04,strong_close,2026-10-02,False,True,False,no TV drawing read (f_rr False),https://www.tradingview.com/chart/?symbol=NASDAQ:PAGP,https://finviz.com/quote.ashx?t=PAGP,"$vol(30d) $44.7M < $50M | FAIL: dollar_vol, short_float, rr (no TV drawing read)"
PBI,FAIL,"dollar_vol,short_float,rr",False,False,True,True,False,True,True,True,True,,False,16.559999465942383,25204817.643148232,1522030.1,13.62,87.71,2026-11-04,29,264,10.600667953491211,10.777269590974814,10.688968772233013,9.797314962463306,17.399999618530273,7.52649825836617,0.7771740363958672,1.1473026220802975,5.117246819382295,,,,,,,,,,,False,,,,,,,,,,False,5.52,1/5,2/4,0.35,51.9,True,"choppy swings: 1/5 higher highs, 2/4 higher lows",19,hammer,2026-10-02,hammer,2026-10-01,False,True,False,no TV drawing read (f_rr False),https://www.tradingview.com/chart/?symbol=NYSE:PBI,https://finviz.com/quote.ashx?t=PBI,"$vol(30d) $25.2M < $50M | FAIL: dollar_vol, short_float, rr (no TV drawing read)"
PCRX,FAIL,"dollar_vol,short_float,rr",False,False,True,True,False,False,True,True,True,,False,24.760000228881836,13048412.827286402,526995.6666666666,19.8,112.86,2026-10-29,23,264,24.719999313354492,24.889999389648438,24.804999351501465,23.09464223044259,26.350000381469727,0.9033207222897166,1.0000000000000002,1.7103571210588728,-0.02630978177924046,,,,,,,,,,,False,,,,,,,,,,False,-2.34,2/5,1/4,0.33,6.4,True,"no new high: recent high 27.66 is -2.34 ATR vs prior 2.5y high 31.67 (needs >= +1); choppy swings: 2/5 higher highs, 1/4 higher lows",7,hammer,2026-09-25,rejection,2026-10-02,False,True,False,no TV drawing read (f_rr False),https://www.tradingview.com/chart/?symbol=NASDAQ:PCRX,https://finviz.com/quote.ashx?t=PCRX,"$vol(30d) $13.0M < $50M | FAIL: dollar_vol, short_float, rr (no TV drawing read)"
PCTY,FAIL,"short_float,rr",True,False,True,True,False,True,True,False,True,,False,146.16000366210938,89438814.08093262,611924.0,6.57,88.06,2026-10-29,23,264,117.55000305175781,123.36499786376953,120.45750045776367,108.7702876499721,157.92999267578125,3.2062813293718433,0.9999999999999996,11.687212807791573,2.199198699215136,,,,,,,,,,,False,,,,,,,,,,False,-5.29,2/5,1/5,0.3,0.9,True,"no new high: recent high 161.93 is -5.29 ATR vs prior 2.5y high 223.80 (needs >= +1); choppy swings: 2/5 higher highs, 1/5 higher lows",15,,,strong_close,2026-10-05,False,True,False,no TV drawing read (f_rr False),https://www.tradingview.com/chart/?symbol=NASDAQ:PCTY,https://finviz.com/quote.ashx?t=PCTY,"short float 6.57% >= 5% | FAIL: short_float, rr (no TV drawing read)"
PFBC,FAIL,"dollar_vol,short_float,rr",False,False,True,True,False,True,True,True,True,,False,104.54000091552734,15829314.521294657,151418.73333333334,10.38,88.78,2026-10-21,15,263,95.00786590576172,96.7249908535623,95.86642837966201,90.46853887656101,107.9000015258789,2.229310759196498,1.0000000000000009,5.397889503100993,1.6068451439923912,,,,,,,,,,,False,,,,,,,,,,True,2.01,4/8,3/5,0.55,13.1,True,"uptrend: new high +2.0 ATR above prior 2.5y high, 4/8 HH and 3/5 HL, 30w EMA +13% in 26w",10,rejection,2026-10-02,hammer,2026-10-05,False,True,False,no TV drawing read (f_rr False),https://www.tradingview.com/chart/?symbol=NASDAQ:PFBC,https://finviz.com/quote.ashx?t=PFBC,"$vol(30d) $15.8M < $50M | FAIL: dollar_vol, short_float, rr (no TV drawing read)"
PGNY,FAIL,"dollar_vol,short_float,rr",False,False,True,True,False,False,True,True,True,,False,25.90999984741211,27910434.06929792,1077207.0333333334,6.32,103.21,2026-10-29,23,264,23.670000076293945,23.8799991607666,23.774999618530273,21.667499678475515,27.690000534057617,1.8576517328041404,1.0000000000000004,2.1074999400547574,1.0130487732428424,,,,,,,,,,,False,,,,,,,,,,False,-0.63,5/9,2/5,0.48,22.0,True,"no new high: recent high 33.06 is -0.63 ATR vs prior 2.5y high 34.40 (needs >= +1); choppy swings: 5/9 higher highs, 2/5 higher lows",8,hammer,2026-10-02,hammer,2026-10-06,True,True,False,no TV drawing read (f_rr False),https://www.tradingview.com/chart/?symbol=NASDAQ:PGNY,https://finviz.com/quote.ashx?t=PGNY,"$vol(30d) $27.9M < $50M | FAIL: dollar_vol, short_float, rr (no TV drawing read)"
PGR,FAIL,"no_earnings_14d,rr",True,True,False,True,False,False,False,True,True,,False,212.0500030517578,508329773.20905757,2397216.533333333,1.08,90.31,2026-10-08,2,264,202.7299793447737,208.3674785494131,205.54872894709342,193.59913417693437,220.39999389648438,1.2428258225524142,1.000000000000001,11.94959477015904,0.544058123284616,,,,,,,,,,,False,,,,,,,,,,False,-2.97,1/8,1/5,0.16,0.4,True,"no new high: recent high 239.38 is -2.97 ATR vs prior 2.5y high 274.91 (needs >= +1); choppy swings: 1/8 higher highs, 1/5 higher lows",1,strong_close,2026-10-02,strong_close,2026-10-05,False,True,True,no TV drawing read (f_rr False),https://www.tradingview.com/chart/?symbol=NYSE:PGR,https://finviz.com/quote.ashx?t=PGR,"FAIL: no_earnings_14d, rr (no TV drawing read)"
PK,FAIL,"short_float,rr",True,False,True,True,False,True,False,True,True,,False,15.239999771118164,53390136.25816059,3503289.8333333335,18.61,108.77,2026-11-04,29,264,11.213682174682617,11.297219076086563,11.25545062538459,10.4615532405446,15.859999656677246,5.799929712856657,1.0000000000000007,0.7938973848399898,5.018972504282352,,,,,,,,,,,False,,,,,,,,,,True,2.84,6/7,6/6,0.93,33.2,True,"uptrend: new high +2.8 ATR above prior 2.5y high, 6/7 HH and 6/6 HL, 30w EMA +33% in 26w",4,hammer,2026-10-02,hammer,2026-10-02,False,True,False,no TV drawing read (f_rr False),https://www.tradingview.com/chart/?symbol=NYSE:PK,https://finviz.com/quote.ashx?t=PK,"short float 18.61% >= 5% | FAIL: short_float, rr (no TV drawing read)"
PLMR,FAIL,"dollar_vol,rr",False,True,True,True,False,False,False,True,True,,False,126.87999725341797,26809257.04632441,211296.16666666666,3.64,94.83,2026-11-04,29,264,132.7178787948738,134.32229295327141,133.5200858740726,124.46183439359356,136.5800018310547,0.33780426206717085,1.0000000000000007,9.058251480479038,-0.733043086181074,,,,,,,,,,,False,,,,,,,,,,False,-3.11,3/7,2/5,0.41,2.3,True,"no new high: recent high 147.11 is -3.11 ATR vs prior 2.5y high 175.24 (needs >= +1); choppy swings: 3/7 higher highs, 2/5 higher lows",2,hammer,2026-10-02,hammer,2026-10-06,False,True,False,no TV drawing read (f_rr False),https://www.tradingview.com/chart/?symbol=NASDAQ:PLMR,https://finviz.com/quote.ashx?t=PLMR,"$vol(30d) $26.8M < $50M | FAIL: dollar_vol, rr (no TV drawing read)"
PRGS,FAIL,"dollar_vol,short_float,rr",False,False,True,True,False,True,False,False,True,,False,37.20000076293945,22325765.217881903,600154.9666666667,11.72,115.03,2027-01-19,105,264,33.650001525878906,35.380001068115234,34.51500129699707,30.879999389648436,44.7599983215332,2.8184296145277186,0.9708132808823323,3.7442853110177174,0.7170926473048564,,,,,,,,,,,False,,,,,,,,,,False,-6.46,4/7,2/5,0.49,-3.1,False,"no new high: recent high 46.36 is -6.46 ATR vs prior 2.5y high 70.56 (needs >= +1); choppy swings: 4/7 higher highs, 2/5 higher lows; 30w EMA falling (-3% in 26w)",0,,,rejection,2026-10-06,False,True,False,no TV drawing read (f_rr False),https://www.tradingview.com/chart/?symbol=NASDAQ:PRGS,https://finviz.com/quote.ashx?t=PRGS,"$vol(30d) $22.3M < $50M | FAIL: dollar_vol, short_float, rr (no TV drawing read)"
PSMT,FAIL,"dollar_vol,short_float,rr",False,False,True,True,False,True,False,True,True,,False,172.0,38511144.0,223902.0,7.59,91.55,2026-10-26,20,264,161.1516306511763,164.60814848667107,162.8798895689237,152.41565536881046,197.43016587276261,3.3017491431398858,0.9311352301416138,11.238146577830321,0.8115315428495751,,,,,,,,,,,False,,,,,,,,,,True,3.05,6/6,5/5,1.0,24.9,True,"uptrend: new high +3.0 ATR above prior 2.5y high, 6/6 HH and 5/5 HL, 30w EMA +25% in 26w",2,strong_close,2026-09-25,hammer,2026-10-02,False,True,False,no TV drawing read (f_rr False),https://www.tradingview.com/chart/?symbol=NASDAQ:PSMT,https://finviz.com/quote.ashx?t=PSMT,"$vol(30d) $38.5M < $50M | FAIL: dollar_vol, short_float, rr (no TV drawing read)"
PTEN,FAIL,"short_float,rr",True,False,True,True,False,False,False,True,True,,False,11.40999984741211,95934445.78705215,8407927.0,9.2,112.63,2026-10-28,22,264,12.211823463439941,12.221656074466415,12.216739768953179,11.102781921337986,12.880000114440918,0.5954088360773022,0.9999999999999998,1.1139578476151935,-0.7242104566776664,,,,,,,,,,,False,,,,,,,,,,True,1.65,5/8,2/5,0.51,35.4,True,"uptrend: new high +1.6 ATR above prior 2.5y high, 5/8 HH and 2/5 HL, 30w EMA +35% in 26w",2,hammer,2026-10-02,hammer,2026-10-06,False,True,False,no TV drawing read (f_rr False),https://www.tradingview.com/chart/?symbol=NASDAQ:PTEN,https://finviz.com/quote.ashx?t=PTEN,"short float 9.20% >= 5% | FAIL: short_float, rr (no TV drawing read)"
PTGX,FAIL,"short_float,rr",True,False,True,True,False,True,False,True,True,,False,138.69000244140625,89157603.12647095,642855.3,13.3,114.66,2026-11-05,30,264,105.9800033569336,106.90299987792969,106.44150161743164,95.3900015258789,155.11000061035156,4.403791212934061,0.9911404082310108,11.150287083217076,2.892167760641216,,,,,,,,,,,False,,,,,,,,,,True,4.75,5/5,5/7,0.86,49.2,True,"uptrend: new high +4.8 ATR above prior 2.5y high, 5/5 HH and 5/7 HL, 30w EMA +49% in 26w",0,hammer,2026-09-25,hammer,2026-10-06,False,True,False,no TV drawing read (f_rr False),https://www.tradingview.com/chart/?symbol=NASDAQ:PTGX,https://finviz.com/quote.ashx?t=PTGX,"short float 13.30% >= 5% | FAIL: short_float, rr (no TV drawing read)"
PVLA,FAIL,"dollar_vol,short_float,rr",False,False,True,True,False,False,False,True,True,,False,128.0,28219805.866666667,220467.23333333334,25.45,88.37,2026-11-17,42,264,130.00999450683594,133.3300018310547,131.6699981689453,114.62857055664062,157.24000549316406,1.5004615755170676,1.0,17.041427612304688,-0.21535743673818775,,,,,,,,,,,False,,,,,,,,,,False,0.6,3/6,2/4,0.5,40.4,True,no new high: recent high 161.38 is +0.60 ATR vs prior 2.5y high 151.18 (needs >= +1),0,strong_close,2026-09-04,hammer,2026-10-05,False,True,False,no TV drawing read (f_rr False),https://www.tradingview.com/chart/?symbol=NASDAQ:PVLA,https://finviz.com/quote.ashx?t=PVLA,"$vol(30d) $28.2M < $50M | FAIL: dollar_vol, short_float, rr (no TV drawing read)"
QNST,FAIL,"dollar_vol,short_float,rr",False,False,True,True,False,True,False,True,True,,False,15.020000457763672,15773050.71071434,1050136.5,11.18,94.07,2026-11-04,29,264,13.210000038146973,13.850000381469727,13.53000020980835,11.456600666046143,21.829999923706055,4.003087460334472,1.0,2.073399543762207,0.7186266884440902,,,,,,,,,,,False,,,,,,,,,,False,-1.92,3/8,2/5,0.39,16.5,True,"no new high: recent high 22.29 is -1.92 ATR vs prior 2.5y high 26.27 (needs >= +1); choppy swings: 3/8 higher highs, 2/5 higher lows",1,strong_close,2026-10-02,hammer,2026-10-06,False,True,False,no TV drawing read (f_rr False),https://www.tradingview.com/chart/?symbol=NASDAQ:QNST,https://finviz.com/quote.ashx?t=QNST,"$vol(30d) $15.8M < $50M | FAIL: dollar_vol, short_float, rr (no TV drawing read)"
QTWO,FAIL,"dollar_vol,short_float,rr",False,False,True,True,False,True,False,True,True,,False,57.400001525878906,32613898.31365026,568186.3666666667,8.67,109.52,2026-11-11,36,264,51.810001373291016,52.41999816894531,52.114999771118164,47.14571407863072,65.12999725341797,2.6190881924892837,1.0000000000000004,4.9692856924874445,1.063533489883787,,,,,,,,,,,False,,,,,,,,,,False,-9.12,3/7,0/6,0.21,-6.9,False,"no new high: recent high 67.51 is -9.12 ATR vs prior 2.5y high 112.82 (needs >= +1); choppy swings: 3/7 higher highs, 0/6 higher lows; 30w EMA falling (-7% in 26w)",2,strong_close,2026-10-02,engulfing,2026-10-05,False,True,False,no TV drawing read (f_rr False),https://www.tradingview.com/chart/?symbol=NYSE:QTWO,https://finviz.com/quote.ashx?t=QTWO,"$vol(30d) $32.6M < $50M | FAIL: dollar_vol, short_float, rr (no TV drawing read)"
RAMP,FAIL,"dollar_vol,short_float,rr",False,False,True,True,False,True,False,False,True,,False,37.654998779296875,43922813.90477295,1166453.7333333334,13.52,101.38,2026-11-11,36,264,29.389999389648438,29.68000030517578,29.53499984741211,29.218570981706893,38.0,26.751668605587493,0.9999999999999952,0.3164288657052176,25.661372308079144,,,,,,,,,,,False,,,,,,,,,,False,0.73,3/8,3/5,0.49,29.2,True,"no new high: recent high 38.23 is +0.73 ATR vs prior 2.5y high 38.00 (needs >= +1); choppy swings: 3/8 higher highs, 3/5 higher lows",1,,,engulfing,2026-10-05,False,True,False,no TV drawing read (f_rr False),https://www.tradingview.com/chart/?symbol=NYSE:RAMP,https://finviz.com/quote.ashx?t=RAMP,"$vol(30d) $43.9M < $50M | FAIL: dollar_vol, short_float, rr (no TV drawing read)"
RDNT,FAIL,"dollar_vol,short_float,rr",False,False,True,True,False,True,True,True,True,,False,70.27999877929688,49350338.7081604,702196.0666666667,13.73,103.92,2026-11-11,36,263,63.45000076293945,63.576900764465336,63.513450763702394,57.98965767942156,76.9800033569336,2.4379176387966512,1.0000000000000002,5.523793084280832,1.2249821657603688,,,,,,,,,,,False,,,,,,,,,,False,-2.51,5/9,3/8,0.47,1.1,True,"no new high: recent high 79.77 is -2.51 ATR vs prior 2.5y high 93.65 (needs >= +1); choppy swings: 5/9 higher highs, 3/8 higher lows",15,rejection,2026-10-02,strong_close,2026-10-02,True,True,False,no TV drawing read (f_rr False),https://www.tradingview.com/chart/?symbol=NASDAQ:RDNT,https://finviz.com/quote.ashx?t=RDNT,"$vol(30d) $49.4M < $50M | FAIL: dollar_vol, short_float, rr (no TV drawing read)"
REGN,FAIL,rr,True,True,True,True,False,False,False,True,True,,True,738.719970703125,524704472.2787597,710288.7333333333,2.55,91.72,2026-10-30,24,263,764.7933395314827,773.5699248936681,769.1816322125754,720.0729549298616,834.510009765625,1.3302817580885036,0.9999999999999997,49.108677282713884,-0.6202908161033459,no,,,,,,,2026-09-30,,,False,,,,,,,,,,False,-6.93,4/6,3/4,0.71,1.9,True,no new high: recent high 859.34 is -6.93 ATR vs prior 2.5y high 1199.88 (needs >= +1),0,hammer,2026-09-18,hammer,2026-10-06,False,True,False,TV drawing not found (f_rr False),https://www.tradingview.com/chart/?symbol=NASDAQ:REGN,https://finviz.com/quote.ashx?t=REGN,FAIL: rr (TV drawing not found)
RELY,FAIL,"short_float,rr",True,False,True,True,False,True,True,True,True,,False,23.200000762939453,90108180.42990303,3883973.1666666665,9.44,85.36,2026-11-04,29,264,17.149999618530273,17.878999710083008,17.51449966430664,15.092428343636648,26.670000076293945,3.7800292393762844,1.0000000000000004,2.4220713206699918,2.3473714626454902,,,,,,,,,,,False,,,,,,,,,,False,0.07,5/9,4/6,0.61,39.5,True,no new high: recent high 27.48 is +0.07 ATR vs prior 2.5y high 27.32 (needs >= +1),17,hammer,2026-09-25,hammer,2026-10-06,False,True,False,no TV drawing read (f_rr False),https://www.tradingview.com/chart/?symbol=NASDAQ:RELY,https://finviz.com/quote.ashx?t=RELY,"short float 9.44% >= 5% | FAIL: short_float, rr (no TV drawing read)"
REPL,FAIL,"dollar_vol,short_float,rr",False,False,True,True,False,True,True,True,True,,False,13.25,28590663.174999997,2157785.9,25.68,103.01,2026-10-29,23,263,8.40999984741211,8.430000305175781,8.420000076293945,7.0400001907348635,15.5,5.130435152780988,0.5730386485879361,2.4082143306732178,2.005635404700804,,,,,,,,,,,False,,,,,,,,,,False,-0.28,6/9,3/5,0.63,40.2,True,no new high: recent high 16.33 is -0.28 ATR vs prior 2.5y high 17.00 (needs >= +1),19,strong_close,2026-10-02,hammer,2026-10-06,False,True,False,no TV drawing read (f_rr False),https://www.tradingview.com/chart/?symbol=NASDAQ:REPL,https://finviz.com/quote.ashx?t=REPL,"$vol(30d) $28.6M < $50M | FAIL: dollar_vol, short_float, rr (no TV drawing read)"
REXR,FAIL,rr,True,True,True,True,False,False,False,True,True,,True,36.79999923706055,95754208.89481889,2602016.6,4.96,107.39,2026-10-21,15,263,35.8876542312289,36.24307636702684,36.06536529912787,34.19536609476473,39.0,1.5693240371573158,0.9999999999999989,1.8699992043631417,0.39285254037467315,no,,,,,,,2026-10-06,charts/latest/REXR.webp,,False,,,,,,,,,,False,-4.51,2/6,2/4,0.42,-0.3,False,"no new high: recent high 39.67 is -4.51 ATR vs prior 2.5y high 48.10 (needs >= +1); choppy swings: 2/6 higher highs, 2/4 higher lows; 30w EMA falling (-0% in 26w)",1,engulfing,2026-09-11,strong_close,2026-10-02,False,True,False,TV drawing not found (f_rr False),https://www.tradingview.com/chart/?symbol=NYSE:REXR,https://finviz.com/quote.ashx?t=REXR,FAIL: rr (TV drawing not found)
RHI,FAIL,"short_float,rr",True,False,True,True,False,True,True,True,True,,False,33.66999816894531,59100278.875319414,1755280.1333333333,19.91,124.41,2026-10-27,21,264,26.628504898582214,29.19673419757267,27.912619548077444,23.406745505385697,45.310001373291016,3.8610448628565335,0.9999999999999998,4.505874042691748,1.277749570076417,,,,,,,,,,,False,,,,,,,,,,False,-5.2,1/4,3/6,0.38,26.7,True,"no new high: recent high 46.09 is -5.20 ATR vs prior 2.5y high 69.50 (needs >= +1); choppy swings: 1/4 higher highs, 3/6 higher lows",10,hammer,2026-09-25,hammer,2026-09-29,True,True,False,no TV drawing read (f_rr False),https://www.tradingview.com/chart/?symbol=NYSE:RHI,https://finviz.com/quote.ashx?t=RHI,"short float 19.91% >= 5% | FAIL: short_float, rr (no TV drawing read)"
RLAY,FAIL,"short_float,rr",True,False,True,True,False,True,False,True,True,,False,18.739999771118164,61240319.69403858,3267893.3,25.93,98.96,2026-11-11,36,264,8.5600004196167,8.8100004196167,8.6850004196167,6.867857524326869,20.0049991607666,6.229558924888176,1.0000000000000002,1.8171428952898299,5.533411476645439,,,,,,,,,,,False,,,,,,,,,,True,3.22,6/6,4/4,1.0,92.2,True,"uptrend: new high +3.2 ATR above prior 2.5y high, 6/6 HH and 4/4 HL, 30w EMA +92% in 26w",2,strong_close,2026-10-02,hammer,2026-10-05,False,True,False,no TV drawing read (f_rr False),https://www.tradingview.com/chart/?symbol=NASDAQ:RLAY,https://finviz.com/quote.ashx?t=RLAY,"short float 25.93% >= 5% | FAIL: short_float, rr (no TV drawing read)"
RLJ,FAIL,"dollar_vol,short_float,rr",False,False,True,True,False,True,True,True,True,,False,11.180000305175781,17908784.48151525,1601859.0333333334,8.95,94.93,2026-11-04,29,264,8.060415837466191,8.176531888559357,8.118473863012774,7.466331202054348,12.390000343322754,6.549987810998747,0.9999999999999998,0.6521426609584263,4.694565507589417,,,,,,,,,,,False,,,,,,,,,,True,4.42,4/4,3/4,0.88,40.9,True,"uptrend: new high +4.4 ATR above prior 2.5y high, 4/4 HH and 3/4 HL, 30w EMA +41% in 26w",8,hammer,2026-10-02,rejection,2026-10-05,False,True,False,no TV drawing read (f_rr False),https://www.tradingview.com/chart/?symbol=NYSE:RLJ,https://finviz.com/quote.ashx?t=RLJ,"$vol(30d) $17.9M < $50M | FAIL: dollar_vol, short_float, rr (no TV drawing read)"
RUSHA,FAIL,"dollar_vol,short_float,rr",False,False,True,True,False,False,True,True,True,,False,47.04999923706055,29425227.924521767,625403.3666666667,7.19,83.36,2026-10-27,21,264,50.027126515046255,51.048225484192706,50.53767599961948,47.55079542732731,54.66588592529297,1.3821141574821803,0.9999999999999992,2.9868805722921743,-1.1676652876289733,,,,,,,,,,,False,,,,,,,,,,True,1.78,6/7,3/4,0.8,17.4,True,"uptrend: new high +1.8 ATR above prior 2.5y high, 6/7 HH and 3/4 HL, 30w EMA +17% in 26w",17,hammer,2026-10-02,hammer,2026-10-05,False,True,False,no TV drawing read (f_rr False),https://www.tradingview.com/chart/?symbol=NASDAQ:RUSHA,https://finviz.com/quote.ashx?t=RUSHA,"$vol(30d) $29.4M < $50M | FAIL: dollar_vol, short_float, rr (no TV drawing read)"
RVMD,FAIL,"short_float,rr",True,False,True,True,False,True,False,True,True,,False,199.8699951171875,406797952.735616,2035312.7666666666,5.01,92.55,2026-11-11,36,264,151.85000610351562,153.5,152.6750030517578,136.62578909737724,210.02000427246094,3.573072262835091,0.9999999999999998,16.04921395438058,2.9406419653685263,,,,,,,,,,,False,,,,,,,,,,True,6.22,3/5,1/2,0.55,103.8,True,"uptrend: new high +6.2 ATR above prior 2.5y high, 3/5 HH and 1/2 HL, 30w EMA +104% in 26w",2,strong_close,2026-10-02,hammer,2026-10-05,False,True,False,no TV drawing read (f_rr False),https://www.tradingview.com/chart/?symbol=NASDAQ:RVMD,https://finviz.com/quote.ashx?t=RVMD,"short float 5.01% >= 5% | FAIL: short_float, rr (no TV drawing read)"
SAIC,FAIL,"short_float,rr",True,False,True,True,False,True,False,True,True,,False,124.58999633789062,61423570.05155945,493005.63333333336,5.47,87.19,2026-12-03,58,262,119.80004819990714,123.00960218616365,121.40482519303539,113.28237166746283,140.38999938964844,2.3373693843664984,1.0000000000000002,8.122453525572565,0.3921439667000993,,,,,,,,,,,False,,,,,,,,,,False,-1.23,4/7,3/6,0.54,18.0,True,no new high: recent high 142.66 is -1.23 ATR vs prior 2.5y high 152.64 (needs >= +1),4,hammer,2026-09-25,engulfing,2026-10-05,False,True,False,no TV drawing read (f_rr False),https://www.tradingview.com/chart/?symbol=NASDAQ:SAIC,https://finviz.com/quote.ashx?t=SAIC,"short float 5.47% >= 5% | FAIL: short_float, rr (no TV drawing read)"
SBH,FAIL,"dollar_vol,short_float,rr",False,False,True,True,False,False,False,True,True,,False,16.260000228881836,19768708.82227173,1215787.7333333334,21.55,122.17,2026-11-12,37,264,14.760000228881836,15.75,15.255000114440918,14.072142737252372,17.18000030517578,1.6274152977853233,0.9999999999999994,1.1828573771885462,0.8496376095904604,,,,,,,,,,,False,,,,,,,,,,False,-0.53,4/5,2/5,0.6,6.5,True,no new high: recent high 17.29 is -0.53 ATR vs prior 2.5y high 17.92 (needs >= +1),2,strong_close,2026-09-25,strong_close,2026-09-25,False,True,False,no TV drawing read (f_rr False),https://www.tradingview.com/chart/?symbol=NYSE:SBH,https://finviz.com/quote.ashx?t=SBH,"$vol(30d) $19.8M < $50M | FAIL: dollar_vol, short_float, rr (no TV drawing read)"
SCL,FAIL,"dollar_vol,rr",False,True,True,True,False,True,True,True,True,,False,62.244998931884766,8521962.803764343,136910.0,3.09,88.18,2026-10-21,15,264,52.202964782714844,52.804591375734766,52.5037780792248,48.76493654773265,64.75885009765625,3.2777725172910777,1.0000000000000002,3.7388415314921484,2.605411534725384,,,,,,,,,,,False,,,,,,,,,,False,-6.1,2/3,2/4,0.58,15.1,True,no new high: recent high 66.33 is -6.10 ATR vs prior 2.5y high 89.15 (needs >= +1),28,hammer,2026-10-02,hammer,2026-10-05,False,True,False,no TV drawing read (f_rr False),https://www.tradingview.com/chart/?symbol=NYSE:SCL,https://finviz.com/quote.ashx?t=SCL,"$vol(30d) $8.5M < $50M | FAIL: dollar_vol, rr (no TV drawing read)"
SFNC,FAIL,"dollar_vol,rr",False,True,True,True,False,True,True,True,True,,False,22.59000015258789,29966859.580416106,1326554.2,4.42,82.19,2026-10-27,21,264,21.176232841110334,21.75519394637739,21.46571339374386,20.44587861032742,23.857324600219727,2.345096720925695,0.9999999999999998,1.0198347834164425,1.1024204872456622,,,,,,,,,,,False,,,,,,,,,,False,0.19,5/6,4/5,0.82,15.7,True,no new high: recent high 24.10 is +0.19 ATR vs prior 2.5y high 23.90 (needs >= +1),8,hammer,2026-10-02,hammer,2026-10-01,False,True,False,no TV drawing read (f_rr False),https://www.tradingview.com/chart/?symbol=NASDAQ:SFNC,https://finviz.com/quote.ashx?t=SFNC,"$vol(30d) $30.0M < $50M | FAIL: dollar_vol, rr (no TV drawing read)"
SFST,FAIL,"dollar_vol,rr",False,True,True,True,False,False,True,True,True,,False,60.439998626708984,5167783.07057991,85502.7,4.7,89.06,2026-10-27,21,264,58.40999984741211,59.70000076293945,59.05500030517578,56.06142915998186,64.18000030517578,1.7120020709138721,1.0000000000000002,2.9935711451939175,0.4626575599369915,,,,,,,,,,,False,,,,,,,,,,True,1.03,5/6,5/5,0.92,15.4,True,"uptrend: new high +1.0 ATR above prior 2.5y high, 5/6 HH and 5/5 HL, 30w EMA +15% in 26w",6,hammer,2026-10-02,engulfing,2026-10-01,True,True,False,no TV drawing read (f_rr False),https://www.tradingview.com/chart/?symbol=NASDAQ:SFST,https://finviz.com/quote.ashx?t=SFST,"$vol(30d) $5.2M < $50M | FAIL: dollar_vol, rr (no TV drawing read)"
SHC,FAIL,"dollar_vol,rr",False,True,True,True,False,True,True,True,True,,False,18.25,34937156.99166667,1914364.7666666666,4.39,103.25,2026-11-10,35,264,16.299999237060547,16.5,16.399999618530273,15.392285346984863,19.56999969482422,3.145733037433813,1.0,1.0077142715454102,1.8358382268741749,,,,,,,,,,,False,,,,,,,,,,False,-0.06,6/7,3/4,0.8,11.4,True,no new high: recent high 19.79 is -0.06 ATR vs prior 2.5y high 19.85 (needs >= +1),11,hammer,2026-09-04,strong_close,2026-10-05,False,True,False,no TV drawing read (f_rr False),https://www.tradingview.com/chart/?symbol=NASDAQ:SHC,https://finviz.com/quote.ashx?t=SHC,"$vol(30d) $34.9M < $50M | FAIL: dollar_vol, rr (no TV drawing read)"
SIRI,FAIL,"short_float,rr",True,False,True,True,False,True,False,True,True,,False,26.360000610351562,111261242.1721939,4220836.1,11.88,84.07,2026-11-03,28,264,21.340167999267578,21.61139908431277,21.47578354179017,19.85776291551338,29.149999618530273,4.742965542039566,0.9609411965515953,1.6837873452435717,2.9007327334764206,,,,,,,,,,,False,,,,,,,,,,False,-3.15,6/10,2/5,0.5,25.2,True,no new high: recent high 32.37 is -3.15 ATR vs prior 2.5y high 37.68 (needs >= +1),1,hammer,2026-09-11,hammer,2026-10-05,False,True,False,no TV drawing read (f_rr False),https://www.tradingview.com/chart/?symbol=NASDAQ:SIRI,https://finviz.com/quote.ashx?t=SIRI,"short float 11.88% >= 5% | FAIL: short_float, rr (no TV drawing read)"
SKWD,FAIL,"dollar_vol,short_float,rr",False,False,True,True,False,True,True,True,True,,False,56.4900016784668,20085618.89079666,355560.6,5.18,89.69,2026-11-04,29,196,46.83000183105469,47.625,47.227500915527344,43.418143953595845,64.19999694824219,4.455475347237896,0.9999999999999994,3.8093569619315013,2.4315129444427237,,,,,,,,,,,False,,,,,,,,,,False,0.17,2/7,2/7,0.29,15.8,True,"no new high: recent high 65.69 is +0.17 ATR vs prior 2.5y high 65.05 (needs >= +1); choppy swings: 2/7 higher highs, 2/7 higher lows",7,hammer,2026-10-02,strong_close,2026-10-06,False,True,False,no TV drawing read (f_rr False),https://www.tradingview.com/chart/?symbol=NASDAQ:SKWD,https://finviz.com/quote.ashx?t=SKWD,"$vol(30d) $20.1M < $50M | FAIL: dollar_vol, short_float, rr (no TV drawing read)"
SKY,FAIL,"dollar_vol,short_float,rr",False,False,True,True,False,False,True,True,True,,False,85.93000030517578,42254167.13973007,491727.76666666666,5.42,111.18,2026-11-03,28,264,88.81999969482422,90.54000091552734,89.68000030517578,82.84642737252372,94.52999877929688,0.7097309887404456,0.9999999999999993,6.833572932652065,-0.5487612464164701,,,,,,,,,,,False,,,,,,,,,,False,-2.91,5/8,4/6,0.65,2.9,True,no new high: recent high 96.59 is -2.91 ATR vs prior 2.5y high 116.49 (needs >= +1),6,hammer,2026-10-02,hammer,2026-10-06,False,True,False,no TV drawing read (f_rr False),https://www.tradingview.com/chart/?symbol=NYSE:SKY,https://finviz.com/quote.ashx?t=SKY,"$vol(30d) $42.3M < $50M | FAIL: dollar_vol, short_float, rr (no TV drawing read)"
SKYW,FAIL,"dollar_vol,rr",False,True,True,True,False,False,True,True,True,,False,97.70999908447266,31125070.74236298,318545.4,4.74,94.96,2026-10-22,16,264,99.30000305175781,101.37999725341797,100.34000015258789,93.1903577532087,111.83999633789062,1.6084715210793328,1.0000000000000007,7.149642399379185,-0.3678507149313652,,,,,,,,,,,False,,,,,,,,,,False,-2.5,4/7,3/6,0.54,-0.7,False,no new high: recent high 117.72 is -2.50 ATR vs prior 2.5y high 135.57 (needs >= +1); 30w EMA falling (-1% in 26w),11,strong_close,2026-09-25,hammer,2026-10-06,False,True,False,no TV drawing read (f_rr False),https://www.tradingview.com/chart/?symbol=NASDAQ:SKYW,https://finviz.com/quote.ashx?t=SKYW,"$vol(30d) $31.1M < $50M | FAIL: dollar_vol, rr (no TV drawing read)"
SLG,FAIL,"dollar_vol,short_float,rr",False,False,True,True,False,True,True,True,True,,False,48.40999984741211,36657581.640455626,757231.6,16.03,94.99,2026-10-21,15,264,45.2158317565918,46.24369158241842,45.72976166950511,41.86119052431119,57.540000915527344,3.052868566394228,1.0000000000000002,3.8685711451939175,0.6928238042711891,,,,,,,,,,,False,,,,,,,,,,False,-4.11,2/4,2/4,0.5,15.1,True,no new high: recent high 60.09 is -4.11 ATR vs prior 2.5y high 75.99 (needs >= +1),23,hammer,2026-09-18,hammer,2026-10-01,False,True,False,no TV drawing read (f_rr False),https://www.tradingview.com/chart/?symbol=NYSE:SLG,https://finviz.com/quote.ashx?t=SLG,"$vol(30d) $36.7M < $50M | FAIL: dollar_vol, short_float, rr (no TV drawing read)"
SNDA,FAIL,"dollar_vol,short_float,rr",False,False,True,True,False,False,True,True,True,,False,37.15999984741211,16524667.945479076,444689.6666666667,7.51,83.0,2026-11-16,41,264,38.27000045776367,38.86000061035156,38.56500053405762,35.530000915527346,39.790000915527344,0.40362455862941593,0.9435491042952179,3.216578347342355,-0.4367997713490693,,,,,,,,,,,False,,,,,,,,,,True,2.12,5/6,5/6,0.83,18.4,True,"uptrend: new high +2.1 ATR above prior 2.5y high, 5/6 HH and 5/6 HL, 30w EMA +18% in 26w",9,strong_close,2026-09-11,hammer,2026-10-01,True,True,False,no TV drawing read (f_rr False),https://www.tradingview.com/chart/?symbol=NYSE:SNDA,https://finviz.com/quote.ashx?t=SNDA,"$vol(30d) $16.5M < $50M | FAIL: dollar_vol, short_float, rr (no TV drawing read)"
STT,FAIL,"no_earnings_14d,rr",True,True,False,True,False,True,False,True,True,,False,175.71499633789062,279989324.0423564,1593428.7333333334,1.92,94.62,2026-10-14,8,264,130.82041931152344,132.6490334945846,131.73472640305403,122.30758712082746,194.25999450683594,6.632475264438258,1.0,9.427139282226562,4.6652827138933555,,,,,,,,,,,False,,,,,,,,,,True,6.02,4/5,2/3,0.73,38.9,True,"uptrend: new high +6.0 ATR above prior 2.5y high, 4/5 HH and 2/3 HL, 30w EMA +39% in 26w",2,hammer,2026-10-02,hammer,2026-10-06,False,True,True,no TV drawing read (f_rr False),https://www.tradingview.com/chart/?symbol=NYSE:STT,https://finviz.com/quote.ashx?t=STT,"FAIL: no_earnings_14d, rr (no TV drawing read)"
SUNC,FAIL,"dollar_vol,short_float,history,rr",False,False,True,False,False,True,True,True,True,,False,71.81999969482422,33769799.766506195,470200.5,5.16,92.7,2026-12-02,57,49,70.4206314086914,70.72637683368852,70.57350412118996,66.31740275315163,81.80999755859375,2.640090652395054,0.9999999999999993,4.256101368038332,0.29287262352230625,,,,,,,,,,,False,,,,,,,,,,,,,,,,,not enough history (49 weekly bars < 130),41,hammer,2026-10-02,strong_close,2026-10-02,True,True,False,no TV drawing read (f_rr False),https://www.tradingview.com/chart/?symbol=NYSE:SUNC,https://finviz.com/quote.ashx?t=SUNC,"$vol(30d) $33.8M < $50M | FAIL: dollar_vol, short_float, history, rr (no TV drawing read)"
SYRE,FAIL,"short_float,rr",True,False,True,True,False,True,True,True,True,,False,80.11000061035156,112715585.31043753,1407010.1666666667,15.35,101.62,2026-11-05,30,264,75.1500015258789,78.80000305175781,76.97500228881836,65.50814601353237,106.48999786376953,2.573939610507157,0.9999999999999999,11.466856275285993,0.2733964956280063,,,,,,,,,,,False,,,,,,,,,,True,4.86,4/5,3/4,0.78,133.4,True,"uptrend: new high +4.9 ATR above prior 2.5y high, 4/5 HH and 3/4 HL, 30w EMA +133% in 26w",5,engulfing,2026-10-02,hammer,2026-10-05,True,True,False,no TV drawing read (f_rr False),https://www.tradingview.com/chart/?symbol=NASDAQ:SYRE,https://finviz.com/quote.ashx?t=SYRE,"short float 15.35% >= 5% | FAIL: short_float, rr (no TV drawing read)"
TDW,FAIL,"dollar_vol,short_float,rr",False,False,True,True,False,True,False,True,True,,False,82.08999633789062,44317690.99828084,539867.1333333333,12.95,115.52,2026-11-11,36,264,59.599998474121094,59.71919847106933,59.65959847259521,52.49631144605364,95.37000274658203,4.985198016172158,1.0000000000000002,7.163287026541574,3.1312996089903686,,,,,,,,,,,False,,,,,,,,,,False,-1.37,6/7,3/4,0.8,21.8,True,no new high: recent high 101.58 is -1.37 ATR vs prior 2.5y high 111.42 (needs >= +1),2,rejection,2026-09-04,strong_close,2026-10-05,False,True,False,no TV drawing read (f_rr False),https://www.tradingview.com/chart/?symbol=NYSE:TDW,https://finviz.com/quote.ashx?t=TDW,"$vol(30d) $44.3M < $50M | FAIL: dollar_vol, short_float, rr (no TV drawing read)"
TFX,FAIL,"short_float,rr",True,False,True,True,False,False,False,True,True,,False,124.78500366210938,88353456.15093994,708045.4666666667,9.53,113.53,2026-10-22,16,264,132.75062526878483,133.41896517435038,133.08479522156762,124.96487793107703,139.6699981689453,0.8109938453547757,1.0000000000000004,8.119917290490587,-1.0221522292078407,,,,,,,,,,,False,,,,,,,,,,False,-12.33,4/8,4/6,0.58,10.5,True,no new high: recent high 144.64 is -12.33 ATR vs prior 2.5y high 244.76 (needs >= +1),0,rejection,2026-09-25,rejection,2026-10-05,False,True,False,no TV drawing read (f_rr False),https://www.tradingview.com/chart/?symbol=NYSE:TFX,https://finviz.com/quote.ashx?t=TFX,"short float 9.53% >= 5% | FAIL: short_float, rr (no TV drawing read)"
TGT,FAIL,rr,True,True,True,True,False,True,True,True,True,,True,154.3249969482422,561138595.61772,3636083.6333333333,3.7,89.55,2026-11-18,43,262,139.32064819335938,141.73214159212128,140.5263948927403,131.41085065165674,166.05999755859375,2.801105670769938,1.0,9.115544241083569,1.5137441814293282,no,,,,,,,2026-10-06,charts/latest/TGT.webp,,False,,,,,,,,,,True,1.74,4/6,2/4,0.58,32.2,True,"uptrend: new high +1.7 ATR above prior 2.5y high, 4/6 HH and 2/4 HL, 30w EMA +32% in 26w",5,hammer,2026-09-25,strong_close,2026-10-06,False,True,False,TV drawing not found (f_rr False),https://www.tradingview.com/chart/?symbol=NYSE:TGT,https://finviz.com/quote.ashx?t=TGT,FAIL: rr (TV drawing not found)
THFF,FAIL,"dollar_vol,rr",False,True,True,True,False,True,False,True,True,,False,74.38999938964844,8633581.825496929,116058.36666666667,3.54,81.99,2026-10-27,21,262,66.74281311035156,68.1006906678378,67.42175188909468,63.615681288857516,82.05999755859375,3.846025785382682,0.9999999999999994,3.8060706002371654,1.8308245517357324,,,,,,,,,,,False,,,,,,,,,,True,4.22,8/8,4/5,0.9,22.2,True,"uptrend: new high +4.2 ATR above prior 2.5y high, 8/8 HH and 4/5 HL, 30w EMA +22% in 26w",1,hammer,2026-10-02,hammer,2026-10-05,False,True,False,no TV drawing read (f_rr False),https://www.tradingview.com/chart/?symbol=NASDAQ:THFF,https://finviz.com/quote.ashx?t=THFF,"$vol(30d) $8.6M < $50M | FAIL: dollar_vol, rr (no TV drawing read)"
TILE,FAIL,"dollar_vol,short_float,rr",False,False,True,True,False,True,False,True,True,,False,35.04999923706055,17682634.65343234,504497.43333333335,7.58,104.54,2026-10-30,24,264,29.605663299560547,30.284417857288204,29.945040578424376,27.337682225546736,39.05777275005759,3.4950056487539753,1.0000000000000004,2.6073583528776383,1.957904502463971,,,,,,,,,,,False,,,,,,,,,,True,2.1,4/6,2/3,0.67,20.2,True,"uptrend: new high +2.1 ATR above prior 2.5y high, 4/6 HH and 2/3 HL, 30w EMA +20% in 26w",4,hammer,2026-10-02,hammer,2026-10-06,False,True,False,no TV drawing read (f_rr False),https://www.tradingview.com/chart/?symbol=NASDAQ:TILE,https://finviz.com/quote.ashx?t=TILE,"$vol(30d) $17.7M < $50M | FAIL: dollar_vol, short_float, rr (no TV drawing read)"
TKR,FAIL,"short_float,rr",True,False,True,True,False,True,True,True,True,,False,119.58999633789062,103741475.58120728,867476.2,6.79,95.05,2026-11-04,29,264,107.74349212646484,109.86098416374651,108.80223814510568,101.78862054727331,141.48865294954925,4.660421579663207,0.8464279266814824,8.28613680709952,1.3019044271079439,,,,,,,,,,,False,,,,,,,,,,True,4.3,5/5,3/4,0.88,31.4,True,"uptrend: new high +4.3 ATR above prior 2.5y high, 5/5 HH and 3/4 HL, 30w EMA +31% in 26w",8,engulfing,2026-10-02,strong_close,2026-10-02,False,True,False,no TV drawing read (f_rr False),https://www.tradingview.com/chart/?symbol=NYSE:TKR,https://finviz.com/quote.ashx?t=TKR,"short float 6.79% >= 5% | FAIL: short_float, rr (no TV drawing read)"
TNET,FAIL,"dollar_vol,rr",False,True,True,True,False,True,True,True,True,,False,62.810001373291016,18853680.205887478,300170.0333333333,4.0,96.34,2026-10-28,22,264,44.209415435791016,46.10822304583507,45.158819240813045,39.99274857518107,70.6500015258789,4.934346418187732,1.0000000000000004,5.166070665631976,3.4167519716493593,,,,,,,,,,,False,,,,,,,,,,False,-10.32,1/6,2/4,0.33,14.9,True,"no new high: recent high 73.08 is -10.32 ATR vs prior 2.5y high 126.40 (needs >= +1); choppy swings: 1/6 higher highs, 2/4 higher lows",29,hammer,2026-09-04,hammer,2026-10-05,False,True,False,no TV drawing read (f_rr False),https://www.tradingview.com/chart/?symbol=NYSE:TNET,https://finviz.com/quote.ashx?t=TNET,"$vol(30d) $18.9M < $50M | FAIL: dollar_vol, rr (no TV drawing read)"
TNGX,FAIL,"short_float,rr",True,False,True,True,False,True,False,True,True,,False,21.899999618530273,63799259.92869924,2913208.2666666666,33.73,111.02,2026-11-10,35,264,10.90999984741211,11.199999809265137,11.054999828338623,8.819999923706055,31.469999313354492,9.134228347258956,0.6930462735209466,3.2248927525111606,3.362902466057782,,,,,,,,,,,False,,,,,,,,,,True,3.78,6/6,5/5,1.0,79.1,True,"uptrend: new high +3.8 ATR above prior 2.5y high, 6/6 HH and 5/5 HL, 30w EMA +79% in 26w",0,strong_close,2026-09-25,hammer,2026-10-05,False,True,False,no TV drawing read (f_rr False),https://www.tradingview.com/chart/?symbol=NASDAQ:TNGX,https://finviz.com/quote.ashx?t=TNGX,"short float 33.73% >= 5% | FAIL: short_float, rr (no TV drawing read)"
TOST,FAIL,"short_float,rr",True,False,True,True,False,True,True,True,True,,False,30.25,251222500.00833333,8304876.033333333,6.54,83.19,2026-11-10,35,263,27.46500015258789,28.155000686645508,27.8100004196167,25.005000386919296,36.63999938964844,3.1479496852413393,0.9999999999999996,2.805000032697405,0.8698750630804434,,,,,,,,,,,False,,,,,,,,,,False,-4.44,2/8,1/4,0.25,-4.2,False,"no new high: recent high 37.20 is -4.44 ATR vs prior 2.5y high 49.66 (needs >= +1); choppy swings: 2/8 higher highs, 1/4 higher lows; 30w EMA falling (-4% in 26w)",17,hammer,2026-10-02,strong_close,2026-10-05,True,True,False,no TV drawing read (f_rr False),https://www.tradingview.com/chart/?symbol=NYSE:TOST,https://finviz.com/quote.ashx?t=TOST,"short float 6.54% >= 5% | FAIL: short_float, rr (no TV drawing read)"
TRAX,FAIL,"dollar_vol,short_float,history,rr",False,False,True,False,False,False,False,False,True,,False,31.389999389648438,21852093.665771484,696148.2666666667,14.82,89.84,2026-12-02,57,27,,,,,,,,,,,,,,,,,,,,False,,,,,,,,,,,,,,,,,not enough history (27 weekly bars < 130),0,,,hammer,2026-10-05,False,True,False,too few weekly bars for computed retest (27); no TV drawing read (f_rr False),https://www.tradingview.com/chart/?symbol=NASDAQ:TRAX,https://finviz.com/quote.ashx?t=TRAX,"$vol(30d) $21.9M < $50M | FAIL: dollar_vol, short_float, history, rr (no TV drawing read)"
TREX,FAIL,"short_float,rr",True,False,True,True,False,False,True,True,True,,False,44.869998931884766,63428727.05143382,1413611.0666666667,10.05,109.32,2026-11-02,27,264,42.77000045776367,43.619998931884766,43.19499969482422,39.50131361825125,49.630001068115234,1.7421625010595014,1.0000000000000009,3.693686076572963,0.45347633836133333,,,,,,,,,,,False,,,,,,,,,,False,-11.65,3/7,4/6,0.55,4.6,True,no new high: recent high 50.96 is -11.65 ATR vs prior 2.5y high 94.00 (needs >= +1),43,rejection,2026-10-02,strong_close,2026-10-05,False,True,False,no TV drawing read (f_rr False),https://www.tradingview.com/chart/?symbol=NYSE:TREX,https://finviz.com/quote.ashx?t=TREX,"short float 10.05% >= 5% | FAIL: short_float, rr (no TV drawing read)"
TRMK,FAIL,"dollar_vol,short_float,rr",False,False,True,True,False,False,False,True,True,,False,45.189998626708984,16499856.653248087,365121.86666666664,6.23,81.1,2026-10-27,21,264,44.788429260253906,45.312558479832276,45.05049387004309,43.172736700836964,48.027099609375,1.5851920515315352,0.9999999999999981,1.8777571692061308,0.07429328933137413,,,,,,,,,,,False,,,,,,,,,,True,1.96,6/6,4/4,1.0,11.7,True,"uptrend: new high +2.0 ATR above prior 2.5y high, 6/6 HH and 4/4 HL, 30w EMA +12% in 26w",2,hammer,2026-10-02,strong_close,2026-10-02,False,True,False,no TV drawing read (f_rr False),https://www.tradingview.com/chart/?symbol=NASDAQ:TRMK,https://finviz.com/quote.ashx?t=TRMK,"$vol(30d) $16.5M < $50M | FAIL: dollar_vol, short_float, rr (no TV drawing read)"
TRS,FAIL,"dollar_vol,short_float,rr",False,False,True,True,False,True,True,True,True,,False,38.970001220703125,11907626.808996582,305558.8,13.21,83.12,2026-10-22,16,264,38.46530532836914,38.79466376519861,38.629984546783874,36.48747388488995,44.536415100097656,2.7567800050491487,0.9999999999999988,2.142510661893925,0.15870010822661917,,,,,,,,,,,False,,,,,,,,,,True,1.64,3/6,1/2,0.5,11.1,True,"uptrend: new high +1.6 ATR above prior 2.5y high, 3/6 HH and 1/2 HL, 30w EMA +11% in 26w",8,hammer,2026-10-02,hammer,2026-10-05,False,True,False,no TV drawing read (f_rr False),https://www.tradingview.com/chart/?symbol=NASDAQ:TRS,https://finviz.com/quote.ashx?t=TRS,"$vol(30d) $11.9M < $50M | FAIL: dollar_vol, short_float, rr (no TV drawing read)"
TVTX,FAIL,"short_float,rr",True,False,True,True,False,True,True,True,True,,False,55.97999954223633,81844780.20873299,1462036.1,14.17,113.41,2026-10-22,16,264,40.18000030517578,40.75,40.46500015258789,35.20566504342215,66.16999816894531,4.887499557037138,1.0000000000000004,5.259335109165737,2.949992549934607,,,,,,,,,,,False,,,,,,,,,,True,5.06,6/6,3/3,1.0,83.7,True,"uptrend: new high +5.1 ATR above prior 2.5y high, 6/6 HH and 3/3 HL, 30w EMA +84% in 26w",20,engulfing,2026-09-11,hammer,2026-10-05,False,True,False,no TV drawing read (f_rr False),https://www.tradingview.com/chart/?symbol=NASDAQ:TVTX,https://finviz.com/quote.ashx?t=TVTX,"short float 14.17% >= 5% | FAIL: short_float, rr (no TV drawing read)"
UAL,FAIL,"short_float,rr",True,False,True,True,False,True,True,True,True,,False,111.87000274658203,428261482.85648346,3828206.6,5.66,91.32,2026-10-20,14,264,101.80000305175781,105.9800033569336,103.8900032043457,94.60546003069196,129.55999755859375,2.7648096275851706,1.0000000000000007,9.28454317365374,0.8594929651337886,,,,,,,,,,,False,,,,,,,,,,True,2.11,5/8,2/4,0.56,12.5,True,"uptrend: new high +2.1 ATR above prior 2.5y high, 5/8 HH and 2/4 HL, 30w EMA +12% in 26w",23,hammer,2026-10-02,hammer,2026-10-01,False,True,False,no TV drawing read (f_rr False),https://www.tradingview.com/chart/?symbol=NASDAQ:UAL,https://finviz.com/quote.ashx?t=UAL,"short float 5.66% >= 5% | FAIL: short_float, rr (no TV drawing read)"
UCTT,FAIL,"short_float,rr",True,False,True,True,False,True,False,True,True,,False,73.23999786376953,64213517.23771642,876754.7666666667,8.24,103.14,2026-10-28,22,264,88.0,88.37000274658203,88.18500137329102,79.50000213623046,125.0,4.238917888399155,0.5946014009975491,14.606422424316406,-1.023180288462794,,,,,,,,,,,False,,,,,,,,,,True,4.6,4/5,2/2,0.9,73.2,True,"uptrend: new high +4.6 ATR above prior 2.5y high, 4/5 HH and 2/2 HL, 30w EMA +73% in 26w",0,strong_close,2026-09-25,rejection,2026-10-06,False,True,False,no TV drawing read (f_rr False),https://www.tradingview.com/chart/?symbol=NASDAQ:UCTT,https://finviz.com/quote.ashx?t=UCTT,"short float 8.24% >= 5% | FAIL: short_float, rr (no TV drawing read)"
URGN,FAIL,"dollar_vol,short_float,rr",False,False,True,True,False,True,True,True,True,,False,41.43000030517578,29642978.7833519,715495.5,15.05,80.66,2026-11-05,30,264,30.459999084472656,32.369998931884766,31.41499900817871,26.80249868120466,48.5099983215332,3.706232650734437,0.9999999999999998,4.612500326974051,2.1712738400101608,,,,,,,,,,,False,,,,,,,,,,True,4.51,6/7,4/5,0.83,82.8,True,"uptrend: new high +4.5 ATR above prior 2.5y high, 6/7 HH and 4/5 HL, 30w EMA +83% in 26w",6,hammer,2026-10-02,strong_close,2026-10-05,False,True,False,no TV drawing read (f_rr False),https://www.tradingview.com/chart/?symbol=NASDAQ:URGN,https://finviz.com/quote.ashx?t=URGN,"$vol(30d) $29.6M < $50M | FAIL: dollar_vol, short_float, rr (no TV drawing read)"
USFD,FAIL,rr,True,True,True,True,False,True,True,True,True,,False,96.52999877929688,213243390.65002444,2209089.3333333335,4.94,109.5,2026-11-05,30,264,93.69000244140625,93.73999786376953,93.71500015258789,88.7599966430664,109.7300033569336,3.232087156663243,0.801335926641198,6.183428628104074,0.45524882650292714,no,,,,,,,2026-10-06,charts/latest/USFD.webp,user-lines,False,"user lines only, no zone/position","user horizontal lines 85.66, 83.41 only, no zone/position",,,,,,,,True,1.5,4/7,4/6,0.62,12.9,True,"uptrend: new high +1.5 ATR above prior 2.5y high, 4/7 HH and 4/6 HL, 30w EMA +13% in 26w",12,engulfing,2026-10-02,strong_close,2026-10-06,False,True,False,TV drawing not found (f_rr False),https://www.tradingview.com/chart/?symbol=NYSE:USFD,https://finviz.com/quote.ashx?t=USFD,FAIL: rr (TV drawing not found)
UVSP,FAIL,"dollar_vol,rr",False,True,True,True,False,True,False,True,True,,False,41.369998931884766,9251319.125143941,223623.86666666667,3.3,82.78,2026-10-28,22,264,35.21139907836914,35.57501000171196,35.39320454004055,33.76268812454883,44.46081763382424,5.561190925544375,0.999999999999999,1.6305164154917209,3.6655836979364427,,,,,,,,,,,False,,,,,,,,,,True,4.86,4/7,2/4,0.54,24.2,True,"uptrend: new high +4.9 ATR above prior 2.5y high, 4/7 HH and 2/4 HL, 30w EMA +24% in 26w",2,hammer,2026-10-02,hammer,2026-10-05,False,True,False,no TV drawing read (f_rr False),https://www.tradingview.com/chart/?symbol=NASDAQ:UVSP,https://finviz.com/quote.ashx?t=UVSP,"$vol(30d) $9.3M < $50M | FAIL: dollar_vol, rr (no TV drawing read)"
VAC,FAIL,"dollar_vol,short_float,rr",False,False,True,True,False,True,True,True,True,,False,104.63999938964844,44026547.26319885,420743.0,6.15,90.61,2026-11-11,36,264,100.49881744384766,101.19327651998854,100.84604698191811,93.41520465004895,120.54897189974993,2.65150625432201,0.7052246635024603,10.536844095843557,0.36006534529887574,,,,,,,,,,,False,,,,,,,,,,True,3.51,5/8,4/6,0.65,51.2,True,"uptrend: new high +3.5 ATR above prior 2.5y high, 5/8 HH and 4/6 HL, 30w EMA +51% in 26w",29,hammer,2026-09-25,strong_close,2026-10-06,False,True,False,no TV drawing read (f_rr False),https://www.tradingview.com/chart/?symbol=NYSE:VAC,https://finviz.com/quote.ashx?t=VAC,"$vol(30d) $44.0M < $50M | FAIL: dollar_vol, short_float, rr (no TV drawing read)"
VCEL,FAIL,"dollar_vol,short_float,rr",False,False,True,True,False,True,True,True,True,,False,40.04999923706055,20195204.10528793,504249.8,10.84,109.11,2026-11-11,36,264,35.68000030517578,35.86000061035156,35.77000045776367,32.891757420131135,47.0,3.9016856448208164,1.000000000000001,2.8782430376325334,1.4870178519800539,,,,,,,,,,,False,,,,,,,,,,False,-4.75,2/5,3/6,0.45,11.7,True,"no new high: recent high 49.32 is -4.75 ATR vs prior 2.5y high 63.00 (needs >= +1); choppy swings: 2/5 higher highs, 3/6 higher lows",21,hammer,2026-09-25,strong_close,2026-10-05,False,True,False,no TV drawing read (f_rr False),https://www.tradingview.com/chart/?symbol=NASDAQ:VCEL,https://finviz.com/quote.ashx?t=VCEL,"$vol(30d) $20.2M < $50M | FAIL: dollar_vol, short_float, rr (no TV drawing read)"
VNO,FAIL,"dollar_vol,short_float,rr",False,False,True,True,False,False,True,True,True,,False,33.5099983215332,40412627.93079059,1205987.1666666667,6.56,100.52,2026-11-02,27,264,39.13450060722655,39.212769608441,39.173635107833775,36.8743492191619,40.90999984741211,0.7551756604661729,1.0,2.299285888671875,-2.463215563668783,,,,,,,,,,,False,,,,,,,,,,False,-1.42,2/4,1/4,0.38,12.6,True,"no new high: recent high 41.60 is -1.42 ATR vs prior 2.5y high 44.87 (needs >= +1); choppy swings: 2/4 higher highs, 1/4 higher lows",8,rejection,2026-09-25,strong_close,2026-09-25,False,True,False,no TV drawing read (f_rr False),https://www.tradingview.com/chart/?symbol=NYSE:VNO,https://finviz.com/quote.ashx?t=VNO,"$vol(30d) $40.4M < $50M | FAIL: dollar_vol, short_float, rr (no TV drawing read)"
VSAT,FAIL,"short_float,rr",True,False,True,True,False,True,True,True,True,,False,74.37999725341797,122843643.13849893,1651568.2666666666,8.67,102.15,2026-11-11,36,264,48.849998474121094,49.5,49.17499923706055,41.659998168945314,82.87000274658203,4.483699097859505,0.7795292215904374,9.640435355050224,2.614508275619894,,,,,,,,,,,False,,,,,,,,,,True,3.51,4/6,6/6,0.83,68.2,True,"uptrend: new high +3.5 ATR above prior 2.5y high, 4/6 HH and 6/6 HL, 30w EMA +68% in 26w",12,hammer,2026-10-02,strong_close,2026-10-06,False,True,False,no TV drawing read (f_rr False),https://www.tradingview.com/chart/?symbol=NASDAQ:VSAT,https://finviz.com/quote.ashx?t=VSAT,"short float 8.67% >= 5% | FAIL: short_float, rr (no TV drawing read)"
VSXY,FAIL,"short_float,rr",True,False,True,True,False,True,False,True,True,,False,85.05999755859375,166602982.53880006,1958652.5666666667,13.32,96.41,2026-12-02,57,264,23.56999969482422,23.735000610351562,23.65250015258789,19.116142545427593,98.70999908447266,16.54576323820066,0.5000000000000002,9.072715214320592,6.768370433261124,,,,,,,,,,,False,,,,,,,,,,True,3.92,3/5,2/4,0.55,59.9,True,"uptrend: new high +3.9 ATR above prior 2.5y high, 3/5 HH and 2/4 HL, 30w EMA +60% in 26w",4,strong_close,2026-10-02,hammer,2026-10-05,False,True,False,no TV drawing read (f_rr False),https://www.tradingview.com/chart/?symbol=NYSE:VSXY,https://finviz.com/quote.ashx?t=VSXY,"short float 13.32% >= 5% | FAIL: short_float, rr (no TV drawing read)"
WABC,FAIL,"dollar_vol,no_earnings_14d,rr",False,True,False,True,False,True,True,True,True,,False,58.72999954223633,13059684.284207918,222368.2,4.34,81.0,2026-10-15,9,264,52.199039459228516,52.48422351324328,52.3416314862359,49.60376273639264,60.87034606933594,3.115092563728011,1.0000000000000004,2.737868749843257,2.3333361237152674,,,,,,,,,,,False,,,,,,,,,,True,2.49,4/5,4/5,0.8,16.2,True,"uptrend: new high +2.5 ATR above prior 2.5y high, 4/5 HH and 4/5 HL, 30w EMA +16% in 26w",15,hammer,2026-10-02,hammer,2026-10-01,False,True,True,no TV drawing read (f_rr False),https://www.tradingview.com/chart/?symbol=NASDAQ:WABC,https://finviz.com/quote.ashx?t=WABC,"$vol(30d) $13.1M < $50M | FAIL: dollar_vol, no_earnings_14d, rr (no TV drawing read)"
WBI,FAIL,"dollar_vol,short_float,history,rr",False,False,True,False,False,True,False,True,True,,False,30.1299991607666,18295907.68505707,607232.2666666667,17.05,107.15,2026-11-18,43,56,24.837726256959588,25.354972127147505,25.096349192053545,22.530608427538127,32.779998779296875,2.994710024297608,1.0,2.565740764515418,1.961870052629321,,,,,,,,,,,False,,,,,,,,,,,,,,,,,not enough history (56 weekly bars < 130),2,hammer,2026-10-02,strong_close,2026-10-06,False,True,False,no TV drawing read (f_rr False),https://www.tradingview.com/chart/?symbol=NYSE:WBI,https://finviz.com/quote.ashx?t=WBI,"$vol(30d) $18.3M < $50M | FAIL: dollar_vol, short_float, history, rr (no TV drawing read)"
WDAY,FAIL,"short_float,rr",True,False,True,True,False,True,True,True,True,,False,186.5500030517578,566106057.0408875,3034607.6,7.29,88.43,2026-12-01,56,262,152.0,158.63999938964844,155.31999969482422,135.5914263044085,204.72000122070312,2.503982449632052,0.9999999999999998,19.728573390415736,1.582983358143135,,,,,,,,,,,False,,,,,,,,,,False,-3.37,2/4,2/6,0.42,-4.6,False,"no new high: recent high 227.49 is -3.37 ATR vs prior 2.5y high 294.00 (needs >= +1); choppy swings: 2/4 higher highs, 2/6 higher lows; 30w EMA falling (-5% in 26w)",15,hammer,2026-09-18,hammer,2026-10-05,True,True,False,no TV drawing read (f_rr False),https://www.tradingview.com/chart/?symbol=NASDAQ:WDAY,https://finviz.com/quote.ashx?t=WDAY,"short float 7.29% >= 5% | FAIL: short_float, rr (no TV drawing read)"
WEX,FAIL,"short_float,rr",True,False,True,True,False,True,False,True,True,,False,171.38999938964844,88691171.1081543,517481.6,7.43,117.33,2026-10-22,16,264,167.07000732421875,167.5399932861328,167.30500030517578,153.68607766287667,199.97000122070312,2.398501098322776,1.0000000000000002,13.618922642299108,0.2999502377511881,,,,,,,,,,,False,,,,,,,,,,False,-2.59,5/9,3/6,0.53,9.0,True,no new high: recent high 203.99 is -2.59 ATR vs prior 2.5y high 239.30 (needs >= +1),2,hammer,2026-09-11,hammer,2026-10-06,False,True,False,no TV drawing read (f_rr False),https://www.tradingview.com/chart/?symbol=NYSE:WEX,https://finviz.com/quote.ashx?t=WEX,"short float 7.43% >= 5% | FAIL: short_float, rr (no TV drawing read)"
WHD,FAIL,"dollar_vol,short_float,rr",False,False,True,True,False,True,False,True,True,,False,64.11499786376953,43620957.23443832,680354.9666666667,5.09,110.51,2026-11-04,29,263,62.59322977270104,64.00675567807671,63.299992725388876,58.37957855925652,73.32175086648901,2.036771255981008,1.0000000000000004,4.920414166132351,0.165637507507073,,,,,,,,,,,False,,,,,,,,,,True,1.09,6/7,3/4,0.8,24.6,True,"uptrend: new high +1.1 ATR above prior 2.5y high, 6/7 HH and 3/4 HL, 30w EMA +25% in 26w",2,hammer,2026-10-02,hammer,2026-10-06,False,True,False,no TV drawing read (f_rr False),https://www.tradingview.com/chart/?symbol=NYSE:WHD,https://finviz.com/quote.ashx?t=WHD,"$vol(30d) $43.6M < $50M | FAIL: dollar_vol, short_float, rr (no TV drawing read)"
WK,FAIL,"short_float,rr",True,False,True,True,False,True,False,True,True,,False,70.11000061035156,88934030.98222657,1268492.8,7.82,91.32,2026-11-04,29,263,51.189998626708984,53.619998931884766,52.404998779296875,45.48521368844168,79.1500015258789,3.8650048224657665,1.0000000000000004,6.91978509085519,2.5586057368244934,,,,,,,,,,,False,,,,,,,,,,False,-5.24,4/6,2/5,0.53,-9.6,False,no new high: recent high 80.56 is -5.24 ATR vs prior 2.5y high 116.83 (needs >= +1); 30w EMA falling (-10% in 26w),2,strong_close,2026-10-02,hammer,2026-10-01,False,True,False,no TV drawing read (f_rr False),https://www.tradingview.com/chart/?symbol=NYSE:WK,https://finviz.com/quote.ashx?t=WK,"short float 7.82% >= 5% | FAIL: short_float, rr (no TV drawing read)"
WLY,FAIL,"dollar_vol,short_float,rr",False,False,True,True,False,True,False,True,True,,False,48.40999984741211,24514357.573064294,506390.36666666664,11.92,85.22,2026-12-09,64,264,41.237430572509766,41.6942990720334,41.465864822271584,37.73503585585836,53.709999084472656,3.2818803468153703,1.0000000000000007,3.7308289664132253,1.861284740644794,,,,,,,,,,,False,,,,,,,,,,True,1.8,4/8,4/7,0.54,32.4,True,"uptrend: new high +1.8 ATR above prior 2.5y high, 4/8 HH and 4/7 HL, 30w EMA +32% in 26w",4,rejection,2026-09-25,hammer,2026-10-06,False,True,False,no TV drawing read (f_rr False),https://www.tradingview.com/chart/?symbol=NYSE:WLY,https://finviz.com/quote.ashx?t=WLY,"$vol(30d) $24.5M < $50M | FAIL: dollar_vol, short_float, rr (no TV drawing read)"
WSBC,FAIL,"dollar_vol,short_float,rr",False,False,True,True,False,True,False,True,True,,False,37.119998931884766,37376618.14583397,1006913.2333333333,6.67,85.92,2026-10-28,22,264,35.6299934387207,36.11995483641904,35.87497413756987,33.94848391174679,42.297306060791016,3.3336955657157534,0.9999999999999988,1.926490225823083,0.6462658245685952,,,,,,,,,,,False,,,,,,,,,,True,2.96,5/7,3/4,0.73,14.8,True,"uptrend: new high +3.0 ATR above prior 2.5y high, 5/7 HH and 3/4 HL, 30w EMA +15% in 26w",2,hammer,2026-10-02,hammer,2026-10-01,False,True,False,no TV drawing read (f_rr False),https://www.tradingview.com/chart/?symbol=NASDAQ:WSBC,https://finviz.com/quote.ashx?t=WSBC,"$vol(30d) $37.4M < $50M | FAIL: dollar_vol, short_float, rr (no TV drawing read)"
WSFS,FAIL,"dollar_vol,short_float,rr",False,False,True,True,False,True,False,True,True,,False,75.91999816894531,26400177.2192749,347736.8,5.11,93.2,2026-10-26,20,264,71.793760834154,72.10299926965995,71.94838005190698,68.72484127234584,79.86000061035156,2.454327712329148,1.000000000000002,3.2235387795611326,1.2320677332068724,,,,,,,,,,,False,,,,,,,,,,True,3.71,3/6,3/4,0.62,23.5,True,"uptrend: new high +3.7 ATR above prior 2.5y high, 3/6 HH and 3/4 HL, 30w EMA +24% in 26w",2,hammer,2026-10-02,strong_close,2026-10-02,False,True,False,no TV drawing read (f_rr False),https://www.tradingview.com/chart/?symbol=NASDAQ:WSFS,https://finviz.com/quote.ashx?t=WSFS,"$vol(30d) $26.4M < $50M | FAIL: dollar_vol, short_float, rr (no TV drawing read)"
WWW,FAIL,"dollar_vol,short_float,rr",False,False,True,True,False,False,True,True,True,,False,19.309999465942383,12953083.275089264,670796.6666666666,7.35,102.9,2026-11-11,36,264,18.348322862272337,18.55705342513436,18.452688143703348,16.85125956682521,21.200000762939453,1.7155386502417604,0.9999999999999998,1.6014285768781389,0.53534159101263,,,,,,,,,,,False,,,,,,,,,,False,-6.64,2/5,2/4,0.45,3.0,True,"no new high: recent high 21.47 is -6.64 ATR vs prior 2.5y high 32.11 (needs >= +1); choppy swings: 2/5 higher highs, 2/4 higher lows",20,hammer,2026-09-04,strong_close,2026-10-06,True,True,False,no TV drawing read (f_rr False),https://www.tradingview.com/chart/?symbol=NYSE:WWW,https://finviz.com/quote.ashx?t=WWW,"$vol(30d) $13.0M < $50M | FAIL: dollar_vol, short_float, rr (no TV drawing read)"
XHR,FAIL,"dollar_vol,rr",False,True,True,True,False,True,False,True,True,,False,18.059999465942383,14041873.528763581,777512.4,3.54,97.32,2026-11-03,28,264,15.916731810340291,16.21185013042073,16.06429097038051,15.075984107413158,21.489999771118164,5.489902988680222,0.9999999999999992,0.9883068629673549,2.0193206890922824,,,,,,,,,,,False,,,,,,,,,,True,5.92,4/4,1/2,0.75,26.1,True,"uptrend: new high +5.9 ATR above prior 2.5y high, 4/4 HH and 1/2 HL, 30w EMA +26% in 26w",4,strong_close,2026-09-25,hammer,2026-10-05,False,True,False,no TV drawing read (f_rr False),https://www.tradingview.com/chart/?symbol=NYSE:XHR,https://finviz.com/quote.ashx?t=XHR,"$vol(30d) $14.0M < $50M | FAIL: dollar_vol, rr (no TV drawing read)"
XNCR,FAIL,"dollar_vol,short_float,rr",False,False,True,True,False,True,False,True,True,,False,24.360000610351562,35674093.837831624,1464453.7333333334,22.51,109.46,2026-11-09,34,262,13.109999656677246,13.399999618530273,13.25499963760376,10.609999885559082,27.799999237060547,5.499055184490279,0.8542492217460792,3.096285820007324,3.5865555114422656,,,,,,,,,,,False,,,,,,,,,,False,1.09,3/7,3/6,0.46,52.3,True,"choppy swings: 3/7 higher highs, 3/6 higher lows",1,hammer,2026-09-18,engulfing,2026-10-05,False,True,False,no TV drawing read (f_rr False),https://www.tradingview.com/chart/?symbol=NASDAQ:XNCR,https://finviz.com/quote.ashx?t=XNCR,"$vol(30d) $35.7M < $50M | FAIL: dollar_vol, short_float, rr (no TV drawing read)"
ZD,FAIL,"dollar_vol,short_float,rr",False,False,True,True,False,False,True,True,True,,False,54.77000045776367,35283590.12089768,644213.8,16.78,121.54,2026-11-05,30,262,56.209999084472656,56.3224190826416,56.26620908355713,53.190000762939455,58.040000915527344,0.5766162909324859,0.9045771767953251,3.4007140568324496,-0.4399689596916834,,,,,,,,,,,False,,,,,,,,,,False,-0.04,7/10,5/7,0.71,34.6,True,no new high: recent high 60.48 is -0.04 ATR vs prior 2.5y high 60.62 (needs >= +1),29,rejection,2026-10-02,strong_close,2026-10-05,False,True,False,no TV drawing read (f_rr False),https://www.tradingview.com/chart/?symbol=NASDAQ:ZD,https://finviz.com/quote.ashx?t=ZD,"$vol(30d) $35.3M < $50M | FAIL: dollar_vol, short_float, rr (no TV drawing read)"
ZYME,FAIL,"dollar_vol,short_float,rr",False,False,True,True,False,False,False,True,True,,False,25.649999618530273,20647280.977931276,804962.2333333333,7.17,99.21,2026-11-10,35,262,26.309999465942383,27.139999389648438,26.72499942779541,24.00392804827009,29.190000534057617,0.9058935847144945,0.9999999999999997,2.7210713795253207,-0.3950649061814269,,,,,,,,,,,False,,,,,,,,,,True,1.05,6/8,3/5,0.68,13.3,True,"uptrend: new high +1.0 ATR above prior 2.5y high, 6/8 HH and 3/5 HL, 30w EMA +13% in 26w",0,engulfing,2026-09-04,strong_close,2026-10-05,False,True,False,no TV drawing read (f_rr False),https://www.tradingview.com/chart/?symbol=NASDAQ:ZYME,https://finviz.com/quote.ashx?t=ZYME,"$vol(30d) $20.6M < $50M | FAIL: dollar_vol, short_float, rr (no TV drawing read)"
