ticker,status,failed_filters,f_dollar_vol,f_short_float,f_no_earnings_14d,f_history,f_rr,f_rr_computed,f_smooth_streak,f_weekly_reversal,f_daily_reversal,f_near_zone,needs_drawing,current_price,dollar_vol_30d,avg_vol_30d,short_float_pct,inst_own_pct,earnings_date,days_to_earnings,weekly_bars,zone_lo,zone_hi,entry,sl,tp,rr,sl_atr_mult,atr,atrs_from_entry,tv_found,tv_zone_top,tv_zone_bottom,tv_entry,tv_sl,tv_tp,tv_rr,tv_read_date,tv_screenshot,tv_source,f_bot_review,tv_bot_status,tv_bot_note,tv_price,tv_weekly_atr,tv_zone_dist,tv_zone_dist_atr,f_tv_stale,tv_stale,tv_stale_detail,f_technical,tech_new_high_atr,tech_hh,tech_hl,tech_structure,tech_ema30_slope_pct,tech_ema_rising,tech_detail,ev_pullback_high,ev_pullback_high_date,ev_first_reaction,ev_first_reaction_detail,ev_double_bottom,ev_double_bottom_detail,ev_ma_support,ev_ma_support_mas,ev_ma_support_detail,ev_fib,ev_fib_levels,ev_fib_detail,smooth_streak_weeks,weekly_reversal_kind,weekly_reversal_date,daily_reversal_kind,daily_reversal_date,smooth_pullback,earnings_known,earnings_blackout,filter_notes,tradingview_url,finviz_url,reason
GTX,PASS,,True,True,True,True,True,True,False,False,False,False,False,25.75,66831374.041666664,2595393.1666666665,3.91,95.08,2026-10-22,14,264,17.351736831272113,17.497647987157407,17.42469240921476,16.325718544156615,35.00577926635742,15.997729715085146,0.4999999999999994,2.197947730116293,3.787764138660727,yes,21.3,20.96,21.1,18.48,34.59,5.1489,2026-10-07,charts/latest/GTX.webp,user,False,,,25.75,2.1979,4.45,2.0246,False,,,True,6.79,4/4,3/3,1.0,57.9,True,"uptrend: new high +6.8 ATR above prior 2.5y high, 4/4 HH and 3/3 HL, 30w EMA +58% in 26w",36.1424,2026-07-03,False,no weekly low <= zone top 21.3 since the 2026-07-03 high,False,no daily touch of the zone in the pullback,True,SMA200,"SMA200 24.85 (latest low 25.50 / close 25.75); held before 1x, last 2024-12-30",False,,"swing 10.51 (2025-07-11) -> 36.14 (2026-07-03): 0.382=26.35, 0.5=23.33, 0.618=20.30; zone 20.96-21.3 +/- 0.55",2,,,,,False,True,False,,https://www.tradingview.com/chart/?symbol=NASDAQ:GTX,https://finviz.com/quote.ashx?t=GTX,PASS (TV) entry=21.1 SL=18.48 TP=34.59 R:R=5.1489 zone=[20.96-21.3]
AIZ,PASS,,True,True,True,True,True,True,False,False,False,False,False,272.8599853515625,89107194.17096354,326567.4666666667,2.7,101.33,2026-11-03,26,264,240.75289916992188,243.72137027574166,242.23713472283177,230.77776009125517,288.6579895019531,4.050906464931125,0.9999999999999997,11.459374631576598,2.6722968410814225,yes,244.73,239.39,242.36,231.66,286.63,4.1374,2026-10-07,charts/latest/AIZ.webp,user,False,,,272.86,11.4594,28.13,2.4548,False,,,True,5.17,7/7,4/5,0.9,19.6,True,"uptrend: new high +5.2 ATR above prior 2.5y high, 7/7 HH and 4/5 HL, 30w EMA +20% in 26w",303.0037,2026-08-07,False,no weekly low <= zone top 244.73 since the 2026-08-07 high,False,no daily touch of the zone in the pullback,True,SMA100,"SMA100 271.62 (latest low 267.03 / close 272.86); held before 3x, last 2026-05-04",True,0.618,"swing 199.51 (2025-08-15) -> 303.00 (2026-08-07): 0.382=263.47, 0.5=251.26, 0.618=239.04; zone 239.39-244.73 +/- 2.86",1,,,,,False,True,False,,https://www.tradingview.com/chart/?symbol=NYSE:AIZ,https://finviz.com/quote.ashx?t=AIZ,PASS (TV) entry=242.36 SL=231.66 TP=286.63 R:R=4.1374 zone=[239.39-244.73]
DGX,PASS,,True,True,True,True,True,True,False,False,False,,False,230.80999755859375,226502936.82448527,981339.3666666667,3.28,97.87,2026-10-27,19,264,210.74019020158403,211.4739831603851,211.10708668098457,198.61031051048997,244.38999938964844,2.663319903836175,1.0000000000000009,12.496776170494588,1.5766394955627503,yes,,,189.15,179.08,226.84,3.7428,2026-10-07,charts/latest/DGX.webp,user,False,user drawing (no rectangle),hline 188.86,,,,,True,target hit,close 230.81 >= TP 226.84,True,2.97,4/7,3/6,0.54,16.7,True,"uptrend: new high +3.0 ATR above prior 2.5y high, 4/7 HH and 3/6 HL, 30w EMA +17% in 26w",,,,,,,False,,no SMA50/100/150/200 support with an earlier bounce,,,,4,,,,,False,True,False,,https://www.tradingview.com/chart/?symbol=NYSE:DGX,https://finviz.com/quote.ashx?t=DGX,PASS (TV) entry=189.15 SL=179.08 TP=226.84 R:R=3.7428 zone=[-]
FTI,PASS,,True,True,True,True,True,True,False,False,False,True,False,69.62999725341797,184066336.05743253,2643491.933333333,3.27,99.59,2026-10-29,21,264,40.23847198486328,40.79664885300429,40.51756041893378,37.803262864234135,80.30999755859375,14.660307625728683,0.5000000000000006,5.42859510939929,5.362793917726104,yes,64.55,63.6,64.07,59.83,79.75,3.6981,2026-10-07,charts/latest/FTI.webp,user,False,,,69.63,5.4286,5.08,0.9358,False,,,True,1.21,4/4,4/4,1.0,27.2,True,"uptrend: new high +1.2 ATR above prior 2.5y high, 4/4 HH and 4/4 HL, 30w EMA +27% in 26w",80.7,2026-09-04,False,no weekly low <= zone top 64.55 since the 2026-09-04 high,False,no daily touch of the zone in the pullback,True,SMA200,"SMA200 67.40 (latest low 68.50 / close 69.63); held before 2x, last 2025-05-22",True,0.382,"swing 35.18 (2025-10-17) -> 80.70 (2026-09-04): 0.382=63.31, 0.5=57.94, 0.618=52.57; zone 63.6-64.55 +/- 1.36",2,,,,,False,True,False,,https://www.tradingview.com/chart/?symbol=NYSE:FTI,https://finviz.com/quote.ashx?t=FTI,PASS (TV) entry=64.07 SL=59.83 TP=79.75 R:R=3.6981 zone=[63.6-64.55]
R,PASS,,True,True,True,True,True,True,True,True,True,True,False,235.17999267578125,55698430.24138184,236833.2,2.22,91.99,2026-10-22,14,264,222.27438354492188,223.891398337612,223.08289094126695,210.72306849931917,270.889957823935,3.8679412351763625,0.9999999999999993,12.359822441947793,0.9787439739796057,yes,228.9,221.83,227.11,213.47,276.32,3.6078,2026-10-06,charts/latest/R.webp,user,False,,,235.18,12.3598,6.28,0.5081,False,,,True,4.49,6/7,3/3,0.93,25.4,True,"uptrend: new high +4.5 ATR above prior 2.5y high, 6/7 HH and 3/3 HL, 30w EMA +25% in 26w",283.1004,2026-06-12,True,week 2026-10-02 low 223.30 <= zone top 228.9; week 2026-10-09 close 235.18 >= 235.08 (top + 0.5 wATR 12.36),False,"1st touch 2026-09-29, push 2026-10-01; no 2nd touch in the last 10 sessions and close 235.18 is 1.15 dATR from the zone",True,SMA200,"SMA200 231.29 (latest low 232.27 / close 235.18); held before 2x, last 2026-03-13",True,0.382,"swing 144.49 (2025-06-20) -> 283.10 (2026-06-12): 0.382=230.15, 0.5=213.80, 0.618=197.44; zone 221.83-228.9 +/- 3.09",9,hammer,2026-10-02,hammer,2026-10-01,True,True,False,,https://www.tradingview.com/chart/?symbol=NYSE:R,https://finviz.com/quote.ashx?t=R,PASS (TV) entry=227.11 SL=213.47 TP=276.32 R:R=3.6078 zone=[221.83-228.9]
BPOP,PASS,,True,True,True,True,True,True,True,False,False,False,False,155.7899932861328,82056947.08570455,526715.1333333333,2.83,93.69,2026-10-28,20,264,145.18597412109375,145.50082762825642,145.34340087467507,139.46928459204034,177.02821362200743,5.393970977557955,0.841233729598698,6.982739845009446,1.4960592322401798,yes,146.69,143.39,145.45,136.59,176.59,3.5147,2026-10-07,charts/latest/BPOP.webp,user,False,,,155.79,6.9827,9.1,1.3032,False,,,True,4.49,3/3,3/4,0.88,24.4,True,"uptrend: new high +4.5 ATR above prior 2.5y high, 3/3 HH and 3/4 HL, 30w EMA +24% in 26w",178.2614,2026-08-21,False,no weekly low <= zone top 146.69 since the 2026-08-21 high,False,no daily touch of the zone in the pullback,True,SMA150,"SMA150 155.47 (latest low 154.18 / close 155.79); held before 3x, last 2026-03-12",True,0.5,"swing 106.31 (2025-10-31) -> 178.26 (2026-08-21): 0.382=150.77, 0.5=142.28, 0.618=133.79; zone 143.39-146.69 +/- 1.75",15,,,,,False,True,False,,https://www.tradingview.com/chart/?symbol=NASDAQ:BPOP,https://finviz.com/quote.ashx?t=BPOP,PASS (TV) entry=145.45 SL=136.59 TP=176.59 R:R=3.5147 zone=[143.39-146.69]
ROST,PASS,,True,True,True,True,True,True,True,False,False,False,False,225.1999969482422,451352537.3369095,2004229.7666666666,3.03,96.38,2026-11-12,35,264,191.2069091796875,193.7515609738917,192.47923507678962,184.9943125962721,255.75570326720648,8.453857518914715,0.6102358430790749,12.26562248908677,2.6676804948599697,yes,212.6,205.24,210.04,197.13,253.89,3.3966,2026-10-07,charts/latest/ROST.webp,user,False,,,225.2,12.2656,12.6,1.0273,False,,,True,2.51,3/4,2/4,0.62,20.1,True,"uptrend: new high +2.5 ATR above prior 2.5y high, 3/4 HH and 2/4 HL, 30w EMA +20% in 26w",256.5043,2026-08-07,False,no weekly low <= zone top 212.6 since the 2026-08-07 high,False,no daily touch of the zone in the pullback,False,,no SMA50/100/150/200 support with an earlier bounce,True,0.382,"swing 142.21 (2025-09-19) -> 256.50 (2026-08-07): 0.382=212.84, 0.5=199.36, 0.618=185.87; zone 205.24-212.6 +/- 3.07",14,,,,,False,True,False,,https://www.tradingview.com/chart/?symbol=NASDAQ:ROST,https://finviz.com/quote.ashx?t=ROST,PASS (TV) entry=210.04 SL=197.13 TP=253.89 R:R=3.3966 zone=[205.24-212.6]
RPRX,PASS,,True,True,True,True,True,True,False,False,False,False,False,56.209999084472656,173938784.34295043,3094445.6,2.79,85.47,2026-11-11,34,264,45.822017669677734,45.98067415053724,45.90134591010749,44.43313143973505,63.959999084472656,12.299737905310444,0.499999999999999,2.936428940744881,3.510608764041872,yes,52.75,50.92,53.02,49.82,63.46,3.2625,2026-10-07,charts/latest/RPRX.webp,user,False,,,56.21,2.9364,3.46,1.1783,False,,,True,5.36,3/4,2/2,0.88,31.9,True,"uptrend: new high +5.4 ATR above prior 2.5y high, 3/4 HH and 2/2 HL, 30w EMA +32% in 26w",64.38,2026-09-04,False,no weekly low <= zone top 52.75 since the 2026-09-04 high,False,no daily touch of the zone in the pullback,True,SMA150,"SMA150 54.27 (latest low 55.13 / close 56.21); held before 3x, last 2025-11-05",True,0.382,"swing 33.43 (2025-09-12) -> 64.38 (2026-09-04): 0.382=52.56, 0.5=48.91, 0.618=45.25; zone 50.92-52.75 +/- 0.73",2,,,,,False,True,False,,https://www.tradingview.com/chart/?symbol=NASDAQ:RPRX,https://finviz.com/quote.ashx?t=RPRX,PASS (TV) entry=53.02 SL=49.82 TP=63.46 R:R=3.2625 zone=[50.92-52.75]
MDB,PASS,,True,True,True,True,True,False,False,True,True,False,False,371.3500061035156,1097002750.6603577,2954093.8,3.71,93.28,2026-12-07,60,263,354.8800048828125,363.1759948730469,359.0279998779297,304.2812696184431,460.3299865722656,1.8503751039411565,0.9999999999999996,54.746730259486604,0.22507291608434934,yes,297.71,288.09,292.9,242.41,452.39,3.1588,2026-10-07,charts/latest/MDB.webp,user,False,,,371.35,54.7467,73.64,1.3451,False,,,False,0.52,5/7,4/6,0.69,13.9,True,no new high: recent high 473.10 is +0.52 ATR vs prior 2.5y high 444.72 (needs >= +1),473.1,2026-08-14,False,no weekly low <= zone top 297.71 since the 2026-08-14 high,False,no daily touch of the zone in the pullback,True,"SMA100,SMA150,SMA200","SMA100 364.63 (latest low 357.59 / close 371.35); held before 6x, last 2026-09-08; SMA150 330.64 (latest low 357.59 / close 371.35); held before 1x, last 2026-02-04; SMA200 341.69 (latest low 357.59 / close 371.35); held before 1x, last 2026-09-08",True,0.618,"swing 206.92 (2025-08-22) -> 473.10 (2026-08-14): 0.382=371.42, 0.5=340.01, 0.618=308.60; zone 288.09-297.71 +/- 13.69",4,strong_close,2026-10-02,strong_close,2026-09-28,False,True,False,,https://www.tradingview.com/chart/?symbol=NASDAQ:MDB,https://finviz.com/quote.ashx?t=MDB,PASS (TV) entry=292.9 SL=242.41 TP=452.39 R:R=3.1588 zone=[288.09-297.71]
BWA,PASS,,True,True,True,True,True,True,False,True,True,True,False,61.720001220703125,129412445.34086303,2096766.7333333334,3.16,106.99,2026-10-29,21,264,44.466069356964546,45.83957961215685,45.152824484560696,40.46499611642697,68.75734005811681,5.035277258444789,0.9999999999999997,4.687828368133731,3.534083467893254,yes,62.15,59.77,61.21,56.67,75.26,3.0947,2026-10-07,charts/latest/BWA.webp,user,False,,,61.72,4.6878,0.0,0.0,False,,,True,1.94,3/4,4/4,0.88,28.5,True,"uptrend: new high +1.9 ATR above prior 2.5y high, 3/4 HH and 4/4 HL, 30w EMA +28% in 26w",78.6112,2026-06-05,True,week 2026-07-17 low 59.91 <= zone top 62.15; week 2026-08-07 close 68.24 >= 64.49 (top + 0.5 wATR 4.69),True,1st touch 2026-07-16 low 62.02; push 2026-07-22 high 65.15 >= 64.04; 2nd touch 2026-10-08 low 61.01,True,SMA200,"SMA200 59.55 (latest low 61.01 / close 61.72); held before 2x, last 2025-06-23",True,0.382,"swing 31.73 (2025-06-27) -> 78.61 (2026-06-05): 0.382=60.70, 0.5=55.17, 0.618=49.64; zone 59.77-62.15 +/- 1.17",2,hammer,2026-09-25,hammer,2026-10-08,False,True,False,,https://www.tradingview.com/chart/?symbol=NYSE:BWA,https://finviz.com/quote.ashx?t=BWA,PASS (TV) entry=61.21 SL=56.67 TP=75.26 R:R=3.0947 zone=[59.77-62.15]
MUSA,PASS,,True,True,True,True,True,True,True,True,True,True,False,518.219970703125,124579286.35307617,240398.46666666667,4.99,83.87,2026-10-28,20,264,505.08624267578125,506.1238809865399,505.6050618311606,464.5669213025156,622.5089585338304,2.8486645641527026,1.0,41.03814052864499,0.30739474814067413,yes,520.14,504.85,509.83,473.12,620.64,3.0185,2026-10-07,charts/latest/MUSA.webp,user,False,,,518.22,41.0381,0.0,0.0,False,,,True,1.93,3/7,3/5,0.51,22.3,True,"uptrend: new high +1.9 ATR above prior 2.5y high, 3/7 HH and 3/5 HL, 30w EMA +22% in 26w",635.3243,2026-06-12,True,week 2026-06-26 low 515.81 <= zone top 520.14; week 2026-07-03 close 560.11 >= 540.66 (top + 0.5 wATR 41.04),True,1st touch 2026-06-24 low 519.74; push 2026-06-29 high 539.60 >= 532.83; 2nd touch 2026-10-08 low 514.47,True,SMA200,"SMA200 506.37 (latest low 514.47 / close 518.22); held before 1x, last 2026-08-28",True,0.382,"swing 342.81 (2025-08-01) -> 635.32 (2026-06-12): 0.382=523.58, 0.5=489.07, 0.618=454.55; zone 504.85-520.14 +/- 10.26",8,hammer,2026-10-02,hammer,2026-10-05,False,True,False,,https://www.tradingview.com/chart/?symbol=NYSE:MUSA,https://finviz.com/quote.ashx?t=MUSA,PASS (TV) entry=509.83 SL=473.12 TP=620.64 R:R=3.0185 zone=[504.85-520.14]
IRM,PASS,,True,True,True,True,True,True,True,True,True,True,False,112.97000122070312,178029225.3433706,1575898.2333333334,2.69,88.93,2026-10-29,21,264,108.49203420768968,109.12745642718059,108.80974531743513,102.1426206814936,128.6404567879491,2.9744023928410424,0.8163886972429807,8.166605758331814,0.5094228895552572,yes,116.65,114.84,116.09,108.82,137.81,2.9876,2026-10-08,charts/latest/IRM.webp,user,False,,,112.97,8.1666,1.87,0.229,False,,,True,1.41,4/5,2/4,0.65,19.7,True,"uptrend: new high +1.4 ATR above prior 2.5y high, 4/5 HH and 2/4 HL, 30w EMA +20% in 26w",133.6416,2026-06-26,True,week 2026-07-03 low 114.79 <= zone top 116.65; week 2026-07-17 close 122.87 >= 120.73 (top + 0.5 wATR 8.17),True,1st touch 2026-07-02 low 114.79; push 2026-07-10 high 121.01 >= 119.63; 2nd touch 2026-10-08 low 110.61,True,SMA200,"SMA200 111.52 (latest low 110.61 / close 112.97); held before 5x, last 2026-09-02",False,,"swing 76.03 (2025-12-19) -> 133.64 (2026-06-26): 0.382=111.63, 0.5=104.83, 0.618=98.04; zone 114.84-116.65 +/- 2.04",8,hammer,2026-09-04,strong_close,2026-10-06,True,True,False,,https://www.tradingview.com/chart/?symbol=NYSE:IRM,https://finviz.com/quote.ashx?t=IRM,PASS (TV) entry=116.09 SL=108.82 TP=137.81 R:R=2.9876 zone=[114.84-116.65]
WTS,PASS,,True,True,True,True,True,True,True,True,True,True,False,347.1400146484375,65911833.292647295,189871.03333333333,2.75,82.48,2026-11-04,27,264,302.1103943028199,311.22603705146736,306.6682156771436,286.49284456302973,391.55438232421875,4.207415376250112,0.9999999999999988,20.17537111411391,2.0060002238561734,yes,343.78,337.04,345.17,330.54,388.28,2.9467,2026-10-08,charts/latest/WTS.webp,user,False,,,347.14,20.1754,3.36,0.1665,False,,,True,2.5,3/5,2/3,0.63,18.1,True,"uptrend: new high +2.5 ATR above prior 2.5y high, 3/5 HH and 2/3 HL, 30w EMA +18% in 26w",393.8604,2026-07-03,True,week 2026-07-17 low 343.31 <= zone top 343.78; week 2026-08-07 close 391.55 >= 353.87 (top + 0.5 wATR 20.18),True,1st touch 2026-07-15 low 343.31; push 2026-07-16 high 358.50 >= 351.38; 2nd touch 2026-10-08 low 340.40,False,,no SMA50/100/150/200 support with an earlier bounce,True,0.382,"swing 240.58 (2025-07-18) -> 393.86 (2026-07-03): 0.382=335.31, 0.5=317.22, 0.618=299.13; zone 337.04-343.78 +/- 5.04",22,strong_close,2026-10-02,hammer,2026-10-08,False,True,False,,https://www.tradingview.com/chart/?symbol=NYSE:WTS,https://finviz.com/quote.ashx?t=WTS,PASS (TV) entry=345.17 SL=330.54 TP=388.28 R:R=2.9467 zone=[337.04-343.78]
MOG-A,PASS,,True,True,True,True,True,True,True,True,True,True,False,362.9200134277344,89501047.31546326,246613.7,2.57,90.21,2026-10-30,22,264,344.507080078125,345.34571230956607,344.92639619384556,317.66173064387937,443.3500061035156,3.6099327801874352,0.8011061754983502,34.03377278049999,0.5286988706758496,yes,353.61,344.29,349.88,316.8,439.61,2.7125,2026-10-08,charts/latest/MOG-A.webp,user,False,,,362.92,34.0338,9.31,0.2736,False,,,True,2.8,3/4,4/4,0.88,34.2,True,"uptrend: new high +2.8 ATR above prior 2.5y high, 3/4 HH and 4/4 HL, 30w EMA +34% in 26w",448.85,2026-08-21,True,week 2026-09-18 low 349.71 <= zone top 353.61; week 2026-09-25 close 387.95 >= 370.63 (top + 0.5 wATR 34.03),True,1st touch 2026-09-15 low 349.71; push 2026-09-16 high 366.35 >= 365.93; close 362.92 within 0.76 dATR of the zone,True,"SMA150,SMA200","SMA150 360.06 (latest low 354.21 / close 362.92); held before 3x, last 2026-09-03; SMA200 344.72 (latest low 354.21 / close 362.92); held before 1x, last 2024-12-18",True,0.382,"swing 190.17 (2025-09-12) -> 448.85 (2026-08-21): 0.382=350.04, 0.5=319.51, 0.618=288.99; zone 344.29-353.61 +/- 8.51",9,strong_close,2026-09-25,strong_close,2026-10-08,True,True,False,,https://www.tradingview.com/chart/?symbol=NYSE:MOG.A,https://finviz.com/quote.ashx?t=MOG-A,PASS (TV) entry=349.88 SL=316.8 TP=439.61 R:R=2.7125 zone=[344.29-353.61]
AXTA,PASS,,True,True,True,True,True,True,False,True,True,True,False,32.810001373291016,62412060.63931084,1902226.7,3.74,106.76,2026-11-04,27,264,30.0,31.229999542236328,30.614999771118164,28.43699904850551,38.189998626708984,3.4779597531556883,1.0000000000000007,2.1780007226126537,1.0078057272358496,yes,32.3,31.5,32.29,30.14,38.04,2.6744,2026-10-08,charts/latest/AXTA.webp,user,False,,,32.81,2.178,0.51,0.2342,False,,,False,-1.4,4/7,3/6,0.54,8.5,True,no new high: recent high 38.61 is -1.40 ATR vs prior 2.5y high 41.65 (needs >= +1),38.61,2026-08-07,False,entered zone week 2026-10-09 (low 32.24) but no later weekly close >= 33.39,True,1st touch 2026-09-18 low 32.07; push 2026-09-22 high 33.59 >= 33.14; 2nd touch 2026-10-05 low 32.24,True,"SMA150,SMA200","SMA150 31.81 (latest low 32.34 / close 32.81); held before 5x, last 2026-07-23; SMA200 32.19 (latest low 32.34 / close 32.81); held before 3x, last 2026-07-23",True,0.5,"swing 24.94 (2026-03-20) -> 38.61 (2026-08-07): 0.382=33.39, 0.5=31.77, 0.618=30.16; zone 31.5-32.3 +/- 0.54",2,hammer,2026-10-02,strong_close,2026-10-08,False,True,False,,https://www.tradingview.com/chart/?symbol=NYSE:AXTA,https://finviz.com/quote.ashx?t=AXTA,PASS (TV) entry=32.29 SL=30.14 TP=38.04 R:R=2.6744 zone=[31.5-32.3]
UNP,PASS,,True,True,True,True,True,True,True,True,True,True,False,278.20001220703125,577362914.6405518,2075351.8666666667,4.63,92.27,2026-10-22,14,264,262.3927820459206,265.5219318602399,263.95735695308025,250.96200588986548,307.0749771113229,3.317926537613387,1.0,12.99535106321477,1.0959807999544473,yes,274.95,271.18,273.25,258.2,313.49,2.6738,2026-10-08,charts/latest/UNP.webp,user,False,,,278.2,12.9954,3.25,0.2501,False,,,True,3.77,7/9,5/6,0.81,16.4,True,"uptrend: new high +3.8 ATR above prior 2.5y high, 7/9 HH and 5/6 HL, 30w EMA +16% in 26w",314.5304,2026-07-24,False,entered zone week 2026-10-09 (low 274.30) but no later weekly close >= 281.45,False,"1st touch 2026-09-21 (low 268.26), no push to 279.43 yet",True,SMA150,"SMA150 271.22 (latest low 274.30 / close 278.20); held before 3x, last 2026-03-19",True,0.382,"swing 206.49 (2025-09-12) -> 314.53 (2026-07-24): 0.382=273.26, 0.5=260.51, 0.618=247.76; zone 271.18-274.95 +/- 3.25",9,hammer,2026-10-02,strong_close,2026-10-08,False,True,False,,https://www.tradingview.com/chart/?symbol=NYSE:UNP,https://finviz.com/quote.ashx?t=UNP,PASS (TV) entry=273.25 SL=258.2 TP=313.49 R:R=2.6738 zone=[271.18-274.95]
LH,PASS,,True,True,True,True,True,True,False,False,False,False,False,314.20001220703125,225997470.58026123,719279.0,3.03,101.18,2026-10-22,14,264,272.3859558105469,275.2320022818144,273.80897904618064,260.07239875490035,335.62042236328125,4.499769375376293,0.7914729439502615,17.355716826807335,2.3272466106651,yes,289.97,284.29,288.77,272.04,333.31,2.6623,2026-10-08,charts/latest/LH.webp,user,False,,,314.2,17.3557,24.23,1.3961,False,,,True,2.9,4/6,5/6,0.75,11.1,True,"uptrend: new high +2.9 ATR above prior 2.5y high, 4/6 HH and 5/6 HL, 30w EMA +11% in 26w",341.0687,2026-08-28,False,no weekly low <= zone top 289.97 since the 2026-08-28 high,False,no daily touch of the zone in the pullback,False,,no SMA50/100/150/200 support with an earlier bounce,True,0.5,"swing 242.07 (2025-11-07) -> 341.07 (2026-08-28): 0.382=303.25, 0.5=291.57, 0.618=279.89; zone 284.29-289.97 +/- 4.34",1,,,,,False,True,False,,https://www.tradingview.com/chart/?symbol=NYSE:LH,https://finviz.com/quote.ashx?t=LH,PASS (TV) entry=288.77 SL=272.04 TP=333.31 R:R=2.6623 zone=[284.29-289.97]
WELL,PASS,,True,True,True,True,True,True,True,False,True,True,False,223.0399932861328,500990358.647374,2246190.7,2.44,101.72,2026-10-26,18,264,216.76171204387026,218.92354913493656,217.84263058940343,206.87464337837162,239.85000610351562,2.0065099539846982,0.9999999999999996,10.967987211031817,0.4738665898061748,yes,220.4,214.72,218.23,206.34,249.6,2.6384,2026-10-08,charts/latest/WELL.webp,user,False,,,223.04,10.968,2.64,0.2407,False,,,True,3.66,6/8,3/4,0.75,17.5,True,"uptrend: new high +3.7 ATR above prior 2.5y high, 6/8 HH and 3/4 HL, 30w EMA +18% in 26w",254.2402,2026-07-31,False,entered zone week 2026-10-09 (low 220.00) but no later weekly close >= 225.88,False,"1st touch 2026-10-08 (low 220.00), no push to 225.23 yet",True,SMA150,"SMA150 220.77 (latest low 220.00 / close 223.04); held before 3x, last 2026-06-18",True,0.382,"swing 158.92 (2025-08-15) -> 254.24 (2026-07-31): 0.382=217.83, 0.5=206.58, 0.618=195.33; zone 214.72-220.4 +/- 2.74",9,,,strong_close,2026-10-08,True,True,False,,https://www.tradingview.com/chart/?symbol=NYSE:WELL,https://finviz.com/quote.ashx?t=WELL,PASS (TV) entry=218.23 SL=206.34 TP=249.6 R:R=2.6384 zone=[214.72-220.4]
LFUS,PASS,,True,True,True,True,True,True,True,True,False,True,False,425.29998779296875,80661006.371521,189656.73333333334,4.94,101.26,2026-11-03,26,264,368.9876403808594,370.65160046091574,369.81962042088753,341.15074995958867,459.3824271344834,3.124043789395188,0.7186018088698515,39.895349701925376,1.3906474761243588,yes,396.4,368.98,397.74,364.97,484.02,2.63,2026-09-30,,user,False,,,425.3,39.8953,28.9,0.7244,False,,,True,2.88,6/7,3/3,0.93,36.3,True,"uptrend: new high +2.9 ATR above prior 2.5y high, 6/7 HH and 3/3 HL, 30w EMA +36% in 26w",499.6047,2026-06-05,True,week 2026-07-10 low 394.63 <= zone top 396.4; week 2026-07-31 close 441.28 >= 416.35 (top + 0.5 wATR 39.90),False,"1st touch 2026-07-07, push 2026-07-09; no 2nd touch in the last 10 sessions and close 425.30 is 2.08 dATR from the zone",True,SMA150,"SMA150 415.37 (latest low 421.51 / close 425.30); held before 6x, last 2026-08-24",True,0.382,"swing 212.61 (2025-06-20) -> 499.60 (2026-06-05): 0.382=389.97, 0.5=356.11, 0.618=322.24; zone 368.98-396.4 +/- 9.97",14,strong_close,2026-09-25,,,True,True,False,,https://www.tradingview.com/chart/?symbol=NASDAQ:LFUS,https://finviz.com/quote.ashx?t=LFUS,PASS (TV) entry=397.74 SL=364.97 TP=484.02 R:R=2.63 zone=[368.98-396.4]
RHP,PASS,,True,True,True,True,True,True,False,True,True,True,False,119.94999694824219,62344538.69383545,519754.4,4.37,94.27,2026-11-02,25,264,102.76312827616329,103.40852128131385,103.08582477873857,96.44975343736022,134.4499969482422,4.726316303132009,1.0000000000000009,6.636071341378348,2.541288557937781,yes,117.25,114.4,115.82,108.83,134.08,2.6123,2026-10-08,charts/latest/RHP.webp,user,False,,,119.95,6.6361,2.7,0.4069,False,,,False,3.82,3/5,1/3,0.47,26.2,True,"choppy swings: 3/5 higher highs, 1/3 higher lows",137.46,2026-07-31,True,week 2026-08-14 low 114.26 <= zone top 117.25; week 2026-08-21 close 128.50 >= 120.57 (top + 0.5 wATR 6.64),False,"1st touch 2026-08-10, push 2026-08-11; no 2nd touch in the last 10 sessions and close 119.95 is 1.05 dATR from the zone",False,,no SMA50/100/150/200 support with an earlier bounce,True,0.382,"swing 80.95 (2025-10-31) -> 137.46 (2026-07-31): 0.382=115.87, 0.5=109.20, 0.618=102.54; zone 114.4-117.25 +/- 1.66",4,hammer,2026-10-02,strong_close,2026-10-01,False,True,False,,https://www.tradingview.com/chart/?symbol=NYSE:RHP,https://finviz.com/quote.ashx?t=RHP,PASS (TV) entry=115.82 SL=108.83 TP=134.08 R:R=2.6123 zone=[114.4-117.25]
ROK,PASS,,True,True,True,True,True,True,True,True,False,True,False,434.1400146484375,296803699.33186847,683658.9333333333,3.41,92.65,2026-11-04,27,264,417.6122741699219,424.4363112700077,421.0242927199648,394.91421988285447,478.6056823730469,2.205332402261299,0.9999999999999998,26.11007283711036,0.50232421833122,yes,415.4,411.42,412.91,388.07,477.44,2.6,2026-09-30,,user,False,,,434.14,26.1101,18.74,0.7177,False,,,True,2.35,4/6,2/2,0.83,16.0,True,"uptrend: new high +2.3 ATR above prior 2.5y high, 4/6 HH and 2/2 HL, 30w EMA +16% in 26w",495.8326,2026-07-03,True,week 2026-09-11 low 414.78 <= zone top 415.4; week 2026-09-25 close 434.21 >= 428.46 (top + 0.5 wATR 26.11),False,"1st touch 2026-09-10, push 2026-09-11; no 2nd touch in the last 10 sessions and close 434.14 is 1.83 dATR from the zone",True,"SMA150,SMA200","SMA150 429.35 (latest low 426.02 / close 434.14); held before 2x, last 2026-02-17; SMA200 422.87 (latest low 426.02 / close 434.14); held before 3x, last 2025-02-03",True,0.382,"swing 300.25 (2025-08-08) -> 495.83 (2026-07-03): 0.382=421.12, 0.5=398.04, 0.618=374.97; zone 411.42-415.4 +/- 6.53",8,strong_close,2026-10-02,,,False,True,False,,https://www.tradingview.com/chart/?symbol=NYSE:ROK,https://finviz.com/quote.ashx?t=ROK,PASS (TV) entry=412.91 SL=388.07 TP=477.44 R:R=2.6 zone=[411.42-415.4]
ATI,PASS,,True,True,True,True,True,True,True,True,True,True,False,188.1300048828125,316465201.71268314,1682162.3,3.22,94.67,2026-11-03,26,264,202.80999755859375,202.85000610351562,202.8300018310547,192.7757170540946,231.25999450683594,2.82764943568438,0.4999999999999994,20.1085695539202,-0.7310314594394606,yes,184.47,174.75,186.1,169.21,229.84,2.5897,2026-10-08,charts/latest/ATI.webp,user,False,,,188.13,20.1086,3.66,0.182,False,,,True,3.75,4/4,3/3,1.0,47.3,True,"uptrend: new high +3.8 ATR above prior 2.5y high, 4/4 HH and 3/3 HL, 30w EMA +47% in 26w",243.57,2026-08-14,False,entered zone week 2026-10-02 (low 178.26) but no later weekly close >= 194.52,True,1st touch 2026-09-15 low 182.63; push 2026-09-16 high 193.89 >= 191.05; 2nd touch 2026-09-30 low 183.06,True,SMA150,"SMA150 180.57 (latest low 185.39 / close 188.13); held before 2x, last 2025-08-20",True,0.382,"swing 70.42 (2025-08-22) -> 243.57 (2026-08-14): 0.382=177.43, 0.5=157.00, 0.618=136.56; zone 174.75-184.47 +/- 5.03",14,engulfing,2026-10-02,hammer,2026-10-07,False,True,False,,https://www.tradingview.com/chart/?symbol=NYSE:ATI,https://finviz.com/quote.ashx?t=ATI,PASS (TV) entry=186.1 SL=169.21 TP=229.84 R:R=2.5897 zone=[174.75-184.47]
ST,PASS,,True,True,True,True,True,True,True,True,True,True,False,42.22999954223633,52404977.276608534,1240941.9333333333,4.59,107.23,2026-10-27,19,264,38.1473274230957,38.18711694284953,38.167222182972615,35.39191506721856,46.8081828406849,3.113515116457491,0.8763363407097134,3.166942858385208,1.2828704340233286,yes,41.96,41.31,42.11,38.46,51.55,2.5863,2026-10-08,charts/latest/ST.webp,user,False,,,42.23,3.1669,0.27,0.0853,False,,,True,3.78,5/6,3/5,0.72,26.6,True,"uptrend: new high +3.8 ATR above prior 2.5y high, 5/6 HH and 3/5 HL, 30w EMA +27% in 26w",53.7501,2026-06-05,True,week 2026-08-21 low 41.79 <= zone top 41.96; week 2026-09-11 close 43.64 >= 43.54 (top + 0.5 wATR 3.17),True,1st touch 2026-08-20 low 41.79; push 2026-08-27 high 43.16 >= 43.12; 2nd touch 2026-10-08 low 41.65,True,SMA200,"SMA200 41.20 (latest low 41.65 / close 42.23); held before 4x, last 2026-09-01",False,,"swing 26.51 (2025-06-13) -> 53.75 (2026-06-05): 0.382=43.35, 0.5=40.13, 0.618=36.92; zone 41.31-41.96 +/- 0.79",14,engulfing,2026-10-02,hammer,2026-10-07,True,True,False,,https://www.tradingview.com/chart/?symbol=NYSE:ST,https://finviz.com/quote.ashx?t=ST,PASS (TV) entry=42.11 SL=38.46 TP=51.55 R:R=2.5863 zone=[41.31-41.96]
ASB,PASS,,True,True,True,True,True,True,True,True,True,True,False,28.760000228881836,53076062.74239731,1845482.0,4.55,80.96,2026-10-22,14,264,28.170221585616805,28.278417871726944,28.224319728671873,26.92094247020819,32.076515197753906,2.9555490891583394,0.9999999999999998,1.3033772584636838,0.41099420504035833,yes,28.78,28.63,28.73,27.42,32.11,2.5802,2026-10-08,charts/latest/ASB.webp,user,False,,,28.76,1.3034,0.0,0.0,False,,,True,2.63,5/7,5/6,0.77,14.5,True,"uptrend: new high +2.6 ATR above prior 2.5y high, 5/7 HH and 5/6 HL, 30w EMA +14% in 26w",32.2055,2026-08-14,False,entered zone week 2026-10-09 (low 28.16) but no later weekly close >= 29.43,True,1st touch 2026-09-23 low 28.66; push 2026-09-25 high 29.56 >= 29.33; 2nd touch 2026-10-08 low 28.23,True,"SMA150,SMA200","SMA150 28.58 (latest low 28.23 / close 28.76); held before 5x, last 2026-01-02; SMA200 28.05 (latest low 28.23 / close 28.76); held before 4x, last 2025-11-18",True,0.382,"swing 23.04 (2025-10-17) -> 32.21 (2026-08-14): 0.382=28.71, 0.5=27.62, 0.618=26.54; zone 28.63-28.78 +/- 0.33",15,hammer,2026-10-02,engulfing,2026-10-08,False,True,False,,https://www.tradingview.com/chart/?symbol=NYSE:ASB,https://finviz.com/quote.ashx?t=ASB,PASS (TV) entry=28.73 SL=27.42 TP=32.11 R:R=2.5802 zone=[28.63-28.78]
AIT,PASS,,True,True,True,True,True,True,True,True,False,True,False,332.1199951171875,89498865.9841919,269477.5,2.46,97.27,2026-10-22,14,264,290.3217468261719,293.8246543924392,292.07320060930556,273.32114508292733,361.95001220703125,3.7263547721171717,1.0000000000000004,18.75205552637822,2.135594919263584,yes,315.83,308.02,312.94,294.03,360.73,2.5272,2026-10-08,charts/latest/AIT.webp,user,False,,,332.12,18.7521,16.29,0.8687,False,,,True,4.21,6/8,3/5,0.68,20.9,True,"uptrend: new high +4.2 ATR above prior 2.5y high, 6/8 HH and 3/5 HL, 30w EMA +21% in 26w",374.2655,2026-08-14,True,week 2026-09-04 low 314.85 <= zone top 315.83; week 2026-09-25 close 333.10 >= 325.21 (top + 0.5 wATR 18.75),False,"1st touch 2026-09-02, push 2026-09-04; no 2nd touch in the last 10 sessions and close 332.12 is 2.14 dATR from the zone",True,SMA100,"SMA100 330.71 (latest low 329.98 / close 332.12); held before 3x, last 2025-01-29",True,0.5,"swing 236.75 (2025-10-17) -> 374.27 (2026-08-14): 0.382=321.73, 0.5=305.51, 0.618=289.28; zone 308.02-315.83 +/- 4.69",27,strong_close,2026-09-25,,,False,True,False,,https://www.tradingview.com/chart/?symbol=NYSE:AIT,https://finviz.com/quote.ashx?t=AIT,PASS (TV) entry=312.94 SL=294.03 TP=360.73 R:R=2.5272 zone=[308.02-315.83]
PFG,PASS,,True,True,True,True,True,True,True,False,False,False,False,109.7699966430664,155814807.326946,1419466.2666666666,4.45,81.84,2026-10-22,14,263,94.98644256591797,95.51338696573315,95.24991476582557,89.67994603192922,113.26871592747503,3.2349914375632083,1.0000000000000004,5.569968733896343,2.6068515948533255,yes,95.45,94.35,94.98,85.81,117.62,2.4689,2026-10-08,charts/latest/PFG.webp,user,False,,,109.77,5.57,14.32,2.5709,False,,,True,4.61,5/5,3/5,0.8,24.0,True,"uptrend: new high +4.6 ATR above prior 2.5y high, 5/5 HH and 3/5 HL, 30w EMA +24% in 26w",121.18,2026-09-04,False,no weekly low <= zone top 95.45 since the 2026-09-04 high,False,no daily touch of the zone in the pullback,False,,no SMA50/100/150/200 support with an earlier bounce,False,,"swing 75.30 (2025-10-17) -> 121.18 (2026-09-04): 0.382=103.66, 0.5=98.24, 0.618=92.83; zone 94.35-95.45 +/- 1.39",10,,,,,False,True,False,,https://www.tradingview.com/chart/?symbol=NASDAQ:PFG,https://finviz.com/quote.ashx?t=PFG,PASS (TV) entry=94.98 SL=85.81 TP=117.62 R:R=2.4689 zone=[94.35-95.45]
BAX,PASS,,True,True,True,True,True,True,False,False,False,True,False,23.899999618530273,143748033.48895997,6014562.166666667,4.52,109.61,2026-10-29,21,264,18.69306755065918,19.17263462498108,18.93285108782013,16.937730656340698,27.53937530517578,4.313786817858258,0.9999999999999998,1.9951204314794322,2.489648470507055,yes,22.36,21.76,21.99,19.87,27.15,2.434,2026-10-08,charts/latest/BAX.webp,user,False,,,23.9,1.9951,1.54,0.7719,False,,,False,-4.78,2/6,2/5,0.37,12.5,True,"no new high: recent high 29.99 is -4.78 ATR vs prior 2.5y high 39.53 (needs >= +1); choppy swings: 2/6 higher highs, 2/5 higher lows",29.9884,2026-07-31,False,no weekly low <= zone top 22.36 since the 2026-07-31 high,False,no daily touch of the zone in the pullback,True,SMA100,"SMA100 23.09 (latest low 23.50 / close 23.90); held before 2x, last 2026-06-17",True,0.5,"swing 15.72 (2026-04-03) -> 29.99 (2026-07-31): 0.382=24.54, 0.5=22.85, 0.618=21.17; zone 21.76-22.36 +/- 0.50",2,,,,,False,True,False,,https://www.tradingview.com/chart/?symbol=NYSE:BAX,https://finviz.com/quote.ashx?t=BAX,PASS (TV) entry=21.99 SL=19.87 TP=27.15 R:R=2.434 zone=[21.76-22.36]
TTEK,PASS,,True,True,True,True,True,True,True,False,True,True,False,33.40999984741211,67389759.35455538,2017053.5666666667,4.35,100.45,2026-11-18,41,263,31.52167320251465,34.12940339532502,32.82553829891984,30.887516398046454,37.060001373291016,2.184940775159912,1.0000000000000002,1.9380219008733834,0.30157633834214126,yes,32.29,31.48,32.15,30.15,36.96,2.405,2026-10-07,charts/latest/TTEK.webp,user,False,,,33.41,1.938,1.12,0.5779,False,,,False,-6.63,2/4,3/7,0.46,-2.4,False,"no new high: recent high 37.59 is -6.63 ATR vs prior 2.5y high 50.44 (needs >= +1); choppy swings: 2/4 higher highs, 3/7 higher lows; 30w EMA falling (-2% in 26w)",42.8689,2026-02-13,True,week 2026-02-27 low 32.01 <= zone top 32.29; week 2026-03-06 close 34.71 >= 33.26 (top + 0.5 wATR 1.94),True,1st touch 2026-02-25 low 32.01; push 2026-02-26 high 35.43 >= 33.24; 2nd touch 2026-10-08 low 32.23,True,"SMA100,SMA150","SMA100 32.11 (latest low 32.23 / close 33.41); held before 3x, last 2026-07-24; SMA150 31.79 (latest low 32.23 / close 33.41); held before 1x, last 2025-06-20",False,,"swing 26.95 (2025-04-11) -> 42.87 (2026-02-13): 0.382=36.79, 0.5=34.91, 0.618=33.03; zone 31.48-32.29 +/- 0.48",15,,,strong_close,2026-10-08,True,True,False,,https://www.tradingview.com/chart/?symbol=NASDAQ:TTEK,https://finviz.com/quote.ashx?t=TTEK,PASS (TV) entry=32.15 SL=30.15 TP=36.96 R:R=2.405 zone=[31.48-32.29]
URI,PASS,,True,True,True,True,True,True,True,True,True,True,False,1050.1500244140625,464227079.4724284,442057.86666666664,2.5,95.87,2026-10-28,20,264,970.7264404296875,997.3354913096188,984.0309658696531,898.7513256273322,1160.8367919921875,2.073247795372298,0.9999999999999997,85.27964024232088,0.7753205613500839,yes,994.68,970.68,982.49,906.26,1165.22,2.3971,2026-10-08,charts/latest/URI.webp,user,False,,,1050.15,85.2796,55.47,0.6504,False,,,True,1.92,6/7,3/6,0.68,23.8,True,"uptrend: new high +1.9 ATR above prior 2.5y high, 6/7 HH and 3/6 HL, 30w EMA +24% in 26w",1177.1487,2026-08-07,True,week 2026-09-04 low 967.58 <= zone top 994.68; week 2026-09-25 close 1046.75 >= 1037.32 (top + 0.5 wATR 85.28),True,1st touch 2026-09-01 low 988.88; push 2026-09-09 high 1053.74 >= 1028.75; 2nd touch 2026-10-01 low 990.72,False,,no SMA50/100/150/200 support with an earlier bounce,True,0.382,"swing 698.94 (2026-03-20) -> 1177.15 (2026-08-07): 0.382=994.47, 0.5=938.04, 0.618=881.61; zone 970.68-994.68 +/- 21.32",29,hammer,2026-10-02,strong_close,2026-10-01,True,True,False,,https://www.tradingview.com/chart/?symbol=NYSE:URI,https://finviz.com/quote.ashx?t=URI,PASS (TV) entry=982.49 SL=906.26 TP=1165.22 R:R=2.3971 zone=[970.68-994.68]
ARMK,PASS,,True,True,True,True,True,True,False,True,True,True,False,55.540000915527344,111436818.5669365,2006424.5,3.16,100.11,2026-11-17,40,264,41.66974639892578,41.918669624243776,41.79420801158478,38.85265602529341,62.26625061035156,6.959605913535942,0.9999999999999988,2.941551986291369,4.6729729639328585,yes,55.8,55.21,55.47,52.77,61.88,2.3741,2026-10-08,charts/latest/ARMK.webp,user,False,,,55.54,2.9416,0.0,0.0,False,,,True,6.31,3/5,3/4,0.68,34.5,True,"uptrend: new high +6.3 ATR above prior 2.5y high, 3/5 HH and 3/4 HL, 30w EMA +35% in 26w",62.5257,2026-08-14,False,entered zone week 2026-10-09 (low 54.83) but no later weekly close >= 57.27,False,"1st touch 2026-09-23 (low 55.36), no push to 56.83 yet",False,,no SMA50/100/150/200 support with an earlier bounce,False,,"swing 34.70 (2025-11-21) -> 62.53 (2026-08-14): 0.382=51.90, 0.5=48.61, 0.618=45.33; zone 55.21-55.8 +/- 0.74",2,hammer,2026-10-02,strong_close,2026-10-08,False,True,False,,https://www.tradingview.com/chart/?symbol=NYSE:ARMK,https://finviz.com/quote.ashx?t=ARMK,PASS (TV) entry=55.47 SL=52.77 TP=61.88 R:R=2.3741 zone=[55.21-55.8]
LAMR,PASS,,True,True,True,True,True,True,False,True,True,True,False,145.6999969482422,75858246.88444519,520646.86666666664,3.63,85.4,2026-10-29,21,264,134.6874542236328,135.62618083125926,135.15681752744604,128.96075298712796,162.32000732421875,4.383942358899039,0.9999999999999993,6.196064540318081,1.701592898555396,yes,147.28,145.49,146.09,140.13,159.92,2.3205,2026-10-08,charts/latest/LAMR.webp,user,False,,,145.7,6.1961,0.0,0.0,False,,,True,4.79,6/6,3/4,0.88,16.8,True,"uptrend: new high +4.8 ATR above prior 2.5y high, 6/6 HH and 3/4 HL, 30w EMA +17% in 26w",166.33,2026-07-31,False,entered zone week 2026-10-09 (low 142.45) but no later weekly close >= 150.38,True,1st touch 2026-09-10 low 147.21; push 2026-09-11 high 150.01 >= 149.91; 2nd touch 2026-10-08 low 142.69,True,SMA200,"SMA200 141.50 (latest low 142.69 / close 145.70); held before 4x, last 2026-03-31",True,0.382,"swing 108.21 (2025-08-15) -> 166.33 (2026-07-31): 0.382=144.13, 0.5=137.27, 0.618=130.41; zone 145.49-147.28 +/- 1.55",2,hammer,2026-09-04,strong_close,2026-10-08,False,True,False,,https://www.tradingview.com/chart/?symbol=NASDAQ:LAMR,https://finviz.com/quote.ashx?t=LAMR,PASS (TV) entry=146.09 SL=140.13 TP=159.92 R:R=2.3205 zone=[145.49-147.28]
AMGN,PASS,,True,True,True,True,True,True,False,True,False,True,False,407.44000244140625,1172853925.3664815,2878592.966666667,2.61,85.56,2026-11-03,26,264,350.58819580078125,351.9597768434924,351.2739863221368,338.40917758416884,440.30999755859375,6.9208966141629915,0.5000000000000002,25.729617475935914,2.182932419100273,yes,386.1,382.85,384.48,360.4,440.31,2.3185,2026-10-07,charts/latest/AMGN.webp,user,False,,,407.44,25.7296,21.34,0.8294,False,,,True,2.37,4/4,6/7,0.93,13.8,True,"uptrend: new high +2.4 ATR above prior 2.5y high, 4/4 HH and 6/7 HL, 30w EMA +14% in 26w",447.03,2026-08-28,True,week 2026-09-11 low 377.22 <= zone top 386.1; week 2026-09-25 close 414.61 >= 398.96 (top + 0.5 wATR 25.73),False,"1st touch 2026-09-10, push 2026-09-22; no 2nd touch in the last 10 sessions and close 407.44 is 1.97 dATR from the zone",False,,no SMA50/100/150/200 support with an earlier bounce,True,0.382,"swing 262.49 (2025-09-26) -> 447.03 (2026-08-28): 0.382=376.54, 0.5=354.76, 0.618=332.98; zone 382.85-386.1 +/- 6.43",0,strong_close,2026-09-25,,,False,True,False,,https://www.tradingview.com/chart/?symbol=NASDAQ:AMGN,https://finviz.com/quote.ashx?t=AMGN,PASS (TV) entry=384.48 SL=360.4 TP=440.31 R:R=2.3185 zone=[382.85-386.1]
IESC,PASS,,True,True,True,True,True,True,True,True,True,True,False,300.42999267578125,77256353.7345581,257152.6,3.06,97.45,2026-12-09,62,264,259.8349914550781,265.0,262.41749572753906,238.22785350254603,384.4750061035156,5.045858439769119,0.5000000000000002,48.37928444998605,0.7857184615357234,yes,312.68,293.46,304.53,269.85,380.82,2.1998,2026-10-08,charts/latest/IESC.webp,user,False,,,300.43,48.3793,0.0,0.0,False,,,True,2.81,5/5,4/4,1.0,46.4,True,"uptrend: new high +2.8 ATR above prior 2.5y high, 5/5 HH and 4/4 HL, 30w EMA +46% in 26w",408.255,2026-08-14,True,week 2026-08-28 low 307.12 <= zone top 312.68; week 2026-09-11 close 345.71 >= 336.87 (top + 0.5 wATR 48.38),True,1st touch 2026-08-25 low 307.12; push 2026-08-26 high 332.17 >= 326.58; 2nd touch 2026-10-08 low 293.56,True,SMA200,"SMA200 292.59 (latest low 293.56 / close 300.43); held before 4x, last 2026-09-01",True,"0.382,0.5","swing 154.76 (2025-08-22) -> 408.26 (2026-08-14): 0.382=311.42, 0.5=281.51, 0.618=251.59; zone 293.46-312.68 +/- 12.09",12,engulfing,2026-10-02,rejection,2026-10-08,True,True,False,,https://www.tradingview.com/chart/?symbol=NASDAQ:IESC,https://finviz.com/quote.ashx?t=IESC,PASS (TV) entry=304.53 SL=269.85 TP=380.82 R:R=2.1998 zone=[293.46-312.68]
GL,PASS,,True,True,True,True,True,True,True,True,False,True,False,166.0800018310547,62118836.65286865,374029.6,2.71,88.06,2026-10-28,20,264,145.89846801757812,152.0726073494638,148.98553768352096,140.43248832351816,186.61000061035156,4.39895309183838,1.0000000000000016,8.55304936000279,1.9986397164353733,yes,173.75,167.97,170.86,163.72,186.21,2.1499,2026-10-08,charts/latest/GL.webp,user,False,,,166.08,8.553,1.89,0.221,True,broken,low 163.46 < SL 163.72 on 2026-10-08,True,4.62,3/4,4/5,0.78,19.8,True,"uptrend: new high +4.6 ATR above prior 2.5y high, 3/4 HH and 4/5 HL, 30w EMA +20% in 26w",191.55,2026-07-17,True,week 2026-07-24 low 168.17 <= zone top 173.75; week 2026-07-31 close 182.25 >= 178.03 (top + 0.5 wATR 8.55),True,1st touch 2026-07-23 low 168.17; push 2026-07-28 high 179.52 >= 176.53; 2nd touch 2026-10-08 low 163.46,True,SMA150,"SMA150 162.98 (latest low 163.46 / close 166.08); held before 8x, last 2026-02-25",False,,"swing 119.08 (2025-07-25) -> 191.55 (2026-07-17): 0.382=163.87, 0.5=155.32, 0.618=146.77; zone 167.97-173.75 +/- 2.14",10,hammer,2026-09-11,,,False,True,False,,https://www.tradingview.com/chart/?symbol=NYSE:GL,https://finviz.com/quote.ashx?t=GL,PASS (TV) entry=170.86 SL=163.72 TP=186.21 R:R=2.1499 zone=[167.97-173.75]
SWK,PASS,,True,True,True,True,True,True,True,True,True,True,False,89.16999816894531,140367475.74830118,1574155.8666666667,4.75,100.1,2026-11-04,27,264,79.62845014666357,79.90309745824958,79.76577380245658,73.75350599325999,102.99365997314453,3.863415088588988,1.0000000000000007,6.012267809196582,1.5641725659831207,yes,90.29,89,89.86,83.76,102.48,2.0689,2026-10-08,charts/latest/SWK.webp,user,False,,,89.17,6.0123,0.0,0.0,False,,,False,0.32,5/6,3/5,0.72,19.0,True,no new high: recent high 103.78 is +0.32 ATR vs prior 2.5y high 101.83 (needs >= +1),103.7768,2026-08-14,False,entered zone week 2026-10-09 (low 85.71) but no later weekly close >= 93.30,False,"1st touch 2026-09-10 (low 87.95), no push to 93.08 yet",True,SMA150,"SMA150 83.61 (latest low 85.71 / close 89.17); held before 3x, last 2026-04-29",False,,"swing 59.35 (2025-11-21) -> 103.78 (2026-08-14): 0.382=86.81, 0.5=81.57, 0.618=76.32; zone 89-90.29 +/- 1.50",20,hammer,2026-10-02,strong_close,2026-10-08,False,True,False,,https://www.tradingview.com/chart/?symbol=NYSE:SWK,https://finviz.com/quote.ashx?t=SWK,PASS (TV) entry=89.86 SL=83.76 TP=102.48 R:R=2.0689 zone=[89-90.29]
INCY,PASS,,True,True,True,True,True,True,False,False,True,True,False,112.75,178535190.1666667,1583460.6666666667,4.97,103.22,2026-11-03,26,263,108.5,109.4800033569336,108.9900016784668,101.03142874581474,127.80999755859375,2.3647450415278795,0.9999999999999994,7.958572932652065,0.4724462982687331,yes,112.16,107.48,110.39,102.07,127.46,2.0517,2026-10-08,charts/latest/INCY.webp,user,False,,,112.75,7.9586,0.59,0.0741,False,,,True,2.55,4/6,2/4,0.58,18.7,True,"uptrend: new high +2.6 ATR above prior 2.5y high, 4/6 HH and 2/4 HL, 30w EMA +19% in 26w",132.6,2026-07-31,False,entered zone week 2026-10-09 (low 110.08) but no later weekly close >= 116.14,True,1st touch 2026-10-06 low 111.67; push 2026-10-07 high 115.49 >= 115.48; 2nd touch 2026-10-08 low 110.08,True,"SMA150,SMA200","SMA150 108.77 (latest low 110.08 / close 112.75); held before 4x, last 2025-07-21; SMA200 107.15 (latest low 110.08 / close 112.75); held before 7x, last 2026-06-18",True,0.382,"swing 75.48 (2025-08-08) -> 132.60 (2026-07-31): 0.382=110.78, 0.5=104.04, 0.618=97.30; zone 107.48-112.16 +/- 1.99",0,,,hammer,2026-10-08,False,True,False,,https://www.tradingview.com/chart/?symbol=NASDAQ:INCY,https://finviz.com/quote.ashx?t=INCY,PASS (TV) entry=110.39 SL=102.07 TP=127.46 R:R=2.0517 zone=[107.48-112.16]
CNO,FAIL,"dollar_vol,rr",False,True,True,True,False,True,False,False,False,False,False,53.54999923706055,49501962.01473389,924406.4,2.42,96.56,2026-11-04,27,264,44.1458740234375,44.3436609545763,44.244767489006904,41.82035403294368,56.563594818115234,5.081157794393588,1.0000000000000009,2.4244134560632182,3.8381373130817185,yes,44.36,44.15,44.05,41.79,56.35,5.4425,2026-10-07,charts/latest/CNO.webp,bot,True,bot drawing on chart,bot drawing (review needed): zone 44.15-44.36 entry 44.05 SL 41.79 TP 56.35 R:R 5.44,53.55,2.4244,9.19,3.7906,True,far,close 53.55 is 3.79 ATR above zone top 44.36,True,5.38,5/6,3/5,0.72,24.9,True,"uptrend: new high +5.4 ATR above prior 2.5y high, 5/6 HH and 3/5 HL, 30w EMA +25% in 26w",57.4008,2026-07-31,False,no weekly low <= zone top 44.36 since the 2026-07-31 high,False,no daily touch of the zone in the pullback,True,SMA100,"SMA100 52.40 (latest low 52.87 / close 53.55); held before 8x, last 2026-01-23",False,,"swing 34.84 (2025-08-08) -> 57.40 (2026-07-31): 0.382=48.78, 0.5=46.12, 0.618=43.46; zone 44.15-44.36 +/- 0.61",1,,,,,False,True,False,TV drawing by the bot - review needed (f_rr False until approved),https://www.tradingview.com/chart/?symbol=NYSE:CNO,https://finviz.com/quote.ashx?t=CNO,"$vol(30d) $49.5M < $50M | FAIL: dollar_vol, rr (bot drawing - review needed)"
CSX,FAIL,no_earnings_14d,True,True,False,True,True,True,False,False,False,False,False,47.34000015258789,472252328.4341797,9975756.8,2.2,82.03,2026-10-21,13,264,42.44334030151367,42.522879890397,42.48311009595534,41.16432207386231,51.858033041478826,7.108741350747689,0.6287249942617962,2.097559400579354,2.3154958354414465,yes,43.16,42.52,42.83,40.51,52.97,4.3707,2026-10-08,charts/latest/CSX.webp,user,False,user-edited bot drawing,levels changed vs the bot drawing (zone 42.44-43.1 entry 42.82 SL 40.75 TP 53.26 R:R 5.06) -> user-owned,47.34,2.0976,4.18,1.9928,False,,,True,4.94,5/6,3/3,0.92,23.7,True,"uptrend: new high +4.9 ATR above prior 2.5y high, 5/6 HH and 3/3 HL, 30w EMA +24% in 26w",53.4537,2026-07-31,False,no weekly low <= zone top 43.16 since the 2026-07-31 high,False,no daily touch of the zone in the pullback,True,SMA150,"SMA150 46.31 (latest low 46.76 / close 47.34); held before 5x, last 2026-01-12",True,0.5,"swing 31.40 (2025-09-12) -> 53.45 (2026-07-31): 0.382=45.03, 0.5=42.43, 0.618=39.82; zone 42.52-43.16 +/- 0.52",2,,,,,False,True,True,,https://www.tradingview.com/chart/?symbol=NASDAQ:CSX,https://finviz.com/quote.ashx?t=CSX,FAIL: no_earnings_14d
STLD,FAIL,no_earnings_14d,True,True,False,True,True,True,False,True,True,True,False,234.1699981689453,221018199.28245035,943836.5333333333,2.83,86.02,2026-10-19,11,264,133.47352600097656,137.9203468520754,135.69693642652598,119.05236549628881,262.7099914550781,7.630899922918131,0.9323948005294128,17.851419721330917,5.516259394470035,yes,220.81,216.73,218.36,200.03,285.6,3.67,2026-10-05,charts/latest/STLD.webp,user,False,,,234.17,17.8514,13.36,0.7484,False,,,True,4.52,4/6,2/3,0.67,35.4,True,"uptrend: new high +4.5 ATR above prior 2.5y high, 4/6 HH and 2/3 HL, 30w EMA +35% in 26w",288.0866,2026-06-19,True,week 2026-07-03 low 216.36 <= zone top 220.81; week 2026-07-17 close 235.51 >= 229.74 (top + 0.5 wATR 17.85),True,1st touch 2026-07-01 low 218.73; push 2026-07-06 high 227.45 >= 227.42; 2nd touch 2026-10-01 low 219.11,True,SMA150,"SMA150 229.26 (latest low 232.97 / close 234.17); held before 8x, last 2026-08-20",True,0.382,"swing 118.47 (2025-08-15) -> 288.09 (2026-06-19): 0.382=223.29, 0.5=203.28, 0.618=183.27; zone 216.73-220.81 +/- 4.46",2,hammer,2026-10-02,strong_close,2026-10-01,False,True,True,,https://www.tradingview.com/chart/?symbol=NASDAQ:STLD,https://finviz.com/quote.ashx?t=STLD,FAIL: no_earnings_14d
NTRS,FAIL,no_earnings_14d,True,True,False,True,True,True,False,False,False,False,False,168.5,164426888.81666666,975827.2333333333,2.19,86.98,2026-10-21,13,264,149.8953399658203,150.3189701451915,150.10715505550593,144.57520863497314,190.51141357421875,7.303805107140106,0.6261028608938558,8.835523307839717,2.081692764951929,yes,154.89,149.22,151.62,141.15,189.78,3.6447,2026-10-07,charts/latest/NTRS.webp,user,False,,,168.5,8.8355,13.61,1.5404,False,,,True,4.48,5/7,3/3,0.86,25.8,True,"uptrend: new high +4.5 ATR above prior 2.5y high, 5/7 HH and 3/3 HL, 30w EMA +26% in 26w",194.8609,2026-08-14,False,no weekly low <= zone top 154.89 since the 2026-08-14 high,False,no daily touch of the zone in the pullback,True,SMA150,"SMA150 168.41 (latest low 166.88 / close 168.50); held before 3x, last 2026-03-09",True,"0.5,0.618","swing 118.61 (2025-10-17) -> 194.86 (2026-08-14): 0.382=165.73, 0.5=156.73, 0.618=147.74; zone 149.22-154.89 +/- 2.21",2,,,,,False,True,True,,https://www.tradingview.com/chart/?symbol=NASDAQ:NTRS,https://finviz.com/quote.ashx?t=NTRS,FAIL: no_earnings_14d
UNH,FAIL,no_earnings_14d,True,True,False,True,True,True,True,True,False,True,False,370.95001220703125,1655133723.296285,4461878.066666666,1.48,90.14,2026-10-13,5,264,349.3529357910156,350.9317071763275,350.1423214836716,329.5328386038493,424.6352826432401,3.6144992862727694,1.0000000000000013,20.609482879822252,1.0096173128017423,yes,354.18,346.7,351.27,330.5,423.15,3.46,2026-09-29,,user,False,,,370.95,20.6095,16.77,0.8137,False,,,False,-6.92,4/7,2/5,0.49,22.4,True,"no new high: recent high 458.79 is -6.92 ATR vs prior 2.5y high 601.33 (needs >= +1); choppy swings: 4/7 higher highs, 2/5 higher lows",458.7949,2026-07-17,False,no weekly low <= zone top 354.18 since the 2026-07-17 high,False,no daily touch of the zone in the pullback,True,SMA150,"SMA150 370.23 (latest low 368.50 / close 370.95); held before 1x, last 2025-12-10",True,0.5,"swing 227.08 (2025-08-01) -> 458.79 (2026-07-17): 0.382=370.28, 0.5=342.94, 0.618=315.60; zone 346.7-354.18 +/- 5.15",28,hammer,2026-10-02,,,True,True,True,,https://www.tradingview.com/chart/?symbol=NYSE:UNH,https://finviz.com/quote.ashx?t=UNH,FAIL: no_earnings_14d
PH,FAIL,rr,True,True,True,True,False,False,True,True,True,True,False,946.9600219726562,490877876.1633504,518372.3333333333,1.16,91.26,2026-10-29,21,264,966.9724731445312,1001.7723946354896,984.3724338900104,930.1521371861281,1082.6694406412896,1.812919012378644,1.0000000000000009,54.2202967038822,-0.6900075099492285,yes,951.29,927.47,944.47,895.21,1077.95,2.7097,2026-10-08,charts/latest/PH.webp,bot,True,bot drawing on chart,bot drawing (review needed): zone 927.47-951.29 entry 944.47 SL 895.21 TP 1077.95 R:R 2.71,946.96,54.2203,0.0,0.0,False,,,True,1.24,4/6,3/4,0.71,8.1,True,"uptrend: new high +1.2 ATR above prior 2.5y high, 4/6 HH and 3/4 HL, 30w EMA +8% in 26w",1097.7291,2026-08-07,False,entered zone week 2026-10-09 (low 938.55) but no later weekly close >= 978.40,True,1st touch 2026-09-01 low 949.58; push 2026-09-04 high 978.38 >= 970.76; 2nd touch 2026-10-08 low 938.55,True,"SMA150,SMA200","SMA150 942.86 (latest low 938.55 / close 946.96); held before 5x, last 2026-07-29; SMA200 943.91 (latest low 938.55 / close 946.96); held before 2x, last 2025-06-23",True,0.382,"swing 709.46 (2025-10-10) -> 1097.73 (2026-08-07): 0.382=949.41, 0.5=903.60, 0.618=857.78; zone 927.47-951.29 +/- 13.56",20,hammer,2026-10-02,hammer,2026-10-08,False,True,False,TV drawing by the bot - review needed (f_rr False until approved),https://www.tradingview.com/chart/?symbol=NYSE:PH,https://finviz.com/quote.ashx?t=PH,FAIL: rr (bot drawing - review needed)
SSB,FAIL,rr,True,True,True,True,False,True,True,True,True,True,False,100.56999969482422,62736420.65462875,623808.5,3.19,89.34,2026-10-28,20,264,98.71031951904297,99.76725949141188,99.23878950522743,94.63813530940959,111.58999633789062,2.684663160272052,1.0000000000000016,4.600654195817832,0.28935236880157367,yes,99.77,98.71,99.18,94.54,111.18,2.5862,2026-10-07,charts/latest/SSB.webp,bot,True,bot drawing on chart,bot drawing (review needed): zone 98.71-99.77 entry 99.18 SL 94.54 TP 111.18 R:R 2.59,100.57,4.6007,0.8,0.1739,False,,,False,0.58,4/5,3/4,0.78,7.2,True,no new high: recent high 112.20 is +0.58 ATR vs prior 2.5y high 109.52 (needs >= +1),112.2,2026-08-21,False,entered zone week 2026-10-09 (low 98.30) but no later weekly close >= 102.07,True,1st touch 2026-09-29 low 99.49; push 2026-10-02 high 102.61 >= 101.52; 2nd touch 2026-10-08 low 98.30,True,"SMA150,SMA200","SMA150 98.93 (latest low 98.30 / close 100.57); held before 3x, last 2026-07-08; SMA200 98.86 (latest low 98.30 / close 100.57); held before 4x, last 2026-07-08",True,0.5,"swing 82.98 (2025-11-21) -> 112.20 (2026-08-21): 0.382=101.04, 0.5=97.59, 0.618=94.14; zone 98.71-99.77 +/- 1.15",9,hammer,2026-10-02,engulfing,2026-10-08,True,True,False,TV drawing by the bot - review needed (f_rr False until approved),https://www.tradingview.com/chart/?symbol=NYSE:SSB,https://finviz.com/quote.ashx?t=SSB,FAIL: rr (bot drawing - review needed)
RS,FAIL,"no_earnings_14d,rr",True,True,False,True,False,True,False,True,False,False,False,396.9100036621094,105316431.13004048,265340.8333333333,2.3,83.27,2026-10-21,13,264,349.6131591796875,350.71168485924875,350.1624220194681,326.1513549528699,426.5400085449219,3.1809326221783176,0.9999999999999999,24.011067066598233,1.946918123754348,yes,369.57,366.66,366.46,343.81,424.39,2.5576,2026-10-08,charts/latest/RS.webp,bot,True,bot drawing on chart,bot drawing (review needed): zone 366.66-369.57 entry 366.46 SL 343.81 TP 424.39 R:R 2.56,396.91,24.0111,27.34,1.1386,False,,,True,2.95,3/4,3/5,0.68,24.8,True,"uptrend: new high +2.9 ATR above prior 2.5y high, 3/4 HH and 3/5 HL, 30w EMA +25% in 26w",432.62,2026-08-21,False,no weekly low <= zone top 369.57 since the 2026-08-21 high,False,no daily touch of the zone in the pullback,True,SMA100,"SMA100 393.40 (latest low 395.64 / close 396.91); held before 2x, last 2025-12-31",True,0.382,"swing 256.46 (2025-10-24) -> 432.62 (2026-08-21): 0.382=365.33, 0.5=344.54, 0.618=323.75; zone 366.66-369.57 +/- 6.00",2,engulfing,2026-10-02,,,False,True,True,TV drawing by the bot - review needed (f_rr False until approved),https://www.tradingview.com/chart/?symbol=NYSE:RS,https://finviz.com/quote.ashx?t=RS,"FAIL: no_earnings_14d, rr (bot drawing - review needed)"
STX,FAIL,rr,True,True,True,True,False,True,False,True,True,True,False,774.8250122070312,3275023155.7240663,4226790.7,4.03,85.87,2026-10-28,20,262,427.92401123046875,457.91620030452225,442.9201057674955,344.86492392751313,989.5367754962906,5.5745821839464496,0.6773718671350828,144.7582732579415,2.2928216741582834,yes,787.03,712.16,767.56,641.42,1073.88,2.4284,2026-10-08,charts/latest/STX.webp,bot,True,bot drawing on chart,bot drawing (review needed): zone 712.16-787.03 entry 767.56 SL 641.42 TP 1073.88 R:R 2.43,774.825,144.7583,0.0,0.0,False,,,True,4.33,4/5,2/2,0.9,129.1,True,"uptrend: new high +4.3 ATR above prior 2.5y high, 4/5 HH and 2/2 HL, 30w EMA +129% in 26w",1143.2677,2026-06-19,True,week 2026-07-10 low 785.38 <= zone top 787.03; week 2026-08-14 close 972.66 >= 859.41 (top + 0.5 wATR 144.76),True,1st touch 2026-07-07 low 785.38; push 2026-07-08 high 861.72 >= 842.13; 2nd touch 2026-10-08 low 770.06,True,SMA150,"SMA150 759.79 (latest low 770.06 / close 774.83); held before 1x, last 2024-11-01",True,0.382,"swing 129.06 (2025-06-27) -> 1143.27 (2026-06-19): 0.382=755.84, 0.5=636.16, 0.618=516.49; zone 712.16-787.03 +/- 36.19",0,hammer,2026-09-25,strong_close,2026-10-07,False,True,False,TV drawing by the bot - review needed (f_rr False until approved),https://www.tradingview.com/chart/?symbol=NASDAQ:STX,https://finviz.com/quote.ashx?t=STX,FAIL: rr (bot drawing - review needed)
BNY,FAIL,no_earnings_14d,True,True,False,True,True,True,False,True,True,True,False,143.61000061035156,482495260.1126353,3359760.8666666667,1.52,87.76,2026-10-15,7,264,134.03237915039062,136.45308434956033,135.24273174997546,127.84414408231642,164.83999633789062,4.00039384777337,1.0000000000000002,7.398587667659042,1.1309278522104145,yes,147.25,145,146.4,138.81,164.41,2.37,2026-10-02,charts/latest/BNY.webp,user,False,,,143.61,7.3986,1.39,0.1879,False,,,True,5.15,7/7,3/3,1.0,28.3,True,"uptrend: new high +5.1 ATR above prior 2.5y high, 7/7 HH and 3/3 HL, 30w EMA +28% in 26w",165.84,2026-09-04,False,entered zone week 2026-10-09 (low 140.76) but no later weekly close >= 150.95,False,"1st touch 2026-09-29 (low 146.29), no push to 149.95 yet",True,SMA150,"SMA150 142.76 (latest low 141.33 / close 143.61); held before 2x, last 2026-03-09",False,,"swing 100.79 (2025-09-12) -> 165.84 (2026-09-04): 0.382=140.99, 0.5=133.31, 0.618=125.64; zone 145-147.25 +/- 1.85",1,rejection,2026-10-02,hammer,2026-10-02,False,True,True,,https://www.tradingview.com/chart/?symbol=NYSE:BNY,https://finviz.com/quote.ashx?t=BNY,FAIL: no_earnings_14d
PKG,FAIL,"no_earnings_14d,rr",True,True,False,True,False,True,True,True,True,True,False,229.94000244140625,119665506.36989136,520420.56666666665,3.89,98.86,2026-10-21,13,264,222.27140433922395,222.5082841555742,222.38984424739908,209.36222620024242,254.39352416992188,2.456602565923994,0.9999999999999999,13.027618047156666,0.5795501654007289,yes,228.27,222.27,226.57,214.16,253.22,2.1475,2026-10-08,charts/latest/PKG.webp,bot,True,bot drawing on chart,bot drawing (review needed): zone 222.27-228.27 entry 226.57 SL 214.16 TP 253.22 R:R 2.15,229.94,13.0276,1.67,0.1282,False,,,True,1.03,5/6,5/5,0.92,9.8,True,"uptrend: new high +1.0 ATR above prior 2.5y high, 5/6 HH and 5/5 HL, 30w EMA +10% in 26w",258.3082,2026-08-14,True,week 2026-09-04 low 226.19 <= zone top 228.27; week 2026-09-25 close 237.21 >= 234.78 (top + 0.5 wATR 13.03),True,1st touch 2026-09-01 low 227.04; push 2026-09-02 high 234.86 >= 232.96; 2nd touch 2026-10-08 low 225.13,True,"SMA150,SMA200","SMA150 225.97 (latest low 225.13 / close 229.94); held before 4x, last 2026-09-10; SMA200 224.46 (latest low 225.13 / close 229.94); held before 3x, last 2026-09-10",True,"0.382,0.5","swing 186.71 (2025-08-22) -> 258.31 (2026-08-14): 0.382=230.96, 0.5=222.51, 0.618=214.06; zone 222.27-228.27 +/- 3.26",28,hammer,2026-09-11,engulfing,2026-10-08,False,True,True,TV drawing by the bot - review needed (f_rr False until approved),https://www.tradingview.com/chart/?symbol=NYSE:PKG,https://finviz.com/quote.ashx?t=PKG,"FAIL: no_earnings_14d, rr (bot drawing - review needed)"
BMY,FAIL,rr,True,True,True,True,False,True,False,True,True,True,False,59.58000183105469,591295905.2201233,9924402.266666668,2.06,85.12,2026-10-29,21,264,58.954503866693024,59.112717751159956,59.03361080892649,55.685754287320044,67.41000366210938,2.5020166781710023,1.0,3.3478565216064453,0.16320622422194364,yes,61.55,61,61.23,58.11,67.27,1.9359,2026-10-08,charts/latest/BMY.webp,user,False,,,59.58,3.3479,1.42,0.4242,False,,,True,2.12,3/7,4/7,0.5,12.3,True,"uptrend: new high +2.1 ATR above prior 2.5y high, 3/7 HH and 4/7 HL, 30w EMA +12% in 26w",68.64,2026-08-21,False,entered zone week 2026-10-09 (low 58.33) but no later weekly close >= 63.22,False,close 59.58 below zone bottom - 1 dATR (broken down),True,SMA200,"SMA200 58.86 (latest low 58.73 / close 59.58); held before 2x, last 2026-06-18",False,,"swing 41.13 (2025-10-31) -> 68.64 (2026-08-21): 0.382=58.13, 0.5=54.89, 0.618=51.64; zone 61-61.55 +/- 0.84",2,hammer,2026-09-25,strong_close,2026-10-02,False,True,False,TV R:R 1.9359 < 2 (f_rr False),https://www.tradingview.com/chart/?symbol=NYSE:BMY,https://finviz.com/quote.ashx?t=BMY,FAIL: rr (TV R:R 1.9359 < 2)
DASH,FAIL,rr,True,True,True,True,False,True,True,True,True,True,False,191.7100067138672,748919262.9928665,3906521.5,4.31,82.48,2026-11-04,27,264,183.88999938964844,188.44000244140625,186.16500091552734,168.0599365234375,236.74000549316406,2.793417547839989,1.0,18.105064392089844,0.30626821745867266,yes,192.74,183.38,187.19,167.54,224.51,1.8992,2026-10-08,charts/latest/DASH.webp,user,False,user-edited bot drawing,levels changed vs the bot drawing (zone 166.58-172.91 entry 174.87 SL 152.85 TP 235.05 R:R 2.73) -> user-owned,191.71,18.1051,0.0,0.0,False,,,False,-2.58,3/5,2/5,0.5,-0.4,False,no new high: recent high 238.83 is -2.58 ATR vs prior 2.5y high 285.50 (needs >= +1); 30w EMA falling (-0% in 26w),285.5,2025-10-17,True,week 2025-11-21 low 182.04 <= zone top 192.74; week 2025-12-05 close 225.00 >= 201.79 (top + 0.5 wATR 18.11),True,1st touch 2025-11-20 low 186.83; push 2025-11-26 high 200.49 >= 200.20; 2nd touch 2026-10-08 low 188.14,True,"SMA100,SMA150,SMA200","SMA100 189.72 (latest low 188.14 / close 191.71); held before 3x, last 2026-09-10; SMA150 181.40 (latest low 188.14 / close 191.71); held before 2x, last 2025-03-07; SMA200 186.00 (latest low 188.14 / close 191.71); held before 1x, last 2025-04-07",False,,"swing 150.26 (2024-10-25) -> 285.50 (2025-10-17): 0.382=233.84, 0.5=217.88, 0.618=201.92; zone 183.38-192.74 +/- 4.53",21,hammer,2026-10-02,hammer,2026-10-08,False,True,False,TV R:R 1.8992 < 2 (f_rr False),https://www.tradingview.com/chart/?symbol=NASDAQ:DASH,https://finviz.com/quote.ashx?t=DASH,FAIL: rr (TV R:R 1.8992 < 2)
UMBF,FAIL,rr,True,True,True,True,False,True,False,True,False,True,False,130.38999938964844,87177740.89625701,668592.2333333333,4.98,96.85,2026-10-27,19,264,132.90444946289062,134.67557855210754,133.79001400749908,126.48357216229843,151.50167846679688,2.424116257208284,0.9999999999999994,7.3064418452006565,-0.465344786133348,yes,134.36,132.22,133.58,124.41,150.77,1.87,2026-10-04,,user,False,,,130.39,7.3064,1.83,0.2505,False,,,True,2.48,3/3,4/5,0.9,16.4,True,"uptrend: new high +2.5 ATR above prior 2.5y high, 3/3 HH and 4/5 HL, 30w EMA +16% in 26w",152.7772,2026-08-21,False,entered zone week 2026-10-09 (low 125.60) but no later weekly close >= 138.01,True,1st touch 2026-09-16 low 132.60; push 2026-09-25 high 137.32 >= 137.19; 2nd touch 2026-10-08 low 127.20,True,SMA200,"SMA200 129.46 (latest low 127.20 / close 130.39); held before 3x, last 2026-04-27",True,0.382,"swing 101.90 (2025-11-21) -> 152.78 (2026-08-21): 0.382=133.34, 0.5=127.34, 0.618=121.34; zone 132.22-134.36 +/- 1.83",2,hammer,2026-09-25,,,False,True,False,TV R:R 1.87 < 2 (f_rr False),https://www.tradingview.com/chart/?symbol=NASDAQ:UMBF,https://finviz.com/quote.ashx?t=UMBF,FAIL: rr (TV R:R 1.87 < 2)
THC,FAIL,rr,True,True,True,True,False,True,True,True,True,True,False,260.57000732421875,179560702.89383954,689107.3333333334,2.53,100.43,2026-11-03,26,263,196.88999938964844,199.0800018310547,197.98500061035156,178.36321367536272,280.7699890136719,4.219034111297028,1.0000000000000004,19.62178693498884,3.1895671337796423,yes,245.93,238.6,239.65,218.71,278.39,1.85,2026-10-08,charts/latest/THC.webp,user,False,,,260.57,19.6218,14.64,0.7461,False,,,True,1.83,4/6,3/8,0.52,15.1,True,"uptrend: new high +1.8 ATR above prior 2.5y high, 4/6 HH and 3/8 HL, 30w EMA +15% in 26w",283.05,2026-08-28,False,no weekly low <= zone top 245.93 since the 2026-08-28 high,False,no daily touch of the zone in the pullback,False,,no SMA50/100/150/200 support with an earlier bounce,True,0.382,"swing 157.58 (2026-06-12) -> 283.05 (2026-08-28): 0.382=235.12, 0.5=220.31, 0.618=205.51; zone 238.6-245.93 +/- 4.91",15,hammer,2026-09-25,engulfing,2026-09-25,False,True,False,TV R:R 1.85 < 2 (f_rr False),https://www.tradingview.com/chart/?symbol=NYSE:THC,https://finviz.com/quote.ashx?t=THC,FAIL: rr (TV R:R 1.85 < 2)
MSI,FAIL,rr,True,True,True,True,False,True,False,True,True,True,False,447.1199951171875,352757466.32368165,788954.8,1.93,91.85,2026-10-29,21,263,441.9690493476176,447.498134987632,444.7335921676248,427.0940190996935,484.7465160721933,2.26836124380538,0.8054454012002361,21.900395783060695,0.10896620194455597,yes,447.5,441.97,444.58,423.34,482.73,1.7961,2026-10-08,charts/latest/MSI.webp,bot,True,bot drawing on chart,bot drawing (review needed): zone 441.97-447.5 entry 444.58 SL 423.34 TP 482.73 R:R 1.8,447.12,21.9004,0.0,0.0,False,,,False,-0.16,4/5,2/4,0.65,3.2,True,no new high: recent high 493.57 is -0.16 ATR vs prior 2.5y high 497.07 (needs >= +1),493.5737,2026-09-04,False,entered zone week 2026-10-09 (low 443.12) but no later weekly close >= 458.45,True,1st touch 2026-09-29 low 445.49; push 2026-10-05 high 458.15 >= 454.82; 2nd touch 2026-10-08 low 443.12,True,SMA150,"SMA150 436.20 (latest low 443.12 / close 447.12); held before 2x, last 2026-04-29",True,0.382,"swing 356.42 (2025-12-19) -> 493.57 (2026-09-04): 0.382=441.18, 0.5=425.00, 0.618=408.81; zone 441.97-447.5 +/- 5.48",2,hammer,2026-09-11,strong_close,2026-10-05,False,True,False,TV drawing by the bot - review needed (f_rr False until approved),https://www.tradingview.com/chart/?symbol=NYSE:MSI,https://finviz.com/quote.ashx?t=MSI,FAIL: rr (bot drawing - review needed)
IVZ,FAIL,rr,True,True,True,True,False,True,True,True,True,True,False,30.09000015258789,114231288.43627256,3796320.6333333333,2.98,98.34,2026-10-27,19,264,28.785341262817383,28.853784369721446,28.819562816269414,26.79729990246272,33.06999969482422,2.1018220971840935,1.0000000000000004,2.0222629138066948,0.6282256019456013,yes,29.59,29.39,29.52,27.56,33.03,1.7908,2026-10-08,charts/latest/IVZ.webp,user,False,,,30.09,2.0223,0.5,0.2472,False,,,True,2.33,4/4,3/4,0.88,22.0,True,"uptrend: new high +2.3 ATR above prior 2.5y high, 4/4 HH and 3/4 HL, 30w EMA +22% in 26w",33.66,2026-08-28,True,week 2026-09-18 low 29.56 <= zone top 29.59; week 2026-09-25 close 30.93 >= 30.60 (top + 0.5 wATR 2.02),True,1st touch 2026-09-16 low 29.56; push 2026-09-17 high 30.83 >= 30.37; close 30.09 within 0.64 dATR of the zone,True,SMA100,"SMA100 29.67 (latest low 29.86 / close 30.09); held before 5x, last 2026-06-24",False,,"swing 20.03 (2025-10-24) -> 33.66 (2026-08-28): 0.382=28.45, 0.5=26.85, 0.618=25.24; zone 29.39-29.59 +/- 0.51",14,hammer,2026-10-02,strong_close,2026-10-07,True,True,False,TV R:R 1.7908 < 2 (f_rr False),https://www.tradingview.com/chart/?symbol=NYSE:IVZ,https://finviz.com/quote.ashx?t=IVZ,FAIL: rr (TV R:R 1.7908 < 2)
SJM,FAIL,rr,True,True,True,True,False,True,True,True,True,True,False,119.41000366210938,143849931.71530864,1204672.3666666667,4.53,89.88,2026-12-01,54,264,115.40843200683594,116.64682622654612,116.02762911669103,108.7688464783243,132.33999633789062,2.2472593593007746,1.0,7.258782638366725,0.4659699448142452,yes,117.04,113.27,115.15,106,131.43,1.7792,2026-10-08,charts/latest/SJM.webp,user,False,,,119.41,7.2588,2.37,0.3265,False,,,True,2.6,3/5,2/5,0.5,12.9,True,"uptrend: new high +2.6 ATR above prior 2.5y high, 3/5 HH and 2/5 HL, 30w EMA +13% in 26w",135.89,2026-08-28,False,entered zone week 2026-10-09 (low 115.46) but no later weekly close >= 120.67,False,"1st touch 2026-10-01, push 2026-10-08; no 2nd touch in the last 10 sessions and close 119.41 is 0.87 dATR from the zone",True,SMA100,"SMA100 115.76 (latest low 116.37 / close 119.41); held before 7x, last 2026-02-18",True,0.382,"swing 86.47 (2026-04-17) -> 135.89 (2026-08-28): 0.382=117.01, 0.5=111.18, 0.618=105.35; zone 113.27-117.04 +/- 1.81",28,hammer,2026-09-18,strong_close,2026-10-08,True,True,False,TV R:R 1.7792 < 2 (f_rr False),https://www.tradingview.com/chart/?symbol=NYSE:SJM,https://finviz.com/quote.ashx?t=SJM,FAIL: rr (TV R:R 1.7792 < 2)
DXCM,FAIL,rr,True,True,True,True,False,True,True,True,True,True,False,84.41000366210938,312750368.8812724,3705133.933333333,4.65,105.03,2026-10-22,14,262,75.69999694824219,75.85139694213868,75.77569694519043,70.8900015258789,92.33999633789062,3.3903667689203503,0.810231650067172,6.029998234340122,1.4318920804566067,yes,83.03,82.29,82.25,76.66,91.8,1.7084,2026-10-08,charts/latest/DXCM.webp,bot,True,bot drawing on chart,bot drawing (review needed): zone 82.29-83.03 entry 82.25 SL 76.66 TP 91.8 R:R 1.71,84.41,6.03,1.38,0.2289,False,,,False,-7.74,4/6,2/5,0.53,14.8,True,no new high: recent high 92.59 is -7.74 ATR vs prior 2.5y high 139.24 (needs >= +1),92.59,2026-08-28,True,week 2026-09-11 low 82.29 <= zone top 83.03; week 2026-09-18 close 89.35 >= 86.04 (top + 0.5 wATR 6.03),True,1st touch 2026-09-09 low 82.80; push 2026-09-11 high 85.82 >= 85.02; 2nd touch 2026-10-06 low 82.86,False,,no SMA50/100/150/200 support with an earlier bounce,False,,"swing 54.11 (2025-11-07) -> 92.59 (2026-08-28): 0.382=77.89, 0.5=73.35, 0.618=68.81; zone 82.29-83.03 +/- 1.51",41,strong_close,2026-09-18,hammer,2026-10-08,False,True,False,TV drawing by the bot - review needed (f_rr False until approved),https://www.tradingview.com/chart/?symbol=NASDAQ:DXCM,https://finviz.com/quote.ashx?t=DXCM,FAIL: rr (bot drawing - review needed)
DAR,FAIL,rr,True,True,True,True,False,False,False,True,True,True,False,62.25,134301899.525,2157460.2333333334,4.34,106.0,2026-11-10,33,264,64.11000061035156,66.0199966430664,65.06499862670898,59.85978399004255,66.66000366210938,0.3064244506201337,0.9999999999999998,5.205214636666434,-0.5408035639644225,yes,59.41,57.76,58.72,54.11,66.57,1.7028,2026-10-08,charts/latest/DAR.webp,bot,True,bot drawing on chart,bot drawing (review needed): zone 57.76-59.41 entry 58.72 SL 54.11 TP 66.57 R:R 1.7,62.25,5.2052,2.84,0.5456,False,,,False,0.98,5/7,3/5,0.66,29.0,True,no new high: recent high 69.98 is +0.98 ATR vs prior 2.5y high 64.90 (needs >= +1),69.98,2026-08-21,True,week 2026-08-28 low 58.96 <= zone top 59.41; week 2026-09-04 close 65.19 >= 62.01 (top + 0.5 wATR 5.21),True,1st touch 2026-08-25 low 58.96; push 2026-08-26 high 63.24 >= 61.73; 2nd touch 2026-09-29 low 59.38,True,"SMA100,SMA150","SMA100 61.12 (latest low 60.30 / close 62.25); held before 3x, last 2026-08-25; SMA150 60.76 (latest low 60.30 / close 62.25); held before 5x, last 2026-08-25",False,,"swing 29.15 (2025-10-17) -> 69.98 (2026-08-21): 0.382=54.38, 0.5=49.57, 0.618=44.75; zone 57.76-59.41 +/- 1.30",2,hammer,2026-10-02,strong_close,2026-10-08,False,True,False,TV drawing by the bot - review needed (f_rr False until approved),https://www.tradingview.com/chart/?symbol=NYSE:DAR,https://finviz.com/quote.ashx?t=DAR,FAIL: rr (bot drawing - review needed)
CPAY,FAIL,rr,True,True,True,True,False,True,True,True,True,True,False,402.0799865722656,176736308.70577085,439555.1,4.94,100.49,2026-11-11,34,264,361.79998779296875,364.239990234375,363.0199890136719,342.7421177455357,417.6000061035156,2.691604871543328,0.9999999999999997,20.27787126813616,1.9262375740579376,yes,385.97,379.7,381.26,360.37,415.74,1.65,2026-10-05,charts/latest/CPAY.webp,user,False,,,402.08,20.2779,16.11,0.7945,False,,,True,1.31,4/7,3/7,0.5,18.9,True,"uptrend: new high +1.3 ATR above prior 2.5y high, 4/7 HH and 3/7 HL, 30w EMA +19% in 26w",427.46,2026-09-04,False,no weekly low <= zone top 385.97 since the 2026-09-04 high,False,no daily touch of the zone in the pullback,False,,no SMA50/100/150/200 support with an earlier bounce,False,,"swing 252.84 (2025-10-31) -> 427.46 (2026-09-04): 0.382=360.76, 0.5=340.15, 0.618=319.54; zone 379.7-385.97 +/- 5.07",14,hammer,2026-10-02,hammer,2026-10-02,False,True,False,TV R:R 1.65 < 2 (f_rr False),https://www.tradingview.com/chart/?symbol=NYSE:CPAY,https://finviz.com/quote.ashx?t=CPAY,FAIL: rr (TV R:R 1.65 < 2)
EQIX,FAIL,rr,True,True,True,True,False,True,True,True,True,True,False,1011.1599731445312,498295219.3670756,492795.63333333336,1.72,101.49,2026-11-04,27,264,780.0664553539755,793.0867422285353,786.5765987912554,727.9265585912393,1100.5514592493814,5.3533613853864,0.9722827323393197,60.32200125461821,3.7230756553535587,yes,1011.9,996.85,1003.56,948.29,1094.77,1.65,2026-10-06,charts/latest/EQIX.webp,bot,True,bot drawing on chart,bot drawing (review needed): zone 996.85-1011.9 entry 1003.56 SL 948.29 TP 1094.77 R:R 1.65,1011.16,60.322,0.0,0.0,False,,,True,1.47,4/6,1/2,0.58,17.0,True,"uptrend: new high +1.5 ATR above prior 2.5y high, 4/6 HH and 1/2 HL, 30w EMA +17% in 26w",1118.655,2026-06-26,True,week 2026-07-03 low 989.31 <= zone top 1011.9; week 2026-07-10 close 1046.21 >= 1042.06 (top + 0.5 wATR 60.32),True,1st touch 2026-07-01 low 998.63; push 2026-07-10 high 1046.73 >= 1037.62; 2nd touch 2026-10-08 low 995.13,True,SMA200,"SMA200 984.35 (latest low 995.13 / close 1011.16); held before 2x, last 2026-02-03",False,,"swing 709.79 (2025-12-05) -> 1118.65 (2026-06-26): 0.382=962.47, 0.5=914.22, 0.618=865.98; zone 996.85-1011.9 +/- 15.08",9,strong_close,2026-10-02,hammer,2026-10-05,False,True,False,TV drawing by the bot - review needed (f_rr False until approved),https://www.tradingview.com/chart/?symbol=NASDAQ:EQIX,https://finviz.com/quote.ashx?t=EQIX,FAIL: rr (bot drawing - review needed)
CGNX,FAIL,rr,True,True,True,True,False,True,True,True,True,True,False,60.90999984741211,95654355.05237274,1570421.2,4.26,107.15,2026-10-29,21,264,38.387417887536024,39.02471813408399,38.70606801081001,34.643742606371056,66.7962417602539,6.914801487529639,0.630230297151455,6.445779301312621,3.4447241828587716,yes,59.43,58.32,58.68,52.89,67.81,1.58,2026-09-30,,user,False,,,60.91,6.4458,1.48,0.2296,False,,,True,2.04,5/7,4/6,0.69,34.3,True,"uptrend: new high +2.0 ATR above prior 2.5y high, 5/7 HH and 4/6 HL, 30w EMA +34% in 26w",72.7778,2026-07-03,True,week 2026-07-31 low 57.09 <= zone top 59.43; week 2026-08-07 close 66.80 >= 62.65 (top + 0.5 wATR 6.45),True,1st touch 2026-07-28 low 57.62; push 2026-07-30 high 62.63 >= 61.72; 2nd touch 2026-09-29 low 58.50,True,SMA150,"SMA150 60.24 (latest low 59.77 / close 60.91); held before 2x, last 2026-08-24",True,0.382,"swing 31.51 (2025-07-11) -> 72.78 (2026-07-03): 0.382=57.01, 0.5=52.14, 0.618=47.27; zone 58.32-59.43 +/- 1.61",17,engulfing,2026-10-02,hammer,2026-10-08,False,True,False,TV R:R 1.58 < 2 (f_rr False),https://www.tradingview.com/chart/?symbol=NASDAQ:CGNX,https://finviz.com/quote.ashx?t=CGNX,FAIL: rr (TV R:R 1.58 < 2)
FWONK,FAIL,rr,True,True,True,True,False,True,False,False,True,True,False,95.06999969482422,213700325.93901953,2247820.8333333335,4.06,89.97,2026-10-30,22,264,91.58999633789062,93.2249984741211,92.40749740600586,86.55356815883091,105.63999938964844,2.2604478846457643,1.0000000000000002,5.8539292471749445,0.4548231070785934,yes,95.69,93.9,94.74,87.59,105.43,1.4951,2026-10-07,charts/latest/FWONK.webp,user,False,,,95.07,5.8539,0.0,0.0,False,,,False,-0.35,3/5,3/6,0.55,4.6,True,no new high: recent high 107.31 is -0.35 ATR vs prior 2.5y high 109.36 (needs >= +1),107.31,2026-08-28,False,entered zone week 2026-10-09 (low 91.47) but no later weekly close >= 98.62,True,1st touch 2026-09-04 low 95.34; push 2026-09-10 high 98.62 >= 98.21; 2nd touch 2026-10-08 low 94.11,True,"SMA150,SMA200","SMA150 92.92 (latest low 94.11 / close 95.07); held before 3x, last 2025-08-11; SMA200 92.19 (latest low 94.11 / close 95.07); held before 3x, last 2026-07-24",True,"0.382,0.5","swing 80.15 (2026-03-27) -> 107.31 (2026-08-28): 0.382=96.93, 0.5=93.73, 0.618=90.53; zone 93.9-95.69 +/- 1.46",0,,,hammer,2026-10-08,False,True,False,TV R:R 1.4951 < 2 (f_rr False),https://www.tradingview.com/chart/?symbol=NASDAQ:FWONK,https://finviz.com/quote.ashx?t=FWONK,FAIL: rr (TV R:R 1.4951 < 2)
VLTO,FAIL,rr,True,True,True,True,False,False,True,True,False,True,False,96.4800033569336,145799468.33695933,1511188.4666666666,2.73,101.13,2026-10-28,20,158,90.84608459472656,92.61746779485162,91.73177619478909,87.30749030611722,99.08999633789062,1.663143008443877,1.0,4.424285888671875,1.073218883594765,yes,92.62,90.85,92.02,87.52,98.68,1.48,2026-10-07,charts/latest/VLTO.webp,bot,True,bot drawing on chart,bot drawing (review needed): zone 90.85-92.62 entry 92.02 SL 87.52 TP 98.68 R:R 1.48,96.48,4.4243,3.86,0.8725,False,,,False,-2.66,2/5,2/6,0.37,-2.0,False,"no new high: recent high 102.25 is -2.66 ATR vs prior 2.5y high 114.01 (needs >= +1); choppy swings: 2/5 higher highs, 2/6 higher lows; 30w EMA falling (-2% in 26w)",105.2995,2025-10-24,True,week 2026-02-06 low 88.14 <= zone top 92.62; week 2026-02-27 close 97.14 >= 94.83 (top + 0.5 wATR 4.42),False,"1st touch 2026-02-04, push 2026-02-11; no 2nd touch in the last 10 sessions and close 96.48 is 2.23 dATR from the zone",True,SMA200,"SMA200 92.77 (latest low 94.19 / close 96.48); held before 3x, last 2026-09-10",True,0.618,"swing 83.33 (2025-04-11) -> 105.30 (2025-10-24): 0.382=96.91, 0.5=94.31, 0.618=91.72; zone 90.85-92.62 +/- 1.11",18,strong_close,2026-09-25,,,True,True,False,TV drawing by the bot - review needed (f_rr False until approved),https://www.tradingview.com/chart/?symbol=NYSE:VLTO,https://finviz.com/quote.ashx?t=VLTO,FAIL: rr (bot drawing - review needed)
WAB,FAIL,rr,True,True,True,True,False,False,True,True,True,True,False,280.79998779296875,207769012.1677958,739918.1666666666,2.17,96.0,2026-10-28,20,264,274.34682103591723,284.61623796006813,279.4815294979927,263.647823151613,302.4877564025922,1.452990626535129,0.9999999999999988,15.833706346379719,0.08326908849597917,yes,278.51,273.48,276.42,259.64,301.16,1.4744,2026-10-02,charts/latest/WAB.webp,user,False,,,280.8,15.8337,2.29,0.1446,False,,,True,1.96,5/6,5/7,0.77,18.6,True,"uptrend: new high +2.0 ATR above prior 2.5y high, 5/6 HH and 5/7 HL, 30w EMA +19% in 26w",306.3238,2026-07-31,True,week 2026-09-04 low 274.83 <= zone top 278.51; week 2026-09-25 close 288.08 >= 286.43 (top + 0.5 wATR 15.83),True,1st touch 2026-09-01 low 277.17; push 2026-09-08 high 286.12 >= 284.78; 2nd touch 2026-10-08 low 275.12,True,"SMA100,SMA150","SMA100 278.44 (latest low 275.12 / close 280.80); held before 5x, last 2026-09-03; SMA150 270.83 (latest low 275.12 / close 280.80); held before 3x, last 2026-07-21",False,,"swing 183.40 (2025-09-19) -> 306.32 (2026-07-31): 0.382=259.37, 0.5=244.86, 0.618=230.36; zone 273.48-278.51 +/- 3.96",9,hammer,2026-10-02,hammer,2026-10-08,False,True,False,TV R:R 1.4744 < 2 (f_rr False),https://www.tradingview.com/chart/?symbol=NYSE:WAB,https://finviz.com/quote.ashx?t=WAB,FAIL: rr (TV R:R 1.4744 < 2)
ADP,FAIL,rr,True,True,True,True,False,True,False,True,True,True,False,270.7300109863281,539329178.2508525,1992129.2666666666,2.66,92.18,2026-10-28,20,264,228.73956298828125,233.82815399089716,231.2838584895892,217.1909833929154,285.6518859863281,3.8578378878537634,1.0000000000000009,14.092875096673781,2.7990138439564447,yes,262.33,260.49,262.02,246.47,284.1,1.4199,2026-10-07,charts/latest/ADP.webp,user,False,,,270.73,14.0929,8.4,0.596,False,,,False,-2.21,1/4,2/6,0.29,6.3,True,"no new high: recent high 286.17 is -2.21 ATR vs prior 2.5y high 317.38 (needs >= +1); choppy swings: 1/4 higher highs, 2/6 higher lows",286.1686,2026-09-04,True,week 2026-09-25 low 261.30 <= zone top 262.33; week 2026-10-09 close 270.73 >= 269.38 (top + 0.5 wATR 14.09),False,"1st touch 2026-09-24, push 2026-10-08; no 2nd touch in the last 10 sessions and close 270.73 is 1.48 dATR from the zone",True,SMA50,"SMA50 270.63 (latest low 263.45 / close 270.73); held before 4x, last 2026-09-09",False,,"swing 185.56 (2026-04-10) -> 286.17 (2026-09-04): 0.382=247.73, 0.5=235.86, 0.618=223.99; zone 260.49-262.33 +/- 3.52",2,hammer,2026-09-11,strong_close,2026-10-08,False,True,False,TV R:R 1.4199 < 2 (f_rr False),https://www.tradingview.com/chart/?symbol=NASDAQ:ADP,https://finviz.com/quote.ashx?t=ADP,FAIL: rr (TV R:R 1.4199 < 2)
VOYA,FAIL,rr,True,True,True,True,False,True,True,True,True,True,False,96.63999938964844,97921677.71755372,1013262.4,3.76,103.97,2026-11-03,26,264,77.40950012207031,78.62838351894207,78.0189418205062,72.77803135458944,104.18000030517578,4.991701089877981,1.0000000000000004,5.240910465916753,3.5530195927292945,yes,97.3,96.63,96.61,91.53,103.7,1.3957,2026-10-07,charts/latest/VOYA.webp,bot,True,bot drawing on chart,bot drawing (review needed): zone 96.63-97.3 entry 96.61 SL 91.53 TP 103.7 R:R 1.39,96.64,5.2409,0.0,0.0,False,,,True,4.83,6/6,3/4,0.88,30.2,True,"uptrend: new high +4.8 ATR above prior 2.5y high, 6/6 HH and 3/4 HL, 30w EMA +30% in 26w",105.64,2026-09-04,False,entered zone week 2026-10-09 (low 94.99) but no later weekly close >= 99.92,False,"1st touch 2026-09-22 (low 96.46), no push to 99.75 yet",True,SMA100,"SMA100 95.11 (latest low 94.99 / close 96.64); held before 3x, last 2026-01-02",False,,"swing 63.83 (2026-03-06) -> 105.64 (2026-09-04): 0.382=89.67, 0.5=84.74, 0.618=79.80; zone 96.63-97.3 +/- 1.31",15,hammer,2026-10-02,hammer,2026-10-08,False,True,False,TV drawing by the bot - review needed (f_rr False until approved),https://www.tradingview.com/chart/?symbol=NYSE:VOYA,https://finviz.com/quote.ashx?t=VOYA,FAIL: rr (bot drawing - review needed)
VRTX,FAIL,rr,True,True,True,True,False,True,True,True,True,True,False,503.25,501074349.6,995676.8,1.87,98.18,2026-11-09,32,264,444.010009765625,444.89802978515627,444.45401977539063,426.000009765625,548.97998046875,5.664132653989326,0.5941271076764298,31.06071036202567,1.8929373970948324,yes,507.84,496.62,502.72,469.92,546.93,1.3479,2026-10-07,charts/latest/VRTX.webp,user,False,,,503.25,31.0607,0.0,0.0,False,,,True,1.3,5/7,5/7,0.71,8.5,True,"uptrend: new high +1.3 ATR above prior 2.5y high, 5/7 HH and 5/7 HL, 30w EMA +9% in 26w",560.25,2026-09-04,True,week 2026-09-18 low 505.02 <= zone top 507.84; week 2026-09-25 close 526.19 >= 523.37 (top + 0.5 wATR 31.06),True,1st touch 2026-09-18 low 505.02; push 2026-09-22 high 525.97 >= 519.36; 2nd touch 2026-10-08 low 498.90,True,SMA100,"SMA100 493.22 (latest low 498.90 / close 503.25); held before 8x, last 2026-08-04",True,0.382,"swing 374.17 (2025-09-26) -> 560.25 (2026-09-04): 0.382=489.17, 0.5=467.21, 0.618=445.25; zone 496.62-507.84 +/- 7.77",12,engulfing,2026-09-25,rejection,2026-10-08,False,True,False,TV R:R 1.3479 < 2 (f_rr False),https://www.tradingview.com/chart/?symbol=NASDAQ:VRTX,https://finviz.com/quote.ashx?t=VRTX,FAIL: rr (TV R:R 1.3479 < 2)
NEM,FAIL,rr,True,True,True,True,False,False,True,False,False,,False,115.55000305175781,759705314.7560246,6574688.833333333,1.59,81.87,2026-10-22,14,263,120.3677978515625,121.46294861920876,120.91537323538563,111.7157700472497,133.1228732047779,1.326959404633389,1.0000000000000002,9.199603188135923,-0.5832175664432088,yes,,,120.26,110.62,132.29,1.2479,2026-10-07,charts/latest/NEM.webp,user,False,user-edited bot drawing,levels changed vs the bot drawing (zone 120.37-121.46 entry 120.26 SL 110.62 TP 132.29 R:R 1.25) -> user-owned,,,,,False,,,False,0.11,3/7,3/5,0.51,10.3,True,no new high: recent high 135.01 is +0.11 ATR vs prior 2.5y high 134.02 (needs >= +1),,,,,,,True,"SMA100,SMA150,SMA200","SMA100 109.31 (latest low 112.82 / close 115.55); held before 2x, last 2025-10-28; SMA150 109.96 (latest low 112.82 / close 115.55); held before 1x, last 2026-04-29; SMA200 111.42 (latest low 112.82 / close 115.55); held before 2x, last 2026-05-28",,,,14,,,,,False,True,False,TV R:R 1.2479 < 2 (f_rr False),https://www.tradingview.com/chart/?symbol=NYSE:NEM,https://finviz.com/quote.ashx?t=NEM,FAIL: rr (TV R:R 1.2479 < 2)
THG,FAIL,rr,True,True,True,True,False,True,False,False,False,,False,221.92999267578125,58790113.18911946,264903.86666666664,2.16,93.0,2026-10-28,20,264,178.01681518554688,178.7953795713839,178.4060973784654,169.29469008273662,228.07000732421875,5.450739752248222,0.9148656880121098,9.959284095053063,4.37018312580669,yes,,,223,213.42,230.72,0.8058,2026-10-07,charts/latest/THG.webp,user,False,user-edited bot drawing,levels changed vs the bot drawing (zone 220.67-224.33 entry 223.0 SL 213.42 TP 230.72 R:R 0.81) -> user-owned,,,,,False,,,True,4.98,7/9,4/5,0.79,20.9,True,"uptrend: new high +5.0 ATR above prior 2.5y high, 7/9 HH and 4/5 HL, 30w EMA +21% in 26w",,,,,,,False,,no SMA50/100/150/200 support with an earlier bounce,,,,2,,,,,False,True,False,TV R:R 0.8058 < 2 (f_rr False),https://www.tradingview.com/chart/?symbol=NYSE:THG,https://finviz.com/quote.ashx?t=THG,FAIL: rr (TV R:R 0.8058 < 2)
ACHC,FAIL,"dollar_vol,short_float,rr",False,False,True,True,False,True,True,False,False,,False,28.479999542236328,40141499.89879914,1409462.8,24.71,138.54,2026-11-04,27,264,25.6200008392334,25.75,25.6850004196167,22.457857540675572,34.720001220703125,2.7996903576983687,0.9999999999999999,3.227142878941127,0.8660909130669507,,,,,,,,,,,False,,,,,,,,,,False,-14.43,3/4,2/7,0.52,31.4,True,no new high: recent high 35.83 is -14.43 ATR vs prior 2.5y high 82.41 (needs >= +1),,,,,,,True,"SMA100,SMA150","SMA100 28.42 (latest low 28.39 / close 28.48); held before 2x, last 2026-07-30; SMA150 27.42 (latest low 28.39 / close 28.48); held before 2x, last 2026-09-09",,,,9,,,,,True,True,False,no TV drawing read (f_rr False),https://www.tradingview.com/chart/?symbol=NASDAQ:ACHC,https://finviz.com/quote.ashx?t=ACHC,"$vol(30d) $40.1M < $50M | FAIL: dollar_vol, short_float, rr (no TV drawing read)"
ACIW,FAIL,"dollar_vol,short_float,rr",False,False,True,True,False,True,False,False,False,,False,51.06999969482422,36749255.09806646,719585.9666666667,6.49,103.97,2026-10-29,21,264,45.5099983215332,48.540000915527344,47.02499961853027,43.45892824445452,58.38999938964844,3.1869804552253855,1.0000000000000002,3.5660713740757535,1.134301490906732,,,,,,,,,,,False,,,,,,,,,,False,0.38,2/6,3/4,0.54,12.9,True,no new high: recent high 61.08 is +0.38 ATR vs prior 2.5y high 59.71 (needs >= +1),,,,,,,True,SMA100,"SMA100 50.70 (latest low 50.17 / close 51.07); held before 2x, last 2026-06-22",,,,2,,,,,False,True,False,no TV drawing read (f_rr False),https://www.tradingview.com/chart/?symbol=NASDAQ:ACIW,https://finviz.com/quote.ashx?t=ACIW,"$vol(30d) $36.7M < $50M | FAIL: dollar_vol, short_float, rr (no TV drawing read)"
ADUS,FAIL,"dollar_vol,rr",False,True,True,True,False,True,True,False,False,,False,114.26000213623047,23570094.0713384,206284.73333333334,4.85,104.84,2026-11-02,25,264,99.79000091552734,103.5,101.64500045776367,94.6855000087193,121.01000213623047,2.782527542063147,1.0000000000000009,6.959500449044364,1.812630341908953,,,,,,,,,,,False,,,,,,,,,,False,-1.95,3/5,1/5,0.4,3.0,True,"no new high: recent high 123.14 is -1.95 ATR vs prior 2.5y high 136.72 (needs >= +1); choppy swings: 3/5 higher highs, 1/5 higher lows",,,,,,,False,,no SMA50/100/150/200 support with an earlier bounce,,,,20,,,,,False,True,False,no TV drawing read (f_rr False),https://www.tradingview.com/chart/?symbol=NASDAQ:ADUS,https://finviz.com/quote.ashx?t=ADUS,"$vol(30d) $23.6M < $50M | FAIL: dollar_vol, rr (no TV drawing read)"
AGIO,FAIL,"dollar_vol,short_float,rr",False,False,True,True,False,False,False,False,False,,False,31.920000076293945,28021783.89897658,877875.4333333333,12.97,113.55,2026-10-29,21,264,30.229999542236328,31.020000457763672,30.625,26.91214234488351,33.83000183105469,0.8632169958463249,1.0000000000000002,3.71285765511649,0.3487879678094783,,,,,,,,,,,False,,,,,,,,,,False,-4.98,5/8,4/6,0.65,4.4,True,no new high: recent high 44.09 is -4.98 ATR vs prior 2.5y high 62.58 (needs >= +1),,,,,,,True,SMA200,"SMA200 31.09 (latest low 31.16 / close 31.92); held before 1x, last 2025-09-04",,,,2,,,,,False,True,False,no TV drawing read (f_rr False),https://www.tradingview.com/chart/?symbol=NASDAQ:AGIO,https://finviz.com/quote.ashx?t=AGIO,"$vol(30d) $28.0M < $50M | FAIL: dollar_vol, short_float, rr (no TV drawing read)"
AGYS,FAIL,"dollar_vol,short_float,rr",False,False,True,True,False,False,True,False,False,,False,102.58999633789062,23563061.860213216,229681.86666666667,6.38,105.85,2026-11-02,25,264,110.80999755859375,112.12000274658203,111.46500015258789,101.72660773141044,117.87999725341797,0.6587326555951678,0.9999999999999997,9.738392421177455,-0.9113417729395836,,,,,,,,,,,False,,,,,,,,,,False,-2.43,2/5,2/4,0.45,6.7,True,"no new high: recent high 121.59 is -2.43 ATR vs prior 2.5y high 145.25 (needs >= +1); choppy swings: 2/5 higher highs, 2/4 higher lows",,,,,,,True,SMA100,"SMA100 101.38 (latest low 100.15 / close 102.59); held before 4x, last 2025-11-21",,,,17,,,,,False,True,False,no TV drawing read (f_rr False),https://www.tradingview.com/chart/?symbol=NASDAQ:AGYS,https://finviz.com/quote.ashx?t=AGYS,"$vol(30d) $23.6M < $50M | FAIL: dollar_vol, short_float, rr (no TV drawing read)"
AJG,FAIL,rr,True,True,True,True,False,True,False,False,False,,True,234.0500030517578,340975333.45761466,1456848.2333333334,2.54,94.43,2026-10-22,14,264,220.28622436523438,224.34185368332,222.31403902427718,207.19810909950752,266.8470153808594,2.946095713476973,1.0,15.11592992476966,0.7763970914055074,,,,,,,,,,,False,,,,,,,,,,False,-4.87,2/5,3/8,0.39,-2.2,False,"no new high: recent high 272.06 is -4.87 ATR vs prior 2.5y high 345.71 (needs >= +1); choppy swings: 2/5 higher highs, 3/8 higher lows; 30w EMA falling (-2% in 26w)",,,,,,,True,"SMA150,SMA200","SMA150 228.65 (latest low 225.85 / close 234.05); held before 3x, last 2025-04-30; SMA200 231.35 (latest low 225.85 / close 234.05); held before 4x, last 2026-07-23",,,,0,,,,,False,True,False,no TV drawing read (f_rr False),https://www.tradingview.com/chart/?symbol=NYSE:AJG,https://finviz.com/quote.ashx?t=AJG,FAIL: rr (no TV drawing read)
ALL,FAIL,rr,True,True,True,True,False,True,False,False,False,,True,230.6300048828125,477281684.01316327,2069469.1666666667,2.4,86.68,2026-11-04,27,264,211.51083028681612,213.11566217546073,212.3132462311384,198.41105843312207,265.8934020996094,3.8540808574112444,0.98613164801931,14.097699659005483,1.2992728668306899,,,,,,,,,,,False,,,,,,,,,,True,4.39,7/8,4/6,0.77,15.9,True,"uptrend: new high +4.4 ATR above prior 2.5y high, 7/8 HH and 4/6 HL, 30w EMA +16% in 26w",,,,,,,True,"SMA150,SMA200","SMA150 230.61 (latest low 224.85 / close 230.63); held before 7x, last 2026-04-30; SMA200 223.49 (latest low 224.85 / close 230.63); held before 9x, last 2026-06-01",,,,0,,,,,False,True,False,no TV drawing read (f_rr False),https://www.tradingview.com/chart/?symbol=NYSE:ALL,https://finviz.com/quote.ashx?t=ALL,FAIL: rr (no TV drawing read)
ALRM,FAIL,"dollar_vol,short_float,rr",False,False,True,True,False,True,False,False,False,,False,55.2599983215332,23178097.125988644,419437.1666666667,6.39,99.87,2026-11-05,28,264,47.599998474121094,48.619998931884766,48.10999870300293,44.95171301705496,57.529998779296875,2.9826307728290615,1.0000000000000009,3.158285685947963,2.263886275501449,,,,,,,,,,,False,,,,,,,,,,False,-4.38,1/6,1/5,0.18,5.9,True,"no new high: recent high 58.15 is -4.38 ATR vs prior 2.5y high 71.98 (needs >= +1); choppy swings: 1/6 higher highs, 1/5 higher lows",,,,,,,False,,no SMA50/100/150/200 support with an earlier bounce,,,,2,,,,,False,True,False,no TV drawing read (f_rr False),https://www.tradingview.com/chart/?symbol=NASDAQ:ALRM,https://finviz.com/quote.ashx?t=ALRM,"$vol(30d) $23.2M < $50M | FAIL: dollar_vol, short_float, rr (no TV drawing read)"
AMCX,FAIL,"dollar_vol,short_float,rr",False,False,True,True,False,True,False,False,False,,False,10.9399995803833,6752579.814330101,617237.6666666666,22.95,82.29,2026-10-30,22,263,8.350000381469727,8.890000343322754,8.62000036239624,7.4417860848563055,12.65999984741211,3.4289174405959755,1.0000000000000002,1.1782142775399345,1.9690808897946208,,,,,,,,,,,False,,,,,,,,,,False,-4.8,5/6,4/7,0.7,34.0,True,no new high: recent high 12.93 is -4.80 ATR vs prior 2.5y high 18.58 (needs >= +1),,,,,,,True,SMA100,"SMA100 10.88 (latest low 10.66 / close 10.94); held before 7x, last 2026-07-30",,,,0,,,,,False,True,False,no TV drawing read (f_rr False),https://www.tradingview.com/chart/?symbol=NASDAQ:AMCX,https://finviz.com/quote.ashx?t=AMCX,"$vol(30d) $6.8M < $50M | FAIL: dollar_vol, short_float, rr (no TV drawing read)"
AMLX,FAIL,"dollar_vol,short_float,rr",False,False,True,True,False,True,False,False,False,,False,27.200000762939453,41382469.214080304,1521414.2666666666,12.72,85.61,2026-11-05,28,249,18.360000610351562,18.604999542236328,18.482500076293945,15.599999656677246,38.65999984741211,6.999998901579092,0.6906106297587992,4.173843111310687,2.088602866509758,,,,,,,,,,,False,,,,,,,,,,True,5.67,5/7,2/4,0.61,72.3,True,"uptrend: new high +5.7 ATR above prior 2.5y high, 5/7 HH and 2/4 HL, 30w EMA +72% in 26w",,,,,,,False,,no SMA50/100/150/200 support with an earlier bounce,,,,4,,,,,False,True,False,no TV drawing read (f_rr False),https://www.tradingview.com/chart/?symbol=NASDAQ:AMLX,https://finviz.com/quote.ashx?t=AMLX,"$vol(30d) $41.4M < $50M | FAIL: dollar_vol, short_float, rr (no TV drawing read)"
AMP,FAIL,rr,True,True,True,True,False,True,False,False,False,,True,499.0799865722656,291205253.42913,583484.1333333333,3.1,91.76,2026-10-29,21,264,468.9648602543218,476.2919751042868,472.62841767930433,446.14147207612575,569.5399780273438,3.658842427509251,0.9999999999999989,26.48694560317861,0.9986643718476518,no,,,,,,,2026-10-07,charts/latest/AMP.webp,,False,,,,,,,,,,False,0.13,3/5,1/3,0.47,7.3,True,"no new high: recent high 572.56 is +0.13 ATR vs prior 2.5y high 569.13 (needs >= +1); choppy swings: 3/5 higher highs, 1/3 higher lows",,,,,,,True,"SMA150,SMA200","SMA150 490.49 (latest low 488.76 / close 499.08); held before 3x, last 2026-01-14; SMA200 491.12 (latest low 488.76 / close 499.08); held before 3x, last 2026-01-14",,,,1,,,,,False,True,False,TV drawing not found (f_rr False),https://www.tradingview.com/chart/?symbol=NYSE:AMP,https://finviz.com/quote.ashx?t=AMP,FAIL: rr (TV drawing not found)
ARCB,FAIL,"dollar_vol,short_float,rr",False,False,True,True,False,True,False,False,False,,False,129.9600067138672,29150064.1619222,224300.26666666666,6.16,103.7,2026-11-03,26,264,125.5844955444336,134.8471256863653,130.21581061539945,118.2939583337523,159.66820345796373,2.4704544349961597,0.9999999999999996,11.921852281647153,-0.02145672463380985,,,,,,,,,,,False,,,,,,,,,,True,2.26,4/7,3/5,0.59,47.4,True,"uptrend: new high +2.3 ATR above prior 2.5y high, 4/7 HH and 3/5 HL, 30w EMA +47% in 26w",,,,,,,True,SMA150,"SMA150 129.73 (latest low 126.91 / close 129.96); held before 2x, last 2026-03-16",,,,2,,,,,False,True,False,no TV drawing read (f_rr False),https://www.tradingview.com/chart/?symbol=NASDAQ:ARCB,https://finviz.com/quote.ashx?t=ARCB,"$vol(30d) $29.2M < $50M | FAIL: dollar_vol, short_float, rr (no TV drawing read)"
ASH,FAIL,"dollar_vol,short_float,rr",False,False,True,True,False,True,True,False,False,,False,70.69000244140625,42847795.37749227,606136.5666666667,9.74,117.89,2026-11-10,33,264,67.5309829711914,67.58069962796111,67.55584129957626,63.87200439401436,76.01213073730469,2.2955113525685764,0.8289170773005542,4.444156124227354,0.7052320067569378,,,,,,,,,,,False,,,,,,,,,,False,-4.23,6/7,6/8,0.8,18.8,True,no new high: recent high 77.80 is -4.23 ATR vs prior 2.5y high 96.58 (needs >= +1),,,,,,,False,,no SMA50/100/150/200 support with an earlier bounce,,,,14,,,,,False,True,False,no TV drawing read (f_rr False),https://www.tradingview.com/chart/?symbol=NYSE:ASH,https://finviz.com/quote.ashx?t=ASH,"$vol(30d) $42.8M < $50M | FAIL: dollar_vol, short_float, rr (no TV drawing read)"
ATEX,FAIL,"dollar_vol,short_float,rr",False,False,True,True,False,True,False,False,False,,False,76.44000244140625,21393018.875268552,279866.8,8.62,97.42,2026-11-18,41,264,39.599998474121094,40.334999084472656,39.967498779296875,29.289999237060545,107.12999725341797,6.290096123015554,0.9152778061694012,11.665856497628349,3.1264317085954367,,,,,,,,,,,False,,,,,,,,,,True,5.96,2/4,1/2,0.5,145.9,True,"uptrend: new high +6.0 ATR above prior 2.5y high, 2/4 HH and 1/2 HL, 30w EMA +146% in 26w",,,,,,,False,,no SMA50/100/150/200 support with an earlier bounce,,,,2,,,,,False,True,False,no TV drawing read (f_rr False),https://www.tradingview.com/chart/?symbol=NASDAQ:ATEX,https://finviz.com/quote.ashx?t=ATEX,"$vol(30d) $21.4M < $50M | FAIL: dollar_vol, short_float, rr (no TV drawing read)"
AVNT,FAIL,"dollar_vol,rr",False,True,True,True,False,True,False,False,False,,False,40.97999954223633,24553367.527728654,599154.9,4.54,105.9,2026-10-29,21,264,37.674944182521905,38.25668255857597,37.965813370548936,34.937337796541684,46.0345458984375,2.664288461541754,0.9999999999999997,3.0284755740072535,0.9952816517846456,,,,,,,,,,,False,,,,,,,,,,False,-1.73,4/7,3/6,0.54,12.7,True,no new high: recent high 46.33 is -1.73 ATR vs prior 2.5y high 51.58 (needs >= +1),,,,,,,False,,no SMA50/100/150/200 support with an earlier bounce,,,,2,,,,,False,True,False,no TV drawing read (f_rr False),https://www.tradingview.com/chart/?symbol=NYSE:AVNT,https://finviz.com/quote.ashx?t=AVNT,"$vol(30d) $24.6M < $50M | FAIL: dollar_vol, rr (no TV drawing read)"
AWR,FAIL,"dollar_vol,rr",False,True,True,True,False,True,True,False,False,,False,81.83000183105469,16692128.38317515,203985.43333333332,2.64,84.51,2026-11-09,32,264,78.7132774468711,80.16452552542472,79.43890148614791,75.94138718210984,89.87999725341797,2.9852903689958388,0.9999999999999993,3.4975143040380794,0.6836570595711684,,,,,,,,,,,False,,,,,,,,,,True,2.45,4/7,4/8,0.54,11.8,True,"uptrend: new high +2.5 ATR above prior 2.5y high, 4/7 HH and 4/8 HL, 30w EMA +12% in 26w",,,,,,,True,SMA150,"SMA150 80.65 (latest low 81.06 / close 81.83); held before 4x, last 2026-05-07",,,,9,,,,,False,True,False,no TV drawing read (f_rr False),https://www.tradingview.com/chart/?symbol=NYSE:AWR,https://finviz.com/quote.ashx?t=AWR,"$vol(30d) $16.7M < $50M | FAIL: dollar_vol, rr (no TV drawing read)"
BANR,FAIL,"dollar_vol,no_earnings_14d,rr",False,True,False,True,False,True,False,False,False,,False,66.87000274658203,18011256.919784546,269347.3333333333,3.82,86.62,2026-10-21,13,264,65.48006745871781,67.44938938233389,66.46472842052586,63.26711080891497,74.01000213623047,2.359654790587506,0.9999999999999997,3.1976176116108883,0.12674258628817237,,,,,,,,,,,False,,,,,,,,,,False,0.28,3/7,3/5,0.51,10.1,True,no new high: recent high 74.84 is +0.28 ATR vs prior 2.5y high 73.94 (needs >= +1),,,,,,,True,"SMA150,SMA200","SMA150 66.15 (latest low 65.91 / close 66.87); held before 5x, last 2026-06-17; SMA200 65.13 (latest low 65.91 / close 66.87); held before 5x, last 2026-06-17",,,,2,,,,,False,True,True,no TV drawing read (f_rr False),https://www.tradingview.com/chart/?symbol=NASDAQ:BANR,https://finviz.com/quote.ashx?t=BANR,"$vol(30d) $18.0M < $50M | FAIL: dollar_vol, no_earnings_14d, rr (no TV drawing read)"
BBNX,FAIL,"dollar_vol,short_float,history,rr",False,False,True,False,False,False,False,False,False,,False,17.43000030517578,22375624.03276698,1283742.0333333334,23.63,81.07,2026-10-27,19,89,17.290000915527344,17.8700008392334,17.58000087738037,14.5611435345241,22.110000610351562,1.5005676713047864,1.0000000000000002,3.018857342856271,-0.049687863707619864,,,,,,,,,,,False,,,,,,,,,,,,,,,,,not enough history (89 weekly bars < 130),,,,,,,True,SMA100,"SMA100 16.59 (latest low 17.07 / close 17.43); held before 3x, last 2026-08-03",,,,0,,,,,False,True,False,no TV drawing read (f_rr False),https://www.tradingview.com/chart/?symbol=NASDAQ:BBNX,https://finviz.com/quote.ashx?t=BBNX,"$vol(30d) $22.4M < $50M | FAIL: dollar_vol, short_float, history, rr (no TV drawing read)"
BCPC,FAIL,"dollar_vol,rr",False,True,True,True,False,False,True,False,False,,False,168.6300048828125,36129619.34016113,214253.8,1.96,91.65,2026-10-23,15,264,171.22000122070312,174.08999633789062,172.65499877929688,165.17249734061105,181.6199951171875,1.198128247799598,1.0000000000000007,7.4825014386858255,-0.5379208984410562,,,,,,,,,,,False,,,,,,,,,,False,-0.13,2/6,3/5,0.47,1.9,True,"no new high: recent high 182.99 is -0.13 ATR vs prior 2.5y high 183.93 (needs >= +1); choppy swings: 2/6 higher highs, 3/5 higher lows",,,,,,,True,"SMA100,SMA150,SMA200","SMA100 167.71 (latest low 164.56 / close 168.63); held before 3x, last 2025-05-15; SMA150 168.08 (latest low 164.56 / close 168.63); held before 1x, last 2026-03-20; SMA200 168.19 (latest low 164.56 / close 168.63); held before 1x, last 2026-03-20",,,,12,,,,,False,True,False,no TV drawing read (f_rr False),https://www.tradingview.com/chart/?symbol=NASDAQ:BCPC,https://finviz.com/quote.ashx?t=BCPC,"$vol(30d) $36.1M < $50M | FAIL: dollar_vol, rr (no TV drawing read)"
BFH,FAIL,"short_float,rr",True,False,True,True,False,True,True,False,False,,False,100.7300033569336,50604322.735775754,502375.86666666664,7.49,104.17,2026-10-22,14,264,90.1479721069336,90.86453921500193,90.50625566096775,82.57796238543497,113.15333557128906,2.8564886695364367,0.9999999999999997,7.928293275532783,1.2895269310378534,,,,,,,,,,,False,,,,,,,,,,True,4.15,6/8,5/6,0.79,38.2,True,"uptrend: new high +4.1 ATR above prior 2.5y high, 6/8 HH and 5/6 HL, 30w EMA +38% in 26w",,,,,,,True,SMA150,"SMA150 94.51 (latest low 96.91 / close 100.73); held before 4x, last 2026-04-02",,,,12,,,,,False,True,False,no TV drawing read (f_rr False),https://www.tradingview.com/chart/?symbol=NYSE:BFH,https://finviz.com/quote.ashx?t=BFH,"short float 7.49% >= 5% | FAIL: short_float, rr (no TV drawing read)"
BILL,FAIL,"short_float,rr",True,False,True,True,False,False,True,False,False,,False,44.97999954223633,73887514.75070979,1642674.8666666667,14.94,105.13,2026-10-29,21,264,41.83000183105469,43.29999923706055,42.56500053405762,38.586071831839426,50.310001373291016,1.9465040514336638,0.9999999999999998,3.978928702218192,0.6069470425123189,,,,,,,,,,,False,,,,,,,,,,False,-11.96,3/5,1/5,0.4,-3.6,False,"no new high: recent high 52.60 is -11.96 ATR vs prior 2.5y high 100.19 (needs >= +1); choppy swings: 3/5 higher highs, 1/5 higher lows; 30w EMA falling (-4% in 26w)",,,,,,,True,SMA100,"SMA100 42.67 (latest low 43.67 / close 44.98); held before 1x, last 2026-01-05",,,,6,,,,,False,True,False,no TV drawing read (f_rr False),https://www.tradingview.com/chart/?symbol=NYSE:BILL,https://finviz.com/quote.ashx?t=BILL,"short float 14.94% >= 5% | FAIL: short_float, rr (no TV drawing read)"
BJRI,FAIL,"dollar_vol,short_float,no_earnings_14d,rr",False,False,False,True,False,True,False,False,False,,False,59.540000915527344,25283240.639438886,424642.93333333335,10.61,100.06,2026-10-15,7,264,44.400001525878906,44.540000915527344,44.470001220703125,40.010000457763674,69.55000305175781,5.623317834260911,0.855635566409966,5.212500435965402,2.8911267979650765,,,,,,,,,,,False,,,,,,,,,,True,5.29,1/2,1/2,0.5,47.3,True,"uptrend: new high +5.3 ATR above prior 2.5y high, 1/2 HH and 1/2 HL, 30w EMA +47% in 26w",,,,,,,True,SMA100,"SMA100 59.31 (latest low 58.52 / close 59.54); held before 4x, last 2025-01-13",,,,2,,,,,False,True,True,no TV drawing read (f_rr False),https://www.tradingview.com/chart/?symbol=NASDAQ:BJRI,https://finviz.com/quote.ashx?t=BJRI,"$vol(30d) $25.3M < $50M | FAIL: dollar_vol, short_float, no_earnings_14d, rr (no TV drawing read)"
BLKB,FAIL,"dollar_vol,short_float,rr",False,False,True,True,False,False,False,False,False,,False,44.84000015258789,18231015.874039076,406579.3,10.63,88.47,2026-11-04,27,263,,,,,,,,,,,,,,,,,,,,False,,,,,,,,,,False,-9.14,2/5,2/6,0.37,-20.1,False,"no new high: recent high 49.54 is -9.14 ATR vs prior 2.5y high 88.95 (needs >= +1); choppy swings: 2/5 higher highs, 2/6 higher lows; 30w EMA falling (-20% in 26w)",,,,,,,False,,no SMA50/100/150/200 support with an earlier bounce,,,,2,,,,,False,True,False,no computed weekly retest setup; no TV drawing read (f_rr False),https://www.tradingview.com/chart/?symbol=NASDAQ:BLKB,https://finviz.com/quote.ashx?t=BLKB,"$vol(30d) $18.2M < $50M | FAIL: dollar_vol, short_float, rr (no TV drawing read)"
BRKR,FAIL,"short_float,rr",True,False,True,True,False,False,True,False,False,,False,57.91999816894531,132837793.64586385,2293470.2666666666,11.25,93.91,2026-10-29,21,261,58.790626525878906,58.880474809338,58.83555066760845,51.59377288819759,62.788822174072266,0.5458979309891809,0.9999999999999997,7.241777779410863,-0.12642648346185814,,,,,,,,,,,False,,,,,,,,,,False,-2.85,6/6,4/7,0.79,35.0,True,no new high: recent high 66.98 is -2.85 ATR vs prior 2.5y high 87.58 (needs >= +1),,,,,,,True,SMA100,"SMA100 57.73 (latest low 56.29 / close 57.92); held before 2x, last 2026-08-05",,,,8,,,,,False,True,False,no TV drawing read (f_rr False),https://www.tradingview.com/chart/?symbol=NASDAQ:BRKR,https://finviz.com/quote.ashx?t=BRKR,"short float 11.25% >= 5% | FAIL: short_float, rr (no TV drawing read)"
BXC,FAIL,"dollar_vol,short_float,rr",False,False,True,True,False,True,False,False,False,,False,71.29000091552734,10736602.07188263,150604.6,5.77,92.67,2026-11-03,26,263,65.27999877929688,65.41055877685547,65.34527877807616,54.67185010637555,90.36000061035156,2.34364444656843,0.9999999999999999,10.673428671700615,0.5569646193648098,,,,,,,,,,,False,,,,,,,,,,False,-3.84,4/7,3/6,0.54,5.6,True,no new high: recent high 93.80 is -3.84 ATR vs prior 2.5y high 134.79 (needs >= +1),,,,,,,True,SMA100,"SMA100 66.22 (latest low 69.80 / close 71.29); held before 3x, last 2026-01-30",,,,2,,,,,False,True,False,no TV drawing read (f_rr False),https://www.tradingview.com/chart/?symbol=NYSE:BXC,https://finviz.com/quote.ashx?t=BXC,"$vol(30d) $10.7M < $50M | FAIL: dollar_vol, short_float, rr (no TV drawing read)"
C,FAIL,"no_earnings_14d,rr",True,True,False,True,False,True,False,False,False,,False,128.0800018310547,1118116975.3928008,8729832.6,1.48,82.72,2026-10-13,5,264,121.49465942382812,121.77193023361565,121.63329482872189,113.50698886654733,139.3300018310547,2.177706215432388,1.0000000000000007,8.12630596217455,0.7933133495514734,,,,,,,,,,,False,,,,,,,,,,True,2.82,5/6,3/4,0.79,20.7,True,"uptrend: new high +2.8 ATR above prior 2.5y high, 5/6 HH and 3/4 HL, 30w EMA +21% in 26w",,,,,,,True,SMA200,"SMA200 125.38 (latest low 125.35 / close 128.08); held before 2x, last 2026-03-09",,,,2,,,,,False,True,True,no TV drawing read (f_rr False),https://www.tradingview.com/chart/?symbol=NYSE:C,https://finviz.com/quote.ashx?t=C,"FAIL: no_earnings_14d, rr (no TV drawing read)"
CACI,FAIL,rr,True,True,True,True,False,False,False,False,False,,True,599.4000244140625,156027143.03511557,260305.53333333333,4.48,101.71,2026-10-28,20,262,621.5900268554688,635.3400268554688,628.4650268554688,581.0028795514788,670.5399780273438,0.8864948924958975,0.9999999999999992,47.46214730398996,-0.6123827953937278,no,,,,,,,2026-10-07,charts/latest/CACI.webp,,False,,,,,,,,,,False,-0.0,4/8,4/7,0.54,0.7,True,no new high: recent high 683.39 is -0.00 ATR vs prior 2.5y high 683.50 (needs >= +1),,,,,,,True,SMA200,"SMA200 563.25 (latest low 579.52 / close 599.40); held before 1x, last 2025-08-01",,,,2,,,,,False,True,False,TV drawing not found (f_rr False),https://www.tradingview.com/chart/?symbol=NYSE:CACI,https://finviz.com/quote.ashx?t=CACI,FAIL: rr (TV drawing not found)
CBL,FAIL,"dollar_vol,rr",False,True,True,True,False,True,False,False,False,,False,49.2400016784668,14491069.880630495,294294.6666666667,4.11,80.05,2026-11-16,39,258,36.42353221197997,36.59642902712554,36.50998061955275,34.237916803251835,58.48068588652372,9.66993317236172,0.6290475210098212,3.6119112474261557,3.5244556654002634,,,,,,,,,,,False,,,,,,,,,,True,4.85,2/2,1/1,1.0,44.8,True,"uptrend: new high +4.9 ATR above prior 2.5y high, 2/2 HH and 1/1 HL, 30w EMA +45% in 26w",,,,,,,True,SMA150,"SMA150 48.46 (latest low 48.09 / close 49.24); held before 1x, last 2025-08-01",,,,1,,,,,False,True,False,no TV drawing read (f_rr False),https://www.tradingview.com/chart/?symbol=NYSE:CBL,https://finviz.com/quote.ashx?t=CBL,"$vol(30d) $14.5M < $50M | FAIL: dollar_vol, rr (no TV drawing read)"
CCK,FAIL,"no_earnings_14d,rr",True,True,False,True,False,True,False,False,False,,False,108.87999725341797,98596858.5768181,905555.3,2.39,100.38,2026-10-19,11,264,106.46979522705078,107.99008131580116,107.22993827142597,101.58572049285215,120.69000244140625,2.384752803316065,1.0000000000000002,5.644217778573816,0.2923450240094991,,,,,,,,,,,False,,,,,,,,,,True,1.31,3/5,3/6,0.55,6.8,True,"uptrend: new high +1.3 ATR above prior 2.5y high, 3/5 HH and 3/6 HL, 30w EMA +7% in 26w",,,,,,,True,"SMA150,SMA200","SMA150 107.07 (latest low 106.64 / close 108.88); held before 1x, last 2026-01-08; SMA200 107.01 (latest low 106.64 / close 108.88); held before 2x, last 2025-10-31",,,,2,,,,,False,True,True,no TV drawing read (f_rr False),https://www.tradingview.com/chart/?symbol=NYSE:CCK,https://finviz.com/quote.ashx?t=CCK,"FAIL: no_earnings_14d, rr (no TV drawing read)"
CCSI,FAIL,"dollar_vol,short_float,rr",False,False,True,True,False,True,False,False,False,,False,36.619998931884766,5453451.46160291,148920.03333333333,6.28,100.63,2026-11-05,28,263,30.549999237060547,31.665000915527344,31.107500076293945,27.669642857142858,39.06999969482422,2.316122837846203,0.9999999999999999,3.437857219151088,1.6034694009054933,,,,,,,,,,,False,,,,,,,,,,True,2.71,5/8,4/5,0.71,33.7,True,"uptrend: new high +2.7 ATR above prior 2.5y high, 5/8 HH and 4/5 HL, 30w EMA +34% in 26w",,,,,,,True,SMA100,"SMA100 35.74 (latest low 35.48 / close 36.62); held before 5x, last 2026-05-21",,,,2,,,,,False,True,False,no TV drawing read (f_rr False),https://www.tradingview.com/chart/?symbol=NASDAQ:CCSI,https://finviz.com/quote.ashx?t=CCSI,"$vol(30d) $5.5M < $50M | FAIL: dollar_vol, short_float, rr (no TV drawing read)"
CDP,FAIL,"dollar_vol,short_float,rr",False,False,True,True,False,True,False,False,False,,False,33.470001220703125,26949241.70288086,805176.0,6.58,115.47,2026-10-22,14,264,32.20624542236328,32.67214005879686,32.43919274058007,30.871335270748876,38.400001525878906,3.8018818036697066,0.999999999999999,1.5678574698311942,0.657463130391591,,,,,,,,,,,False,,,,,,,,,,True,4.28,5/5,5/6,0.92,14.9,True,"uptrend: new high +4.3 ATR above prior 2.5y high, 5/5 HH and 5/6 HL, 30w EMA +15% in 26w",,,,,,,True,SMA200,"SMA200 32.90 (latest low 33.02 / close 33.47); held before 4x, last 2025-12-23",,,,2,,,,,False,True,False,no TV drawing read (f_rr False),https://www.tradingview.com/chart/?symbol=NYSE:CDP,https://finviz.com/quote.ashx?t=CDP,"$vol(30d) $26.9M < $50M | FAIL: dollar_vol, short_float, rr (no TV drawing read)"
CDW,FAIL,"short_float,rr",True,False,True,True,False,False,True,False,False,,False,139.8800048828125,210365865.72993976,1503902.3333333333,7.68,109.52,2026-11-04,27,263,148.7394520183851,153.76544506518871,151.25244854178692,136.34182858815325,153.7899932861328,0.17018371819794806,0.9999999999999998,14.910619953633674,-0.7627076335080881,,,,,,,,,,,False,,,,,,,,,,False,-5.4,1/8,1/7,0.13,1.5,True,"no new high: recent high 158.05 is -5.40 ATR vs prior 2.5y high 238.51 (needs >= +1); choppy swings: 1/8 higher highs, 1/7 higher lows",,,,,,,True,"SMA100,SMA150","SMA100 135.33 (latest low 135.85 / close 139.88); held before 4x, last 2026-08-24; SMA150 130.89 (latest low 135.85 / close 139.88); held before 3x, last 2026-08-24",,,,11,,,,,False,True,False,no TV drawing read (f_rr False),https://www.tradingview.com/chart/?symbol=NASDAQ:CDW,https://finviz.com/quote.ashx?t=CDW,"short float 7.68% >= 5% | FAIL: short_float, rr (no TV drawing read)"
CF,FAIL,"short_float,rr",True,False,True,True,False,True,True,False,False,,False,113.58000183105469,283509155.1585297,2496118.6,6.5,108.0,2026-11-04,27,264,90.28155891555231,90.58527093276805,90.43341492416019,84.57935697390326,136.35000610351562,7.843549136260291,0.5712792313948174,10.247279488812934,2.2588031225423175,,,,,,,,,,,False,,,,,,,,,,False,0.1,3/5,3/6,0.55,17.1,True,no new high: recent high 141.66 is +0.10 ATR vs prior 2.5y high 140.66 (needs >= +1),,,,,,,True,SMA200,"SMA200 112.47 (latest low 113.22 / close 113.58); held before 3x, last 2026-06-24",,,,21,,,,,False,True,False,no TV drawing read (f_rr False),https://www.tradingview.com/chart/?symbol=NYSE:CF,https://finviz.com/quote.ashx?t=CF,"short float 6.50% >= 5% | FAIL: short_float, rr (no TV drawing read)"
CFR,FAIL,"short_float,rr",True,False,True,True,False,True,False,False,False,,False,152.36000061035156,70340615.37111664,461673.76666666666,6.94,92.58,2026-10-22,14,264,141.34042358398438,142.82945770440006,142.08494064419222,134.8609059579543,168.99656677246094,3.7252902702054342,1.000000000000002,7.224034686237914,1.4223436642315357,,,,,,,,,,,False,,,,,,,,,,True,3.3,4/7,3/5,0.59,15.6,True,"uptrend: new high +3.3 ATR above prior 2.5y high, 4/7 HH and 3/5 HL, 30w EMA +16% in 26w",,,,,,,True,SMA150,"SMA150 148.68 (latest low 149.57 / close 152.36); held before 5x, last 2026-05-12",,,,2,,,,,False,True,False,no TV drawing read (f_rr False),https://www.tradingview.com/chart/?symbol=NYSE:CFR,https://finviz.com/quote.ashx?t=CFR,"short float 6.94% >= 5% | FAIL: short_float, rr (no TV drawing read)"
CHD,FAIL,rr,True,True,True,True,False,False,False,False,False,,True,97.7300033569336,173053344.5988861,1770728.9333333333,4.57,95.32,2026-10-30,22,264,99.27729034423828,99.69601352287812,99.48665193355819,95.0117037140025,102.04883984305152,0.5725625825783794,0.9999999999999994,4.474948219555702,-0.39255171019588,no,,,,,,,2026-10-07,charts/latest/CHD.webp,,False,,,,,,,,,,False,-2.29,2/6,4/8,0.42,3.6,True,"no new high: recent high 103.99 is -2.29 ATR vs prior 2.5y high 114.24 (needs >= +1); choppy swings: 2/6 higher highs, 4/8 higher lows",,,,,,,True,"SMA100,SMA150,SMA200","SMA100 97.45 (latest low 96.22 / close 97.73); held before 3x, last 2026-08-21; SMA150 96.53 (latest low 96.22 / close 97.73); held before 8x, last 2026-08-21; SMA200 95.79 (latest low 96.22 / close 97.73); held before 8x, last 2026-07-31",,,,0,,,,,False,True,False,TV drawing not found (f_rr False),https://www.tradingview.com/chart/?symbol=NYSE:CHD,https://finviz.com/quote.ashx?t=CHD,FAIL: rr (TV drawing not found)
CHE,FAIL,"short_float,rr",True,False,True,True,False,True,True,False,False,,False,498.25,71668429.475,143840.3,5.1,105.77,2026-11-03,26,264,474.8237160779636,479.48528825465365,477.1545021663086,449.58244296453313,551.993896484375,2.714320093772584,1.0000000000000007,27.57205920177544,0.7651041831628236,,,,,,,,,,,False,,,,,,,,,,False,-2.27,3/6,3/5,0.55,12.5,True,no new high: recent high 556.27 is -2.27 ATR vs prior 2.5y high 618.90 (needs >= +1),,,,,,,True,SMA100,"SMA100 492.03 (latest low 494.12 / close 498.25); held before 3x, last 2026-06-15",,,,27,,,,,True,True,False,no TV drawing read (f_rr False),https://www.tradingview.com/chart/?symbol=NYSE:CHE,https://finviz.com/quote.ashx?t=CHE,"short float 5.10% >= 5% | FAIL: short_float, rr (no TV drawing read)"
CLW,FAIL,"dollar_vol,rr",False,True,True,True,False,True,True,False,False,,False,19.510000228881836,2286443.9111567815,117193.43333333333,4.47,88.97,2026-11-03,26,263,17.899999618530273,18.200000762939453,18.050000190734863,15.978778907230922,23.309999465942383,2.539564129192915,1.0000000000000002,2.071221283503941,0.7048981438028925,,,,,,,,,,,False,,,,,,,,,,False,-16.19,3/6,2/7,0.39,5.3,True,"no new high: recent high 23.59 is -16.19 ATR vs prior 2.5y high 57.13 (needs >= +1); choppy swings: 3/6 higher highs, 2/7 higher lows",,,,,,,True,SMA100,"SMA100 18.46 (latest low 18.74 / close 19.51); held before 3x, last 2026-07-13",,,,17,,,,,False,True,False,no TV drawing read (f_rr False),https://www.tradingview.com/chart/?symbol=NYSE:CLW,https://finviz.com/quote.ashx?t=CLW,"$vol(30d) $2.3M < $50M | FAIL: dollar_vol, rr (no TV drawing read)"
CLYM,FAIL,"dollar_vol,short_float,rr",False,False,True,True,False,True,False,False,False,,False,10.859999656677246,17386010.922367096,1600921.8666666667,16.42,95.71,2026-11-11,34,264,11.520000457763672,12.479999542236328,12.0,9.67399992261614,17.280000686645508,2.26999162123164,1.0000000000000004,2.326000077383859,-0.4901119111762695,,,,,,,,,,,False,,,,,,,,,,True,2.91,3/4,4/4,0.88,138.7,True,"uptrend: new high +2.9 ATR above prior 2.5y high, 3/4 HH and 4/4 HL, 30w EMA +139% in 26w",,,,,,,True,SMA200,"SMA200 9.91 (latest low 10.28 / close 10.86); held before 2x, last 2025-11-21",,,,1,,,,,False,True,False,no TV drawing read (f_rr False),https://www.tradingview.com/chart/?symbol=NASDAQ:CLYM,https://finviz.com/quote.ashx?t=CLYM,"$vol(30d) $17.4M < $50M | FAIL: dollar_vol, short_float, rr (no TV drawing read)"
CNC,FAIL,rr,True,True,True,True,False,True,False,False,False,,False,64.54000091552734,270434511.4662285,4190184.5,2.91,99.98,2026-10-27,19,264,38.70000076293945,38.86000061035156,38.78000068664551,34.39999984741211,67.30999755859375,6.513696667907869,0.8844658427477439,4.952142442975726,5.20178902879109,no,,,,,,,2026-10-07,charts/latest/CNC.webp,user-lines,False,"user lines only, no zone/position",fib 31.55–69.52,,,,,,,,False,-2.21,3/6,3/5,0.55,49.3,True,no new high: recent high 69.63 is -2.21 ATR vs prior 2.5y high 80.59 (needs >= +1),,,,,,,True,SMA100,"SMA100 64.16 (latest low 63.36 / close 64.54); held before 2x, last 2026-09-09",,,,2,,,,,False,True,False,TV drawing not found (f_rr False),https://www.tradingview.com/chart/?symbol=NYSE:CNC,https://finviz.com/quote.ashx?t=CNC,FAIL: rr (TV drawing not found)
CNMD,FAIL,"dollar_vol,short_float,rr",False,False,True,True,False,True,True,False,False,,False,45.11000061035156,13535640.62180786,300058.5333333333,7.16,114.52,2026-10-28,20,264,39.08000183105469,40.029998779296875,39.55500030517578,36.249998321533205,51.06999969482422,3.484112701486881,0.832045086551988,3.972142900739397,1.3984895417890786,,,,,,,,,,,False,,,,,,,,,,False,-5.9,2/6,1/6,0.25,2.4,True,"no new high: recent high 53.66 is -5.90 ATR vs prior 2.5y high 77.09 (needs >= +1); choppy swings: 2/6 higher highs, 1/6 higher lows",,,,,,,True,SMA100,"SMA100 42.54 (latest low 44.05 / close 45.11); held before 2x, last 2024-11-19",,,,15,,,,,False,True,False,no TV drawing read (f_rr False),https://www.tradingview.com/chart/?symbol=NYSE:CNMD,https://finviz.com/quote.ashx?t=CNMD,"$vol(30d) $13.5M < $50M | FAIL: dollar_vol, short_float, rr (no TV drawing read)"
COHR,FAIL,"short_float,rr",True,False,True,True,False,True,True,False,False,,False,302.3500061035156,1938942914.0379536,6412908.466666667,5.44,85.92,2026-11-11,34,263,115.44000244140625,115.91999816894531,115.68000030517578,85.75793838500977,383.19000244140625,8.940226206668656,0.5,59.84412384033203,3.1192704282276305,,,,,,,,,,,False,,,,,,,,,,True,2.16,3/4,2/2,0.88,50.5,True,"uptrend: new high +2.2 ATR above prior 2.5y high, 3/4 HH and 2/2 HL, 30w EMA +51% in 26w",,,,,,,True,SMA200,"SMA200 292.03 (latest low 298.89 / close 302.35); held before 3x, last 2026-07-17",,,,6,,,,,False,True,False,no TV drawing read (f_rr False),https://www.tradingview.com/chart/?symbol=NYSE:COHR,https://finviz.com/quote.ashx?t=COHR,"short float 5.44% >= 5% | FAIL: short_float, rr (no TV drawing read)"
COLD,FAIL,"dollar_vol,short_float,rr",False,False,True,True,False,False,False,False,False,,False,13.8100004196167,45226174.27219677,3274885.8,9.74,109.88,2026-10-29,21,264,12.962912792921243,13.199568260654253,13.081240526787749,11.94695494056687,15.329999923706055,1.9825336971886791,1.0000000000000007,1.1342855862208776,0.6424836052593903,,,,,,,,,,,False,,,,,,,,,,False,-9.09,3/6,3/5,0.55,14.6,True,no new high: recent high 16.88 is -9.09 ATR vs prior 2.5y high 27.19 (needs >= +1),,,,,,,True,SMA200,"SMA200 13.49 (latest low 13.33 / close 13.81); held before 1x, last 2026-09-10",,,,2,,,,,False,True,False,no TV drawing read (f_rr False),https://www.tradingview.com/chart/?symbol=NYSE:COLD,https://finviz.com/quote.ashx?t=COLD,"$vol(30d) $45.2M < $50M | FAIL: dollar_vol, short_float, rr (no TV drawing read)"
CPF,FAIL,"dollar_vol,rr",False,True,True,True,False,True,True,False,False,,False,36.2400016784668,5417737.706924184,149496.06666666668,2.8,95.58,2026-10-28,20,264,34.28493881225586,34.83586029457153,34.560399553413696,32.9047520764846,39.40501344247253,2.926114379157964,1.0000000000000009,1.6556474769290956,1.014468447213435,,,,,,,,,,,False,,,,,,,,,,True,3.94,6/8,2/4,0.62,17.6,True,"uptrend: new high +3.9 ATR above prior 2.5y high, 6/8 HH and 2/4 HL, 30w EMA +18% in 26w",,,,,,,True,SMA150,"SMA150 35.48 (latest low 35.62 / close 36.24); held before 5x, last 2026-03-12",,,,6,,,,,False,True,False,no TV drawing read (f_rr False),https://www.tradingview.com/chart/?symbol=NYSE:CPF,https://finviz.com/quote.ashx?t=CPF,"$vol(30d) $5.4M < $50M | FAIL: dollar_vol, rr (no TV drawing read)"
CRGY,FAIL,"short_float,rr",True,False,True,True,False,False,False,False,False,,False,13.010000228881836,81614744.55182876,6273231.6,11.24,83.28,2026-11-09,32,253,13.293253856071445,14.019232436309716,13.65624314619058,12.53924909502413,14.989999771118164,1.194058843495877,1.0,1.116994051166449,-0.5785553796225578,,,,,,,,,,,False,,,,,,,,,,False,-0.15,6/7,2/5,0.63,17.8,True,no new high: recent high 15.47 is -0.15 ATR vs prior 2.5y high 15.64 (needs >= +1),,,,,,,True,SMA150,"SMA150 12.19 (latest low 12.67 / close 13.01); held before 1x, last 2025-11-21",,,,2,,,,,False,True,False,no TV drawing read (f_rr False),https://www.tradingview.com/chart/?symbol=NYSE:CRGY,https://finviz.com/quote.ashx?t=CRGY,"short float 11.24% >= 5% | FAIL: short_float, rr (no TV drawing read)"
CROX,FAIL,"short_float,rr",True,False,True,True,False,True,True,False,False,,False,116.83999633789062,124992491.50370076,1069774.8666666667,10.22,101.15,2026-10-29,21,264,105.87000274658203,106.70999908447266,106.29000091552734,95.24821417672294,139.61000061035156,3.0176275346567762,0.9999999999999997,11.041786738804408,0.9554608934156632,,,,,,,,,,,False,,,,,,,,,,False,-2.18,4/7,4/6,0.62,32.0,True,no new high: recent high 141.28 is -2.18 ATR vs prior 2.5y high 165.32 (needs >= +1),,,,,,,False,,no SMA50/100/150/200 support with an earlier bounce,,,,46,,,,,False,True,False,no TV drawing read (f_rr False),https://www.tradingview.com/chart/?symbol=NASDAQ:CROX,https://finviz.com/quote.ashx?t=CROX,"short float 10.22% >= 5% | FAIL: short_float, rr (no TV drawing read)"
CTS,FAIL,"dollar_vol,rr",False,True,True,True,False,True,True,False,False,,False,57.310001373291016,12062742.812386831,210482.33333333334,3.71,99.06,2026-10-28,20,264,44.86566410073483,45.60394993421951,45.234807017477166,40.98945086644131,66.26000213623047,4.952516201408262,1.0000000000000007,4.245356151035854,2.8443301165362858,,,,,,,,,,,False,,,,,,,,,,True,2.34,5/7,1/2,0.61,22.9,True,"uptrend: new high +2.3 ATR above prior 2.5y high, 5/7 HH and 1/2 HL, 30w EMA +23% in 26w",,,,,,,True,SMA200,"SMA200 56.38 (latest low 57.26 / close 57.31); held before 3x, last 2026-09-10",,,,13,,,,,False,True,False,no TV drawing read (f_rr False),https://www.tradingview.com/chart/?symbol=NYSE:CTS,https://finviz.com/quote.ashx?t=CTS,"$vol(30d) $12.1M < $50M | FAIL: dollar_vol, rr (no TV drawing read)"
CUZ,FAIL,"dollar_vol,short_float,rr",False,False,True,True,False,True,True,False,False,,False,27.719999313354492,36399237.35836315,1313103.8333333333,7.43,106.29,2026-10-22,14,264,26.331689834594727,26.56583523670444,26.448762535649585,25.07019116157383,32.189998626708984,4.16462738094249,1.0000000000000009,1.3785713740757533,0.9221407042179388,,,,,,,,,,,False,,,,,,,,,,False,2.11,1/3,2/4,0.42,16.1,True,"choppy swings: 1/3 higher highs, 2/4 higher lows",,,,,,,True,SMA150,"SMA150 27.18 (latest low 27.17 / close 27.72); held before 3x, last 2025-09-08",,,,8,,,,,False,True,False,no TV drawing read (f_rr False),https://www.tradingview.com/chart/?symbol=NYSE:CUZ,https://finviz.com/quote.ashx?t=CUZ,"$vol(30d) $36.4M < $50M | FAIL: dollar_vol, short_float, rr (no TV drawing read)"
CVBF,FAIL,"dollar_vol,short_float,rr",False,False,True,True,False,True,True,False,False,,False,21.75,28729642.425,1320903.1,5.87,83.63,2026-10-28,20,264,20.493440628051758,20.959199955001317,20.726320291526537,19.772328194304382,23.25,2.645388484686552,1.000000000000001,0.9539920972221542,1.073048415656928,,,,,,,,,,,False,,,,,,,,,,False,0.52,5/8,6/6,0.81,12.8,True,no new high: recent high 23.41 is +0.52 ATR vs prior 2.5y high 22.92 (needs >= +1),,,,,,,True,SMA150,"SMA150 21.14 (latest low 21.44 / close 21.75); held before 9x, last 2026-06-03",,,,15,,,,,True,True,False,no TV drawing read (f_rr False),https://www.tradingview.com/chart/?symbol=NASDAQ:CVBF,https://finviz.com/quote.ashx?t=CVBF,"$vol(30d) $28.7M < $50M | FAIL: dollar_vol, short_float, rr (no TV drawing read)"
CVEO,FAIL,"dollar_vol,short_float,rr",False,False,True,True,False,True,True,False,False,,False,31.899999618530273,2475451.6670644763,77600.36666666667,11.91,87.71,2026-10-23,15,264,23.459999084472656,23.579999923706055,23.519999504089355,20.840356826782227,34.540000915527344,4.112489140720953,1.0,2.679642677307129,3.127282672950368,,,,,,,,,,,False,,,,,,,,,,True,2.52,2/4,3/4,0.62,24.9,True,"uptrend: new high +2.5 ATR above prior 2.5y high, 2/4 HH and 3/4 HL, 30w EMA +25% in 26w",,,,,,,True,SMA200,"SMA200 30.51 (latest low 31.39 / close 31.90); held before 1x, last 2025-12-31",,,,8,,,,,False,True,False,no TV drawing read (f_rr False),https://www.tradingview.com/chart/?symbol=NYSE:CVEO,https://finviz.com/quote.ashx?t=CVEO,"$vol(30d) $2.5M < $50M | FAIL: dollar_vol, short_float, rr (no TV drawing read)"
CXT,FAIL,"dollar_vol,short_float,rr",False,False,True,True,False,False,True,False,False,,False,48.18000030517578,24327450.46609192,504928.4,16.1,107.65,2026-11-11,34,264,46.02586364746094,46.5515888790783,46.28872626326962,42.37556101667735,51.9900016784668,1.4569472679851827,1.0,3.9131652465922713,0.4833105485522619,,,,,,,,,,,False,,,,,,,,,,False,-2.66,3/7,2/5,0.41,-2.7,False,"no new high: recent high 57.56 is -2.66 ATR vs prior 2.5y high 67.99 (needs >= +1); choppy swings: 3/7 higher highs, 2/5 higher lows; 30w EMA falling (-3% in 26w)",,,,,,,True,"SMA100,SMA150,SMA200","SMA100 47.47 (latest low 47.31 / close 48.18); held before 4x, last 2026-08-20; SMA150 45.98 (latest low 47.31 / close 48.18); held before 5x, last 2026-08-20; SMA200 46.99 (latest low 47.31 / close 48.18); held before 5x, last 2026-09-01",,,,17,,,,,True,True,False,no TV drawing read (f_rr False),https://www.tradingview.com/chart/?symbol=NYSE:CXT,https://finviz.com/quote.ashx?t=CXT,"$vol(30d) $24.3M < $50M | FAIL: dollar_vol, short_float, rr (no TV drawing read)"
CXW,FAIL,"short_float,rr",True,False,True,True,False,True,False,False,False,,False,32.709999084472656,62538959.23725001,1911921.7666666666,15.15,88.04,2026-11-09,32,264,20.610000610351562,20.770000457763672,20.690000534057617,17.95999931335449,35.22999954223633,5.326004581211819,0.8717076294605681,3.1317853927612305,3.838065845187832,,,,,,,,,,,False,,,,,,,,,,False,3.69,2/5,3/6,0.45,50.5,True,"choppy swings: 2/5 higher highs, 3/6 higher lows",,,,,,,True,SMA100,"SMA100 30.27 (latest low 31.29 / close 32.71); held before 5x, last 2026-05-13",,,,1,,,,,False,True,False,no TV drawing read (f_rr False),https://www.tradingview.com/chart/?symbol=NYSE:CXW,https://finviz.com/quote.ashx?t=CXW,"short float 15.15% >= 5% | FAIL: short_float, rr (no TV drawing read)"
CZR,FAIL,"short_float,rr",True,False,True,True,False,True,False,False,False,,False,29.520000457763672,131177764.29016039,4443691.133333334,9.82,95.69,2026-11-03,26,264,24.790000915527344,25.110000610351562,24.950000762939453,24.551572254725865,30.149999618530273,13.05127205607293,0.9999999999999988,0.39842850821358816,11.470062007647178,,,,,,,,,,,False,,,,,,,,,,False,-37.9,4/7,2/5,0.49,15.8,True,"no new high: recent high 30.83 is -37.90 ATR vs prior 2.5y high 45.93 (needs >= +1); choppy swings: 4/7 higher highs, 2/5 higher lows",,,,,,,False,,no SMA50/100/150/200 support with an earlier bounce,,,,1,,,,,False,True,False,no TV drawing read (f_rr False),https://www.tradingview.com/chart/?symbol=NASDAQ:CZR,https://finviz.com/quote.ashx?t=CZR,"short float 9.82% >= 5% | FAIL: short_float, rr (no TV drawing read)"
DAL,FAIL,"no_earnings_14d,rr",True,True,False,True,False,True,True,False,False,,False,82.13999938964844,544392686.3268219,6627619.8,4.01,89.86,2026-10-09,1,264,74.76238250732422,75.06997012395297,74.9161763156386,69.5168858643675,91.33999633789062,3.041847844726623,1.0000000000000009,5.399290451271095,1.3379208137078862,,,,,,,,,,,False,,,,,,,,,,True,3.64,5/9,2/4,0.53,24.9,True,"uptrend: new high +3.6 ATR above prior 2.5y high, 5/9 HH and 2/4 HL, 30w EMA +25% in 26w",,,,,,,False,,no SMA50/100/150/200 support with an earlier bounce,,,,27,,,,,True,True,True,no TV drawing read (f_rr False),https://www.tradingview.com/chart/?symbol=NYSE:DAL,https://finviz.com/quote.ashx?t=DAL,"FAIL: no_earnings_14d, rr (no TV drawing read)"
DAVE,FAIL,"short_float,rr",True,False,True,True,False,True,True,False,False,,False,353.3999938964844,113026706.70793355,319826.56666666665,22.39,97.51,2026-11-10,33,264,217.3300018310547,224.27999877929688,220.80500030517578,173.04999755859376,380.69000244140625,3.348026236846441,0.8703469059578373,54.86892918178013,2.4165770239842463,,,,,,,,,,,False,,,,,,,,,,False,3.13,3/8,3/6,0.44,61.6,True,"choppy swings: 3/8 higher highs, 3/6 higher lows",,,,,,,True,SMA100,"SMA100 343.61 (latest low 341.25 / close 353.40); held before 8x, last 2026-09-01",,,,17,,,,,False,True,False,no TV drawing read (f_rr False),https://www.tradingview.com/chart/?symbol=NASDAQ:DAVE,https://finviz.com/quote.ashx?t=DAVE,"short float 22.39% >= 5% | FAIL: short_float, rr (no TV drawing read)"
DBX,FAIL,"short_float,rr",True,False,True,True,False,True,False,False,False,,False,34.13999938964844,142462195.76107484,4172882.2,17.08,84.14,2026-10-29,21,263,28.899999618530273,29.100000381469727,29.0,26.22528566632952,36.47999954223633,2.69577284099785,1.0000000000000002,2.77471433367048,1.8524427279867342,,,,,,,,,,,False,,,,,,,,,,True,1.74,3/6,2/4,0.5,17.6,True,"uptrend: new high +1.7 ATR above prior 2.5y high, 3/6 HH and 2/4 HL, 30w EMA +18% in 26w",,,,,,,False,,no SMA50/100/150/200 support with an earlier bounce,,,,1,,,,,False,True,False,no TV drawing read (f_rr False),https://www.tradingview.com/chart/?symbol=NASDAQ:DBX,https://finviz.com/quote.ashx?t=DBX,"short float 17.08% >= 5% | FAIL: short_float, rr (no TV drawing read)"
DCO,FAIL,"dollar_vol,short_float,rr",False,False,True,True,False,True,True,False,False,,False,168.3000030517578,35674568.47688141,211970.1,6.08,96.48,2026-11-05,28,264,128.91000366210938,140.02000427246094,134.46500396728516,119.96000122070312,207.0,5.000688197029609,0.8393924161384829,17.280359540666854,1.9580031888136833,,,,,,,,,,,False,,,,,,,,,,True,3.88,4/4,2/2,1.0,46.4,True,"uptrend: new high +3.9 ATR above prior 2.5y high, 4/4 HH and 2/2 HL, 30w EMA +46% in 26w",,,,,,,True,SMA150,"SMA150 159.49 (latest low 163.46 / close 168.30); held before 1x, last 2025-11-21",,,,12,,,,,False,True,False,no TV drawing read (f_rr False),https://www.tradingview.com/chart/?symbol=NYSE:DCO,https://finviz.com/quote.ashx?t=DCO,"$vol(30d) $35.7M < $50M | FAIL: dollar_vol, short_float, rr (no TV drawing read)"
DCOM,FAIL,"dollar_vol,short_float,rr",False,False,True,True,False,True,True,False,False,,False,38.54999923706055,11399113.984401193,295696.86666666664,9.4,89.62,2026-10-23,15,264,35.759178161621094,35.99606384725181,35.87762100443645,34.059590480797944,41.25,2.955054343538507,1.000000000000001,1.8180305236385033,1.469930343785291,,,,,,,,,,,False,,,,,,,,,,True,3.07,5/5,5/6,0.92,22.7,True,"uptrend: new high +3.1 ATR above prior 2.5y high, 5/5 HH and 5/6 HL, 30w EMA +23% in 26w",,,,,,,True,SMA150,"SMA150 37.84 (latest low 38.27 / close 38.55); held before 3x, last 2026-03-09",,,,8,,,,,True,True,False,no TV drawing read (f_rr False),https://www.tradingview.com/chart/?symbol=NYSE:DCOM,https://finviz.com/quote.ashx?t=DCOM,"$vol(30d) $11.4M < $50M | FAIL: dollar_vol, short_float, rr (no TV drawing read)"
DFTX,FAIL,"short_float,rr",True,False,True,True,False,True,False,False,False,,False,34.18000030517578,76528578.6219513,2238987.066666667,9.29,84.64,2026-11-05,28,264,17.399999618530273,18.1200008392334,17.760000228881836,13.639999618530274,47.06999969482422,7.114076486372497,0.8066242369848381,5.107707432338169,3.2147495317243173,,,,,,,,,,,False,,,,,,,,,,True,5.4,6/6,4/4,1.0,118.7,True,"uptrend: new high +5.4 ATR above prior 2.5y high, 6/6 HH and 4/4 HL, 30w EMA +119% in 26w",,,,,,,False,,no SMA50/100/150/200 support with an earlier bounce,,,,2,,,,,False,True,False,no TV drawing read (f_rr False),https://www.tradingview.com/chart/?symbol=NASDAQ:DFTX,https://finviz.com/quote.ashx?t=DFTX,"short float 9.29% >= 5% | FAIL: short_float, rr (no TV drawing read)"
DLTR,FAIL,rr,True,True,True,True,False,True,False,False,False,,True,118.62000274658203,328802512.78724444,2771897.7,3.84,107.72,2026-11-24,47,261,74.95999908447266,79.80000305175781,77.38000106811523,68.12642778669085,131.57000732421875,5.856116832714181,0.9999999999999994,9.253573281424385,4.456656950159128,,,,,,,,,,,False,,,,,,,,,,False,-0.58,2/4,2/3,0.58,4.3,True,no new high: recent high 137.07 is -0.58 ATR vs prior 2.5y high 142.40 (needs >= +1),,,,,,,True,"SMA150,SMA200","SMA150 113.81 (latest low 115.95 / close 118.62); held before 3x, last 2026-08-27; SMA200 117.03 (latest low 115.95 / close 118.62); held before 2x, last 2026-08-27",,,,2,,,,,False,True,False,no TV drawing read (f_rr False),https://www.tradingview.com/chart/?symbol=NASDAQ:DLTR,https://finviz.com/quote.ashx?t=DLTR,FAIL: rr (no TV drawing read)
DNOW,FAIL,"dollar_vol,short_float,rr",False,False,True,True,False,True,False,False,False,,False,15.649999618530273,32591484.677247178,2082523.0333333334,5.37,108.04,2026-11-04,27,263,14.029999732971191,14.15999984741211,14.09499979019165,13.040000190734863,16.68000030517578,2.45023838522321,0.9541339153292534,1.1057143892560686,1.4063304624124828,,,,,,,,,,,False,,,,,,,,,,False,-1.13,3/9,3/7,0.38,7.9,True,"no new high: recent high 17.20 is -1.13 ATR vs prior 2.5y high 18.45 (needs >= +1); choppy swings: 3/9 higher highs, 3/7 higher lows",,,,,,,False,,no SMA50/100/150/200 support with an earlier bounce,,,,2,,,,,False,True,False,no TV drawing read (f_rr False),https://www.tradingview.com/chart/?symbol=NYSE:DNOW,https://finviz.com/quote.ashx?t=DNOW,"$vol(30d) $32.6M < $50M | FAIL: dollar_vol, short_float, rr (no TV drawing read)"
DNTH,FAIL,"short_float,rr",True,False,True,True,False,True,False,False,False,,False,82.43000030517578,64914012.661327355,787504.7,18.98,115.87,2026-11-05,28,264,93.01000213623047,93.61000061035156,93.31000137329102,85.42000030517578,115.95999908447266,2.8707217547427106,0.7486783438000063,10.538572583879743,-1.032397981939011,,,,,,,,,,,False,,,,,,,,,,True,2.43,5/7,4/4,0.86,67.1,True,"uptrend: new high +2.4 ATR above prior 2.5y high, 5/7 HH and 4/4 HL, 30w EMA +67% in 26w",,,,,,,True,SMA200,"SMA200 82.01 (latest low 81.06 / close 82.43); held before 1x, last 2024-10-14",,,,2,,,,,False,True,False,no TV drawing read (f_rr False),https://www.tradingview.com/chart/?symbol=NASDAQ:DNTH,https://finviz.com/quote.ashx?t=DNTH,"short float 18.98% >= 5% | FAIL: short_float, rr (no TV drawing read)"
DOCN,FAIL,"short_float,rr",True,False,True,True,False,True,True,False,False,,False,123.9000015258789,308949205.06483513,2493536.7333333334,9.0,82.24,2026-11-09,32,261,68.16000366210938,70.43000030517578,69.29500198364258,52.58400177001953,129.9199981689453,3.6278496445640864,0.7890948451023283,21.17742919921875,2.578452702099023,,,,,,,,,,,False,,,,,,,,,,True,4.38,4/6,2/2,0.83,105.2,True,"uptrend: new high +4.4 ATR above prior 2.5y high, 4/6 HH and 2/2 HL, 30w EMA +105% in 26w",,,,,,,False,,no SMA50/100/150/200 support with an earlier bounce,,,,14,,,,,False,True,False,no TV drawing read (f_rr False),https://www.tradingview.com/chart/?symbol=NYSE:DOCN,https://finviz.com/quote.ashx?t=DOCN,"short float 9.00% >= 5% | FAIL: short_float, rr (no TV drawing read)"
DVA,FAIL,"short_float,rr",True,False,True,True,False,True,False,False,False,,False,177.02000427246094,109214863.70395203,616963.4,6.88,93.32,2026-10-23,15,264,145.1699981689453,151.85000610351562,148.51000213623047,133.74058750697546,185.0,2.4706461819746566,0.9999999999999991,14.769414629255023,1.9303406974409336,,,,,,,,,,,False,,,,,,,,,,True,4.6,4/6,2/6,0.5,34.1,True,"uptrend: new high +4.6 ATR above prior 2.5y high, 4/6 HH and 2/6 HL, 30w EMA +34% in 26w",,,,,,,True,SMA200,"SMA200 171.30 (latest low 175.41 / close 177.02); held before 3x, last 2025-01-02",,,,2,,,,,False,True,False,no TV drawing read (f_rr False),https://www.tradingview.com/chart/?symbol=NYSE:DVA,https://finviz.com/quote.ashx?t=DVA,"short float 6.88% >= 5% | FAIL: short_float, rr (no TV drawing read)"
EAT,FAIL,"short_float,rr",True,False,True,True,False,True,False,False,False,,False,190.1999969482422,237848285.20372567,1250516.7666666666,13.43,112.91,2026-11-04,27,264,158.13999938964844,161.7100067138672,159.9250030517578,139.2907235281808,248.8800048828125,4.311030183022065,1.0000000000000004,20.63427952357701,1.46721836649987,,,,,,,,,,,False,,,,,,,,,,True,3.04,3/6,2/4,0.5,27.8,True,"uptrend: new high +3.0 ATR above prior 2.5y high, 3/6 HH and 2/4 HL, 30w EMA +28% in 26w",,,,,,,True,SMA150,"SMA150 175.83 (latest low 183.66 / close 190.20); held before 3x, last 2026-01-28",,,,2,,,,,False,True,False,no TV drawing read (f_rr False),https://www.tradingview.com/chart/?symbol=NYSE:EAT,https://finviz.com/quote.ashx?t=EAT,"short float 13.43% >= 5% | FAIL: short_float, rr (no TV drawing read)"
EBC,FAIL,"dollar_vol,short_float,rr",False,False,True,True,False,True,True,False,False,,False,21.079999923706055,48582894.536166,2304691.4,7.97,84.86,2026-10-22,14,264,20.751916885375977,21.185686711657443,20.968801798516708,19.91531580770629,23.46565818786621,2.3700897886916725,1.0000000000000002,1.0534859908104186,0.10555254285233072,,,,,,,,,,,False,,,,,,,,,,True,1.43,5/6,4/4,0.92,13.3,True,"uptrend: new high +1.4 ATR above prior 2.5y high, 5/6 HH and 4/4 HL, 30w EMA +13% in 26w",,,,,,,True,"SMA150,SMA200","SMA150 20.90 (latest low 20.71 / close 21.08); held before 6x, last 2026-08-31; SMA200 20.60 (latest low 20.71 / close 21.08); held before 2x, last 2026-06-03",,,,9,,,,,False,True,False,no TV drawing read (f_rr False),https://www.tradingview.com/chart/?symbol=NASDAQ:EBC,https://finviz.com/quote.ashx?t=EBC,"$vol(30d) $48.6M < $50M | FAIL: dollar_vol, short_float, rr (no TV drawing read)"
ENR,FAIL,"dollar_vol,short_float,rr",False,False,True,True,False,False,True,False,False,,False,21.440000534057617,18790191.561385788,876408.1666666666,12.68,102.91,2026-11-17,40,263,19.83138084411621,19.976629849391394,19.904005346753802,18.11347590946283,22.4542236328125,1.4242816861570946,1.0000000000000007,1.7905294372909697,0.8578441411316536,,,,,,,,,,,False,,,,,,,,,,False,-7.26,2/5,2/5,0.4,3.8,True,"no new high: recent high 22.94 is -7.26 ATR vs prior 2.5y high 35.93 (needs >= +1); choppy swings: 2/5 higher highs, 2/5 higher lows",,,,,,,True,SMA100,"SMA100 20.63 (latest low 21.11 / close 21.44); held before 3x, last 2026-08-20",,,,28,,,,,True,True,False,no TV drawing read (f_rr False),https://www.tradingview.com/chart/?symbol=NYSE:ENR,https://finviz.com/quote.ashx?t=ENR,"$vol(30d) $18.8M < $50M | FAIL: dollar_vol, short_float, rr (no TV drawing read)"
EPC,FAIL,"dollar_vol,short_float,rr",False,False,True,True,False,True,True,False,False,,False,27.729999542236328,14571030.51646309,525460.9,9.99,118.01,2026-11-05,28,264,23.11480140686035,24.01332622062832,23.564063813744333,21.163039347127487,28.892744064331055,2.2193360895214354,1.0,2.401024466616846,1.7350659214072857,,,,,,,,,,,False,,,,,,,,,,False,-3.99,3/7,4/8,0.46,23.3,True,"no new high: recent high 29.79 is -3.99 ATR vs prior 2.5y high 39.36 (needs >= +1); choppy swings: 3/7 higher highs, 4/8 higher lows",,,,,,,False,,no SMA50/100/150/200 support with an earlier bounce,,,,20,,,,,False,True,False,no TV drawing read (f_rr False),https://www.tradingview.com/chart/?symbol=NYSE:EPC,https://finviz.com/quote.ashx?t=EPC,"$vol(30d) $14.6M < $50M | FAIL: dollar_vol, short_float, rr (no TV drawing read)"
ETD,FAIL,"dollar_vol,short_float,rr",False,False,True,True,False,True,True,False,False,,False,20.860000610351562,12518961.790964253,600141.9666666667,13.24,86.48,2026-10-28,20,262,19.009174346923828,19.32738888683214,19.168281616877984,17.88105264018741,22.489999771118164,2.580518473706375,1.0,1.2872289766905745,1.3142331505175835,,,,,,,,,,,False,,,,,,,,,,False,-2.84,3/6,3/7,0.46,0.4,True,"no new high: recent high 22.74 is -2.84 ATR vs prior 2.5y high 26.40 (needs >= +1); choppy swings: 3/6 higher highs, 3/7 higher lows",,,,,,,True,SMA50,"SMA50 20.85 (latest low 20.47 / close 20.86); held before 6x, last 2026-08-18",,,,9,,,,,False,True,False,no TV drawing read (f_rr False),https://www.tradingview.com/chart/?symbol=NYSE:ETD,https://finviz.com/quote.ashx?t=ETD,"$vol(30d) $12.5M < $50M | FAIL: dollar_vol, short_float, rr (no TV drawing read)"
ETSY,FAIL,"short_float,rr",True,False,True,True,False,True,False,False,False,,False,75.13999938964844,224162542.80249277,2983265.1666666665,11.36,123.76,2026-11-04,27,264,61.880001068115234,63.70000076293945,62.790000915527344,55.492835998535156,85.55000305175781,3.1190198378594265,1.0,7.2971649169921875,1.6924379008295223,,,,,,,,,,,False,,,,,,,,,,True,1.57,4/7,4/5,0.69,29.2,True,"uptrend: new high +1.6 ATR above prior 2.5y high, 4/7 HH and 4/5 HL, 30w EMA +29% in 26w",,,,,,,True,SMA150,"SMA150 69.48 (latest low 71.14 / close 75.14); held before 1x, last 2026-09-09",,,,1,,,,,False,True,False,no TV drawing read (f_rr False),https://www.tradingview.com/chart/?symbol=NYSE:ETSY,https://finviz.com/quote.ashx?t=ETSY,"short float 11.36% >= 5% | FAIL: short_float, rr (no TV drawing read)"
EVTC,FAIL,"dollar_vol,rr",False,True,True,True,False,False,False,False,False,,False,29.34000015258789,12886253.251017252,439204.26666666666,4.63,102.56,2026-10-22,14,262,30.565820693969727,30.97429467362739,30.77005768379856,28.49039939842395,31.1200008392334,0.15350684691646002,1.0000000000000002,2.2796582853746084,-0.6273122337612418,,,,,,,,,,,False,,,,,,,,,,False,-1.72,3/9,4/7,0.45,-2.5,False,"no new high: recent high 34.41 is -1.72 ATR vs prior 2.5y high 38.33 (needs >= +1); choppy swings: 3/9 higher highs, 4/7 higher lows; 30w EMA falling (-3% in 26w)",,,,,,,True,"SMA100,SMA150,SMA200","SMA100 28.13 (latest low 28.41 / close 29.34); held before 3x, last 2026-07-09; SMA150 28.12 (latest low 28.41 / close 29.34); held before 5x, last 2026-08-12; SMA200 28.18 (latest low 28.41 / close 29.34); held before 2x, last 2026-08-12",,,,2,,,,,False,True,False,no TV drawing read (f_rr False),https://www.tradingview.com/chart/?symbol=NYSE:EVTC,https://finviz.com/quote.ashx?t=EVTC,"$vol(30d) $12.9M < $50M | FAIL: dollar_vol, rr (no TV drawing read)"
EWBC,FAIL,"no_earnings_14d,rr",True,True,False,True,False,True,True,False,False,False,False,126.25,104503694.20833333,827752.0333333333,3.4,93.54,2026-10-20,12,264,124.25652313232422,125.93539541524018,125.0959592737822,119.6889689593006,136.60000610351562,2.127624826499505,0.9999999999999989,5.40699031448161,0.21343495347622854,yes,117.6,111.64,,,,,2026-10-06,charts/latest/EWBC.webp,user,False,user drawing (no Long Position),,126.25,5.407,8.65,1.5998,False,,,True,2.81,8/8,1/3,0.67,16.4,True,"uptrend: new high +2.8 ATR above prior 2.5y high, 8/8 HH and 1/3 HL, 30w EMA +16% in 26w",137.47,2026-08-21,False,no weekly low <= zone top 117.6 since the 2026-08-21 high,False,no daily touch of the zone in the pullback,True,SMA150,"SMA150 123.37 (latest low 123.95 / close 126.25); held before 4x, last 2025-11-17",True,0.5,"swing 90.34 (2025-10-17) -> 137.47 (2026-08-21): 0.382=119.47, 0.5=113.91, 0.618=108.34; zone 111.64-117.6 +/- 1.35",10,,,,,False,True,True,TV R:R  < 2 (f_rr False),https://www.tradingview.com/chart/?symbol=NASDAQ:EWBC,https://finviz.com/quote.ashx?t=EWBC,"FAIL: no_earnings_14d, rr (TV R:R  < 2)"
EWTX,FAIL,"short_float,rr",True,False,True,True,False,True,False,False,False,,False,39.22999954223633,53527355.87573789,1364449.5666666667,11.65,86.75,2026-11-05,28,264,30.440000534057617,31.81999969482422,31.130000114440918,25.99,45.40999984741211,2.7782100029241796,0.9855509443772572,5.215357099260602,1.553105429529221,,,,,,,,,,,False,,,,,,,,,,True,1.99,6/9,8/9,0.78,46.5,True,"uptrend: new high +2.0 ATR above prior 2.5y high, 6/9 HH and 8/9 HL, 30w EMA +47% in 26w",,,,,,,True,SMA150,"SMA150 37.49 (latest low 37.24 / close 39.23); held before 2x, last 2026-06-16",,,,1,,,,,False,True,False,no TV drawing read (f_rr False),https://www.tradingview.com/chart/?symbol=NASDAQ:EWTX,https://finviz.com/quote.ashx?t=EWTX,"short float 11.65% >= 5% | FAIL: short_float, rr (no TV drawing read)"
EXPE,FAIL,"short_float,rr",True,False,True,True,False,True,False,False,False,,False,270.1300048828125,572768787.1945801,2120344.933333333,5.53,104.07,2026-10-29,21,264,264.8948974609375,268.6913499380408,266.7931236994891,240.3567620044484,332.2110900878906,2.474544990079837,1.0,26.436361695040716,0.12622316269599843,,,,,,,,,,,False,,,,,,,,,,True,1.49,4/5,4/7,0.69,14.8,True,"uptrend: new high +1.5 ATR above prior 2.5y high, 4/5 HH and 4/7 HL, 30w EMA +15% in 26w",,,,,,,True,"SMA150,SMA200","SMA150 260.55 (latest low 259.04 / close 270.13); held before 5x, last 2026-09-09; SMA200 258.88 (latest low 259.04 / close 270.13); held before 6x, last 2026-09-09",,,,1,,,,,False,True,False,no TV drawing read (f_rr False),https://www.tradingview.com/chart/?symbol=NASDAQ:EXPE,https://finviz.com/quote.ashx?t=EXPE,"short float 5.53% >= 5% | FAIL: short_float, rr (no TV drawing read)"
FBP,FAIL,"dollar_vol,rr",False,True,True,True,False,True,True,False,False,,False,26.670000076293945,34196920.40082595,1282224.2333333334,4.92,97.34,2026-10-28,20,264,23.937618255615234,24.134553408849484,24.03608583223236,22.847162843307128,29.4887638092041,4.586233109934969,1.0,1.1889229889252313,2.215378345440696,,,,,,,,,,,False,,,,,,,,,,True,5.72,4/5,3/4,0.78,24.4,True,"uptrend: new high +5.7 ATR above prior 2.5y high, 4/5 HH and 3/4 HL, 30w EMA +24% in 26w",,,,,,,False,,no SMA50/100/150/200 support with an earlier bounce,,,,27,,,,,False,True,False,no TV drawing read (f_rr False),https://www.tradingview.com/chart/?symbol=NYSE:FBP,https://finviz.com/quote.ashx?t=FBP,"$vol(30d) $34.2M < $50M | FAIL: dollar_vol, rr (no TV drawing read)"
FCFS,FAIL,"short_float,rr",True,False,True,True,False,True,False,False,False,,False,211.49000549316406,79189267.25649974,374435.0333333333,6.19,99.28,2026-10-22,14,263,162.90859985351562,164.29010707885658,163.5993534661861,153.2777266570131,228.3800048828125,6.276205545336583,0.6538925771940034,15.784896738643797,3.033954090414444,,,,,,,,,,,False,,,,,,,,,,True,2.3,4/6,5/7,0.69,22.2,True,"uptrend: new high +2.3 ATR above prior 2.5y high, 4/6 HH and 5/7 HL, 30w EMA +22% in 26w",,,,,,,True,SMA200,"SMA200 202.78 (latest low 207.26 / close 211.49); held before 3x, last 2026-07-23",,,,2,,,,,False,True,False,no TV drawing read (f_rr False),https://www.tradingview.com/chart/?symbol=NASDAQ:FCFS,https://finviz.com/quote.ashx?t=FCFS,"short float 6.19% >= 5% | FAIL: short_float, rr (no TV drawing read)"
FCX,FAIL,"no_earnings_14d,rr",True,True,False,True,False,True,True,False,False,,False,71.13999938964844,833402000.6310914,11714956.533333333,2.4,90.26,2026-10-15,7,263,70.04000091552734,70.53879027479837,70.28939559516286,66.53161438986663,78.38999938964844,2.1556879849919333,0.5860067446551664,6.412522107586797,0.1326473079101296,no,,,,,,,2026-10-02,charts/latest/FCX.webp,,False,,,,,,,,,,True,1.69,5/6,4/5,0.82,22.6,True,"uptrend: new high +1.7 ATR above prior 2.5y high, 5/6 HH and 4/5 HL, 30w EMA +23% in 26w",,,,,,,False,,no SMA50/100/150/200 support with an earlier bounce,,,,5,,,,,False,True,True,TV drawing not found (f_rr False),https://www.tradingview.com/chart/?symbol=NYSE:FCX,https://finviz.com/quote.ashx?t=FCX,"FAIL: no_earnings_14d, rr (TV drawing not found)"
FDMT,FAIL,"dollar_vol,short_float,rr",False,False,True,True,False,True,False,False,False,,False,12.699999809265137,12499721.65893968,984230.0666666667,23.82,99.56,2026-11-11,34,262,10.489999771118164,10.739999771118164,10.614999771118164,8.526785441807338,15.829999923706055,2.4973490888308376,1.0000000000000002,2.088214329310826,0.998460746524561,,,,,,,,,,,False,,,,,,,,,,False,-5.75,6/7,4/5,0.83,35.2,True,no new high: recent high 16.93 is -5.75 ATR vs prior 2.5y high 28.93 (needs >= +1),,,,,,,True,SMA100,"SMA100 12.01 (latest low 12.12 / close 12.70); held before 1x, last 2026-04-15",,,,0,,,,,False,True,False,no TV drawing read (f_rr False),https://www.tradingview.com/chart/?symbol=NASDAQ:FDMT,https://finviz.com/quote.ashx?t=FDMT,"$vol(30d) $12.5M < $50M | FAIL: dollar_vol, short_float, rr (no TV drawing read)"
FFBC,FAIL,"dollar_vol,short_float,rr",False,False,True,True,False,True,False,False,False,,False,31.200000762939453,27062338.82176043,867382.6333333333,5.9,85.73,2026-10-22,14,264,30.133853912353516,30.221622568782454,30.177738240567983,28.64313719413178,35.43537902832031,3.4260636013262986,1.000000000000001,1.534601046436203,0.666142203372965,,,,,,,,,,,False,,,,,,,,,,True,3.49,6/6,3/4,0.88,19.3,True,"uptrend: new high +3.5 ATR above prior 2.5y high, 6/6 HH and 3/4 HL, 30w EMA +19% in 26w",,,,,,,True,"SMA150,SMA200","SMA150 31.08 (latest low 30.68 / close 31.20); held before 5x, last 2026-03-09; SMA200 30.10 (latest low 30.68 / close 31.20); held before 3x, last 2026-03-09",,,,2,,,,,False,True,False,no TV drawing read (f_rr False),https://www.tradingview.com/chart/?symbol=NASDAQ:FFBC,https://finviz.com/quote.ashx?t=FFBC,"$vol(30d) $27.1M < $50M | FAIL: dollar_vol, short_float, rr (no TV drawing read)"
FISI,FAIL,"dollar_vol,rr",False,True,True,True,False,True,True,False,False,,False,39.04999923706055,5370668.751737213,137533.13333333333,3.47,80.14,2026-10-22,14,264,34.20723342895508,34.528475599215206,34.36785451408514,32.53284870006443,41.87079449794637,4.08878267661802,1.0000000000000018,1.835005814020708,2.5515694213067874,,,,,,,,,,,False,,,,,,,,,,True,4.42,5/6,3/5,0.72,25.8,True,"uptrend: new high +4.4 ATR above prior 2.5y high, 5/6 HH and 3/5 HL, 30w EMA +26% in 26w",,,,,,,False,,no SMA50/100/150/200 support with an earlier bounce,,,,8,,,,,False,True,False,no TV drawing read (f_rr False),https://www.tradingview.com/chart/?symbol=NASDAQ:FISI,https://finviz.com/quote.ashx?t=FISI,"$vol(30d) $5.4M < $50M | FAIL: dollar_vol, rr (no TV drawing read)"
FLR,FAIL,"short_float,rr",True,False,True,True,False,False,True,False,False,,False,51.0099983215332,112305304.1362985,2201633.1666666665,7.82,96.97,2026-10-30,22,263,53.65999984741211,53.91999816894531,53.78999900817871,48.90071405683245,56.81999969482422,0.6197226622701135,1.0000000000000002,4.889284951346261,-0.5685904409969063,,,,,,,,,,,False,,,,,,,,,,False,-0.36,4/5,3/6,0.65,10.7,True,no new high: recent high 58.35 is -0.36 ATR vs prior 2.5y high 60.10 (needs >= +1),,,,,,,True,"SMA150,SMA200","SMA150 49.91 (latest low 49.78 / close 51.01); held before 9x, last 2026-08-25; SMA200 48.94 (latest low 49.78 / close 51.01); held before 6x, last 2026-07-08",,,,6,,,,,False,True,False,no TV drawing read (f_rr False),https://www.tradingview.com/chart/?symbol=NYSE:FLR,https://finviz.com/quote.ashx?t=FLR,"short float 7.82% >= 5% | FAIL: short_float, rr (no TV drawing read)"
FOXF,FAIL,"dollar_vol,short_float,rr",False,False,True,True,False,False,True,False,False,,False,18.5,9550583.066666666,516247.73333333334,6.94,101.79,2026-10-29,21,264,19.719999313354492,20.0,19.859999656677246,17.941214288984025,21.979999542236328,1.1048655682150434,1.0000000000000009,1.9187853676932198,-0.7087815446040477,,,,,,,,,,,False,,,,,,,,,,False,-17.08,2/4,3/5,0.55,-1.1,False,no new high: recent high 22.09 is -17.08 ATR vs prior 2.5y high 54.85 (needs >= +1); 30w EMA falling (-1% in 26w),,,,,,,True,"SMA150,SMA200","SMA150 18.17 (latest low 18.11 / close 18.50); held before 2x, last 2026-07-31; SMA200 18.28 (latest low 18.11 / close 18.50); held before 1x, last 2025-08-21",,,,13,,,,,False,True,False,no TV drawing read (f_rr False),https://www.tradingview.com/chart/?symbol=NASDAQ:FOXF,https://finviz.com/quote.ashx?t=FOXF,"$vol(30d) $9.6M < $50M | FAIL: dollar_vol, short_float, rr (no TV drawing read)"
FRPT,FAIL,"short_float,rr",True,False,True,True,False,True,True,False,False,,False,65.18000030517578,71515211.7155042,1097195.6333333333,16.61,133.13,2026-11-09,32,261,57.93000030517578,60.779998779296875,59.35499954223633,53.1408576965332,74.02999877929688,2.361548802946593,1.0,6.214141845703125,0.937378146101903,,,,,,,,,,,False,,,,,,,,,,False,-13.99,2/6,1/4,0.29,-6.7,False,"no new high: recent high 77.13 is -13.99 ATR vs prior 2.5y high 164.07 (needs >= +1); choppy swings: 2/6 higher highs, 1/4 higher lows; 30w EMA falling (-7% in 26w)",,,,,,,True,"SMA150,SMA200","SMA150 61.49 (latest low 62.92 / close 65.18); held before 2x, last 2024-12-19; SMA200 63.59 (latest low 62.92 / close 65.18); held before 1x, last 2026-02-05",,,,18,,,,,True,True,False,no TV drawing read (f_rr False),https://www.tradingview.com/chart/?symbol=NASDAQ:FRPT,https://finviz.com/quote.ashx?t=FRPT,"short float 16.61% >= 5% | FAIL: short_float, rr (no TV drawing read)"
FRST,FAIL,"dollar_vol,rr",False,True,True,True,False,True,True,False,False,,False,15.329999923706055,2056877.1897633872,134173.33333333334,3.58,80.48,2026-10-22,14,264,14.509625434875488,14.776129374748734,14.642877404812111,14.104805881499399,16.65999984741211,3.7487998438967765,0.6214387662669699,0.8658480167643055,0.7935832912821542,,,,,,,,,,,False,,,,,,,,,,True,2.92,5/5,4/5,0.9,22.0,True,"uptrend: new high +2.9 ATR above prior 2.5y high, 5/5 HH and 4/5 HL, 30w EMA +22% in 26w",,,,,,,True,SMA150,"SMA150 14.94 (latest low 15.10 / close 15.33); held before 4x, last 2026-07-24",,,,13,,,,,False,True,False,no TV drawing read (f_rr False),https://www.tradingview.com/chart/?symbol=NASDAQ:FRST,https://finviz.com/quote.ashx?t=FRST,"$vol(30d) $2.1M < $50M | FAIL: dollar_vol, rr (no TV drawing read)"
FTDR,FAIL,"dollar_vol,rr",False,True,True,True,False,True,False,False,False,,False,79.58999633789062,44576184.141952515,560072.7,4.91,105.8,2026-10-29,21,264,68.80000305175781,70.01000213623047,69.40500259399414,62.64393070765904,90.83000183105469,3.1688761186466476,1.0000000000000002,6.761071886335101,1.5064170171717182,,,,,,,,,,,False,,,,,,,,,,True,3.35,5/7,3/5,0.66,25.3,True,"uptrend: new high +3.4 ATR above prior 2.5y high, 5/7 HH and 3/5 HL, 30w EMA +25% in 26w",,,,,,,True,SMA100,"SMA100 75.03 (latest low 77.73 / close 79.59); held before 5x, last 2026-04-30",,,,1,,,,,False,True,False,no TV drawing read (f_rr False),https://www.tradingview.com/chart/?symbol=NASDAQ:FTDR,https://finviz.com/quote.ashx?t=FTDR,"$vol(30d) $44.6M < $50M | FAIL: dollar_vol, rr (no TV drawing read)"
FULT,FAIL,"dollar_vol,short_float,no_earnings_14d,rr",False,False,False,True,False,True,True,False,False,,False,22.270000457763672,36337505.43892365,1631679.6,5.41,83.65,2026-10-20,12,264,21.817279815673828,22.20421596394416,22.010747889808997,21.01931924208648,24.81999969482422,2.8335390665466,1.0000000000000016,0.9914286477225167,0.2614939244999863,,,,,,,,,,,False,,,,,,,,,,True,2.66,4/6,4/5,0.73,16.3,True,"uptrend: new high +2.7 ATR above prior 2.5y high, 4/6 HH and 4/5 HL, 30w EMA +16% in 26w",,,,,,,True,SMA200,"SMA200 21.94 (latest low 21.85 / close 22.27); held before 4x, last 2026-03-09",,,,15,,,,,False,True,True,no TV drawing read (f_rr False),https://www.tradingview.com/chart/?symbol=NASDAQ:FULT,https://finviz.com/quote.ashx?t=FULT,"$vol(30d) $36.3M < $50M | FAIL: dollar_vol, short_float, no_earnings_14d, rr (no TV drawing read)"
GCMG,FAIL,"dollar_vol,rr",False,True,True,True,False,True,True,False,False,,False,12.970000267028809,6013574.345808601,463652.6,2.02,90.31,2026-11-11,34,264,11.173583954886555,11.418618698938745,11.29610132691265,10.388734036188499,13.73939037322998,2.692723301021124,1.0000000000000007,0.9073672907241506,1.8447865128356735,,,,,,,,,,,False,,,,,,,,,,True,1.31,4/6,3/6,0.58,14.5,True,"uptrend: new high +1.3 ATR above prior 2.5y high, 4/6 HH and 3/6 HL, 30w EMA +15% in 26w",,,,,,,True,SMA100,"SMA100 12.47 (latest low 12.82 / close 12.97); held before 4x, last 2026-07-23",,,,10,,,,,False,True,False,no TV drawing read (f_rr False),https://www.tradingview.com/chart/?symbol=NASDAQ:GCMG,https://finviz.com/quote.ashx?t=GCMG,"$vol(30d) $6.0M < $50M | FAIL: dollar_vol, rr (no TV drawing read)"
GDOT,FAIL,"dollar_vol,rr",False,True,True,True,False,False,False,False,False,,False,12.680000305175781,4695944.70368627,370342.63333333336,3.04,80.16,2026-11-05,28,264,13.40999984741211,13.430000305175781,13.420000076293945,12.87214299610683,13.489999771118164,0.1277699921306318,0.9999999999999996,0.5478570801871163,-1.3507168162642398,,,,,,,,,,,False,,,,,,,,,,False,-3.07,1/4,3/3,0.62,9.1,True,no new high: recent high 13.73 is -3.07 ATR vs prior 2.5y high 15.41 (needs >= +1),,,,,,,True,"SMA150,SMA200","SMA150 12.66 (latest low 12.38 / close 12.68); held before 4x, last 2026-08-11; SMA200 12.55 (latest low 12.38 / close 12.68); held before 5x, last 2026-08-11",,,,1,,,,,False,True,False,no TV drawing read (f_rr False),https://www.tradingview.com/chart/?symbol=NYSE:GDOT,https://finviz.com/quote.ashx?t=GDOT,"$vol(30d) $4.7M < $50M | FAIL: dollar_vol, rr (no TV drawing read)"
GEO,FAIL,"short_float,rr",True,False,True,True,False,True,True,False,False,,False,30.959999084472656,72757691.36046067,2350054.7,7.65,95.0,2026-11-05,28,264,18.549999237060547,18.809999465942383,18.679999351501465,17.08000015258789,32.79999923706055,8.825004346968912,0.649120759264956,2.464871406555176,4.982004213409786,,,,,,,,,,,False,,,,,,,,,,False,-1.33,4/9,2/6,0.39,58.1,True,"no new high: recent high 33.17 is -1.33 ATR vs prior 2.5y high 36.46 (needs >= +1); choppy swings: 4/9 higher highs, 2/6 higher lows",,,,,,,True,SMA100,"SMA100 29.56 (latest low 29.55 / close 30.96); held before 4x, last 2026-03-30",,,,30,,,,,False,True,False,no TV drawing read (f_rr False),https://www.tradingview.com/chart/?symbol=NYSE:GEO,https://finviz.com/quote.ashx?t=GEO,"short float 7.65% >= 5% | FAIL: short_float, rr (no TV drawing read)"
GFF,FAIL,"dollar_vol,rr",False,True,True,True,False,False,False,False,False,,False,92.1500015258789,27148069.287868496,294607.36666666664,4.66,80.27,2026-11-12,35,264,96.2056884765625,97.48284224289681,96.84426535972966,89.85063552337508,106.01384412929028,1.3111329858916636,1.0,6.993629836354586,-0.6712199449631766,,,,,,,,,,,False,,,,,,,,,,True,1.64,4/6,4/5,0.73,18.8,True,"uptrend: new high +1.6 ATR above prior 2.5y high, 4/6 HH and 4/5 HL, 30w EMA +19% in 26w",,,,,,,True,SMA150,"SMA150 89.01 (latest low 91.41 / close 92.15); held before 4x, last 2026-07-31",,,,2,,,,,False,True,False,no TV drawing read (f_rr False),https://www.tradingview.com/chart/?symbol=NYSE:GFF,https://finviz.com/quote.ashx?t=GFF,"$vol(30d) $27.1M < $50M | FAIL: dollar_vol, rr (no TV drawing read)"
GH,FAIL,"short_float,rr",True,False,True,True,False,True,True,False,False,,False,165.55999755859375,310150761.8424072,1873343.6,8.55,101.04,2026-10-29,21,261,114.75,120.73999786376953,117.74499893188477,100.06000028337752,170.69000244140625,2.99378046681335,0.9999999999999996,17.684998648507253,2.7037038326686518,,,,,,,,,,,False,,,,,,,,,,True,3.98,6/7,5/7,0.79,62.4,True,"uptrend: new high +4.0 ATR above prior 2.5y high, 6/7 HH and 5/7 HL, 30w EMA +62% in 26w",,,,,,,True,SMA100,"SMA100 153.63 (latest low 161.65 / close 165.56); held before 3x, last 2025-04-07",,,,12,,,,,False,True,False,no TV drawing read (f_rr False),https://www.tradingview.com/chart/?symbol=NASDAQ:GH,https://finviz.com/quote.ashx?t=GH,"short float 8.55% >= 5% | FAIL: short_float, rr (no TV drawing read)"
GKOS,FAIL,"short_float,rr",True,False,True,True,False,True,False,False,False,,False,161.2899932861328,129334520.89297993,801875.6666666666,7.36,103.71,2026-11-04,27,264,144.99000549316406,148.11000061035156,146.5500030517578,130.17612675258093,184.88999938964844,2.3415345051689425,0.9999999999999993,16.373876299176896,0.9002138507126727,,,,,,,,,,,False,,,,,,,,,,True,1.7,4/6,4/5,0.73,39.5,True,"uptrend: new high +1.7 ATR above prior 2.5y high, 4/6 HH and 4/5 HL, 30w EMA +40% in 26w",,,,,,,True,"SMA100,SMA150","SMA100 154.97 (latest low 146.52 / close 161.29); held before 7x, last 2026-04-29; SMA150 142.69 (latest low 146.52 / close 161.29); held before 2x, last 2026-03-30",,,,2,,,,,False,True,False,no TV drawing read (f_rr False),https://www.tradingview.com/chart/?symbol=NYSE:GKOS,https://finviz.com/quote.ashx?t=GKOS,"short float 7.36% >= 5% | FAIL: short_float, rr (no TV drawing read)"
GM,FAIL,"no_earnings_14d,rr",True,True,False,True,False,False,False,False,False,,False,82.25,589075264.925,7162009.3,2.37,90.27,2026-10-20,12,264,83.0777353887578,83.85445062002798,83.46609300439289,78.30016984805191,87.76000213623047,0.8311988006571419,1.0000000000000002,5.1659231563409795,-0.23540671581616143,no,,,,,,,2026-10-07,charts/latest/GM.webp,,False,,,,,,,,,,False,0.89,3/4,3/5,0.68,11.6,True,no new high: recent high 91.66 is +0.89 ATR vs prior 2.5y high 87.04 (needs >= +1),,,,,,,True,"SMA150,SMA200","SMA150 80.09 (latest low 80.11 / close 82.25); held before 6x, last 2026-06-10; SMA200 80.38 (latest low 80.11 / close 82.25); held before 4x, last 2026-07-02",,,,0,,,,,False,True,True,TV drawing not found (f_rr False),https://www.tradingview.com/chart/?symbol=NYSE:GM,https://finviz.com/quote.ashx?t=GM,"FAIL: no_earnings_14d, rr (TV drawing not found)"
GPC,FAIL,"short_float,no_earnings_14d,rr",True,False,False,True,False,True,True,False,False,,False,128.1699981689453,109526236.43129273,854538.8,5.8,96.0,2026-10-15,7,264,111.69415283203125,113.69657986606866,112.69536634904995,105.39797866928936,138.0800018310547,3.478592147763972,1.0000000000000007,7.297387679760584,2.1205714289806052,,,,,,,,,,,False,,,,,,,,,,False,-1.75,4/6,3/5,0.63,3.3,True,no new high: recent high 138.81 is -1.75 ATR vs prior 2.5y high 151.55 (needs >= +1),,,,,,,False,,no SMA50/100/150/200 support with an earlier bounce,,,,12,,,,,False,True,True,no TV drawing read (f_rr False),https://www.tradingview.com/chart/?symbol=NYSE:GPC,https://finviz.com/quote.ashx?t=GPC,"short float 5.80% >= 5% | FAIL: short_float, no_earnings_14d, rr (no TV drawing read)"
GPN,FAIL,"short_float,rr",True,False,True,True,False,True,True,False,False,,False,82.7699966430664,174964499.6298996,2113863.8,7.44,93.12,2026-11-03,26,264,75.2475653121576,75.55550671858524,75.40153601537142,68.88736226187567,93.36565351610253,2.7576970127778484,0.9999999999999998,6.514173753495756,1.131142782880298,,,,,,,,,,,False,,,,,,,,,,False,-4.36,3/7,3/7,0.43,7.6,True,"no new high: recent high 95.61 is -4.36 ATR vs prior 2.5y high 124.02 (needs >= +1); choppy swings: 3/7 higher highs, 3/7 higher lows",,,,,,,True,SMA100,"SMA100 80.19 (latest low 80.32 / close 82.77); held before 5x, last 2026-07-09",,,,15,,,,,True,True,False,no TV drawing read (f_rr False),https://www.tradingview.com/chart/?symbol=NYSE:GPN,https://finviz.com/quote.ashx?t=GPN,"short float 7.44% >= 5% | FAIL: short_float, rr (no TV drawing read)"
GPRE,FAIL,"dollar_vol,short_float,rr",False,False,True,True,False,False,True,False,False,,False,15.0600004196167,21866420.319263935,1451953.5,17.61,112.53,2026-10-29,21,264,18.190000534057617,18.940000534057617,18.565000534057617,16.882857458932058,19.010000228881836,0.26454330871409554,1.0000000000000007,1.682143075125558,-2.0836516026909893,,,,,,,,,,,False,,,,,,,,,,False,-1.84,5/5,5/6,0.92,21.2,True,no new high: recent high 19.65 is -1.84 ATR vs prior 2.5y high 22.75 (needs >= +1),,,,,,,True,SMA200,"SMA200 14.93 (latest low 14.94 / close 15.06); held before 2x, last 2026-08-07",,,,5,,,,,False,True,False,no TV drawing read (f_rr False),https://www.tradingview.com/chart/?symbol=NASDAQ:GPRE,https://finviz.com/quote.ashx?t=GPRE,"$vol(30d) $21.9M < $50M | FAIL: dollar_vol, short_float, rr (no TV drawing read)"
GRPN,FAIL,"dollar_vol,short_float,rr",False,False,True,True,False,True,True,False,False,,False,19.1200008392334,20416667.034814578,1067817.2666666666,39.89,92.34,2026-11-05,28,264,20.229999542236328,22.389999389648438,21.309999465942383,18.21999944959368,28.350000381469727,2.2783174363365073,1.0000000000000002,3.0900000163487027,-0.7087374158971026,,,,,,,,,,,False,,,,,,,,,,False,-4.27,2/3,2/3,0.67,25.4,True,no new high: recent high 29.90 is -4.27 ATR vs prior 2.5y high 43.08 (needs >= +1),,,,,,,True,"SMA150,SMA200","SMA150 18.61 (latest low 18.14 / close 19.12); held before 3x, last 2026-09-10; SMA200 17.66 (latest low 18.14 / close 19.12); held before 2x, last 2026-09-10",,,,8,,,,,False,True,False,no TV drawing read (f_rr False),https://www.tradingview.com/chart/?symbol=NASDAQ:GRPN,https://finviz.com/quote.ashx?t=GRPN,"$vol(30d) $20.4M < $50M | FAIL: dollar_vol, short_float, rr (no TV drawing read)"
GWRE,FAIL,rr,True,True,True,True,False,False,False,False,False,,False,164.77999877929688,248097572.2454071,1505629.1666666667,3.9,104.06,2026-12-03,56,262,158.9199981689453,173.17999267578125,166.04999542236328,144.57713971819197,205.85000610351562,1.853503382571551,0.9999999999999997,21.472855704171316,-0.05914428246354288,no,,,,,,,2026-10-07,charts/latest/GWRE.webp,user-lines,False,"user lines only, no zone/position","fib 256.14–121.02, short position entry=169.33 sl=182.03 tp=126.34, hline 168.86",,,,,,,,False,-3.03,3/6,2/5,0.45,-10.4,False,"no new high: recent high 207.49 is -3.03 ATR vs prior 2.5y high 272.60 (needs >= +1); choppy swings: 3/6 higher highs, 2/5 higher lows; 30w EMA falling (-10% in 26w)",,,,,,,False,,no SMA50/100/150/200 support with an earlier bounce,,,,2,,,,,False,True,False,TV drawing not found (f_rr False),https://www.tradingview.com/chart/?symbol=NYSE:GWRE,https://finviz.com/quote.ashx?t=GWRE,FAIL: rr (TV drawing not found)
HAFC,FAIL,"dollar_vol,rr",False,True,True,True,False,True,True,False,False,,False,31.274999618530273,6957984.770131556,222477.53333333333,4.33,94.0,2026-10-27,19,264,28.165475845336914,29.36132093663308,28.763398390984996,27.4049450257617,32.4900016784668,2.7432692081183405,0.9999999999999992,1.3584533652232953,1.848868199559014,,,,,,,,,,,False,,,,,,,,,,True,2.83,5/6,4/6,0.75,18.4,True,"uptrend: new high +2.8 ATR above prior 2.5y high, 5/6 HH and 4/6 HL, 30w EMA +18% in 26w",,,,,,,False,,no SMA50/100/150/200 support with an earlier bounce,,,,22,,,,,False,True,False,no TV drawing read (f_rr False),https://www.tradingview.com/chart/?symbol=NASDAQ:HAFC,https://finviz.com/quote.ashx?t=HAFC,"$vol(30d) $7.0M < $50M | FAIL: dollar_vol, rr (no TV drawing read)"
HBNC,FAIL,"dollar_vol,rr",False,True,True,True,False,True,False,False,False,,False,19.5,11215946.950000001,575176.7666666667,4.03,80.54,2026-10-28,20,264,18.25895881652832,18.29826856207387,18.278613689301096,17.357656805189418,20.690000534057617,2.618349334651488,1.0000000000000018,0.9209568841116769,1.3262144317179525,,,,,,,,,,,False,,,,,,,,,,True,2.5,5/6,4/5,0.82,15.7,True,"uptrend: new high +2.5 ATR above prior 2.5y high, 5/6 HH and 4/5 HL, 30w EMA +16% in 26w",,,,,,,False,,no SMA50/100/150/200 support with an earlier bounce,,,,2,,,,,False,True,False,no TV drawing read (f_rr False),https://www.tradingview.com/chart/?symbol=NASDAQ:HBNC,https://finviz.com/quote.ashx?t=HBNC,"$vol(30d) $11.2M < $50M | FAIL: dollar_vol, rr (no TV drawing read)"
HFWA,FAIL,"dollar_vol,short_float,no_earnings_14d,rr",False,False,False,True,False,True,False,False,False,,False,27.56999969482422,11083230.858318329,402003.3,7.51,82.7,2026-10-15,7,264,24.839114844737473,25.413826005784966,25.126470425261218,23.769634119330075,30.270082473754883,3.790886215241571,1.0000000000000009,1.356836305931142,1.8009020387216907,,,,,,,,,,,False,,,,,,,,,,True,1.84,3/5,3/5,0.6,13.3,True,"uptrend: new high +1.8 ATR above prior 2.5y high, 3/5 HH and 3/5 HL, 30w EMA +13% in 26w",,,,,,,True,SMA200,"SMA200 27.19 (latest low 27.04 / close 27.57); held before 4x, last 2026-03-09",,,,3,,,,,False,True,True,no TV drawing read (f_rr False),https://www.tradingview.com/chart/?symbol=NASDAQ:HFWA,https://finviz.com/quote.ashx?t=HFWA,"$vol(30d) $11.1M < $50M | FAIL: dollar_vol, short_float, no_earnings_14d, rr (no TV drawing read)"
HIW,FAIL,"dollar_vol,short_float,rr",False,False,True,True,False,True,True,False,False,,False,29.18000030517578,31973279.17838898,1095725.8,11.27,119.13,2026-10-27,19,264,28.898186068327096,29.044090305736304,28.9711381870317,27.381264206897946,33.30302810668945,2.7246750206537262,1.0000000000000009,1.5898739801337511,0.131370234844973,,,,,,,,,,,False,,,,,,,,,,False,1.86,2/4,0/3,0.25,20.7,True,"choppy swings: 2/4 higher highs, 0/3 higher lows",,,,,,,False,,no SMA50/100/150/200 support with an earlier bounce,,,,9,,,,,False,True,False,no TV drawing read (f_rr False),https://www.tradingview.com/chart/?symbol=NYSE:HIW,https://finviz.com/quote.ashx?t=HIW,"$vol(30d) $32.0M < $50M | FAIL: dollar_vol, short_float, rr (no TV drawing read)"
HNI,FAIL,"dollar_vol,short_float,rr",False,False,True,True,False,True,True,False,False,,False,46.90999984741211,24165472.199061714,515145.43333333335,5.99,88.7,2026-11-03,26,264,37.259033203125,37.59293086872538,37.42598203592519,34.19961424738769,49.65999984741211,3.7918856786729127,1.0000000000000002,3.2263677885374937,2.939534000178575,,,,,,,,,,,False,,,,,,,,,,False,-1.59,3/6,0/3,0.25,4.2,True,"no new high: recent high 50.06 is -1.59 ATR vs prior 2.5y high 55.20 (needs >= +1); choppy swings: 3/6 higher highs, 0/3 higher lows",,,,,,,False,,no SMA50/100/150/200 support with an earlier bounce,,,,20,,,,,False,True,False,no TV drawing read (f_rr False),https://www.tradingview.com/chart/?symbol=NYSE:HNI,https://finviz.com/quote.ashx?t=HNI,"$vol(30d) $24.2M < $50M | FAIL: dollar_vol, short_float, rr (no TV drawing read)"
HOPE,FAIL,"dollar_vol,short_float,rr",False,False,True,True,False,True,True,False,False,,False,13.454999923706055,12197160.152838388,906515.0666666667,5.52,94.56,2026-10-26,18,264,12.248750686645508,12.383428447353165,12.316089566999336,11.707470649452867,14.449999809265137,3.506151683336188,0.9999999999999997,0.6086189175464691,1.871302918578374,,,,,,,,,,,False,,,,,,,,,,True,2.26,5/7,3/6,0.61,19.5,True,"uptrend: new high +2.3 ATR above prior 2.5y high, 5/7 HH and 3/6 HL, 30w EMA +19% in 26w",,,,,,,True,SMA100,"SMA100 13.45 (latest low 13.24 / close 13.45); held before 5x, last 2026-05-13",,,,6,,,,,False,True,False,no TV drawing read (f_rr False),https://www.tradingview.com/chart/?symbol=NASDAQ:HOPE,https://finviz.com/quote.ashx?t=HOPE,"$vol(30d) $12.2M < $50M | FAIL: dollar_vol, short_float, rr (no TV drawing read)"
HP,FAIL,"dollar_vol,short_float,rr",False,False,True,True,False,True,False,False,False,,False,40.189998626708984,45825542.04880931,1140222.5333333334,7.61,102.79,2026-11-18,41,264,29.30034637451172,29.86909365405642,29.58472001428407,26.337589137267393,44.939998626708984,4.728875796510143,0.9999999999999999,3.247130877016677,3.266045938428138,,,,,,,,,,,False,,,,,,,,,,True,2.78,5/5,3/4,0.88,23.9,True,"uptrend: new high +2.8 ATR above prior 2.5y high, 5/5 HH and 3/4 HL, 30w EMA +24% in 26w",,,,,,,False,,no SMA50/100/150/200 support with an earlier bounce,,,,2,,,,,False,True,False,no TV drawing read (f_rr False),https://www.tradingview.com/chart/?symbol=NYSE:HP,https://finviz.com/quote.ashx?t=HP,"$vol(30d) $45.8M < $50M | FAIL: dollar_vol, short_float, rr (no TV drawing read)"
HPP,FAIL,"dollar_vol,short_float,rr",False,False,True,True,False,False,True,False,False,,False,11.880000114440918,7153964.600914669,602185.5666666667,12.71,121.09,2026-11-04,27,264,16.520000457763672,17.149999618530273,16.835000038146973,15.229643004281181,16.959999084472656,0.07786370488854977,0.9999999999999996,1.6053570338657923,-3.0865407626950927,,,,,,,,,,,False,,,,,,,,,,False,-16.71,1/3,1/4,0.29,19.1,True,"no new high: recent high 17.20 is -16.71 ATR vs prior 2.5y high 44.03 (needs >= +1); choppy swings: 1/3 higher highs, 1/4 higher lows",,,,,,,True,SMA150,"SMA150 11.60 (latest low 11.37 / close 11.88); held before 1x, last 2026-05-18",,,,27,,,,,False,True,False,no TV drawing read (f_rr False),https://www.tradingview.com/chart/?symbol=NYSE:HPP,https://finviz.com/quote.ashx?t=HPP,"$vol(30d) $7.2M < $50M | FAIL: dollar_vol, short_float, rr (no TV drawing read)"
HQY,FAIL,"short_float,rr",True,False,True,True,False,True,False,False,False,,False,93.05000305175781,92026229.69818115,988997.6,5.96,109.64,2026-12-08,61,264,89.52999877929688,92.3499984741211,90.93999862670898,83.9978632245745,105.72000122070312,2.129028279893499,0.9999999999999993,6.942135402134487,0.30394169845780716,,,,,,,,,,,False,,,,,,,,,,False,-1.3,3/6,3/4,0.62,7.0,True,no new high: recent high 107.62 is -1.30 ATR vs prior 2.5y high 116.65 (needs >= +1),,,,,,,True,SMA150,"SMA150 90.12 (latest low 91.47 / close 93.05); held before 2x, last 2026-08-27",,,,1,,,,,False,True,False,no TV drawing read (f_rr False),https://www.tradingview.com/chart/?symbol=NASDAQ:HQY,https://finviz.com/quote.ashx?t=HQY,"short float 5.96% >= 5% | FAIL: short_float, rr (no TV drawing read)"
HRB,FAIL,"short_float,rr",True,False,True,True,False,True,False,False,False,,False,44.59000015258789,77792784.4262085,1744624.0,14.37,105.72,2026-11-05,28,264,38.11940002441406,39.0505761008114,38.58498806261273,34.199481907191604,53.43327713012695,3.3857640466789833,0.9999999999999998,4.385506155421127,1.369285979122863,,,,,,,,,,,False,,,,,,,,,,False,-1.19,3/8,3/8,0.38,10.6,True,"no new high: recent high 58.14 is -1.19 ATR vs prior 2.5y high 63.36 (needs >= +1); choppy swings: 3/8 higher highs, 3/8 higher lows",,,,,,,True,SMA100,"SMA100 42.59 (latest low 43.12 / close 44.59); held before 5x, last 2026-06-22",,,,2,,,,,False,True,False,no TV drawing read (f_rr False),https://www.tradingview.com/chart/?symbol=NYSE:HRB,https://finviz.com/quote.ashx?t=HRB,"short float 14.37% >= 5% | FAIL: short_float, rr (no TV drawing read)"
HRMY,FAIL,"dollar_vol,short_float,rr",False,False,True,True,False,True,False,False,False,,False,39.599998474121094,39095930.09354401,987271.0,9.22,95.56,2026-11-03,26,263,31.829999923706055,31.857999801635742,31.8439998626709,30.069999923706053,42.25,5.865840189036959,0.5694526680345087,3.115271977015904,2.4896698165274187,,,,,,,,,,,False,,,,,,,,,,False,0.6,5/6,4/6,0.75,13.6,True,no new high: recent high 43.49 is +0.60 ATR vs prior 2.5y high 41.61 (needs >= +1),,,,,,,False,,no SMA50/100/150/200 support with an earlier bounce,,,,0,,,,,False,True,False,no TV drawing read (f_rr False),https://www.tradingview.com/chart/?symbol=NASDAQ:HRMY,https://finviz.com/quote.ashx?t=HRMY,"$vol(30d) $39.1M < $50M | FAIL: dollar_vol, short_float, rr (no TV drawing read)"
HSIC,FAIL,"short_float,rr",True,False,True,True,False,True,False,False,False,,False,84.62999725341797,97988340.18188629,1157844.0666666667,8.01,98.67,2026-11-03,26,264,78.83000183105469,79.95999908447266,79.39500045776367,75.02321515764508,89.80999755859375,2.3823212682808466,1.0000000000000013,4.3717853001185825,1.19745056911013,,,,,,,,,,,False,,,,,,,,,,False,0.66,3/6,1/5,0.35,11.5,True,"no new high: recent high 92.18 is +0.66 ATR vs prior 2.5y high 89.29 (needs >= +1); choppy swings: 3/6 higher highs, 1/5 higher lows",,,,,,,True,"SMA100,SMA150,SMA200","SMA100 84.46 (latest low 79.37 / close 84.63); held before 5x, last 2026-02-03; SMA150 81.18 (latest low 79.37 / close 84.63); held before 5x, last 2026-04-02; SMA200 80.41 (latest low 79.37 / close 84.63); held before 4x, last 2026-04-02",,,,2,,,,,False,True,False,no TV drawing read (f_rr False),https://www.tradingview.com/chart/?symbol=NASDAQ:HSIC,https://finviz.com/quote.ashx?t=HSIC,"short float 8.01% >= 5% | FAIL: short_float, rr (no TV drawing read)"
HST,FAIL,"short_float,rr",True,False,True,True,False,True,False,False,False,,False,22.540000915527344,175838158.0501755,7801160.2,6.1,106.19,2026-11-04,27,264,19.44915133350018,19.582559924202123,19.51585562885115,18.49263406796422,25.1299991607666,5.486733026861864,0.9999999999999996,1.023221560886928,2.9555136465799907,,,,,,,,,,,False,,,,,,,,,,True,5.57,6/6,3/3,1.0,25.6,True,"uptrend: new high +5.6 ATR above prior 2.5y high, 6/6 HH and 3/3 HL, 30w EMA +26% in 26w",,,,,,,True,SMA150,"SMA150 21.82 (latest low 22.12 / close 22.54); held before 2x, last 2026-09-01",,,,2,,,,,False,True,False,no TV drawing read (f_rr False),https://www.tradingview.com/chart/?symbol=NASDAQ:HST,https://finviz.com/quote.ashx?t=HST,"short float 6.10% >= 5% | FAIL: short_float, rr (no TV drawing read)"
HVT,FAIL,"dollar_vol,rr",False,True,True,True,False,True,False,False,False,,False,27.510000228881836,3341342.6197998044,121459.2,4.72,81.02,2026-11-04,27,262,22.683874127902698,23.09294254345333,22.888408335678015,21.140279185507552,28.860494558045826,3.416272889097159,0.9999999999999992,1.7481291501704646,2.6437359578113306,,,,,,,,,,,False,,,,,,,,,,False,0.36,4/5,5/7,0.76,14.6,True,no new high: recent high 29.47 is +0.36 ATR vs prior 2.5y high 28.85 (needs >= +1),,,,,,,False,,no SMA50/100/150/200 support with an earlier bounce,,,,2,,,,,False,True,False,no TV drawing read (f_rr False),https://www.tradingview.com/chart/?symbol=NYSE:HVT,https://finviz.com/quote.ashx?t=HVT,"$vol(30d) $3.3M < $50M | FAIL: dollar_vol, rr (no TV drawing read)"
HWC,FAIL,"short_float,no_earnings_14d,rr",True,False,False,True,False,False,True,False,False,,False,72.70999908447266,57507552.532894135,790916.7,7.85,97.59,2026-10-20,12,264,77.94108581542969,78.83513356942274,78.38810969242621,74.91659229940345,78.85500251461465,0.13449243351821505,1.0000000000000009,3.471517393022762,-1.6356278725164164,,,,,,,,,,,False,,,,,,,,,,True,1.66,4/6,3/4,0.71,14.6,True,"uptrend: new high +1.7 ATR above prior 2.5y high, 4/6 HH and 3/4 HL, 30w EMA +15% in 26w",,,,,,,True,SMA150,"SMA150 70.41 (latest low 71.15 / close 72.71); held before 4x, last 2026-05-15",,,,10,,,,,False,True,True,no TV drawing read (f_rr False),https://www.tradingview.com/chart/?symbol=NASDAQ:HWC,https://finviz.com/quote.ashx?t=HWC,"short float 7.85% >= 5% | FAIL: short_float, no_earnings_14d, rr (no TV drawing read)"
IBCP,FAIL,"dollar_vol,rr",False,True,True,True,False,True,False,False,False,,False,35.7599983215332,6402408.115490214,179038.26666666666,3.59,82.37,2026-10-27,19,264,34.27873992919922,34.33830470021423,34.30852231470672,32.77340638376668,38.49781321842195,2.7289736359845316,1.000000000000002,1.5351159309400413,0.9455155650281464,,,,,,,,,,,False,,,,,,,,,,False,0.55,5/8,4/6,0.65,8.6,True,no new high: recent high 38.95 is +0.55 ATR vs prior 2.5y high 38.11 (needs >= +1),,,,,,,True,"SMA150,SMA200","SMA150 35.04 (latest low 35.30 / close 35.76); held before 4x, last 2026-06-17; SMA200 34.79 (latest low 35.30 / close 35.76); held before 5x, last 2026-06-03",,,,2,,,,,False,True,False,no TV drawing read (f_rr False),https://www.tradingview.com/chart/?symbol=NASDAQ:IBCP,https://finviz.com/quote.ashx?t=IBCP,"$vol(30d) $6.4M < $50M | FAIL: dollar_vol, rr (no TV drawing read)"
IBKR,FAIL,"no_earnings_14d,rr",True,True,False,True,False,True,True,False,False,,False,86.47000122070312,322131183.3405487,3725351.9,2.83,88.19,2026-10-15,7,264,77.34832000732422,78.32538911470286,77.83685456101354,71.39303670023696,95.75331115722656,2.780410151762704,1.0,6.443817860776576,1.3397564683259318,no,,,,,,,2026-10-02,charts/latest/IBKR.webp,,False,,,,,,,,,,True,3.06,4/5,5/7,0.76,27.9,True,"uptrend: new high +3.1 ATR above prior 2.5y high, 4/5 HH and 5/7 HL, 30w EMA +28% in 26w",,,,,,,True,SMA150,"SMA150 84.76 (latest low 86.28 / close 86.47); held before 3x, last 2026-02-05",,,,9,,,,,False,True,True,TV drawing not found (f_rr False),https://www.tradingview.com/chart/?symbol=NASDAQ:IBKR,https://finviz.com/quote.ashx?t=IBKR,"FAIL: no_earnings_14d, rr (TV drawing not found)"
ICE,FAIL,rr,True,True,True,True,False,False,True,False,False,,True,155.35000610351562,453224321.8066406,2917440.0,1.15,96.13,2026-10-29,21,261,157.07823181152344,158.08341383465162,157.58082282308754,150.00492476415496,161.79200744628906,0.5558660624051297,1.0,7.57589805893258,-0.29446234653878567,,,,,,,,,,,False,,,,,,,,,,False,-2.85,0/4,2/3,0.33,-5.3,False,"no new high: recent high 164.73 is -2.85 ATR vs prior 2.5y high 186.34 (needs >= +1); choppy swings: 0/4 higher highs, 2/3 higher lows; 30w EMA falling (-5% in 26w)",,,,,,,True,"SMA50,SMA200","SMA50 155.21 (latest low 151.78 / close 155.35); held before 4x, last 2025-08-01; SMA200 153.90 (latest low 151.78 / close 155.35); held before 1x, last 2024-12-20",,,,8,,,,,True,True,False,no TV drawing read (f_rr False),https://www.tradingview.com/chart/?symbol=NYSE:ICE,https://finviz.com/quote.ashx?t=ICE,FAIL: rr (no TV drawing read)
ICUI,FAIL,"dollar_vol,short_float,rr",False,False,True,True,False,True,True,False,False,,False,157.17999267578125,39169631.406787105,249202.4,6.17,104.53,2026-11-09,32,264,157.02999877929688,159.88999938964844,158.45999908447266,146.47857775006975,184.55999755859375,2.178372477326938,1.0000000000000007,11.981421334402901,-0.10683260132218661,,,,,,,,,,,False,,,,,,,,,,False,-0.28,3/6,2/4,0.5,12.3,True,no new high: recent high 192.85 is -0.28 ATR vs prior 2.5y high 196.26 (needs >= +1),,,,,,,True,SMA100,"SMA100 157.05 (latest low 153.33 / close 157.18); held before 3x, last 2026-06-22",,,,20,,,,,False,True,False,no TV drawing read (f_rr False),https://www.tradingview.com/chart/?symbol=NASDAQ:ICUI,https://finviz.com/quote.ashx?t=ICUI,"$vol(30d) $39.2M < $50M | FAIL: dollar_vol, short_float, rr (no TV drawing read)"
IDCC,FAIL,"short_float,rr",True,False,True,True,False,True,True,False,False,,False,328.29998779296875,67140324.0902181,204509.06666666668,11.55,107.05,2026-10-29,21,262,295.28924560546875,298.0621700417618,296.6757078236153,272.1984461825752,350.1300048828125,2.1838348522439435,1.000000000000001,24.47726164104009,1.29198602495347,,,,,,,,,,,False,,,,,,,,,,False,-0.96,6/8,1/3,0.54,-2.9,False,no new high: recent high 386.32 is -0.96 ATR vs prior 2.5y high 409.73 (needs >= +1); 30w EMA falling (-3% in 26w),,,,,,,True,SMA200,"SMA200 316.53 (latest low 325.78 / close 328.30); held before 2x, last 2026-08-19",,,,14,,,,,True,True,False,no TV drawing read (f_rr False),https://www.tradingview.com/chart/?symbol=NASDAQ:IDCC,https://finviz.com/quote.ashx?t=IDCC,"short float 11.55% >= 5% | FAIL: short_float, rr (no TV drawing read)"
IDYA,FAIL,"dollar_vol,short_float,rr",False,False,True,True,False,False,True,False,False,,False,36.060001373291016,27899714.414518736,773702.5333333333,11.03,101.92,2026-11-10,33,264,34.91999816894531,38.099998474121094,36.5099983215332,33.40535463605608,40.11000061035156,1.1595540917170053,1.0000000000000002,3.1046436854771207,-0.1449431863460467,,,,,,,,,,,False,,,,,,,,,,False,-0.56,7/8,4/5,0.84,12.3,True,no new high: recent high 42.68 is -0.56 ATR vs prior 2.5y high 44.42 (needs >= +1),,,,,,,True,"SMA150,SMA200","SMA150 34.13 (latest low 35.10 / close 36.06); held before 4x, last 2026-07-23; SMA200 34.11 (latest low 35.10 / close 36.06); held before 3x, last 2026-04-10",,,,12,,,,,False,True,False,no TV drawing read (f_rr False),https://www.tradingview.com/chart/?symbol=NASDAQ:IDYA,https://finviz.com/quote.ashx?t=IDYA,"$vol(30d) $27.9M < $50M | FAIL: dollar_vol, short_float, rr (no TV drawing read)"
INBX,FAIL,"dollar_vol,short_float,history,rr",False,False,True,False,False,True,True,False,False,,False,92.76000213623047,29441502.130027514,317394.36666666664,30.93,87.83,2026-11-13,36,124,83.91000366210938,88.0,85.95500183105469,70.45568738664899,123.41000366210938,2.4165586139568673,1.0000000000000004,15.499314444405693,0.43905169674339833,,,,,,,,,,,False,,,,,,,,,,,,,,,,,not enough history (124 weekly bars < 130),,,,,,,True,SMA200,"SMA200 91.26 (latest low 90.15 / close 92.76); held before 4x, last 2026-09-08",,,,12,,,,,False,True,False,no TV drawing read (f_rr False),https://www.tradingview.com/chart/?symbol=NASDAQ:INBX,https://finviz.com/quote.ashx?t=INBX,"$vol(30d) $29.4M < $50M | FAIL: dollar_vol, short_float, history, rr (no TV drawing read)"
IRDM,FAIL,"dollar_vol,no_earnings_14d,rr",False,True,False,True,False,True,True,False,False,,False,47.560001373291016,47726504.18209877,1003500.9,3.69,86.27,2026-10-15,7,264,41.58183288574219,44.0757514801749,42.828792182958544,39.96540570080808,50.03694152832031,2.5173511819991155,0.9999999999999988,2.863386482150471,1.6523124698064584,,,,,,,,,,,False,,,,,,,,,,True,7.64,3/7,3/5,0.51,85.5,True,"uptrend: new high +7.6 ATR above prior 2.5y high, 3/7 HH and 3/5 HL, 30w EMA +86% in 26w",,,,,,,False,,no SMA50/100/150/200 support with an earlier bounce,,,,15,,,,,False,True,True,no TV drawing read (f_rr False),https://www.tradingview.com/chart/?symbol=NASDAQ:IRDM,https://finviz.com/quote.ashx?t=IRDM,"$vol(30d) $47.7M < $50M | FAIL: dollar_vol, no_earnings_14d, rr (no TV drawing read)"
ITT,FAIL,"short_float,rr",True,False,True,True,False,True,True,False,False,,False,198.6999969482422,152810371.7430435,769050.7,7.67,100.02,2026-11-04,27,263,188.93236629056855,191.2739242937497,190.10314529215913,178.2166626302015,218.9855194091797,2.4298503550977166,0.8529255511432773,13.93613152522486,0.6168750374178426,,,,,,,,,,,False,,,,,,,,,,False,0.84,5/6,2/4,0.67,8.1,True,no new high: recent high 229.88 is +0.84 ATR vs prior 2.5y high 218.14 (needs >= +1),,,,,,,True,SMA200,"SMA200 196.96 (latest low 195.95 / close 198.70); held before 8x, last 2026-09-01",,,,11,,,,,False,True,False,no TV drawing read (f_rr False),https://www.tradingview.com/chart/?symbol=NYSE:ITT,https://finviz.com/quote.ashx?t=ITT,"short float 7.67% >= 5% | FAIL: short_float, rr (no TV drawing read)"
J,FAIL,rr,True,True,True,True,False,True,True,False,False,,False,138.58999633789062,98968146.57052714,714107.4333333333,2.76,95.19,2026-11-24,47,264,128.57635591334733,128.58632609935245,128.58134100634987,120.6594701913865,151.97999572753906,2.9536778960081267,0.9999999999999991,7.921870814963377,1.2634206698543622,no,,,,,,,2026-10-07,charts/latest/J.webp,user-lines,False,"user lines only, no zone/position",fib 105.23–153.42,,,,,,,,False,-1.69,4/6,2/4,0.58,0.8,True,no new high: recent high 153.30 is -1.69 ATR vs prior 2.5y high 166.66 (needs >= +1),,,,,,,True,"SMA100,SMA150,SMA200","SMA100 133.49 (latest low 134.66 / close 138.59); held before 5x, last 2026-07-14; SMA150 131.14 (latest low 134.66 / close 138.59); held before 1x, last 2025-01-08; SMA200 132.61 (latest low 134.66 / close 138.59); held before 1x, last 2024-09-11",,,,15,,,,,True,True,False,TV drawing not found (f_rr False),https://www.tradingview.com/chart/?symbol=NYSE:J,https://finviz.com/quote.ashx?t=J,FAIL: rr (TV drawing not found)
KDP,FAIL,"short_float,rr",True,False,True,True,False,False,False,False,False,,False,31.260000228881836,317587400.90733546,10159545.7,6.09,108.83,2026-10-22,14,264,29.013338088989258,29.072915096860722,29.04312659292499,27.042359468652844,32.59000015258789,1.7727568174398125,0.9999999999999998,2.0007671242721483,1.1080118265954177,,,,,,,,,,,False,,,,,,,,,,False,-1.11,3/6,4/6,0.58,9.9,True,no new high: recent high 33.82 is -1.11 ATR vs prior 2.5y high 36.04 (needs >= +1),,,,,,,True,SMA100,"SMA100 30.99 (latest low 30.60 / close 31.26); held before 7x, last 2026-07-24",,,,2,,,,,False,True,False,no TV drawing read (f_rr False),https://www.tradingview.com/chart/?symbol=NASDAQ:KDP,https://finviz.com/quote.ashx?t=KDP,"short float 6.09% >= 5% | FAIL: short_float, rr (no TV drawing read)"
KELYA,FAIL,"dollar_vol,rr",False,True,True,True,False,True,True,False,False,,False,16.170000076293945,4521189.694332059,279603.56666666665,4.0,84.0,2026-11-05,28,262,10.885077476501465,11.561109137009604,11.223093306755533,9.951294565611445,17.280000686645508,4.762473168074756,1.0000000000000004,1.2717987411440883,3.88969308547063,,,,,,,,,,,False,,,,,,,,,,False,-4.09,3/4,4/5,0.78,40.6,True,no new high: recent high 17.67 is -4.09 ATR vs prior 2.5y high 22.87 (needs >= +1),,,,,,,True,SMA50,"SMA50 16.16 (latest low 15.76 / close 16.17); held before 3x, last 2026-09-09",,,,20,,,,,False,True,False,no TV drawing read (f_rr False),https://www.tradingview.com/chart/?symbol=NASDAQ:KELYA,https://finviz.com/quote.ashx?t=KELYA,"$vol(30d) $4.5M < $50M | FAIL: dollar_vol, rr (no TV drawing read)"
KFRC,FAIL,"dollar_vol,short_float,rr",False,False,True,True,False,True,False,False,False,,False,52.349998474121094,11818704.920512645,225763.23333333334,9.37,97.45,2026-11-02,25,264,43.337745666503906,46.753189950689816,45.04546780859686,40.662677813390566,58.630958557128906,3.0997357307539866,0.9999999999999994,4.382789995206298,1.6666394405193052,,,,,,,,,,,False,,,,,,,,,,False,-1.01,3/4,3/6,0.62,58.6,True,no new high: recent high 61.20 is -1.01 ATR vs prior 2.5y high 65.61 (needs >= +1),,,,,,,True,SMA100,"SMA100 51.98 (latest low 51.05 / close 52.35); held before 2x, last 2026-09-09",,,,4,,,,,False,True,False,no TV drawing read (f_rr False),https://www.tradingview.com/chart/?symbol=NYSE:KFRC,https://finviz.com/quote.ashx?t=KFRC,"$vol(30d) $11.8M < $50M | FAIL: dollar_vol, short_float, rr (no TV drawing read)"
KFY,FAIL,"dollar_vol,rr",False,True,True,True,False,True,False,False,False,,False,72.93000030517578,38951020.98599066,534087.7666666667,4.02,94.22,2026-12-09,62,264,72.64205932617188,74.1302247028791,73.38614201452549,68.66471191721801,86.27999877929688,2.7309218815130736,0.9999999999999997,4.721430097307477,-0.09661092083304072,,,,,,,,,,,False,,,,,,,,,,True,2.28,4/7,3/5,0.59,15.0,True,"uptrend: new high +2.3 ATR above prior 2.5y high, 4/7 HH and 3/5 HL, 30w EMA +15% in 26w",,,,,,,True,"SMA150,SMA200","SMA150 71.83 (latest low 70.47 / close 72.93); held before 5x, last 2026-06-22; SMA200 70.02 (latest low 70.47 / close 72.93); held before 3x, last 2026-06-22",,,,2,,,,,False,True,False,no TV drawing read (f_rr False),https://www.tradingview.com/chart/?symbol=NYSE:KFY,https://finviz.com/quote.ashx?t=KFY,"$vol(30d) $39.0M < $50M | FAIL: dollar_vol, rr (no TV drawing read)"
KMX,FAIL,"short_float,rr",True,False,True,True,False,True,False,False,False,,False,53.790000915527344,139451298.1595169,2592513.4,7.06,102.95,2026-12-17,70,264,46.86000061035156,49.439998626708984,48.14999961853027,43.31870705740793,63.290000915527344,3.133737215342623,0.9999999999999994,4.831292561122349,1.1673897255534555,,,,,,,,,,,False,,,,,,,,,,False,-5.38,3/6,1/5,0.35,16.5,True,"no new high: recent high 65.28 is -5.38 ATR vs prior 2.5y high 91.25 (needs >= +1); choppy swings: 3/6 higher highs, 1/5 higher lows",,,,,,,True,SMA150,"SMA150 50.05 (latest low 52.36 / close 53.79); held before 2x, last 2025-01-13",,,,0,,,,,False,True,False,no TV drawing read (f_rr False),https://www.tradingview.com/chart/?symbol=NYSE:KMX,https://finviz.com/quote.ashx?t=KMX,"short float 7.06% >= 5% | FAIL: short_float, rr (no TV drawing read)"
KOP,FAIL,"dollar_vol,rr",False,True,True,True,False,True,False,False,False,,False,44.2400016784668,6848564.611834716,154804.8,4.3,103.06,2026-10-30,22,264,29.477861404418945,30.072239189067158,29.775050296743053,26.253012042409377,47.939998626708984,5.157510230791773,1.0000000000000002,3.5220382543336752,4.106983041403771,,,,,,,,,,,False,,,,,,,,,,False,-0.73,3/4,2/4,0.62,33.9,True,no new high: recent high 52.90 is -0.73 ATR vs prior 2.5y high 55.48 (needs >= +1),,,,,,,True,SMA150,"SMA150 43.39 (latest low 43.78 / close 44.24); held before 1x, last 2025-06-20",,,,2,,,,,False,True,False,no TV drawing read (f_rr False),https://www.tradingview.com/chart/?symbol=NYSE:KOP,https://finviz.com/quote.ashx?t=KOP,"$vol(30d) $6.8M < $50M | FAIL: dollar_vol, rr (no TV drawing read)"
KRYS,FAIL,"short_float,rr",True,False,True,True,False,True,False,False,False,,False,327.29998779296875,90333934.74089152,275997.36666666664,12.18,99.14,2026-11-09,32,264,289.0,298.3030090332031,293.65150451660156,266.5336434500558,358.239990234375,2.3817691800720135,0.9999999999999993,27.11786106654576,1.2408236473295455,,,,,,,,,,,False,,,,,,,,,,True,3.11,4/5,5/5,0.9,34.8,True,"uptrend: new high +3.1 ATR above prior 2.5y high, 4/5 HH and 5/5 HL, 30w EMA +35% in 26w",,,,,,,True,SMA150,"SMA150 314.08 (latest low 319.58 / close 327.30); held before 3x, last 2026-08-03",,,,2,,,,,False,True,False,no TV drawing read (f_rr False),https://www.tradingview.com/chart/?symbol=NASDAQ:KRYS,https://finviz.com/quote.ashx?t=KRYS,"short float 12.18% >= 5% | FAIL: short_float, rr (no TV drawing read)"
KURA,FAIL,"dollar_vol,short_float,rr",False,False,True,True,False,False,False,False,False,,False,10.520000457763672,18598672.45062955,1767934.5666666667,17.14,100.73,2026-10-29,21,264,11.449999809265137,12.220000267028809,11.835000038146973,10.427428586142403,13.25,1.0052775365953028,1.0000000000000004,1.407571452004569,-0.9342329147913354,,,,,,,,,,,False,,,,,,,,,,False,-6.81,6/7,3/5,0.73,18.1,True,no new high: recent high 13.90 is -6.81 ATR vs prior 2.5y high 23.48 (needs >= +1),,,,,,,True,"SMA150,SMA200","SMA150 10.12 (latest low 10.16 / close 10.52); held before 1x, last 2026-05-13; SMA200 9.82 (latest low 10.16 / close 10.52); held before 4x, last 2026-05-13",,,,0,,,,,False,True,False,no TV drawing read (f_rr False),https://www.tradingview.com/chart/?symbol=NASDAQ:KURA,https://finviz.com/quote.ashx?t=KURA,"$vol(30d) $18.6M < $50M | FAIL: dollar_vol, short_float, rr (no TV drawing read)"
KWR,FAIL,"dollar_vol,short_float,rr",False,False,True,True,False,False,True,False,False,,False,158.11000061035156,21349930.683750406,135032.13333333333,13.44,91.39,2026-10-29,21,264,160.63099670410156,162.94337340643094,161.78718505526626,150.22941019030202,170.72000122070312,0.7728837314970918,0.9999999999999992,11.557774864964253,-0.3181567808576685,,,,,,,,,,,False,,,,,,,,,,False,-1.35,4/5,4/6,0.73,11.9,True,no new high: recent high 175.14 is -1.35 ATR vs prior 2.5y high 190.80 (needs >= +1),,,,,,,True,SMA100,"SMA100 155.06 (latest low 155.09 / close 158.11); held before 5x, last 2026-07-20",,,,12,,,,,False,True,False,no TV drawing read (f_rr False),https://www.tradingview.com/chart/?symbol=NYSE:KWR,https://finviz.com/quote.ashx?t=KWR,"$vol(30d) $21.3M < $50M | FAIL: dollar_vol, short_float, rr (no TV drawing read)"
KYMR,FAIL,"short_float,rr",True,False,True,True,False,True,False,False,False,,False,109.30000305175781,84093407.58463287,769381.5666666667,14.12,108.48,2026-10-29,21,263,87.80999755859375,90.0999984741211,88.95499801635742,78.49304035731724,119.9800033569336,2.9655066816072857,1.0000000000000002,10.461957659040179,1.9446652049695756,,,,,,,,,,,False,,,,,,,,,,True,2.59,4/7,3/4,0.66,39.9,True,"uptrend: new high +2.6 ATR above prior 2.5y high, 4/7 HH and 3/4 HL, 30w EMA +40% in 26w",,,,,,,True,SMA100,"SMA100 105.76 (latest low 104.19 / close 109.30); held before 6x, last 2026-03-12",,,,0,,,,,False,True,False,no TV drawing read (f_rr False),https://www.tradingview.com/chart/?symbol=NASDAQ:KYMR,https://finviz.com/quote.ashx?t=KYMR,"short float 14.12% >= 5% | FAIL: short_float, rr (no TV drawing read)"
LBRX,FAIL,"dollar_vol,short_float,history,rr",False,False,True,False,False,True,False,False,False,,False,34.61000061035156,12014283.724873351,347133.3,23.48,83.47,2026-11-05,28,57,31.989999771118164,33.470001220703125,32.730000495910645,29.35000061035156,49.34000015258789,4.914201248243473,0.665457133131166,5.079215049743652,0.3701359552665134,,,,,,,,,,,False,,,,,,,,,,,,,,,,,not enough history (57 weekly bars < 130),,,,,,,False,,no SMA50/100/150/200 support with an earlier bounce,,,,0,,,,,False,True,False,no TV drawing read (f_rr False),https://www.tradingview.com/chart/?symbol=NASDAQ:LBRX,https://finviz.com/quote.ashx?t=LBRX,"$vol(30d) $12.0M < $50M | FAIL: dollar_vol, short_float, history, rr (no TV drawing read)"
LNC,FAIL,"short_float,rr",True,False,True,True,False,True,False,False,False,,False,40.9900016784668,76200836.68362045,1859010.3333333333,6.41,86.07,2026-11-04,27,264,37.102439880371094,38.04161780042772,37.57202884039941,34.591265940345735,45.470001220703125,2.6496479744032944,0.9944560850835047,2.997380120413644,1.140320113151247,,,,,,,,,,,False,,,,,,,,,,False,0.82,3/6,3/4,0.62,8.9,True,no new high: recent high 47.67 is +0.82 ATR vs prior 2.5y high 45.22 (needs >= +1),,,,,,,True,SMA100,"SMA100 40.36 (latest low 40.72 / close 40.99); held before 5x, last 2025-11-18",,,,2,,,,,False,True,False,no TV drawing read (f_rr False),https://www.tradingview.com/chart/?symbol=NYSE:LNC,https://finviz.com/quote.ashx?t=LNC,"short float 6.41% >= 5% | FAIL: short_float, rr (no TV drawing read)"
LNTH,FAIL,"short_float,rr",True,False,True,True,False,True,True,False,False,,False,100.12000274658203,95053052.88891423,949391.2333333333,6.41,116.52,2026-10-29,21,264,57.689998626708984,58.29600143432617,57.99300003051758,54.52142769949777,110.37999725341797,15.090279627707258,0.9999999999999991,3.4715723310198103,12.134848045550935,,,,,,,,,,,False,,,,,,,,,,False,-4.33,4/7,3/4,0.66,36.2,True,no new high: recent high 111.86 is -4.33 ATR vs prior 2.5y high 126.89 (needs >= +1),,,,,,,False,,no SMA50/100/150/200 support with an earlier bounce,,,,6,,,,,False,True,False,no TV drawing read (f_rr False),https://www.tradingview.com/chart/?symbol=NASDAQ:LNTH,https://finviz.com/quote.ashx?t=LNTH,"short float 6.41% >= 5% | FAIL: short_float, rr (no TV drawing read)"
LOCO,FAIL,"dollar_vol,short_float,rr",False,False,True,True,False,True,True,False,False,,False,14.9399995803833,3124996.226228873,209169.76666666666,6.7,91.43,2026-10-29,21,264,14.1899995803833,14.345000267028809,14.267499923706055,13.319999923706055,16.81999969482422,2.693931156852944,0.9517897782248406,0.9954929351806641,0.6755443789816544,,,,,,,,,,,False,,,,,,,,,,True,2.91,4/7,3/5,0.59,25.9,True,"uptrend: new high +2.9 ATR above prior 2.5y high, 4/7 HH and 3/5 HL, 30w EMA +26% in 26w",,,,,,,True,SMA150,"SMA150 14.71 (latest low 14.51 / close 14.94); held before 2x, last 2026-03-09",,,,8,,,,,False,True,False,no TV drawing read (f_rr False),https://www.tradingview.com/chart/?symbol=NASDAQ:LOCO,https://finviz.com/quote.ashx?t=LOCO,"$vol(30d) $3.1M < $50M | FAIL: dollar_vol, short_float, rr (no TV drawing read)"
LPLA,FAIL,rr,True,True,True,True,False,False,True,False,False,,True,328.0,266094012.5333333,811262.2333333333,2.26,105.88,2026-10-22,14,264,320.8233826009228,339.3589118594025,330.0911472301626,308.2718395888981,370.69000244140625,1.8606848520923447,1.0000000000000009,21.819307641264494,-0.09583930271957203,no,,,,,,,2026-10-07,charts/latest/LPLA.webp,,False,,,,,,,,,,False,-1.06,3/6,2/5,0.45,-1.4,False,"no new high: recent high 378.70 is -1.06 ATR vs prior 2.5y high 401.79 (needs >= +1); choppy swings: 3/6 higher highs, 2/5 higher lows; 30w EMA falling (-1% in 26w)",,,,,,,True,"SMA100,SMA150,SMA200","SMA100 322.42 (latest low 323.42 / close 328.00); held before 4x, last 2026-01-30; SMA150 317.54 (latest low 323.42 / close 328.00); held before 7x, last 2026-07-24; SMA200 326.29 (latest low 323.42 / close 328.00); held before 4x, last 2026-01-30",,,,14,,,,,False,True,False,TV drawing not found (f_rr False),https://www.tradingview.com/chart/?symbol=NASDAQ:LPLA,https://finviz.com/quote.ashx?t=LPLA,FAIL: rr (TV drawing not found)
LTH,FAIL,"short_float,rr",True,False,True,True,False,True,False,False,False,,False,40.279998779296875,113786956.46763612,2824899.7,5.99,85.17,2026-10-22,14,262,33.7400016784668,35.33000183105469,34.53500175476074,31.73885863167899,46.0,4.10029019995342,0.9999999999999999,2.796143123081752,2.054614793181373,,,,,,,,,,,False,,,,,,,,,,True,4.38,4/8,3/5,0.55,38.7,True,"uptrend: new high +4.4 ATR above prior 2.5y high, 4/8 HH and 3/5 HL, 30w EMA +39% in 26w",,,,,,,True,SMA100,"SMA100 40.13 (latest low 39.78 / close 40.28); held before 4x, last 2025-04-30",,,,2,,,,,False,True,False,no TV drawing read (f_rr False),https://www.tradingview.com/chart/?symbol=NYSE:LTH,https://finviz.com/quote.ashx?t=LTH,"short float 5.99% >= 5% | FAIL: short_float, rr (no TV drawing read)"
LW,FAIL,rr,True,True,True,True,False,True,True,False,False,,True,49.459999084472656,107044160.77923,2164257.2333333334,4.9,95.22,2027-01-01,85,264,44.09986877441406,44.35077269493586,44.225320734674966,40.418229403738685,54.97999954223633,2.824906962480581,1.0000000000000004,3.8070913309362795,1.3749810274476193,,,,,,,,,,,False,,,,,,,,,,False,-7.49,4/7,4/7,0.57,0.1,True,no new high: recent high 55.70 is -7.49 ATR vs prior 2.5y high 84.23 (needs >= +1),,,,,,,True,SMA100,"SMA100 47.38 (latest low 47.76 / close 49.46); held before 1x, last 2025-09-10",,,,26,,,,,False,True,False,no TV drawing read (f_rr False),https://www.tradingview.com/chart/?symbol=NYSE:LW,https://finviz.com/quote.ashx?t=LW,FAIL: rr (no TV drawing read)
LYFT,FAIL,"short_float,rr",True,False,True,True,False,True,True,False,False,,False,16.1299991607666,152032312.94419068,9425438.366666667,21.0,111.65,2026-11-11,34,262,14.350000381469727,15.277999877929688,14.814000129699707,13.454286030360631,17.700000762939453,2.122505484529844,0.9999999999999997,1.3597140993390764,0.9678498087991949,,,,,,,,,,,False,,,,,,,,,,False,-5.56,3/6,3/6,0.5,-3.0,False,no new high: recent high 17.98 is -5.56 ATR vs prior 2.5y high 25.54 (needs >= +1); 30w EMA falling (-3% in 26w),,,,,,,True,"SMA100,SMA200","SMA100 15.38 (latest low 15.49 / close 16.13); held before 2x, last 2025-11-21; SMA200 15.33 (latest low 15.49 / close 16.13); held before 1x, last 2025-06-20",,,,10,,,,,True,True,False,no TV drawing read (f_rr False),https://www.tradingview.com/chart/?symbol=NASDAQ:LYFT,https://finviz.com/quote.ashx?t=LYFT,"short float 21.00% >= 5% | FAIL: short_float, rr (no TV drawing read)"
LYV,FAIL,"short_float,rr",True,False,True,True,False,True,True,False,False,,False,171.33999633789062,311118177.2896963,1815794.2333333334,14.46,84.91,2026-10-29,21,264,160.58999633789062,165.97999572753906,163.28499603271484,154.07214028494698,188.4600067138672,2.7325957738187614,1.0000000000000004,9.212855747767858,0.8743217657703358,,,,,,,,,,,False,,,,,,,,,,True,1.52,4/4,4/4,1.0,12.9,True,"uptrend: new high +1.5 ATR above prior 2.5y high, 4/4 HH and 4/4 HL, 30w EMA +13% in 26w",,,,,,,True,SMA150,"SMA150 169.60 (latest low 169.90 / close 171.34); held before 6x, last 2026-04-24",,,,9,,,,,False,True,False,no TV drawing read (f_rr False),https://www.tradingview.com/chart/?symbol=NYSE:LYV,https://finviz.com/quote.ashx?t=LYV,"short float 14.46% >= 5% | FAIL: short_float, rr (no TV drawing read)"
M,FAIL,"short_float,rr",True,False,True,True,False,False,True,False,False,,False,22.790000915527344,146333115.28820825,6420935.033333333,13.7,99.7,2026-11-12,35,264,22.08687400817871,22.203631770318612,22.14525288924866,20.238833818059078,25.18402099609375,1.5939664855266773,0.9999999999999998,1.9064190711895823,0.33819847693632704,,,,,,,,,,,False,,,,,,,,,,True,1.46,4/6,5/6,0.75,17.9,True,"uptrend: new high +1.5 ATR above prior 2.5y high, 4/6 HH and 5/6 HL, 30w EMA +18% in 26w",,,,,,,False,,no SMA50/100/150/200 support with an earlier bounce,,,,29,,,,,False,True,False,no TV drawing read (f_rr False),https://www.tradingview.com/chart/?symbol=NYSE:M,https://finviz.com/quote.ashx?t=M,"short float 13.70% >= 5% | FAIL: short_float, rr (no TV drawing read)"
MAC,FAIL,"short_float,rr",True,False,True,True,False,True,False,False,False,,False,22.200000762939453,69009622.1916289,3108541.433333333,11.54,111.16,2026-11-04,27,264,20.221808249684788,20.446496318736834,20.33415228421081,19.081878049830905,24.553985531356954,3.369735742615279,0.9999999999999991,1.252274234379905,1.4899679539063309,,,,,,,,,,,False,,,,,,,,,,True,4.27,6/8,3/4,0.75,24.2,True,"uptrend: new high +4.3 ATR above prior 2.5y high, 6/8 HH and 3/4 HL, 30w EMA +24% in 26w",,,,,,,True,SMA200,"SMA200 21.58 (latest low 21.94 / close 22.20); held before 4x, last 2026-03-09",,,,3,,,,,False,True,False,no TV drawing read (f_rr False),https://www.tradingview.com/chart/?symbol=NYSE:MAC,https://finviz.com/quote.ashx?t=MAC,"short float 11.54% >= 5% | FAIL: short_float, rr (no TV drawing read)"
MAN,FAIL,"dollar_vol,short_float,no_earnings_14d,rr",False,False,False,True,False,True,True,False,False,,False,54.36000061035156,39480771.50328827,726283.5,9.92,120.41,2026-10-15,7,263,30.4213809967041,31.789511211864244,31.105446104284173,25.740190503227602,62.38999938964844,5.830953007943079,0.93384194855915,5.7453572409493585,4.047538478603782,,,,,,,,,,,False,,,,,,,,,,False,-1.33,1/5,2/6,0.27,50.0,True,"no new high: recent high 63.88 is -1.33 ATR vs prior 2.5y high 71.49 (needs >= +1); choppy swings: 1/5 higher highs, 2/6 higher lows",,,,,,,False,,no SMA50/100/150/200 support with an earlier bounce,,,,23,,,,,False,True,True,no TV drawing read (f_rr False),https://www.tradingview.com/chart/?symbol=NYSE:MAN,https://finviz.com/quote.ashx?t=MAN,"$vol(30d) $39.5M < $50M | FAIL: dollar_vol, short_float, no_earnings_14d, rr (no TV drawing read)"
MBIN,FAIL,"dollar_vol,short_float,rr",False,False,True,True,False,False,False,False,False,,False,49.79999923706055,10252709.30292778,205877.7,13.25,97.95,2026-10-22,14,264,50.006271017370125,50.89442807468335,50.450349546026736,47.24778960011143,55.82420204245969,1.6779865442603243,0.8556139564509723,3.7429963849576535,-0.1737512522266427,,,,,,,,,,,False,,,,,,,,,,True,1.25,5/6,6/9,0.75,26.3,True,"uptrend: new high +1.3 ATR above prior 2.5y high, 5/6 HH and 6/9 HL, 30w EMA +26% in 26w",,,,,,,True,SMA150,"SMA150 48.66 (latest low 49.02 / close 49.80); held before 3x, last 2026-01-05",,,,2,,,,,False,True,False,no TV drawing read (f_rr False),https://www.tradingview.com/chart/?symbol=NASDAQ:MBIN,https://finviz.com/quote.ashx?t=MBIN,"$vol(30d) $10.3M < $50M | FAIL: dollar_vol, short_float, rr (no TV drawing read)"
MBX,FAIL,"dollar_vol,short_float,history,rr",False,False,True,False,False,True,True,False,False,,False,53.25,25081073.05,471006.06666666665,13.54,81.37,2026-11-05,28,109,38.189998626708984,40.970001220703125,39.579999923706055,31.56310680934361,68.56999969482422,3.616114042880517,1.0000000000000002,8.016893114362444,1.705149349166678,,,,,,,,,,,False,,,,,,,,,,,,,,,,,not enough history (109 weekly bars < 130),,,,,,,True,SMA150,"SMA150 46.85 (latest low 50.42 / close 53.25); held before 4x, last 2026-03-30",,,,20,,,,,False,True,False,no TV drawing read (f_rr False),https://www.tradingview.com/chart/?symbol=NASDAQ:MBX,https://finviz.com/quote.ashx?t=MBX,"$vol(30d) $25.1M < $50M | FAIL: dollar_vol, short_float, history, rr (no TV drawing read)"
MD,FAIL,"dollar_vol,short_float,rr",False,False,True,True,False,False,False,False,False,,False,26.239999771118164,16321171.398969779,621995.8666666667,5.91,104.29,2026-10-29,21,264,23.510000228881836,23.739999771118164,23.625,21.827864374433243,27.030000686645508,1.8946820919938552,1.0000000000000009,1.797135625566755,1.455093168215105,,,,,,,,,,,False,,,,,,,,,,True,1.64,5/9,3/4,0.65,24.5,True,"uptrend: new high +1.6 ATR above prior 2.5y high, 5/9 HH and 3/4 HL, 30w EMA +24% in 26w",,,,,,,True,SMA100,"SMA100 25.30 (latest low 25.54 / close 26.24); held before 4x, last 2026-08-04",,,,2,,,,,False,True,False,no TV drawing read (f_rr False),https://www.tradingview.com/chart/?symbol=NYSE:MD,https://finviz.com/quote.ashx?t=MD,"$vol(30d) $16.3M < $50M | FAIL: dollar_vol, short_float, rr (no TV drawing read)"
MDLZ,FAIL,rr,True,True,True,True,False,False,False,False,False,,True,60.66999816894531,473801468.9630717,7809485.466666667,2.19,89.6,2026-11-03,26,264,62.46639700820201,62.59132980221841,62.52886340521021,59.196370031884314,64.7300033569336,0.6605084257156683,1.0000000000000009,3.332493373325893,-0.5578001298198273,,,,,,,,,,,False,,,,,,,,,,False,-1.44,2/5,3/6,0.45,4.8,True,"no new high: recent high 66.65 is -1.44 ATR vs prior 2.5y high 71.46 (needs >= +1); choppy swings: 2/5 higher highs, 3/6 higher lows",,,,,,,True,"SMA150,SMA200","SMA150 60.03 (latest low 59.62 / close 60.67); held before 4x, last 2026-09-08; SMA200 59.21 (latest low 59.62 / close 60.67); held before 3x, last 2026-06-30",,,,2,,,,,False,True,False,no TV drawing read (f_rr False),https://www.tradingview.com/chart/?symbol=NASDAQ:MDLZ,https://finviz.com/quote.ashx?t=MDLZ,FAIL: rr (no TV drawing read)
MEI,FAIL,"dollar_vol,short_float,rr",False,False,True,True,False,True,False,False,False,,False,15.25,10947998.383333333,717901.5333333333,9.44,93.11,2026-12-03,56,264,8.996204376220703,9.174347336172405,9.085275856196553,7.597639012228919,18.209999084472656,6.133703440646048,0.5,2.9752736879352675,2.0719855685214434,,,,,,,,,,,False,,,,,,,,,,True,1.37,4/6,2/3,0.67,88.0,True,"uptrend: new high +1.4 ATR above prior 2.5y high, 4/6 HH and 2/3 HL, 30w EMA +88% in 26w",,,,,,,True,SMA100,"SMA100 14.59 (latest low 14.73 / close 15.25); held before 2x, last 2026-08-24",,,,4,,,,,False,True,False,no TV drawing read (f_rr False),https://www.tradingview.com/chart/?symbol=NYSE:MEI,https://finviz.com/quote.ashx?t=MEI,"$vol(30d) $10.9M < $50M | FAIL: dollar_vol, short_float, rr (no TV drawing read)"
MHK,FAIL,"short_float,rr",True,False,True,True,False,True,True,False,False,,False,119.44000244140625,122932782.45146687,1029242.9666666667,9.67,90.16,2026-10-22,14,264,108.83000183105469,112.76000213623047,110.79500198364258,100.36642946515765,140.10000610351562,2.810068594520404,0.9999999999999994,10.428572518484932,0.8289725599970821,,,,,,,,,,,False,,,,,,,,,,False,-2.3,4/7,3/5,0.59,5.9,True,no new high: recent high 140.30 is -2.30 ATR vs prior 2.5y high 164.29 (needs >= +1),,,,,,,True,"SMA100,SMA150,SMA200","SMA100 119.34 (latest low 115.65 / close 119.44); held before 2x, last 2026-07-21; SMA150 113.69 (latest low 115.65 / close 119.44); held before 3x, last 2025-10-10; SMA200 115.47 (latest low 115.65 / close 119.44); held before 4x, last 2026-01-30",,,,22,,,,,False,True,False,no TV drawing read (f_rr False),https://www.tradingview.com/chart/?symbol=NYSE:MHK,https://finviz.com/quote.ashx?t=MHK,"short float 9.67% >= 5% | FAIL: short_float, rr (no TV drawing read)"
MITK,FAIL,"dollar_vol,short_float,rr",False,False,True,True,False,True,True,False,False,,False,17.06999969482422,10405740.943967184,609592.3333333334,9.58,88.65,2026-10-29,21,264,14.649999618530273,15.609999656677246,15.12999963760376,13.161427974700928,19.43000030517578,2.1843251879544443,1.0,1.968571662902832,0.9854861236597089,,,,,,,,,,,False,,,,,,,,,,True,2.44,4/6,4/5,0.73,41.4,True,"uptrend: new high +2.4 ATR above prior 2.5y high, 4/6 HH and 4/5 HL, 30w EMA +41% in 26w",,,,,,,True,SMA150,"SMA150 16.52 (latest low 16.76 / close 17.07); held before 4x, last 2026-01-20",,,,13,,,,,False,True,False,no TV drawing read (f_rr False),https://www.tradingview.com/chart/?symbol=NASDAQ:MITK,https://finviz.com/quote.ashx?t=MITK,"$vol(30d) $10.4M < $50M | FAIL: dollar_vol, short_float, rr (no TV drawing read)"
MLKN,FAIL,"dollar_vol,short_float,rr",False,False,True,True,False,True,False,False,False,,False,20.770000457763672,14103952.5831796,679054.0333333333,5.74,98.31,2026-12-23,76,264,21.121780395507812,21.159853863126354,21.140817129317085,19.750620351447495,24.293996810913086,2.2681534958152447,0.7926373782702314,1.753887484972523,-0.21142557588819486,,,,,,,,,,,False,,,,,,,,,,False,-2.67,4/5,3/4,0.78,12.4,True,no new high: recent high 24.51 is -2.67 ATR vs prior 2.5y high 29.20 (needs >= +1),,,,,,,True,SMA100,"SMA100 20.01 (latest low 20.36 / close 20.77); held before 1x, last 2025-08-01",,,,2,,,,,False,True,False,no TV drawing read (f_rr False),https://www.tradingview.com/chart/?symbol=NASDAQ:MLKN,https://finviz.com/quote.ashx?t=MLKN,"$vol(30d) $14.1M < $50M | FAIL: dollar_vol, short_float, rr (no TV drawing read)"
MMSI,FAIL,"dollar_vol,short_float,rr",False,False,True,True,False,True,True,False,False,,False,85.25,49378817.58333333,579223.6666666666,6.77,105.62,2026-10-22,14,263,70.93000030517578,71.91000366210938,71.42000198364258,66.62285940987724,91.0,4.081596015810891,0.9999999999999991,4.797142573765346,2.88296580801893,,,,,,,,,,,False,,,,,,,,,,False,-4.0,2/7,2/4,0.39,0.8,True,"no new high: recent high 92.26 is -4.00 ATR vs prior 2.5y high 111.45 (needs >= +1); choppy swings: 2/7 higher highs, 2/4 higher lows",,,,,,,False,,no SMA50/100/150/200 support with an earlier bounce,,,,21,,,,,False,True,False,no TV drawing read (f_rr False),https://www.tradingview.com/chart/?symbol=NASDAQ:MMSI,https://finviz.com/quote.ashx?t=MMSI,"$vol(30d) $49.4M < $50M | FAIL: dollar_vol, short_float, rr (no TV drawing read)"
MOH,FAIL,"short_float,no_earnings_14d,rr",True,False,False,True,False,False,True,False,False,,False,195.75999450683594,114146289.00230764,583093.0333333333,6.24,108.7,2026-10-21,13,264,192.6999969482422,198.4199981689453,195.55999755859375,177.8328639439174,206.0,0.5889278361823223,1.0000000000000004,17.72713361467634,0.011281967665466769,,,,,,,,,,,False,,,,,,,,,,False,-7.24,1/5,2/4,0.35,15.8,True,"no new high: recent high 244.89 is -7.24 ATR vs prior 2.5y high 373.22 (needs >= +1); choppy swings: 1/5 higher highs, 2/4 higher lows",,,,,,,True,SMA150,"SMA150 187.64 (latest low 191.38 / close 195.76); held before 1x, last 2026-07-28",,,,10,,,,,True,True,True,no TV drawing read (f_rr False),https://www.tradingview.com/chart/?symbol=NYSE:MOH,https://finviz.com/quote.ashx?t=MOH,"short float 6.24% >= 5% | FAIL: short_float, no_earnings_14d, rr (no TV drawing read)"
MRK,FAIL,rr,True,True,True,True,False,True,True,False,False,,True,142.3800048828125,1309106054.2107828,9194451.533333333,1.4,83.02,2026-10-29,21,262,121.3064698777551,121.53348346154952,121.41997666965231,115.94115676967061,151.65481567382812,5.518494777365613,0.6513430205762984,8.411573820402841,2.491808151563768,no,,,,,,,2026-10-07,charts/latest/MRK.webp,,False,,,,,,,,,,True,3.65,7/8,5/6,0.85,23.3,True,"uptrend: new high +3.7 ATR above prior 2.5y high, 7/8 HH and 5/6 HL, 30w EMA +23% in 26w",,,,,,,False,,no SMA50/100/150/200 support with an earlier bounce,,,,5,,,,,False,True,False,TV drawing not found (f_rr False),https://www.tradingview.com/chart/?symbol=NYSE:MRK,https://finviz.com/quote.ashx?t=MRK,FAIL: rr (TV drawing not found)
MSA,FAIL,"dollar_vol,rr",False,True,True,True,False,True,True,False,False,,False,178.10000610351562,38951183.73486328,218704.0,2.43,91.96,2026-10-28,20,264,171.77980293646493,172.84675029575328,172.3132766161091,163.5814046830411,193.63743591308594,2.4421062814974657,0.9999999999999986,8.731871933068033,0.6627135088287182,,,,,,,,,,,False,,,,,,,,,,False,-1.28,2/5,1/3,0.37,3.2,True,"no new high: recent high 196.00 is -1.28 ATR vs prior 2.5y high 207.14 (needs >= +1); choppy swings: 2/5 higher highs, 1/3 higher lows",,,,,,,True,"SMA100,SMA150,SMA200","SMA100 176.48 (latest low 175.29 / close 178.10); held before 3x, last 2025-09-25; SMA150 174.44 (latest low 175.29 / close 178.10); held before 1x, last 2025-06-13; SMA200 176.18 (latest low 175.29 / close 178.10); held before 1x, last 2025-10-17",,,,17,,,,,False,True,False,no TV drawing read (f_rr False),https://www.tradingview.com/chart/?symbol=NYSE:MSA,https://finviz.com/quote.ashx?t=MSA,"$vol(30d) $39.0M < $50M | FAIL: dollar_vol, rr (no TV drawing read)"
MTDR,FAIL,"short_float,rr",True,False,True,True,False,True,False,False,False,,False,54.47999954223633,87511288.64069366,1606301.2,11.81,97.77,2026-10-27,19,264,44.234683990478516,44.9292126124901,44.5819483014843,40.05458862378653,62.7599983215332,4.0151548174084315,1.0000000000000002,4.527359677697773,2.1862745497140015,,,,,,,,,,,False,,,,,,,,,,False,-0.46,3/7,2/5,0.41,8.2,True,"no new high: recent high 63.82 is -0.46 ATR vs prior 2.5y high 65.88 (needs >= +1); choppy swings: 3/7 higher highs, 2/5 higher lows",,,,,,,True,"SMA100,SMA200","SMA100 53.69 (latest low 53.74 / close 54.48); held before 5x, last 2026-08-26; SMA200 52.62 (latest low 53.74 / close 54.48); held before 1x, last 2026-06-24",,,,2,,,,,False,True,False,no TV drawing read (f_rr False),https://www.tradingview.com/chart/?symbol=NYSE:MTDR,https://finviz.com/quote.ashx?t=MTDR,"short float 11.81% >= 5% | FAIL: short_float, rr (no TV drawing read)"
MTG,FAIL,rr,True,True,True,True,False,False,False,False,False,,True,27.8700008392334,65080304.522726,2335138.2333333334,4.18,100.6,2026-11-04,27,264,28.398972945414464,29.199920235981025,28.799446590697745,27.368189822547578,31.15999984741211,1.6492870526406458,1.0000000000000002,1.4312567681501664,-0.6493913406366714,,,,,,,,,,,False,,,,,,,,,,True,1.57,3/5,2/4,0.55,6.7,True,"uptrend: new high +1.6 ATR above prior 2.5y high, 3/5 HH and 2/4 HL, 30w EMA +7% in 26w",,,,,,,True,"SMA150,SMA200","SMA150 27.82 (latest low 27.06 / close 27.87); held before 5x, last 2025-10-16; SMA200 27.60 (latest low 27.06 / close 27.87); held before 5x, last 2025-10-29",,,,0,,,,,False,True,False,no TV drawing read (f_rr False),https://www.tradingview.com/chart/?symbol=NYSE:MTG,https://finviz.com/quote.ashx?t=MTG,FAIL: rr (no TV drawing read)
MTUS,FAIL,"dollar_vol,short_float,rr",False,False,True,True,False,False,True,False,False,,False,19.639999389648438,6384124.518934122,325057.26666666666,5.91,86.84,2026-10-29,21,264,20.5,20.549999237060547,20.524999618530273,18.85000061035156,21.809999465942383,0.7671645422699901,0.9780200532135735,1.7126428059169225,-0.5167453632621429,,,,,,,,,,,False,,,,,,,,,,False,-1.01,4/6,4/6,0.67,11.8,True,no new high: recent high 22.58 is -1.01 ATR vs prior 2.5y high 24.31 (needs >= +1),,,,,,,True,SMA200,"SMA200 18.97 (latest low 19.59 / close 19.64); held before 4x, last 2026-08-04",,,,9,,,,,False,True,False,no TV drawing read (f_rr False),https://www.tradingview.com/chart/?symbol=NYSE:MTUS,https://finviz.com/quote.ashx?t=MTUS,"$vol(30d) $6.4M < $50M | FAIL: dollar_vol, short_float, rr (no TV drawing read)"
MYE,FAIL,"dollar_vol,rr",False,True,True,True,False,True,True,False,False,,False,30.68000030517578,8797543.26617635,286751.73333333334,3.28,97.28,2026-10-29,21,264,22.237417221069336,22.476208046672213,22.356812633870774,20.15789341947137,34.369998931884766,5.463223123135601,0.9400934015677573,2.339043344770159,3.5583725671072877,,,,,,,,,,,False,,,,,,,,,,True,5.85,8/9,3/5,0.74,47.0,True,"uptrend: new high +5.9 ATR above prior 2.5y high, 8/9 HH and 3/5 HL, 30w EMA +47% in 26w",,,,,,,True,SMA100,"SMA100 30.06 (latest low 30.40 / close 30.68); held before 7x, last 2026-05-19",,,,20,,,,,False,True,False,no TV drawing read (f_rr False),https://www.tradingview.com/chart/?symbol=NYSE:MYE,https://finviz.com/quote.ashx?t=MYE,"$vol(30d) $8.8M < $50M | FAIL: dollar_vol, rr (no TV drawing read)"
NATL,FAIL,"dollar_vol,short_float,rr",False,False,True,True,False,False,False,False,False,,False,45.619998931884766,33192416.278188962,727584.7666666667,6.07,96.67,2026-11-17,40,157,44.689998626708984,45.20000076293945,44.94499969482422,43.66892869131906,46.689998626708984,1.3674779280240192,0.9999999999999976,1.276071003505162,0.5289668327282984,,,,,,,,,,,False,,,,,,,,,,False,-0.24,4/7,3/5,0.59,12.5,True,no new high: recent high 48.20 is -0.24 ATR vs prior 2.5y high 48.50 (needs >= +1),,,,,,,True,"SMA100,SMA150","SMA100 45.58 (latest low 45.24 / close 45.62); held before 5x, last 2026-09-09; SMA150 45.13 (latest low 45.24 / close 45.62); held before 6x, last 2026-01-27",,,,2,,,,,False,True,False,no TV drawing read (f_rr False),https://www.tradingview.com/chart/?symbol=NYSE:NATL,https://finviz.com/quote.ashx?t=NATL,"$vol(30d) $33.2M < $50M | FAIL: dollar_vol, short_float, rr (no TV drawing read)"
NCNO,FAIL,"dollar_vol,short_float,rr",False,False,True,True,False,True,True,False,False,,False,19.68000030517578,46055901.61018422,2340238.8666666667,19.56,119.63,2026-12-02,55,264,18.459999084472656,18.889999389648438,18.674999237060547,16.660000076293944,23.1200008392334,2.2059570488762676,0.9523001453095317,2.1159286499023438,0.4749692614453791,,,,,,,,,,,False,,,,,,,,,,False,-9.03,4/7,2/6,0.45,-8.5,False,"no new high: recent high 24.09 is -9.03 ATR vs prior 2.5y high 43.20 (needs >= +1); choppy swings: 4/7 higher highs, 2/6 higher lows; 30w EMA falling (-9% in 26w)",,,,,,,True,"SMA100,SMA200","SMA100 18.34 (latest low 18.92 / close 19.68); held before 1x, last 2024-12-05; SMA200 18.59 (latest low 18.92 / close 19.68); held before 1x, last 2026-08-26",,,,15,,,,,False,True,False,no TV drawing read (f_rr False),https://www.tradingview.com/chart/?symbol=NASDAQ:NCNO,https://finviz.com/quote.ashx?t=NCNO,"$vol(30d) $46.1M < $50M | FAIL: dollar_vol, short_float, rr (no TV drawing read)"
NEO,FAIL,"dollar_vol,short_float,rr",False,False,True,True,False,True,True,False,False,,False,16.020000457763672,37285778.90142288,2327451.8,13.26,113.45,2026-11-10,33,262,15.329999923706055,15.569999694824219,15.449999809265137,13.457857131958008,19.920000076293945,2.2438153240465257,1.0,1.992142677307129,0.2861244101597338,,,,,,,,,,,False,,,,,,,,,,False,0.52,4/6,3/5,0.63,47.9,True,no new high: recent high 20.15 is +0.52 ATR vs prior 2.5y high 19.11 (needs >= +1),,,,,,,True,SMA100,"SMA100 14.88 (latest low 15.41 / close 16.02); held before 5x, last 2026-06-16",,,,12,,,,,False,True,False,no TV drawing read (f_rr False),https://www.tradingview.com/chart/?symbol=NASDAQ:NEO,https://finviz.com/quote.ashx?t=NEO,"$vol(30d) $37.3M < $50M | FAIL: dollar_vol, short_float, rr (no TV drawing read)"
NEOG,FAIL,"short_float,rr",True,False,True,True,False,True,False,False,False,,False,11.710000038146973,51519718.21116606,4399634.333333333,5.17,109.76,2027-01-14,98,262,9.539999961853027,9.9399995803833,9.739999771118164,8.4688355582101,12.350000381469727,2.0532363827177145,0.9999999999999998,1.2711642129080636,1.5497606422713917,,,,,,,,,,,False,,,,,,,,,,False,-3.4,5/8,6/7,0.74,25.5,True,no new high: recent high 14.26 is -3.40 ATR vs prior 2.5y high 18.58 (needs >= +1),,,,,,,True,SMA100,"SMA100 10.70 (latest low 11.13 / close 11.71); held before 2x, last 2026-03-20",,,,0,,,,,False,True,False,no TV drawing read (f_rr False),https://www.tradingview.com/chart/?symbol=NASDAQ:NEOG,https://finviz.com/quote.ashx?t=NEOG,"short float 5.17% >= 5% | FAIL: short_float, rr (no TV drawing read)"
NGVT,FAIL,"dollar_vol,rr",False,True,True,True,False,False,True,False,False,,False,71.41000366210938,17588848.04100647,246307.9,4.26,102.66,2026-11-04,27,264,77.12000274658203,77.2742427520752,77.19712274932861,72.21962128884452,77.30999755859375,0.022677001736963555,0.9999999999999991,4.977501460484096,-1.162655427258559,,,,,,,,,,,False,,,,,,,,,,False,0.37,4/6,2/2,0.83,12.2,True,no new high: recent high 79.29 is +0.37 ATR vs prior 2.5y high 77.46 (needs >= +1),,,,,,,True,SMA200,"SMA200 70.50 (latest low 70.65 / close 71.41); held before 7x, last 2026-07-30",,,,28,,,,,False,True,False,no TV drawing read (f_rr False),https://www.tradingview.com/chart/?symbol=NYSE:NGVT,https://finviz.com/quote.ashx?t=NGVT,"$vol(30d) $17.6M < $50M | FAIL: dollar_vol, rr (no TV drawing read)"
NMIH,FAIL,"dollar_vol,rr",False,True,True,True,False,False,False,False,False,,False,40.61000061035156,27398018.81711426,674661.8666666667,2.68,100.35,2026-11-03,26,264,41.11000061035156,41.290000915527344,41.20000076293945,38.89478656223842,45.709999084472656,1.9564335150120469,0.999999999999999,2.3052142007010326,-0.2559415747172073,,,,,,,,,,,False,,,,,,,,,,True,1.54,3/5,2/5,0.5,7.1,True,"uptrend: new high +1.5 ATR above prior 2.5y high, 3/5 HH and 2/5 HL, 30w EMA +7% in 26w",,,,,,,True,"SMA150,SMA200","SMA150 40.36 (latest low 39.16 / close 40.61); held before 5x, last 2025-09-16; SMA200 40.16 (latest low 39.16 / close 40.61); held before 1x, last 2025-09-16",,,,1,,,,,False,True,False,no TV drawing read (f_rr False),https://www.tradingview.com/chart/?symbol=NASDAQ:NMIH,https://finviz.com/quote.ashx?t=NMIH,"$vol(30d) $27.4M < $50M | FAIL: dollar_vol, rr (no TV drawing read)"
NPO,FAIL,"dollar_vol,rr",False,True,True,True,False,True,True,False,False,,False,307.67999267578125,47959095.80234985,155873.3,2.64,100.44,2026-11-03,26,264,273.64581298828125,285.38612586181665,279.515969425049,251.82625819499592,344.5766566764277,2.3496340106560965,0.9999999999999997,27.689711230053074,1.0171295401652438,,,,,,,,,,,False,,,,,,,,,,True,3.78,4/6,4/5,0.73,28.1,True,"uptrend: new high +3.8 ATR above prior 2.5y high, 4/6 HH and 4/5 HL, 30w EMA +28% in 26w",,,,,,,True,SMA150,"SMA150 305.92 (latest low 305.77 / close 307.68); held before 7x, last 2026-07-29",,,,13,,,,,True,True,False,no TV drawing read (f_rr False),https://www.tradingview.com/chart/?symbol=NYSE:NPO,https://finviz.com/quote.ashx?t=NPO,"$vol(30d) $48.0M < $50M | FAIL: dollar_vol, rr (no TV drawing read)"
NRIX,FAIL,"dollar_vol,short_float,no_earnings_14d,rr",False,False,False,True,False,True,True,False,False,,False,22.209999084472656,30030139.021782175,1352099.9666666666,18.19,110.48,2026-10-09,1,264,17.510000228881836,17.68000030517578,17.59500026702881,15.454528944832937,27.049999237060547,4.417250944680736,1.0000000000000004,2.1404713221958707,2.1560666427006385,,,,,,,,,,,False,,,,,,,,,,False,-0.62,5/7,2/3,0.69,40.9,True,no new high: recent high 28.23 is -0.62 ATR vs prior 2.5y high 29.56 (needs >= +1),,,,,,,False,,no SMA50/100/150/200 support with an earlier bounce,,,,17,,,,,False,True,True,no TV drawing read (f_rr False),https://www.tradingview.com/chart/?symbol=NASDAQ:NRIX,https://finviz.com/quote.ashx?t=NRIX,"$vol(30d) $30.0M < $50M | FAIL: dollar_vol, short_float, no_earnings_14d, rr (no TV drawing read)"
NSP,FAIL,"dollar_vol,short_float,rr",False,False,True,True,False,False,True,False,False,,False,49.7400016784668,18560047.230305225,373141.26666666666,8.41,112.17,2026-11-02,25,264,44.116486806655885,44.204719780269194,44.16060329346254,39.376130730182446,52.91501998901367,1.8297558570488177,0.9999999999999994,4.7844725632801,1.1661470122799023,,,,,,,,,,,False,,,,,,,,,,False,-8.77,1/4,0/3,0.12,26.6,True,"no new high: recent high 55.25 is -8.77 ATR vs prior 2.5y high 97.20 (needs >= +1); choppy swings: 1/4 higher highs, 0/3 higher lows",,,,,,,False,,no SMA50/100/150/200 support with an earlier bounce,,,,22,,,,,True,True,False,no TV drawing read (f_rr False),https://www.tradingview.com/chart/?symbol=NYSE:NSP,https://finviz.com/quote.ashx?t=NSP,"$vol(30d) $18.6M < $50M | FAIL: dollar_vol, short_float, rr (no TV drawing read)"
NUE,FAIL,rr,True,True,True,True,False,True,True,True,False,False,False,246.13999938964844,265816004.2981913,1079938.2666666666,1.9,82.72,2026-10-26,18,264,191.71368408203125,191.9622239178054,191.83795399991834,174.29595437864825,273.0,4.626727154963038,0.9767650306658919,17.959283011300222,3.0236198937097054,yes,220.83,215.19,,,,,2026-10-07,charts/latest/NUE.webp,user,False,user drawing (no Long Position),,246.14,17.9593,25.31,1.4093,False,,,True,4.7,5/5,3/4,0.88,42.9,True,"uptrend: new high +4.7 ATR above prior 2.5y high, 5/5 HH and 3/4 HL, 30w EMA +43% in 26w",280.11,2026-08-07,False,no weekly low <= zone top 220.83 since the 2026-08-07 high,False,no daily touch of the zone in the pullback,False,,no SMA50/100/150/200 support with an earlier bounce,True,0.382,"swing 130.11 (2025-10-17) -> 280.11 (2026-08-07): 0.382=222.81, 0.5=205.11, 0.618=187.41; zone 215.19-220.83 +/- 4.49",6,hammer,2026-10-02,,,False,True,False,TV R:R  < 2 (f_rr False),https://www.tradingview.com/chart/?symbol=NYSE:NUE,https://finviz.com/quote.ashx?t=NUE,FAIL: rr (TV R:R  < 2)
NWPX,FAIL,"dollar_vol,short_float,rr",False,False,True,True,False,True,False,False,False,,False,100.7300033569336,13553658.44835663,134554.33333333334,7.77,91.37,2026-11-04,27,264,77.5999984741211,82.76000213623047,80.18000030517578,71.07146508353097,148.3000030517578,7.478700042209526,1.0000000000000004,9.10853522164481,2.2561259908096303,,,,,,,,,,,False,,,,,,,,,,True,7.38,3/3,6/6,1.0,59.0,True,"uptrend: new high +7.4 ATR above prior 2.5y high, 3/3 HH and 6/6 HL, 30w EMA +59% in 26w",,,,,,,False,,no SMA50/100/150/200 support with an earlier bounce,,,,4,,,,,False,True,False,no TV drawing read (f_rr False),https://www.tradingview.com/chart/?symbol=NASDAQ:NWPX,https://finviz.com/quote.ashx?t=NWPX,"$vol(30d) $13.6M < $50M | FAIL: dollar_vol, short_float, rr (no TV drawing read)"
OFG,FAIL,"dollar_vol,no_earnings_14d,rr",False,True,False,True,False,True,True,False,False,,False,50.91999816894531,11997746.205901083,235619.53333333333,4.97,98.57,2026-10-21,13,264,42.16169179286037,42.53567610326576,42.34868394806306,40.3386839916596,53.95000076293945,5.771799535575557,1.000000000000001,2.0099999564034596,4.264335525767426,,,,,,,,,,,False,,,,,,,,,,True,4.39,4/8,2/4,0.5,20.9,True,"uptrend: new high +4.4 ATR above prior 2.5y high, 4/8 HH and 2/4 HL, 30w EMA +21% in 26w",,,,,,,True,SMA100,"SMA100 50.16 (latest low 50.09 / close 50.92); held before 4x, last 2025-09-16",,,,15,,,,,False,True,True,no TV drawing read (f_rr False),https://www.tradingview.com/chart/?symbol=NYSE:OFG,https://finviz.com/quote.ashx?t=OFG,"$vol(30d) $12.0M < $50M | FAIL: dollar_vol, no_earnings_14d, rr (no TV drawing read)"
OII,FAIL,"dollar_vol,short_float,rr",False,False,True,True,False,True,False,False,False,,False,44.58000183105469,35508912.096473694,796521.1,7.7,105.34,2026-10-28,20,264,26.940000534057617,27.709999084472656,27.324999809265137,23.840000381469725,53.0,7.367289643136815,0.7788504742704783,4.474542345319476,3.8562607502952506,,,,,,,,,,,False,,,,,,,,,,True,3.41,5/5,4/4,1.0,43.7,True,"uptrend: new high +3.4 ATR above prior 2.5y high, 5/5 HH and 4/4 HL, 30w EMA +44% in 26w",,,,,,,False,,no SMA50/100/150/200 support with an earlier bounce,,,,2,,,,,False,True,False,no TV drawing read (f_rr False),https://www.tradingview.com/chart/?symbol=NYSE:OII,https://finviz.com/quote.ashx?t=OII,"$vol(30d) $35.5M < $50M | FAIL: dollar_vol, short_float, rr (no TV drawing read)"
ONB,FAIL,"short_float,rr",True,False,True,True,False,True,True,False,False,,False,24.729999542236328,108447015.34159583,4385241.3,6.23,86.52,2026-10-27,19,264,24.107157917767047,24.31472360859983,24.210940763183437,23.11160507470709,27.01835823059082,2.5537399511685046,1.0000000000000004,1.0993356884763474,0.47215676202806967,,,,,,,,,,,False,,,,,,,,,,True,1.36,3/5,4/7,0.59,12.1,True,"uptrend: new high +1.4 ATR above prior 2.5y high, 3/5 HH and 4/7 HL, 30w EMA +12% in 26w",,,,,,,True,"SMA150,SMA200","SMA150 24.48 (latest low 24.26 / close 24.73); held before 4x, last 2026-05-19; SMA200 24.22 (latest low 24.26 / close 24.73); held before 1x, last 2025-03-11",,,,8,,,,,False,True,False,no TV drawing read (f_rr False),https://www.tradingview.com/chart/?symbol=NASDAQ:ONB,https://finviz.com/quote.ashx?t=ONB,"short float 6.23% >= 5% | FAIL: short_float, rr (no TV drawing read)"
ORIC,FAIL,"dollar_vol,short_float,rr",False,False,True,True,False,False,True,False,False,,False,12.029999732971191,17533874.18380219,1457512.4333333333,25.7,86.72,2026-11-09,32,262,13.710000038146973,14.045000076293945,13.877500057220459,12.263571398598808,14.15999984741211,0.17503858592666335,0.9999999999999996,1.6139286586216517,-1.144722422753862,,,,,,,,,,,False,,,,,,,,,,False,-0.15,3/6,3/5,0.55,6.6,True,no new high: recent high 14.68 is -0.15 ATR vs prior 2.5y high 14.93 (needs >= +1),,,,,,,True,"SMA100,SMA150,SMA200","SMA100 11.25 (latest low 10.93 / close 12.03); held before 2x, last 2026-08-03; SMA150 10.98 (latest low 10.93 / close 12.03); held before 1x, last 2026-08-03; SMA200 10.91 (latest low 10.93 / close 12.03); held before 3x, last 2026-08-03",,,,12,,,,,False,True,False,no TV drawing read (f_rr False),https://www.tradingview.com/chart/?symbol=NASDAQ:ORIC,https://finviz.com/quote.ashx?t=ORIC,"$vol(30d) $17.5M < $50M | FAIL: dollar_vol, short_float, rr (no TV drawing read)"
ORKA,FAIL,"short_float,rr",True,False,True,True,False,True,True,False,False,,False,77.27999877929688,71595990.4690806,926449.1666666666,12.97,103.54,2026-11-18,41,264,34.38999938964844,36.5099983215332,35.44999885559082,30.033214024135045,111.04000091552734,13.954772879472399,0.49999999999999994,10.833569662911552,3.8611465311299917,,,,,,,,,,,False,,,,,,,,,,True,4.7,4/4,5/5,1.0,131.0,True,"uptrend: new high +4.7 ATR above prior 2.5y high, 4/4 HH and 5/5 HL, 30w EMA +131% in 26w",,,,,,,True,SMA150,"SMA150 75.79 (latest low 75.83 / close 77.28); held before 2x, last 2025-07-21",,,,13,,,,,False,True,False,no TV drawing read (f_rr False),https://www.tradingview.com/chart/?symbol=NASDAQ:ORKA,https://finviz.com/quote.ashx?t=ORKA,"short float 12.97% >= 5% | FAIL: short_float, rr (no TV drawing read)"
PAGP,FAIL,"dollar_vol,short_float,rr",False,False,True,True,False,True,False,False,False,,False,26.56999969482422,45393399.070623785,1708445.6,9.46,81.17,2026-10-29,21,263,25.542062759399414,25.738917602217157,25.640490180808285,24.452423445804982,28.31999969482422,2.2553526961669226,0.9999999999999997,1.188066735003304,0.7823714667117149,,,,,,,,,,,False,,,,,,,,,,True,3.99,5/5,3/3,1.0,23.7,True,"uptrend: new high +4.0 ATR above prior 2.5y high, 5/5 HH and 3/3 HL, 30w EMA +24% in 26w",,,,,,,False,,no SMA50/100/150/200 support with an earlier bounce,,,,0,,,,,False,True,False,no TV drawing read (f_rr False),https://www.tradingview.com/chart/?symbol=NASDAQ:PAGP,https://finviz.com/quote.ashx?t=PAGP,"$vol(30d) $45.4M < $50M | FAIL: dollar_vol, short_float, rr (no TV drawing read)"
PAYX,FAIL,"short_float,rr",True,False,True,True,False,True,False,False,False,,False,104.45999908447266,336655986.65141827,3222822.033333333,6.19,85.74,2026-12-17,70,264,98.54328918457031,98.70939904056128,98.62634411256579,91.29341225161166,127.04000091552734,3.8748016948386694,1.0000000000000009,7.332931860954127,0.7955419581858516,,,,,,,,,,,False,,,,,,,,,,False,-3.45,1/5,2/6,0.27,3.8,True,"no new high: recent high 127.98 is -3.45 ATR vs prior 2.5y high 153.28 (needs >= +1); choppy swings: 1/5 higher highs, 2/6 higher lows",,,,,,,True,"SMA150,SMA200","SMA150 102.70 (latest low 101.41 / close 104.46); held before 2x, last 2025-03-13; SMA200 102.06 (latest low 101.41 / close 104.46); held before 1x, last 2025-04-09",,,,0,,,,,False,True,False,no TV drawing read (f_rr False),https://www.tradingview.com/chart/?symbol=NASDAQ:PAYX,https://finviz.com/quote.ashx?t=PAYX,"short float 6.19% >= 5% | FAIL: short_float, rr (no TV drawing read)"
PCOR,FAIL,"short_float,rr",True,False,True,True,False,False,True,False,False,,False,54.779998779296875,145993082.79872844,2665080.066666667,13.12,88.85,2026-11-04,27,262,59.31999969482422,60.31999969482422,59.81999969482422,53.699999945504324,63.8650016784668,0.6609480636158673,1.0000000000000002,6.119999749319894,-0.8235295950931094,,,,,,,,,,,False,,,,,,,,,,False,-3.94,4/8,2/7,0.39,-13.9,False,"no new high: recent high 64.79 is -3.94 ATR vs prior 2.5y high 88.92 (needs >= +1); choppy swings: 4/8 higher highs, 2/7 higher lows; 30w EMA falling (-14% in 26w)",,,,,,,True,"SMA150,SMA200","SMA150 51.98 (latest low 53.85 / close 54.78); held before 2x, last 2025-11-05; SMA200 54.46 (latest low 53.85 / close 54.78); held before 6x, last 2026-08-26",,,,10,,,,,False,True,False,no TV drawing read (f_rr False),https://www.tradingview.com/chart/?symbol=NYSE:PCOR,https://finviz.com/quote.ashx?t=PCOR,"short float 13.12% >= 5% | FAIL: short_float, rr (no TV drawing read)"
PFBC,FAIL,"dollar_vol,short_float,no_earnings_14d,rr",False,False,False,True,False,True,True,False,False,,False,102.62999725341797,15650920.63615036,152498.5,10.38,88.78,2026-10-21,13,263,95.00786590576172,96.7249908535623,95.86642837966201,90.2899674479896,107.9000015258789,2.1579229718745565,0.9999999999999988,5.576460931672422,1.2128783751251913,,,,,,,,,,,False,,,,,,,,,,True,1.95,4/8,3/5,0.55,13.0,True,"uptrend: new high +1.9 ATR above prior 2.5y high, 4/8 HH and 3/5 HL, 30w EMA +13% in 26w",,,,,,,True,SMA150,"SMA150 99.00 (latest low 101.41 / close 102.63); held before 7x, last 2026-06-02",,,,10,,,,,False,True,True,no TV drawing read (f_rr False),https://www.tradingview.com/chart/?symbol=NASDAQ:PFBC,https://finviz.com/quote.ashx?t=PFBC,"$vol(30d) $15.7M < $50M | FAIL: dollar_vol, short_float, no_earnings_14d, rr (no TV drawing read)"
PK,FAIL,"short_float,rr",True,False,True,True,False,True,False,False,False,,False,15.210000038146973,53742299.77178672,3533353.033333333,18.61,108.77,2026-11-04,27,264,11.213682174682617,11.297219076086563,11.25545062538459,10.449767528983669,15.859999656677246,5.7150870508041,1.0000000000000009,0.8056830964009204,4.908318705490797,,,,,,,,,,,False,,,,,,,,,,True,2.79,6/7,6/6,0.93,33.2,True,"uptrend: new high +2.8 ATR above prior 2.5y high, 6/7 HH and 6/6 HL, 30w EMA +33% in 26w",,,,,,,False,,no SMA50/100/150/200 support with an earlier bounce,,,,4,,,,,False,True,False,no TV drawing read (f_rr False),https://www.tradingview.com/chart/?symbol=NYSE:PK,https://finviz.com/quote.ashx?t=PK,"short float 18.61% >= 5% | FAIL: short_float, rr (no TV drawing read)"
PRGS,FAIL,"dollar_vol,short_float,rr",False,False,True,True,False,True,False,False,False,,False,38.279998779296875,23695698.21637268,619009.9,11.72,115.03,2027-01-19,103,264,33.650001525878906,35.380001068115234,34.51500129699707,30.879999389648436,44.7599983215332,2.8184296145277186,0.9660219016369895,3.7628566196986606,1.0005689461006664,,,,,,,,,,,False,,,,,,,,,,False,-6.43,4/7,2/5,0.49,-2.9,False,"no new high: recent high 46.36 is -6.43 ATR vs prior 2.5y high 70.56 (needs >= +1); choppy swings: 4/7 higher highs, 2/5 higher lows; 30w EMA falling (-3% in 26w)",,,,,,,True,"SMA150,SMA200","SMA150 35.22 (latest low 36.77 / close 38.28); held before 1x, last 2025-01-13; SMA200 36.67 (latest low 36.77 / close 38.28); held before 2x, last 2025-06-23",,,,0,,,,,False,True,False,no TV drawing read (f_rr False),https://www.tradingview.com/chart/?symbol=NASDAQ:PRGS,https://finviz.com/quote.ashx?t=PRGS,"$vol(30d) $23.7M < $50M | FAIL: dollar_vol, short_float, rr (no TV drawing read)"
PSMT,FAIL,"dollar_vol,short_float,rr",False,False,True,True,False,True,False,False,False,,False,167.22000122070312,37992289.519343056,227199.43333333332,7.59,91.55,2026-10-26,18,264,161.1516306511763,164.60814848667107,162.8798895689237,152.41565536881046,197.43016587276261,3.3017491431398858,0.912403995746332,11.468860558368826,0.37842570582240265,,,,,,,,,,,False,,,,,,,,,,True,2.99,6/6,5/5,1.0,24.7,True,"uptrend: new high +3.0 ATR above prior 2.5y high, 6/6 HH and 5/5 HL, 30w EMA +25% in 26w",,,,,,,False,,no SMA50/100/150/200 support with an earlier bounce,,,,2,,,,,False,True,False,no TV drawing read (f_rr False),https://www.tradingview.com/chart/?symbol=NASDAQ:PSMT,https://finviz.com/quote.ashx?t=PSMT,"$vol(30d) $38.0M < $50M | FAIL: dollar_vol, short_float, rr (no TV drawing read)"
PTEN,FAIL,"short_float,rr",True,False,True,True,False,False,False,False,False,,False,11.479999542236328,93458028.80137177,8140943.6,9.2,112.63,2026-10-28,20,264,12.211823463439941,12.221656074466415,12.216739768953179,11.102781921337986,12.880000114440918,0.5954088360773022,0.9999999999999998,1.1139578476151935,-0.6613717281081096,,,,,,,,,,,False,,,,,,,,,,True,1.65,5/8,2/5,0.51,35.5,True,"uptrend: new high +1.6 ATR above prior 2.5y high, 5/8 HH and 2/5 HL, 30w EMA +35% in 26w",,,,,,,True,SMA100,"SMA100 10.99 (latest low 11.35 / close 11.48); held before 2x, last 2026-08-26",,,,2,,,,,False,True,False,no TV drawing read (f_rr False),https://www.tradingview.com/chart/?symbol=NASDAQ:PTEN,https://finviz.com/quote.ashx?t=PTEN,"short float 9.20% >= 5% | FAIL: short_float, rr (no TV drawing read)"
PTGX,FAIL,"short_float,rr",True,False,True,True,False,True,False,False,False,,False,139.91000366210938,93356848.05592549,667263.5666666667,13.3,114.68,2026-11-05,28,264,105.9800033569336,106.90299987792969,106.44150161743164,95.3900015258789,155.11000061035156,4.403791212934061,0.981146848326347,11.263859340122767,2.971317470687889,,,,,,,,,,,False,,,,,,,,,,True,4.7,5/5,5/7,0.86,49.3,True,"uptrend: new high +4.7 ATR above prior 2.5y high, 5/5 HH and 5/7 HL, 30w EMA +49% in 26w",,,,,,,False,,no SMA50/100/150/200 support with an earlier bounce,,,,0,,,,,False,True,False,no TV drawing read (f_rr False),https://www.tradingview.com/chart/?symbol=NASDAQ:PTGX,https://finviz.com/quote.ashx?t=PTGX,"short float 13.30% >= 5% | FAIL: short_float, rr (no TV drawing read)"
PVLA,FAIL,"dollar_vol,short_float,rr",False,False,True,True,False,False,False,False,False,,False,131.33999633789062,28293708.567095947,215423.4,25.45,88.37,2026-11-17,40,264,130.00999450683594,133.3300018310547,131.6699981689453,114.59285627092635,157.24000549316406,1.4973235847612767,0.9999999999999996,17.077141898018972,-0.019324183931092663,,,,,,,,,,,False,,,,,,,,,,False,0.6,3/6,2/4,0.5,40.6,True,no new high: recent high 161.38 is +0.60 ATR vs prior 2.5y high 151.18 (needs >= +1),,,,,,,True,SMA200,"SMA200 124.15 (latest low 124.50 / close 131.34); held before 3x, last 2026-06-10",,,,0,,,,,False,True,False,no TV drawing read (f_rr False),https://www.tradingview.com/chart/?symbol=NASDAQ:PVLA,https://finviz.com/quote.ashx?t=PVLA,"$vol(30d) $28.3M < $50M | FAIL: dollar_vol, short_float, rr (no TV drawing read)"
QNST,FAIL,"dollar_vol,short_float,rr",False,False,True,True,False,True,False,False,False,,False,15.989999771118164,16760157.577094078,1048164.9666666667,11.18,94.07,2026-11-04,27,264,13.210000038146973,13.850000381469727,13.53000020980835,11.398572036198207,21.829999923706055,3.894102469256301,1.0000000000000002,2.1314281736101424,1.1541555055750008,,,,,,,,,,,False,,,,,,,,,,False,-1.87,3/8,2/5,0.39,16.9,True,"no new high: recent high 22.29 is -1.87 ATR vs prior 2.5y high 26.27 (needs >= +1); choppy swings: 3/8 higher highs, 2/5 higher lows",,,,,,,True,"SMA100,SMA150","SMA100 15.93 (latest low 15.33 / close 15.99); held before 5x, last 2025-01-13; SMA150 14.74 (latest low 15.33 / close 15.99); held before 5x, last 2025-02-07",,,,1,,,,,False,True,False,no TV drawing read (f_rr False),https://www.tradingview.com/chart/?symbol=NASDAQ:QNST,https://finviz.com/quote.ashx?t=QNST,"$vol(30d) $16.8M < $50M | FAIL: dollar_vol, short_float, rr (no TV drawing read)"
QTWO,FAIL,"dollar_vol,short_float,rr",False,False,True,True,False,True,False,False,False,,False,58.689998626708984,32859530.54478442,559882.9666666667,8.67,109.54,2026-11-11,34,264,51.810001373291016,52.41999816894531,52.114999771118164,47.14571407863072,65.12999725341797,2.6190881924892837,1.0000000000000004,4.9692856924874445,1.3231275604723007,,,,,,,,,,,False,,,,,,,,,,False,-9.12,3/7,0/6,0.21,-6.7,False,"no new high: recent high 67.51 is -9.12 ATR vs prior 2.5y high 112.82 (needs >= +1); choppy swings: 3/7 higher highs, 0/6 higher lows; 30w EMA falling (-7% in 26w)",,,,,,,False,,no SMA50/100/150/200 support with an earlier bounce,,,,2,,,,,False,True,False,no TV drawing read (f_rr False),https://www.tradingview.com/chart/?symbol=NYSE:QTWO,https://finviz.com/quote.ashx?t=QTWO,"$vol(30d) $32.9M < $50M | FAIL: dollar_vol, short_float, rr (no TV drawing read)"
RAMP,FAIL,"dollar_vol,short_float,rr",False,False,True,True,False,True,False,False,False,,False,37.56999969482422,43766563.76282374,1164933.8333333333,13.52,101.38,2026-11-11,34,264,29.389999389648438,29.68000030517578,29.53499984741211,29.213213784354075,38.0,26.306298265817723,0.9999999999999969,0.3217860630580357,24.97000575802737,,,,,,,,,,,False,,,,,,,,,,False,0.71,3/8,3/5,0.49,29.1,True,"no new high: recent high 38.23 is +0.71 ATR vs prior 2.5y high 38.00 (needs >= +1); choppy swings: 3/8 higher highs, 3/5 higher lows",,,,,,,False,,no SMA50/100/150/200 support with an earlier bounce,,,,1,,,,,False,True,False,no TV drawing read (f_rr False),https://www.tradingview.com/chart/?symbol=NYSE:RAMP,https://finviz.com/quote.ashx?t=RAMP,"$vol(30d) $43.8M < $50M | FAIL: dollar_vol, short_float, rr (no TV drawing read)"
RDNT,FAIL,"dollar_vol,short_float,rr",False,False,True,True,False,True,True,False,False,,False,68.20999908447266,48065501.402522534,704669.4333333333,13.73,103.92,2026-11-11,34,263,63.45000076293945,63.576900764465336,63.513450763702394,57.76251480048044,76.9800033569336,2.341627985314338,0.9999999999999996,5.750935963221958,0.8166580797987226,,,,,,,,,,,False,,,,,,,,,,False,-2.41,5/9,3/8,0.47,0.9,True,"no new high: recent high 79.77 is -2.41 ATR vs prior 2.5y high 93.65 (needs >= +1); choppy swings: 5/9 higher highs, 3/8 higher lows",,,,,,,True,"SMA100,SMA200","SMA100 65.73 (latest low 66.24 / close 68.21); held before 6x, last 2026-07-23; SMA200 65.43 (latest low 66.24 / close 68.21); held before 1x, last 2025-12-16",,,,15,,,,,True,True,False,no TV drawing read (f_rr False),https://www.tradingview.com/chart/?symbol=NASDAQ:RDNT,https://finviz.com/quote.ashx?t=RDNT,"$vol(30d) $48.1M < $50M | FAIL: dollar_vol, short_float, rr (no TV drawing read)"
REGN,FAIL,rr,True,True,True,True,False,False,False,False,False,,True,739.5700073242188,525894081.7687785,711080.8666666667,2.55,91.72,2026-10-30,22,263,764.7933395314827,773.5699248936681,769.1816322125754,719.1322418648504,834.510009765625,1.3052781881891389,1.0000000000000007,50.049390347725044,-0.5916480636951986,no,,,,,,,2026-10-07,charts/latest/REGN.webp,,False,,,,,,,,,,False,-6.8,4/6,3/4,0.71,1.9,True,no new high: recent high 859.34 is -6.80 ATR vs prior 2.5y high 1199.88 (needs >= +1),,,,,,,True,SMA100,"SMA100 713.69 (latest low 723.65 / close 739.57); held before 2x, last 2025-10-13",,,,0,,,,,False,True,False,TV drawing not found (f_rr False),https://www.tradingview.com/chart/?symbol=NASDAQ:REGN,https://finviz.com/quote.ashx?t=REGN,FAIL: rr (TV drawing not found)
RELY,FAIL,"short_float,rr",True,False,True,True,False,True,True,False,False,,False,23.520000457763672,91773142.15415688,3901919.2333333334,9.44,85.38,2026-11-04,27,264,17.149999618530273,17.878999710083008,17.51449966430664,15.092428343636648,26.670000076293945,3.7800292393762844,1.0000000000000004,2.4220713206699918,2.4794896592045,,,,,,,,,,,False,,,,,,,,,,False,0.07,5/9,4/6,0.61,39.6,True,no new high: recent high 27.48 is +0.07 ATR vs prior 2.5y high 27.32 (needs >= +1),,,,,,,True,SMA100,"SMA100 22.78 (latest low 22.72 / close 23.52); held before 3x, last 2026-06-11",,,,17,,,,,False,True,False,no TV drawing read (f_rr False),https://www.tradingview.com/chart/?symbol=NASDAQ:RELY,https://finviz.com/quote.ashx?t=RELY,"short float 9.44% >= 5% | FAIL: short_float, rr (no TV drawing read)"
REPL,FAIL,"dollar_vol,short_float,rr",False,False,True,True,False,True,True,False,False,,False,13.039999961853027,27214594.672386933,2087008.8,25.68,103.01,2026-10-29,21,263,8.40999984741211,8.430000305175781,8.420000076293945,7.0400001907348635,15.5,5.130435152780988,0.5715130291642231,2.4146429130009244,1.913326339345694,,,,,,,,,,,False,,,,,,,,,,False,-0.28,6/9,3/5,0.63,40.1,True,no new high: recent high 16.33 is -0.28 ATR vs prior 2.5y high 17.00 (needs >= +1),,,,,,,False,,no SMA50/100/150/200 support with an earlier bounce,,,,19,,,,,False,True,False,no TV drawing read (f_rr False),https://www.tradingview.com/chart/?symbol=NASDAQ:REPL,https://finviz.com/quote.ashx?t=REPL,"$vol(30d) $27.2M < $50M | FAIL: dollar_vol, short_float, rr (no TV drawing read)"
REXR,FAIL,"no_earnings_14d,rr",True,True,False,True,False,False,False,False,False,,False,37.22999954223633,100030736.75606613,2686831.533333333,4.96,107.38,2026-10-21,13,263,35.8876542312289,36.24307636702684,36.06536529912787,34.1617948514786,39.0,1.5416475415953868,0.999999999999999,1.9035704476492745,0.6118156775057471,no,,,,,,,2026-10-07,charts/latest/REXR.webp,,False,,,,,,,,,,False,-4.43,2/6,2/4,0.42,-0.2,False,"no new high: recent high 39.67 is -4.43 ATR vs prior 2.5y high 48.10 (needs >= +1); choppy swings: 2/6 higher highs, 2/4 higher lows; 30w EMA falling (-0% in 26w)",,,,,,,True,"SMA100,SMA150,SMA200","SMA100 36.09 (latest low 36.17 / close 37.23); held before 3x, last 2026-08-17; SMA150 35.51 (latest low 36.17 / close 37.23); held before 2x, last 2026-08-17; SMA200 36.11 (latest low 36.17 / close 37.23); held before 3x, last 2026-09-02",,,,1,,,,,False,True,True,TV drawing not found (f_rr False),https://www.tradingview.com/chart/?symbol=NYSE:REXR,https://finviz.com/quote.ashx?t=REXR,"FAIL: no_earnings_14d, rr (TV drawing not found)"
RGEN,FAIL,"short_float,rr",True,False,True,True,False,True,False,False,False,,False,163.83999633789062,188852765.91214496,1152665.8333333333,12.59,117.55,2026-11-03,26,262,131.2100067138672,134.22999572753906,132.72000122070312,114.8196792602539,181.1300048828125,2.7044208349476246,1.0,17.90032196044922,1.7385159432298014,,,,,,,,,,,False,,,,,,,,,,False,0.91,6/8,4/7,0.66,12.3,True,no new high: recent high 198.87 is +0.91 ATR vs prior 2.5y high 182.52 (needs >= +1),,,,,,,True,SMA100,"SMA100 152.41 (latest low 157.44 / close 163.84); held before 2x, last 2026-07-21",,,,0,,,,,False,True,False,no TV drawing read (f_rr False),https://www.tradingview.com/chart/?symbol=NASDAQ:RGEN,https://finviz.com/quote.ashx?t=RGEN,"short float 12.59% >= 5% | FAIL: short_float, rr (no TV drawing read)"
RHI,FAIL,"short_float,rr",True,False,True,True,False,True,True,False,False,,False,34.099998474121094,56227643.207304634,1648904.5666666667,19.91,124.41,2026-10-27,19,264,26.628504898582214,29.19673419757267,27.912619548077444,23.37460286622554,45.310001373291016,3.8336971952500476,0.9999999999999998,4.5380166818519045,1.3634544250989096,,,,,,,,,,,False,,,,,,,,,,False,-5.16,1/4,3/6,0.38,26.8,True,"no new high: recent high 46.09 is -5.16 ATR vs prior 2.5y high 69.50 (needs >= +1); choppy swings: 1/4 higher highs, 3/6 higher lows",,,,,,,False,,no SMA50/100/150/200 support with an earlier bounce,,,,10,,,,,True,True,False,no TV drawing read (f_rr False),https://www.tradingview.com/chart/?symbol=NYSE:RHI,https://finviz.com/quote.ashx?t=RHI,"short float 19.91% >= 5% | FAIL: short_float, rr (no TV drawing read)"
RLAY,FAIL,"short_float,rr",True,False,True,True,False,True,False,False,False,,False,17.40999984741211,58157448.1332859,3340462.3,25.93,98.96,2026-11-11,34,264,8.5600004196167,8.8100004196167,8.6850004196167,6.775000435965402,20.0049991607666,5.926700962326583,0.9999999999999999,1.9099999836512975,4.568062566742045,,,,,,,,,,,False,,,,,,,,,,True,3.06,6/6,4/4,1.0,91.2,True,"uptrend: new high +3.1 ATR above prior 2.5y high, 6/6 HH and 4/4 HL, 30w EMA +91% in 26w",,,,,,,False,,no SMA50/100/150/200 support with an earlier bounce,,,,2,,,,,False,True,False,no TV drawing read (f_rr False),https://www.tradingview.com/chart/?symbol=NASDAQ:RLAY,https://finviz.com/quote.ashx?t=RLAY,"short float 25.93% >= 5% | FAIL: short_float, rr (no TV drawing read)"
RLJ,FAIL,"dollar_vol,short_float,rr",False,False,True,True,False,True,True,False,False,,False,11.199999809265137,17856127.962578617,1594297.1666666667,8.95,94.93,2026-11-04,27,264,8.060415837466191,8.176531888559357,8.118473863012774,7.460616921789629,12.390000343322754,6.493093273999645,1.0,0.6578569412231445,4.684188541847599,,,,,,,,,,,False,,,,,,,,,,True,4.38,4/4,3/4,0.88,40.9,True,"uptrend: new high +4.4 ATR above prior 2.5y high, 4/4 HH and 3/4 HL, 30w EMA +41% in 26w",,,,,,,True,SMA100,"SMA100 11.12 (latest low 10.99 / close 11.20); held before 4x, last 2026-09-09",,,,8,,,,,False,True,False,no TV drawing read (f_rr False),https://www.tradingview.com/chart/?symbol=NYSE:RLJ,https://finviz.com/quote.ashx?t=RLJ,"$vol(30d) $17.9M < $50M | FAIL: dollar_vol, short_float, rr (no TV drawing read)"
RVMD,FAIL,"short_float,rr",True,False,True,True,False,True,False,False,False,,False,188.1199951171875,389755270.6222412,2071843.9333333333,5.01,92.55,2026-11-11,34,264,151.85000610351562,153.5,152.6750030517578,135.59114619663782,210.02000427246094,3.3566776932760924,1.0000000000000007,17.08385685511998,2.0747652222809942,,,,,,,,,,,False,,,,,,,,,,True,5.84,3/5,1/2,0.55,102.9,True,"uptrend: new high +5.8 ATR above prior 2.5y high, 3/5 HH and 1/2 HL, 30w EMA +103% in 26w",,,,,,,True,SMA100,"SMA100 186.66 (latest low 180.51 / close 188.12); held before 3x, last 2026-03-30",,,,2,,,,,False,True,False,no TV drawing read (f_rr False),https://www.tradingview.com/chart/?symbol=NASDAQ:RVMD,https://finviz.com/quote.ashx?t=RVMD,"short float 5.01% >= 5% | FAIL: short_float, rr (no TV drawing read)"
SBH,FAIL,"dollar_vol,short_float,rr",False,False,True,True,False,False,False,False,False,,False,16.030000686645508,20351562.769093066,1269592.1333333333,21.55,122.16,2026-11-12,35,264,14.760000228881836,15.75,15.255000114440918,14.055714198521205,17.18000030517578,1.6051219856597845,1.0000000000000004,1.1992859159197127,0.6462183553704578,,,,,,,,,,,False,,,,,,,,,,False,-0.53,4/5,2/5,0.6,6.4,True,no new high: recent high 17.29 is -0.53 ATR vs prior 2.5y high 17.92 (needs >= +1),,,,,,,False,,no SMA50/100/150/200 support with an earlier bounce,,,,2,,,,,False,True,False,no TV drawing read (f_rr False),https://www.tradingview.com/chart/?symbol=NYSE:SBH,https://finviz.com/quote.ashx?t=SBH,"$vol(30d) $20.4M < $50M | FAIL: dollar_vol, short_float, rr (no TV drawing read)"
SCL,FAIL,"dollar_vol,no_earnings_14d,rr",False,True,False,True,False,True,True,False,False,,False,61.040000915527344,8548772.173554739,140051.96666666667,3.09,88.18,2026-10-21,13,264,52.202964782714844,52.804591375734766,52.5037780792248,48.67993637334649,64.75885009765625,3.2049109144847687,0.9999999999999999,3.823841705878309,2.2323682549881685,,,,,,,,,,,False,,,,,,,,,,False,-5.97,2/3,2/4,0.58,14.9,True,no new high: recent high 66.33 is -5.97 ATR vs prior 2.5y high 89.15 (needs >= +1),,,,,,,False,,no SMA50/100/150/200 support with an earlier bounce,,,,28,,,,,False,True,True,no TV drawing read (f_rr False),https://www.tradingview.com/chart/?symbol=NYSE:SCL,https://finviz.com/quote.ashx?t=SCL,"$vol(30d) $8.5M < $50M | FAIL: dollar_vol, no_earnings_14d, rr (no TV drawing read)"
SFNC,FAIL,"dollar_vol,rr",False,True,True,True,False,True,True,False,False,,False,22.3799991607666,30441119.69048055,1360193.0666666667,4.42,82.19,2026-10-27,19,264,21.176232841110334,21.75519394637739,21.46571339374386,20.41060710197432,23.857324600219727,2.2667016822208925,1.0000000000000007,1.0551062917695397,0.8665342763612689,,,,,,,,,,,False,,,,,,,,,,False,0.19,5/6,4/5,0.82,15.6,True,no new high: recent high 24.10 is +0.19 ATR vs prior 2.5y high 23.90 (needs >= +1),,,,,,,False,,no SMA50/100/150/200 support with an earlier bounce,,,,8,,,,,False,True,False,no TV drawing read (f_rr False),https://www.tradingview.com/chart/?symbol=NASDAQ:SFNC,https://finviz.com/quote.ashx?t=SFNC,"$vol(30d) $30.4M < $50M | FAIL: dollar_vol, rr (no TV drawing read)"
SFST,FAIL,"dollar_vol,rr",False,True,True,True,False,False,True,False,False,,False,60.400001525878906,4989052.206037902,82600.2,4.7,89.06,2026-10-27,19,264,58.40999984741211,59.70000076293945,59.05500030517578,55.98285756792341,64.18000030517578,1.6682167588943608,0.9999999999999997,3.0721427372523715,0.4378055760215269,,,,,,,,,,,False,,,,,,,,,,True,1.01,5/6,5/5,0.92,15.4,True,"uptrend: new high +1.0 ATR above prior 2.5y high, 5/6 HH and 5/5 HL, 30w EMA +15% in 26w",,,,,,,True,SMA150,"SMA150 59.07 (latest low 59.45 / close 60.40); held before 5x, last 2026-07-21",,,,6,,,,,True,True,False,no TV drawing read (f_rr False),https://www.tradingview.com/chart/?symbol=NASDAQ:SFST,https://finviz.com/quote.ashx?t=SFST,"$vol(30d) $5.0M < $50M | FAIL: dollar_vol, rr (no TV drawing read)"
SHC,FAIL,"dollar_vol,rr",False,True,True,True,False,True,True,False,False,,False,17.829999923706055,34134576.78860601,1914446.2666666666,4.39,103.25,2026-11-10,33,264,16.299999237060547,16.5,16.399999618530273,15.34585680280413,19.56999969482422,3.0071827355862593,0.9999999999999993,1.0541428157261439,1.3565527211706403,,,,,,,,,,,False,,,,,,,,,,False,-0.06,6/7,3/4,0.8,11.2,True,no new high: recent high 19.79 is -0.06 ATR vs prior 2.5y high 19.85 (needs >= +1),,,,,,,True,SMA100,"SMA100 17.66 (latest low 17.51 / close 17.83); held before 2x, last 2025-11-18",,,,11,,,,,True,True,False,no TV drawing read (f_rr False),https://www.tradingview.com/chart/?symbol=NASDAQ:SHC,https://finviz.com/quote.ashx?t=SHC,"$vol(30d) $34.1M < $50M | FAIL: dollar_vol, rr (no TV drawing read)"
SHOO,FAIL,"dollar_vol,short_float,rr",False,False,True,True,False,False,True,False,False,,False,44.20000076293945,49238118.69656944,1113984.5666666667,5.1,101.47,2026-11-11,34,264,46.33468519715657,46.871957531086096,46.60332136412133,43.47199284107683,48.54346928930143,0.6195925821586273,0.9999999999999996,3.131328523044496,-0.7675082903294985,,,,,,,,,,,False,,,,,,,,,,False,0.57,5/6,4/7,0.7,17.9,True,no new high: recent high 49.45 is +0.57 ATR vs prior 2.5y high 47.67 (needs >= +1),,,,,,,True,SMA100,"SMA100 43.69 (latest low 43.88 / close 44.20); held before 2x, last 2026-07-08",,,,28,,,,,False,True,False,no TV drawing read (f_rr False),https://www.tradingview.com/chart/?symbol=NASDAQ:SHOO,https://finviz.com/quote.ashx?t=SHOO,"$vol(30d) $49.2M < $50M | FAIL: dollar_vol, short_float, rr (no TV drawing read)"
SIRI,FAIL,"short_float,rr",True,False,True,True,False,True,False,False,False,,False,26.329999923706055,112829399.05139829,4285203.166666667,11.88,84.07,2026-11-03,26,264,21.340167999267578,21.61139908431277,21.47578354179017,19.85776291551338,29.149999618530273,4.742965542039566,0.9609411965515953,1.6837873452435717,2.8829153489175834,,,,,,,,,,,False,,,,,,,,,,False,-3.15,6/10,2/5,0.5,25.2,True,no new high: recent high 32.37 is -3.15 ATR vs prior 2.5y high 37.68 (needs >= +1),,,,,,,True,SMA200,"SMA200 25.38 (latest low 25.62 / close 26.33); held before 2x, last 2026-03-09",,,,1,,,,,False,True,False,no TV drawing read (f_rr False),https://www.tradingview.com/chart/?symbol=NASDAQ:SIRI,https://finviz.com/quote.ashx?t=SIRI,"short float 11.88% >= 5% | FAIL: short_float, rr (no TV drawing read)"
SKYW,FAIL,"dollar_vol,rr",False,True,True,True,False,False,True,False,False,,False,96.7300033569336,30363322.35040029,313897.6666666667,4.74,94.96,2026-10-22,14,264,99.30000305175781,101.37999725341797,100.34000015258789,93.16321454729352,111.83999633789062,1.6023881466960779,1.0000000000000009,7.176785605294364,-0.5030102603303598,,,,,,,,,,,False,,,,,,,,,,False,-2.49,4/7,3/6,0.54,-0.8,False,no new high: recent high 117.72 is -2.49 ATR vs prior 2.5y high 135.57 (needs >= +1); 30w EMA falling (-1% in 26w),,,,,,,True,"SMA150,SMA200","SMA150 94.82 (latest low 95.17 / close 96.73); held before 3x, last 2026-07-23; SMA200 96.57 (latest low 95.17 / close 96.73); held before 2x, last 2026-07-02",,,,11,,,,,False,True,False,no TV drawing read (f_rr False),https://www.tradingview.com/chart/?symbol=NASDAQ:SKYW,https://finviz.com/quote.ashx?t=SKYW,"$vol(30d) $30.4M < $50M | FAIL: dollar_vol, rr (no TV drawing read)"
SLG,FAIL,"dollar_vol,short_float,no_earnings_14d,rr",False,False,False,True,False,True,True,False,False,,False,48.939998626708984,36794415.61018931,751827.0666666667,16.03,94.99,2026-10-21,13,264,45.2158317565918,46.24369158241842,45.72976166950511,41.81843376248781,57.540000915527344,3.0194960705885894,1.0000000000000009,3.911327907017299,0.8207537270000812,,,,,,,,,,,False,,,,,,,,,,False,-4.07,2/4,2/4,0.5,15.2,True,no new high: recent high 60.09 is -4.07 ATR vs prior 2.5y high 75.99 (needs >= +1),,,,,,,True,"SMA150,SMA200","SMA150 47.27 (latest low 47.47 / close 48.94); held before 1x, last 2026-06-03; SMA200 46.07 (latest low 47.47 / close 48.94); held before 1x, last 2024-12-30",,,,23,,,,,False,True,True,no TV drawing read (f_rr False),https://www.tradingview.com/chart/?symbol=NYSE:SLG,https://finviz.com/quote.ashx?t=SLG,"$vol(30d) $36.8M < $50M | FAIL: dollar_vol, short_float, no_earnings_14d, rr (no TV drawing read)"
STT,FAIL,"no_earnings_14d,rr",True,True,False,True,False,True,False,False,False,,False,175.08999633789062,284204932.29802144,1623193.4333333333,1.92,94.62,2026-10-14,6,264,130.82041931152344,132.6490334945846,131.73472640305403,122.1140152126941,194.25999450683594,6.499027656752966,0.9999999999999994,9.620711190359932,4.506451662147295,,,,,,,,,,,False,,,,,,,,,,True,5.9,4/5,2/3,0.73,38.8,True,"uptrend: new high +5.9 ATR above prior 2.5y high, 4/5 HH and 2/3 HL, 30w EMA +39% in 26w",,,,,,,False,,no SMA50/100/150/200 support with an earlier bounce,,,,2,,,,,False,True,True,no TV drawing read (f_rr False),https://www.tradingview.com/chart/?symbol=NYSE:STT,https://finviz.com/quote.ashx?t=STT,"FAIL: no_earnings_14d, rr (no TV drawing read)"
SUNB,FAIL,"history,rr",True,True,True,False,False,False,False,False,False,,False,74.8499984741211,538700850.6731392,7197072.3,2.11,81.55,2026-12-30,83,32,,,,,,,,,,,,,,,,,,,,False,,,,,,,,,,,,,,,,,not enough history (32 weekly bars < 130),,,,,,,False,,no SMA50/100/150/200 support with an earlier bounce,,,,4,,,,,False,True,False,no computed weekly retest setup; no TV drawing read (f_rr False),https://www.tradingview.com/chart/?symbol=NYSE:SUNB,https://finviz.com/quote.ashx?t=SUNB,"history 32 weekly bars < ~3y (150) | FAIL: history, rr (no TV drawing read)"
SUNC,FAIL,"dollar_vol,short_float,history,rr",False,False,True,False,False,True,True,False,False,,False,72.2300033569336,35051289.68036346,485273.26666666666,5.16,92.7,2026-12-02,55,49,70.4206314086914,70.72637683368852,70.57350412118996,66.17883115019403,81.80999755859375,2.5568440499583667,1.000000000000001,4.394672970995922,0.3769334479894739,,,,,,,,,,,False,,,,,,,,,,,,,,,,,not enough history (49 weekly bars < 130),,,,,,,False,,no SMA50/100/150/200 support with an earlier bounce,,,,41,,,,,True,True,False,no TV drawing read (f_rr False),https://www.tradingview.com/chart/?symbol=NYSE:SUNC,https://finviz.com/quote.ashx?t=SUNC,"$vol(30d) $35.1M < $50M | FAIL: dollar_vol, short_float, history, rr (no TV drawing read)"
SXI,FAIL,"dollar_vol,short_float,rr",False,False,True,True,False,True,True,False,False,,False,281.05999755859375,36843742.8586263,131088.53333333333,5.57,104.2,2026-10-29,21,264,278.3661441689314,284.063173548843,281.2146588588872,255.9405137931445,341.4700012207031,2.3840704484792914,1.0000000000000002,25.27414506574271,-0.0061193484444742475,,,,,,,,,,,False,,,,,,,,,,True,3.43,6/8,4/5,0.78,19.3,True,"uptrend: new high +3.4 ATR above prior 2.5y high, 6/8 HH and 4/5 HL, 30w EMA +19% in 26w",,,,,,,True,SMA200,"SMA200 274.68 (latest low 280.67 / close 281.06); held before 5x, last 2026-05-19",,,,13,,,,,False,True,False,no TV drawing read (f_rr False),https://www.tradingview.com/chart/?symbol=NYSE:SXI,https://finviz.com/quote.ashx?t=SXI,"$vol(30d) $36.8M < $50M | FAIL: dollar_vol, short_float, rr (no TV drawing read)"
SYRE,FAIL,"short_float,rr",True,False,True,True,False,True,True,False,False,,False,79.9000015258789,114513017.76689605,1433204.2,15.35,101.62,2026-11-05,28,264,75.1500015258789,78.80000305175781,76.97500228881836,65.34314618791852,106.48999786376953,2.5374278463320996,1.0000000000000004,11.631856100899833,0.25146453082705095,,,,,,,,,,,False,,,,,,,,,,True,4.8,4/5,3/4,0.78,133.3,True,"uptrend: new high +4.8 ATR above prior 2.5y high, 4/5 HH and 3/4 HL, 30w EMA +133% in 26w",,,,,,,True,SMA150,"SMA150 79.84 (latest low 77.05 / close 79.90); held before 1x, last 2024-10-31",,,,5,,,,,True,True,False,no TV drawing read (f_rr False),https://www.tradingview.com/chart/?symbol=NASDAQ:SYRE,https://finviz.com/quote.ashx?t=SYRE,"short float 15.35% >= 5% | FAIL: short_float, rr (no TV drawing read)"
TARS,FAIL,"short_float,rr",True,False,True,True,False,True,False,False,False,,False,72.22000122070312,59322888.40470886,821419.1,13.89,100.48,2026-11-10,33,261,65.44000244140625,66.19000244140625,65.81500244140625,57.96457372392927,90.77999877929688,3.180080634617116,0.9999999999999999,7.850428717476981,0.8158788532195415,,,,,,,,,,,False,,,,,,,,,,False,0.8,4/7,3/5,0.59,2.4,True,no new high: recent high 91.53 is +0.80 ATR vs prior 2.5y high 85.25 (needs >= +1),,,,,,,True,SMA200,"SMA200 68.44 (latest low 70.80 / close 72.22); held before 7x, last 2026-08-27",,,,0,,,,,False,True,False,no TV drawing read (f_rr False),https://www.tradingview.com/chart/?symbol=NASDAQ:TARS,https://finviz.com/quote.ashx?t=TARS,"short float 13.89% >= 5% | FAIL: short_float, rr (no TV drawing read)"
TBCH,FAIL,"dollar_vol,short_float,rr",False,False,True,True,False,False,True,False,False,,False,12.729999542236328,5066546.607143148,398000.5333333333,32.43,82.14,2026-11-05,28,261,13.270000457763672,13.670000076293945,13.470000267028809,12.322150366646904,13.949999809265137,0.4181727437329793,0.9999999999999994,1.1478499003819056,-0.6446842261747567,,,,,,,,,,,False,,,,,,,,,,False,-4.57,5/8,5/10,0.56,-1.1,False,no new high: recent high 14.25 is -4.57 ATR vs prior 2.5y high 19.50 (needs >= +1); 30w EMA falling (-1% in 26w),,,,,,,True,"SMA100,SMA150,SMA200","SMA100 12.66 (latest low 12.68 / close 12.73); held before 7x, last 2026-07-24; SMA150 12.27 (latest low 12.68 / close 12.73); held before 5x, last 2025-11-07; SMA200 12.40 (latest low 12.68 / close 12.73); held before 10x, last 2025-10-10",,,,5,,,,,False,True,False,no TV drawing read (f_rr False),https://www.tradingview.com/chart/?symbol=NASDAQ:TBCH,https://finviz.com/quote.ashx?t=TBCH,"$vol(30d) $5.1M < $50M | FAIL: dollar_vol, short_float, rr (no TV drawing read)"
TDW,FAIL,"dollar_vol,short_float,rr",False,False,True,True,False,True,False,False,False,,False,84.69999694824219,45437635.22287293,536453.8,12.95,115.52,2026-11-11,34,264,59.599998474121094,59.71919847106933,59.65959847259521,52.49631144605364,95.37000274658203,4.985198016172158,1.0000000000000002,7.163287026541574,3.4956575637506524,,,,,,,,,,,False,,,,,,,,,,False,-1.37,6/7,3/4,0.8,22.0,True,no new high: recent high 101.58 is -1.37 ATR vs prior 2.5y high 111.42 (needs >= +1),,,,,,,True,SMA150,"SMA150 81.28 (latest low 83.59 / close 84.70); held before 4x, last 2025-11-25",,,,2,,,,,False,True,False,no TV drawing read (f_rr False),https://www.tradingview.com/chart/?symbol=NYSE:TDW,https://finviz.com/quote.ashx?t=TDW,"$vol(30d) $45.4M < $50M | FAIL: dollar_vol, short_float, rr (no TV drawing read)"
TFX,FAIL,"short_float,rr",True,False,True,True,False,False,False,False,False,,False,124.19000244140625,91681588.59766845,738236.4666666667,9.53,113.53,2026-10-22,14,264,132.75062526878483,133.41896517435038,133.08479522156762,124.88145649640208,139.6699981689453,0.8027466825398961,1.0000000000000007,8.203338725165532,-1.084289345858004,,,,,,,,,,,False,,,,,,,,,,False,-12.21,4/8,4/6,0.58,10.4,True,no new high: recent high 144.64 is -12.21 ATR vs prior 2.5y high 244.76 (needs >= +1),,,,,,,True,SMA200,"SMA200 123.57 (latest low 122.06 / close 124.19); held before 2x, last 2026-06-22",,,,0,,,,,False,True,False,no TV drawing read (f_rr False),https://www.tradingview.com/chart/?symbol=NYSE:TFX,https://finviz.com/quote.ashx?t=TFX,"short float 9.53% >= 5% | FAIL: short_float, rr (no TV drawing read)"
TGT,FAIL,rr,True,True,True,True,False,True,True,False,False,,True,154.75999450683594,537339066.2512954,3472079.9,3.7,89.56,2026-11-18,41,262,139.32064819335938,141.73214159212128,140.5263948927403,131.38869271011097,166.05999755859375,2.794313291846226,1.0000000000000013,9.137702182629328,1.5576782138023213,no,,,,,,,2026-10-07,charts/latest/TGT.webp,,False,,,,,,,,,,True,1.73,4/6,2/4,0.58,32.2,True,"uptrend: new high +1.7 ATR above prior 2.5y high, 4/6 HH and 2/4 HL, 30w EMA +32% in 26w",,,,,,,False,,no SMA50/100/150/200 support with an earlier bounce,,,,5,,,,,False,True,False,TV drawing not found (f_rr False),https://www.tradingview.com/chart/?symbol=NYSE:TGT,https://finviz.com/quote.ashx?t=TGT,FAIL: rr (TV drawing not found)
THFF,FAIL,"dollar_vol,rr",False,True,True,True,False,True,False,False,False,,False,73.91000366210938,8722245.179171752,118011.7,3.54,81.99,2026-10-27,19,262,66.74281311035156,68.1006906678378,67.42175188909468,63.53139555277353,82.05999755859375,3.7627004839719875,0.9999999999999994,3.8903563363211497,1.6677782732751423,,,,,,,,,,,False,,,,,,,,,,True,4.13,8/8,4/5,0.9,22.2,True,"uptrend: new high +4.1 ATR above prior 2.5y high, 8/8 HH and 4/5 HL, 30w EMA +22% in 26w",,,,,,,True,SMA150,"SMA150 71.91 (latest low 73.04 / close 73.91); held before 6x, last 2026-03-09",,,,1,,,,,False,True,False,no TV drawing read (f_rr False),https://www.tradingview.com/chart/?symbol=NASDAQ:THFF,https://finviz.com/quote.ashx?t=THFF,"$vol(30d) $8.7M < $50M | FAIL: dollar_vol, rr (no TV drawing read)"
TILE,FAIL,"dollar_vol,short_float,rr",False,False,True,True,False,True,False,False,False,,False,34.83000183105469,17935023.29186554,514930.3,7.58,104.54,2026-10-30,22,264,29.605663299560547,30.284417857288204,29.945040578424376,27.30911068798396,39.05777275005759,3.457122363034717,0.9999999999999994,2.635929890440417,1.8532212371604928,,,,,,,,,,,False,,,,,,,,,,True,2.07,4/6,2/3,0.67,20.1,True,"uptrend: new high +2.1 ATR above prior 2.5y high, 4/6 HH and 2/3 HL, 30w EMA +20% in 26w",,,,,,,True,SMA100,"SMA100 34.06 (latest low 34.11 / close 34.83); held before 7x, last 2026-09-10",,,,4,,,,,False,True,False,no TV drawing read (f_rr False),https://www.tradingview.com/chart/?symbol=NASDAQ:TILE,https://finviz.com/quote.ashx?t=TILE,"$vol(30d) $17.9M < $50M | FAIL: dollar_vol, short_float, rr (no TV drawing read)"
TNET,FAIL,"dollar_vol,rr",False,True,True,True,False,True,True,False,False,,False,66.48999786376953,19876096.6417422,298933.63333333336,4.0,96.34,2026-10-28,20,264,44.209415435791016,46.10822304583507,45.158819240813045,39.79560556545032,70.6500015258789,4.752967871141523,0.9999999999999999,5.363213675362723,3.977312841542496,,,,,,,,,,,False,,,,,,,,,,False,-9.94,1/6,2/4,0.33,15.4,True,"no new high: recent high 73.08 is -9.94 ATR vs prior 2.5y high 126.40 (needs >= +1); choppy swings: 1/6 higher highs, 2/4 higher lows",,,,,,,False,,no SMA50/100/150/200 support with an earlier bounce,,,,29,,,,,False,True,False,no TV drawing read (f_rr False),https://www.tradingview.com/chart/?symbol=NYSE:TNET,https://finviz.com/quote.ashx?t=TNET,"$vol(30d) $19.9M < $50M | FAIL: dollar_vol, rr (no TV drawing read)"
TNGX,FAIL,"short_float,rr",True,False,True,True,False,True,False,False,False,,False,22.56999969482422,67914472.74904123,3009059.533333333,33.73,111.08,2026-11-10,33,264,10.90999984741211,11.199999809265137,11.054999828338623,8.819999923706055,31.469999313354492,9.134228347258956,0.6874127902920464,3.251321383884975,3.5416369244698984,,,,,,,,,,,False,,,,,,,,,,True,3.75,6/6,5/5,1.0,79.5,True,"uptrend: new high +3.7 ATR above prior 2.5y high, 6/6 HH and 5/5 HL, 30w EMA +79% in 26w",,,,,,,False,,no SMA50/100/150/200 support with an earlier bounce,,,,0,,,,,False,True,False,no TV drawing read (f_rr False),https://www.tradingview.com/chart/?symbol=NASDAQ:TNGX,https://finviz.com/quote.ashx?t=TNGX,"short float 33.73% >= 5% | FAIL: short_float, rr (no TV drawing read)"
TOST,FAIL,"short_float,rr",True,False,True,True,False,True,True,False,False,,False,30.530000686645508,252660004.6438703,8275794.266666667,6.54,83.22,2026-11-10,33,263,27.46500015258789,28.155000686645508,27.8100004196167,24.98250048501151,36.63999938964844,3.122899796376014,0.9999999999999999,2.8274999346051897,0.9619806648761633,,,,,,,,,,,False,,,,,,,,,,False,-4.41,2/8,1/4,0.25,-4.1,False,"no new high: recent high 37.20 is -4.41 ATR vs prior 2.5y high 49.66 (needs >= +1); choppy swings: 2/8 higher highs, 1/4 higher lows; 30w EMA falling (-4% in 26w)",,,,,,,True,"SMA100,SMA200","SMA100 29.84 (latest low 30.22 / close 30.53); held before 2x, last 2026-07-23; SMA200 29.70 (latest low 30.22 / close 30.53); held before 3x, last 2025-08-20",,,,17,,,,,True,True,False,no TV drawing read (f_rr False),https://www.tradingview.com/chart/?symbol=NYSE:TOST,https://finviz.com/quote.ashx?t=TOST,"short float 6.54% >= 5% | FAIL: short_float, rr (no TV drawing read)"
TPC,FAIL,"dollar_vol,rr",False,True,True,True,False,True,False,False,False,,False,84.23999786376953,32925093.6530571,390848.7,4.09,81.19,2026-11-11,34,264,79.45196533203125,85.635893885523,82.54392960877712,74.5380167453331,99.87191409742356,2.164398337105083,0.9999999999999998,8.005912863444026,0.21185195041740537,,,,,,,,,,,False,,,,,,,,,,True,1.61,5/6,5/6,0.83,18.3,True,"uptrend: new high +1.6 ATR above prior 2.5y high, 5/6 HH and 5/6 HL, 30w EMA +18% in 26w",,,,,,,True,"SMA100,SMA150,SMA200","SMA100 82.83 (latest low 82.74 / close 84.24); held before 3x, last 2026-08-19; SMA150 81.99 (latest low 82.74 / close 84.24); held before 2x, last 2026-05-07; SMA200 80.65 (latest low 82.74 / close 84.24); held before 4x, last 2026-07-29",,,,2,,,,,False,True,False,no TV drawing read (f_rr False),https://www.tradingview.com/chart/?symbol=NYSE:TPC,https://finviz.com/quote.ashx?t=TPC,"$vol(30d) $32.9M < $50M | FAIL: dollar_vol, rr (no TV drawing read)"
TRAX,FAIL,"dollar_vol,short_float,history,rr",False,False,True,False,False,False,False,False,False,,False,32.0099983215332,23094047.558047358,721463.5666666667,14.82,89.84,2026-12-02,55,27,,,,,,,,,,,,,,,,,,,,False,,,,,,,,,,,,,,,,,not enough history (27 weekly bars < 130),,,,,,,False,,no SMA50/100/150/200 support with an earlier bounce,,,,0,,,,,False,True,False,too few weekly bars for computed retest (27); no TV drawing read (f_rr False),https://www.tradingview.com/chart/?symbol=NASDAQ:TRAX,https://finviz.com/quote.ashx?t=TRAX,"$vol(30d) $23.1M < $50M | FAIL: dollar_vol, short_float, history, rr (no TV drawing read)"
TREX,FAIL,"short_float,rr",True,False,True,True,False,False,True,False,False,,False,44.439998626708984,63590179.121594116,1430922.1666666667,10.05,109.32,2026-11-02,25,264,42.77000045776367,43.619998931884766,43.19499969482422,39.50131361825125,49.630001068115234,1.7421625010595014,1.0000000000000009,3.693686076572963,0.3370613815237616,,,,,,,,,,,False,,,,,,,,,,False,-11.65,3/7,4/6,0.55,4.5,True,no new high: recent high 50.96 is -11.65 ATR vs prior 2.5y high 94.00 (needs >= +1),,,,,,,True,SMA150,"SMA150 42.79 (latest low 43.87 / close 44.44); held before 3x, last 2026-09-03",,,,43,,,,,False,True,False,no TV drawing read (f_rr False),https://www.tradingview.com/chart/?symbol=NYSE:TREX,https://finviz.com/quote.ashx?t=TREX,"short float 10.05% >= 5% | FAIL: short_float, rr (no TV drawing read)"
TRMK,FAIL,"dollar_vol,short_float,rr",False,False,True,True,False,False,False,False,False,,False,44.54999923706055,16654147.00478999,373830.4666666667,6.23,81.1,2026-10-27,19,264,44.788429260253906,45.312558479832276,45.05049387004309,43.089165403055155,48.027099609375,1.517647752241704,0.9999999999999988,1.9613284669879387,-0.25518144533494,,,,,,,,,,,False,,,,,,,,,,True,1.88,6/6,4/4,1.0,11.6,True,"uptrend: new high +1.9 ATR above prior 2.5y high, 6/6 HH and 4/4 HL, 30w EMA +12% in 26w",,,,,,,True,SMA200,"SMA200 43.98 (latest low 43.99 / close 44.55); held before 7x, last 2026-03-09",,,,2,,,,,False,True,False,no TV drawing read (f_rr False),https://www.tradingview.com/chart/?symbol=NASDAQ:TRMK,https://finviz.com/quote.ashx?t=TRMK,"$vol(30d) $16.7M < $50M | FAIL: dollar_vol, short_float, rr (no TV drawing read)"
TRNS,FAIL,"dollar_vol,short_float,rr",False,False,True,True,False,False,True,False,False,,False,86.4000015258789,9625700.329995982,111408.56666666667,5.26,103.62,2026-11-02,25,264,81.22000122070312,82.30999755859375,81.76499938964844,74.17999976021903,93.69999694824219,1.5735000845994216,0.9999999999999994,7.584999629429409,0.6110748006165878,,,,,,,,,,,False,,,,,,,,,,False,-6.21,6/8,2/6,0.54,17.7,True,no new high: recent high 100.00 is -6.21 ATR vs prior 2.5y high 147.12 (needs >= +1),,,,,,,True,SMA150,"SMA150 83.58 (latest low 86.26 / close 86.40); held before 6x, last 2026-07-30",,,,13,,,,,True,True,False,no TV drawing read (f_rr False),https://www.tradingview.com/chart/?symbol=NASDAQ:TRNS,https://finviz.com/quote.ashx?t=TRNS,"$vol(30d) $9.6M < $50M | FAIL: dollar_vol, short_float, rr (no TV drawing read)"
TROW,FAIL,"short_float,rr",True,False,True,True,False,True,True,False,False,,False,104.2300033569336,161495318.7169431,1549412.9666666666,13.1,92.06,2026-10-22,14,264,102.80223083496094,104.36383483538079,103.58303283517085,98.6899436514725,117.09334131100715,2.761099985842641,0.9999999999999989,4.893089183698356,0.13222128137745037,,,,,,,,,,,False,,,,,,,,,,False,1.39,3/5,1/4,0.42,12.2,True,"choppy swings: 3/5 higher highs, 1/4 higher lows",,,,,,,True,"SMA150,SMA200","SMA150 103.19 (latest low 103.00 / close 104.23); held before 7x, last 2026-05-21; SMA200 101.64 (latest low 103.00 / close 104.23); held before 5x, last 2026-05-12",,,,9,,,,,False,True,False,no TV drawing read (f_rr False),https://www.tradingview.com/chart/?symbol=NASDAQ:TROW,https://finviz.com/quote.ashx?t=TROW,"short float 13.10% >= 5% | FAIL: short_float, rr (no TV drawing read)"
TRS,FAIL,"dollar_vol,short_float,rr",False,False,True,True,False,True,True,False,False,,False,38.439998626708984,11163918.662495932,290424.5333333333,13.21,83.12,2026-10-22,14,264,38.46530532836914,38.79466376519861,38.629984546783874,36.4410454769484,44.536415100097656,2.6983074287936826,0.9999999999999998,2.1889390698354707,-0.08679360823376839,,,,,,,,,,,False,,,,,,,,,,True,1.6,3/6,1/2,0.5,11.0,True,"uptrend: new high +1.6 ATR above prior 2.5y high, 3/6 HH and 1/2 HL, 30w EMA +11% in 26w",,,,,,,True,SMA200,"SMA200 38.33 (latest low 38.02 / close 38.44); held before 6x, last 2026-08-20",,,,8,,,,,False,True,False,no TV drawing read (f_rr False),https://www.tradingview.com/chart/?symbol=NASDAQ:TRS,https://finviz.com/quote.ashx?t=TRS,"$vol(30d) $11.2M < $50M | FAIL: dollar_vol, short_float, rr (no TV drawing read)"
TVTX,FAIL,"short_float,rr",True,False,True,True,False,True,True,False,False,,False,52.040000915527344,78317569.88848902,1504949.4333333333,14.17,113.41,2026-10-22,14,264,40.18000030517578,40.75,40.46500015258789,34.940665108816965,66.16999816894531,4.653048342051883,0.9999999999999999,5.524335043770926,2.0952749373865505,,,,,,,,,,,False,,,,,,,,,,True,4.82,6/6,3/3,1.0,82.8,True,"uptrend: new high +4.8 ATR above prior 2.5y high, 6/6 HH and 3/3 HL, 30w EMA +83% in 26w",,,,,,,True,SMA150,"SMA150 49.94 (latest low 51.45 / close 52.04); held before 3x, last 2026-01-13",,,,20,,,,,False,True,False,no TV drawing read (f_rr False),https://www.tradingview.com/chart/?symbol=NASDAQ:TVTX,https://finviz.com/quote.ashx?t=TVTX,"short float 14.17% >= 5% | FAIL: short_float, rr (no TV drawing read)"
UFPT,FAIL,"dollar_vol,short_float,rr",False,False,True,True,False,True,True,False,False,,False,286.55999755859375,32875442.88791097,114724.46666666666,14.14,124.2,2026-11-04,27,264,230.5500030517578,234.55999755859375,232.55500030517578,206.71285683768136,321.760009765625,3.4519199064371677,1.0000000000000002,25.84214346749442,2.0898033215142635,,,,,,,,,,,False,,,,,,,,,,False,-1.07,6/7,3/6,0.68,19.0,True,no new high: recent high 338.71 is -1.07 ATR vs prior 2.5y high 366.41 (needs >= +1),,,,,,,False,,no SMA50/100/150/200 support with an earlier bounce,,,,12,,,,,False,True,False,no TV drawing read (f_rr False),https://www.tradingview.com/chart/?symbol=NASDAQ:UFPT,https://finviz.com/quote.ashx?t=UFPT,"$vol(30d) $32.9M < $50M | FAIL: dollar_vol, short_float, rr (no TV drawing read)"
UGI,FAIL,"short_float,rr",True,False,True,True,False,False,False,False,False,,False,36.939998626708984,70108528.05696042,1897902.8333333333,6.03,95.34,2026-11-19,42,264,36.95887756347656,37.11728673788382,37.0380821506802,35.13776745788311,37.939034704884826,0.4741070295459904,1.0000000000000013,1.9003146927970864,-0.05161435858123177,,,,,,,,,,,False,,,,,,,,,,False,-0.25,4/6,2/6,0.5,1.6,True,no new high: recent high 39.60 is -0.25 ATR vs prior 2.5y high 40.08 (needs >= +1),,,,,,,True,"SMA50,SMA200","SMA50 36.73 (latest low 36.54 / close 36.94); held before 5x, last 2026-01-05; SMA200 35.96 (latest low 36.54 / close 36.94); held before 5x, last 2026-04-22",,,,2,,,,,False,True,False,no TV drawing read (f_rr False),https://www.tradingview.com/chart/?symbol=NYSE:UGI,https://finviz.com/quote.ashx?t=UGI,"short float 6.03% >= 5% | FAIL: short_float, rr (no TV drawing read)"
UNF,FAIL,"short_float,rr",True,False,True,True,False,True,False,False,False,,False,259.6000061035156,86464195.23287964,333067.0,6.03,85.29,2026-10-28,20,264,262.42755126953125,264.17287945787757,263.3002153637044,254.49876279594866,296.07663908860803,3.7239789083202637,0.6132363533225814,14.35246380953855,-0.25781003939753194,,,,,,,,,,,False,,,,,,,,,,True,1.62,3/6,4/5,0.65,21.8,True,"uptrend: new high +1.6 ATR above prior 2.5y high, 3/6 HH and 4/5 HL, 30w EMA +22% in 26w",,,,,,,True,SMA200,"SMA200 254.76 (latest low 249.51 / close 259.60); held before 1x, last 2024-10-23",,,,0,,,,,False,True,False,no TV drawing read (f_rr False),https://www.tradingview.com/chart/?symbol=NYSE:UNF,https://finviz.com/quote.ashx?t=UNF,"short float 6.03% >= 5% | FAIL: short_float, rr (no TV drawing read)"
URGN,FAIL,"dollar_vol,short_float,rr",False,False,True,True,False,True,True,False,False,,False,36.97999954223633,28034641.19696808,758102.8,15.05,80.66,2026-11-05,28,264,30.459999084472656,32.369998931884766,31.41499900817871,26.590000381469725,48.5099983215332,3.543006047447225,0.9528172184646514,5.063928876604352,1.098949189386969,,,,,,,,,,,False,,,,,,,,,,True,4.11,6/7,4/5,0.83,81.4,True,"uptrend: new high +4.1 ATR above prior 2.5y high, 6/7 HH and 4/5 HL, 30w EMA +81% in 26w",,,,,,,True,SMA150,"SMA150 33.34 (latest low 34.18 / close 36.98); held before 1x, last 2026-04-28",,,,6,,,,,False,True,False,no TV drawing read (f_rr False),https://www.tradingview.com/chart/?symbol=NASDAQ:URGN,https://finviz.com/quote.ashx?t=URGN,"$vol(30d) $28.0M < $50M | FAIL: dollar_vol, short_float, rr (no TV drawing read)"
USFD,FAIL,rr,True,True,True,True,False,True,True,False,False,,False,97.12000274658203,213810223.44394886,2201505.533333333,4.94,109.47,2026-11-05,28,264,93.69000244140625,93.73999786376953,93.71500015258789,88.7599966430664,109.7300033569336,3.232087156663243,0.7904246973883007,6.268786294119699,0.5431677575590877,no,,,,,,,2026-10-07,charts/latest/USFD.webp,user-lines,False,"user lines only, no zone/position","hline 85.66, hline 83.41",,,,,,,,True,1.48,4/7,4/6,0.62,12.9,True,"uptrend: new high +1.5 ATR above prior 2.5y high, 4/7 HH and 4/6 HL, 30w EMA +13% in 26w",,,,,,,True,"SMA100,SMA150","SMA100 96.94 (latest low 95.81 / close 97.12); held before 4x, last 2026-07-23; SMA150 94.78 (latest low 95.81 / close 97.12); held before 1x, last 2025-10-02",,,,12,,,,,False,True,False,TV drawing not found (f_rr False),https://www.tradingview.com/chart/?symbol=NYSE:USFD,https://finviz.com/quote.ashx?t=USFD,FAIL: rr (TV drawing not found)
UTL,FAIL,"dollar_vol,rr",False,True,True,True,False,False,False,False,False,,False,52.380001068115234,7863626.230352402,150126.5,4.0,84.88,2026-11-09,32,264,52.186161041259766,52.75575210838992,52.47095657482484,50.05845636844537,53.79999923706055,0.5508984657167147,0.9999999999999998,2.41250020637947,-0.03770176121398365,,,,,,,,,,,False,,,,,,,,,,False,-1.03,3/5,2/5,0.5,4.3,True,no new high: recent high 56.76 is -1.03 ATR vs prior 2.5y high 59.25 (needs >= +1),,,,,,,True,"SMA100,SMA150,SMA200","SMA100 52.34 (latest low 51.68 / close 52.38); held before 7x, last 2026-04-21; SMA150 52.05 (latest low 51.68 / close 52.38); held before 7x, last 2026-08-31; SMA200 51.34 (latest low 51.68 / close 52.38); held before 5x, last 2026-08-03",,,,2,,,,,False,True,False,no TV drawing read (f_rr False),https://www.tradingview.com/chart/?symbol=NYSE:UTL,https://finviz.com/quote.ashx?t=UTL,"$vol(30d) $7.9M < $50M | FAIL: dollar_vol, rr (no TV drawing read)"
UVSP,FAIL,"dollar_vol,rr",False,True,True,True,False,True,False,False,False,,False,41.2599983215332,9311944.265187835,225689.4,3.3,82.78,2026-10-28,20,264,35.21139907836914,35.57501000171196,35.39320454004055,33.717330829103794,44.46081763382424,5.4106780448958816,1.0000000000000009,1.6758737109367543,3.500737402350755,,,,,,,,,,,False,,,,,,,,,,True,4.73,4/7,2/4,0.54,24.2,True,"uptrend: new high +4.7 ATR above prior 2.5y high, 4/7 HH and 2/4 HL, 30w EMA +24% in 26w",,,,,,,False,,no SMA50/100/150/200 support with an earlier bounce,,,,2,,,,,False,True,False,no TV drawing read (f_rr False),https://www.tradingview.com/chart/?symbol=NASDAQ:UVSP,https://finviz.com/quote.ashx?t=UVSP,"$vol(30d) $9.3M < $50M | FAIL: dollar_vol, rr (no TV drawing read)"
VAC,FAIL,"dollar_vol,short_float,rr",False,False,True,True,False,True,True,False,False,,False,104.20999908447266,42260201.034393564,405529.23333333334,6.15,90.61,2026-11-11,34,264,100.49881744384766,101.19327651998854,100.84604698191811,93.41520465004895,120.54897189974993,2.65150625432201,0.7029374040292634,10.57112950495349,0.3182206878629428,,,,,,,,,,,False,,,,,,,,,,True,3.5,5/8,4/6,0.65,51.2,True,"uptrend: new high +3.5 ATR above prior 2.5y high, 5/8 HH and 4/6 HL, 30w EMA +51% in 26w",,,,,,,False,,no SMA50/100/150/200 support with an earlier bounce,,,,29,,,,,False,True,False,no TV drawing read (f_rr False),https://www.tradingview.com/chart/?symbol=NYSE:VAC,https://finviz.com/quote.ashx?t=VAC,"$vol(30d) $42.3M < $50M | FAIL: dollar_vol, short_float, rr (no TV drawing read)"
VCEL,FAIL,"dollar_vol,short_float,rr",False,False,True,True,False,True,True,False,False,,False,40.04999923706055,20940235.551095325,522852.3333333333,10.84,109.11,2026-11-11,34,264,35.68000030517578,35.86000061035156,35.77000045776367,32.88747188023159,47.0,3.8958848941754605,0.9999999999999992,2.8825285775320872,1.4848070588640094,,,,,,,,,,,False,,,,,,,,,,False,-4.75,2/5,3/6,0.45,11.7,True,"no new high: recent high 49.32 is -4.75 ATR vs prior 2.5y high 63.00 (needs >= +1); choppy swings: 2/5 higher highs, 3/6 higher lows",,,,,,,True,SMA150,"SMA150 38.84 (latest low 39.81 / close 40.05); held before 1x, last 2025-11-20",,,,21,,,,,False,True,False,no TV drawing read (f_rr False),https://www.tradingview.com/chart/?symbol=NASDAQ:VCEL,https://finviz.com/quote.ashx?t=VCEL,"$vol(30d) $20.9M < $50M | FAIL: dollar_vol, short_float, rr (no TV drawing read)"
VCYT,FAIL,"short_float,rr",True,False,True,True,False,True,False,False,False,,False,43.599998474121094,61535472.606429294,1411364.1,10.65,110.98,2026-11-10,33,264,32.380001068115234,32.849998474121094,32.614999771118164,26.67142813546317,60.4900016784668,4.689941270351451,0.9999999999999999,5.943571635654995,1.8482150761176714,,,,,,,,,,,False,,,,,,,,,,False,1.72,1/3,1/3,0.33,23.7,True,"choppy swings: 1/3 higher highs, 1/3 higher lows",,,,,,,True,SMA200,"SMA200 42.55 (latest low 41.22 / close 43.60); held before 2x, last 2026-02-12",,,,2,,,,,False,True,False,no TV drawing read (f_rr False),https://www.tradingview.com/chart/?symbol=NASDAQ:VCYT,https://finviz.com/quote.ashx?t=VCYT,"short float 10.65% >= 5% | FAIL: short_float, rr (no TV drawing read)"
VIRT,FAIL,"short_float,rr",True,False,True,True,False,True,True,False,False,,False,57.810001373291016,64676457.512405396,1118776.2666666666,5.46,94.45,2026-11-04,27,264,40.92362976074219,41.48558142369565,41.20460559221892,36.22087027089234,67.68162536621094,5.312685780220032,0.7449086079246217,6.6903983499555535,2.4819741534795776,,,,,,,,,,,False,,,,,,,,,,True,2.87,6/7,2/3,0.76,42.1,True,"uptrend: new high +2.9 ATR above prior 2.5y high, 6/7 HH and 2/3 HL, 30w EMA +42% in 26w",,,,,,,False,,no SMA50/100/150/200 support with an earlier bounce,,,,11,,,,,False,True,False,no TV drawing read (f_rr False),https://www.tradingview.com/chart/?symbol=NYSE:VIRT,https://finviz.com/quote.ashx?t=VIRT,"short float 5.46% >= 5% | FAIL: short_float, rr (no TV drawing read)"
VNO,FAIL,"dollar_vol,short_float,rr",False,False,True,True,False,False,True,False,False,,False,33.810001373291016,40604660.98227577,1200965.9666666666,6.56,100.52,2026-11-02,25,264,39.13450060722655,39.212769608441,39.173635107833775,36.84899210900216,40.90999984741211,0.7469382354413331,1.0000000000000004,2.324642998831613,-2.3072935230220604,,,,,,,,,,,False,,,,,,,,,,False,-1.4,2/4,1/4,0.38,12.6,True,"no new high: recent high 41.60 is -1.40 ATR vs prior 2.5y high 44.87 (needs >= +1); choppy swings: 2/4 higher highs, 1/4 higher lows",,,,,,,True,SMA200,"SMA200 33.35 (latest low 32.97 / close 33.81); held before 2x, last 2026-09-10",,,,8,,,,,False,True,False,no TV drawing read (f_rr False),https://www.tradingview.com/chart/?symbol=NYSE:VNO,https://finviz.com/quote.ashx?t=VNO,"$vol(30d) $40.6M < $50M | FAIL: dollar_vol, short_float, rr (no TV drawing read)"
VSAT,FAIL,"short_float,rr",True,False,True,True,False,True,True,False,False,,False,67.41000366210938,113666006.66500854,1686189.0,8.67,102.14,2026-11-11,34,264,48.849998474121094,49.5,49.17499923706055,41.659998168945314,82.87000274658203,4.483699097859505,0.7552976527644211,9.949721200125557,1.8327151141500042,,,,,,,,,,,False,,,,,,,,,,True,3.4,4/6,6/6,0.83,67.1,True,"uptrend: new high +3.4 ATR above prior 2.5y high, 4/6 HH and 6/6 HL, 30w EMA +67% in 26w",,,,,,,False,,no SMA50/100/150/200 support with an earlier bounce,,,,12,,,,,False,True,False,no TV drawing read (f_rr False),https://www.tradingview.com/chart/?symbol=NASDAQ:VSAT,https://finviz.com/quote.ashx?t=VSAT,"short float 8.67% >= 5% | FAIL: short_float, rr (no TV drawing read)"
WBI,FAIL,"dollar_vol,short_float,history,rr",False,False,True,False,False,True,False,False,False,,False,29.780000686645508,17746954.635862987,595935.3333333334,17.05,107.15,2026-11-18,41,56,24.837726256959588,25.354972127147505,25.096349192053545,22.530608427538127,32.779998779296875,2.994710024297608,1.0,2.565740764515418,1.8254578012586347,,,,,,,,,,,False,,,,,,,,,,,,,,,,,not enough history (56 weekly bars < 130),,,,,,,False,,no SMA50/100/150/200 support with an earlier bounce,,,,2,,,,,False,True,False,no TV drawing read (f_rr False),https://www.tradingview.com/chart/?symbol=NYSE:WBI,https://finviz.com/quote.ashx?t=WBI,"$vol(30d) $17.7M < $50M | FAIL: dollar_vol, short_float, history, rr (no TV drawing read)"
WDAY,FAIL,"short_float,rr",True,False,True,True,False,True,True,False,False,,False,187.80999755859375,551708651.7818177,2937589.3666666667,7.29,88.43,2026-12-01,54,262,152.0,158.63999938964844,155.31999969482422,135.5914263044085,204.72000122070312,2.503982449632052,0.9999999999999998,19.728573390415736,1.6468498365702091,,,,,,,,,,,False,,,,,,,,,,False,-3.37,2/4,2/6,0.42,-4.6,False,"no new high: recent high 227.49 is -3.37 ATR vs prior 2.5y high 294.00 (needs >= +1); choppy swings: 2/4 higher highs, 2/6 higher lows; 30w EMA falling (-5% in 26w)",,,,,,,False,,no SMA50/100/150/200 support with an earlier bounce,,,,15,,,,,True,True,False,no TV drawing read (f_rr False),https://www.tradingview.com/chart/?symbol=NASDAQ:WDAY,https://finviz.com/quote.ashx?t=WDAY,"short float 7.29% >= 5% | FAIL: short_float, rr (no TV drawing read)"
WEX,FAIL,"short_float,rr",True,False,True,True,False,True,False,False,False,,False,174.41000366210938,90294268.08925375,517712.6666666667,7.43,117.34,2026-10-22,14,264,167.07000732421875,167.5399932861328,167.30500030517578,153.67000688825334,199.97000122070312,2.395674124417742,1.0000000000000007,13.634993416922432,0.5210859396613681,,,,,,,,,,,False,,,,,,,,,,False,-2.59,5/9,3/6,0.53,9.2,True,no new high: recent high 203.99 is -2.59 ATR vs prior 2.5y high 239.30 (needs >= +1),,,,,,,True,"SMA100,SMA150","SMA100 168.46 (latest low 168.88 / close 174.41); held before 1x, last 2026-07-22; SMA150 164.17 (latest low 168.88 / close 174.41); held before 2x, last 2026-07-22",,,,2,,,,,False,True,False,no TV drawing read (f_rr False),https://www.tradingview.com/chart/?symbol=NYSE:WEX,https://finviz.com/quote.ashx?t=WEX,"short float 7.43% >= 5% | FAIL: short_float, rr (no TV drawing read)"
WHD,FAIL,"dollar_vol,short_float,rr",False,False,True,True,False,True,False,False,False,,False,63.220001220703125,43332358.60336304,685421.6666666666,5.09,110.51,2026-11-04,27,263,62.59322977270104,64.00675567807671,63.299992725388876,58.3252929648613,73.32175086648901,2.014545324045306,0.9999999999999998,4.974699760527579,-0.01607966481122217,,,,,,,,,,,False,,,,,,,,,,True,1.08,6/7,3/4,0.8,24.5,True,"uptrend: new high +1.1 ATR above prior 2.5y high, 6/7 HH and 3/4 HL, 30w EMA +25% in 26w",,,,,,,True,SMA100,"SMA100 61.59 (latest low 62.71 / close 63.22); held before 3x, last 2026-04-20",,,,2,,,,,False,True,False,no TV drawing read (f_rr False),https://www.tradingview.com/chart/?symbol=NYSE:WHD,https://finviz.com/quote.ashx?t=WHD,"$vol(30d) $43.3M < $50M | FAIL: dollar_vol, short_float, rr (no TV drawing read)"
WLY,FAIL,"dollar_vol,short_float,rr",False,False,True,True,False,True,False,False,False,,False,49.400001525878906,25287946.407766722,511901.73333333334,11.92,85.22,2026-12-09,62,264,41.237430572509766,41.6942990720334,41.465864822271584,37.66932170093369,53.709999084472656,3.2250744613922033,1.0,3.7965431213378906,2.0898318417653994,,,,,,,,,,,False,,,,,,,,,,True,1.77,4/8,4/7,0.54,32.6,True,"uptrend: new high +1.8 ATR above prior 2.5y high, 4/8 HH and 4/7 HL, 30w EMA +33% in 26w",,,,,,,False,,no SMA50/100/150/200 support with an earlier bounce,,,,4,,,,,False,True,False,no TV drawing read (f_rr False),https://www.tradingview.com/chart/?symbol=NYSE:WLY,https://finviz.com/quote.ashx?t=WLY,"$vol(30d) $25.3M < $50M | FAIL: dollar_vol, short_float, rr (no TV drawing read)"
WSBC,FAIL,"dollar_vol,short_float,rr",False,False,True,True,False,True,False,False,False,,False,36.959999084472656,37898486.149225615,1025391.9666666667,6.67,85.92,2026-10-28,20,264,35.6299934387207,36.11995483641904,35.87497413756987,33.88776973502385,42.297306060791016,3.2318426403407763,1.0000000000000009,1.9872044025460183,0.546005708075447,,,,,,,,,,,False,,,,,,,,,,True,2.87,5/7,3/4,0.73,14.8,True,"uptrend: new high +2.9 ATR above prior 2.5y high, 5/7 HH and 3/4 HL, 30w EMA +15% in 26w",,,,,,,True,"SMA150,SMA200","SMA150 36.86 (latest low 36.20 / close 36.96); held before 2x, last 2026-03-09; SMA200 36.19 (latest low 36.20 / close 36.96); held before 7x, last 2026-06-03",,,,2,,,,,False,True,False,no TV drawing read (f_rr False),https://www.tradingview.com/chart/?symbol=NASDAQ:WSBC,https://finviz.com/quote.ashx?t=WSBC,"$vol(30d) $37.9M < $50M | FAIL: dollar_vol, short_float, rr (no TV drawing read)"
WSFS,FAIL,"dollar_vol,short_float,rr",False,False,True,True,False,True,False,False,False,,False,75.41000366210938,26411124.599594116,350233.7,5.11,93.2,2026-10-26,18,264,71.793760834154,72.10299926965995,71.94838005190698,68.65144624770458,79.86000061035156,2.3996904482462256,0.9870099924931985,3.3403246464347376,1.0363135253626095,,,,,,,,,,,False,,,,,,,,,,True,3.58,3/6,3/4,0.62,23.5,True,"uptrend: new high +3.6 ATR above prior 2.5y high, 3/6 HH and 3/4 HL, 30w EMA +23% in 26w",,,,,,,True,SMA150,"SMA150 73.90 (latest low 74.17 / close 75.41); held before 6x, last 2026-01-02",,,,2,,,,,False,True,False,no TV drawing read (f_rr False),https://www.tradingview.com/chart/?symbol=NASDAQ:WSFS,https://finviz.com/quote.ashx?t=WSFS,"$vol(30d) $26.4M < $50M | FAIL: dollar_vol, short_float, rr (no TV drawing read)"
WT,FAIL,"short_float,rr",True,False,True,True,False,True,True,False,False,,False,22.68000030517578,64174832.171518706,2829578.1,11.36,107.0,2026-10-23,15,261,19.47341005310559,19.82293317859807,19.64817161585183,17.91552269137205,25.200000762939453,3.2042435536988765,0.800483239585391,2.1645036882686037,1.4007038684000235,,,,,,,,,,,False,,,,,,,,,,True,3.83,3/3,2/3,0.83,44.7,True,"uptrend: new high +3.8 ATR above prior 2.5y high, 3/3 HH and 2/3 HL, 30w EMA +45% in 26w",,,,,,,False,,no SMA50/100/150/200 support with an earlier bounce,,,,14,,,,,False,True,False,no TV drawing read (f_rr False),https://www.tradingview.com/chart/?symbol=NYSE:WT,https://finviz.com/quote.ashx?t=WT,"short float 11.36% >= 5% | FAIL: short_float, rr (no TV drawing read)"
WTTR,FAIL,"dollar_vol,short_float,rr",False,False,True,True,False,False,True,False,False,,False,19.600000381469727,32471002.45864137,1656683.7666666666,5.28,92.47,2026-11-03,26,264,20.26125144958496,20.410742785440835,20.335997117512896,19.10000061035156,20.780000686645508,0.35922720376640643,0.679494513723965,1.8189940936939504,-0.4046174413620733,,,,,,,,,,,False,,,,,,,,,,True,3.62,5/6,5/6,0.83,48.6,True,"uptrend: new high +3.6 ATR above prior 2.5y high, 5/6 HH and 5/6 HL, 30w EMA +49% in 26w",,,,,,,True,SMA100,"SMA100 19.51 (latest low 19.10 / close 19.60); held before 5x, last 2026-08-26",,,,10,,,,,False,True,False,no TV drawing read (f_rr False),https://www.tradingview.com/chart/?symbol=NYSE:WTTR,https://finviz.com/quote.ashx?t=WTTR,"$vol(30d) $32.5M < $50M | FAIL: dollar_vol, short_float, rr (no TV drawing read)"
WWW,FAIL,"dollar_vol,short_float,rr",False,False,True,True,False,False,True,False,False,,False,19.0,13020475.799999999,685288.2,7.35,102.9,2026-11-11,34,264,18.348322862272337,18.55705342513436,18.452688143703348,16.83304520481698,21.200000762939453,1.6962458534997213,0.999999999999999,1.61964293888637,0.33792130546561777,,,,,,,,,,,False,,,,,,,,,,False,-6.57,2/5,2/4,0.45,2.8,True,"no new high: recent high 21.47 is -6.57 ATR vs prior 2.5y high 32.11 (needs >= +1); choppy swings: 2/5 higher highs, 2/4 higher lows",,,,,,,True,SMA100,"SMA100 18.41 (latest low 18.50 / close 19.00); held before 2x, last 2026-08-12",,,,20,,,,,True,True,False,no TV drawing read (f_rr False),https://www.tradingview.com/chart/?symbol=NYSE:WWW,https://finviz.com/quote.ashx?t=WWW,"$vol(30d) $13.0M < $50M | FAIL: dollar_vol, short_float, rr (no TV drawing read)"
XHR,FAIL,"dollar_vol,rr",False,True,True,True,False,True,False,False,False,,False,18.040000915527344,14363216.614264425,796187.1333333333,3.54,97.32,2026-11-03,26,264,15.916731810340291,16.21185013042073,16.06429097038051,15.06526984894671,21.489999771118164,5.431025114815025,0.9999999999999994,0.9990211214338031,1.9776458202518055,,,,,,,,,,,False,,,,,,,,,,True,5.85,4/4,1/2,0.75,26.1,True,"uptrend: new high +5.9 ATR above prior 2.5y high, 4/4 HH and 1/2 HL, 30w EMA +26% in 26w",,,,,,,True,SMA150,"SMA150 17.81 (latest low 17.75 / close 18.04); held before 7x, last 2026-04-02",,,,4,,,,,False,True,False,no TV drawing read (f_rr False),https://www.tradingview.com/chart/?symbol=NYSE:XHR,https://finviz.com/quote.ashx?t=XHR,"$vol(30d) $14.4M < $50M | FAIL: dollar_vol, rr (no TV drawing read)"
XNCR,FAIL,"dollar_vol,short_float,rr",False,False,True,True,False,True,False,False,False,,False,24.5,35748667.03333333,1459129.2666666666,22.51,109.46,2026-11-09,32,262,13.109999656677246,13.399999618530273,13.25499963760376,10.609999885559082,27.799999237060547,5.499055184490279,0.8288194495080715,3.1912858145577565,3.52365817912632,,,,,,,,,,,False,,,,,,,,,,False,1.06,3/7,3/6,0.46,52.4,True,"choppy swings: 3/7 higher highs, 3/6 higher lows",,,,,,,False,,no SMA50/100/150/200 support with an earlier bounce,,,,1,,,,,False,True,False,no TV drawing read (f_rr False),https://www.tradingview.com/chart/?symbol=NASDAQ:XNCR,https://finviz.com/quote.ashx?t=XNCR,"$vol(30d) $35.7M < $50M | FAIL: dollar_vol, short_float, rr (no TV drawing read)"
ZYME,FAIL,"dollar_vol,short_float,rr",False,False,True,True,False,False,False,False,False,,False,25.260000228881836,19985079.83908558,791174.9666666667,7.17,99.21,2026-11-10,33,262,26.309999465942383,27.139999389648438,26.72499942779541,23.976785251072474,29.190000534057617,0.8969465069864235,1.0000000000000002,2.7482141767229353,-0.5330731539491909,,,,,,,,,,,False,,,,,,,,,,True,1.04,6/8,3/5,0.68,13.2,True,"uptrend: new high +1.0 ATR above prior 2.5y high, 6/8 HH and 3/5 HL, 30w EMA +13% in 26w",,,,,,,True,SMA200,"SMA200 25.09 (latest low 25.00 / close 25.26); held before 2x, last 2026-06-29",,,,0,,,,,False,True,False,no TV drawing read (f_rr False),https://www.tradingview.com/chart/?symbol=NASDAQ:ZYME,https://finviz.com/quote.ashx?t=ZYME,"$vol(30d) $20.0M < $50M | FAIL: dollar_vol, short_float, rr (no TV drawing read)"
