ticker,status,current_price,entry,sl,tp,rr,atrs_from_entry,zone_lo,zone_hi,atr,short_float_pct,inst_own_pct,dollar_vol_30d,avg_vol_30d,weekly_bars,earnings_date,days_to_earnings,earnings_known,earnings_blackout,tradingview_url,finviz_url,reason
GTX,PASS,25.950000762939453,17.42469240921476,16.237446808219584,35.00577926635742,14.8082981671238,3.590372685558317,17.351736831272113,17.497647987157407,2.374491201990351,2.72,94.85,73279256.51943678,2823863.3666666667,262.0,2026-10-22,30.0,True,False,https://www.tradingview.com/chart/?symbol=NASDAQ:GTX,,PASS entry=17.42 SL=16.24 TP=35.01 R:R=14.81 zone=[17.35-17.50] short=2.72% $vol=$73.3M
FTI,PASS,70.81999969482422,40.51756041893378,37.91073028868064,75.69096374511719,13.49278685940606,5.812123874935385,40.23847198486328,40.79664885300429,5.213660260506288,3.29,99.59,208258012.4359131,2940666.6666666665,262.0,2026-10-29,37.0,True,False,https://www.tradingview.com/chart/?symbol=NYSE:FTI,,PASS entry=40.52 SL=37.91 TP=75.69 R:R=13.49 zone=[40.24-40.80] short=3.29% $vol=$208.3M
RPRX,PASS,58.52000045776367,45.90134591010749,44.3711147027534,63.959999084472656,11.801257932512236,4.123120247127575,45.82201766967773,45.98067415053724,3.060462414708165,2.85,85.11,175901432.41462848,3005834.433333333,262.0,2026-11-11,50.0,True,False,https://www.tradingview.com/chart/?symbol=NASDAQ:RPRX,,PASS entry=45.90 SL=44.37 TP=63.96 R:R=11.80 zone=[45.82-45.98] short=2.85% $vol=$175.9M
VIAV,PASS,36.400001525878906,10.46999979019165,7.318213939666748,44.650001525878906,10.844645974279908,4.113541174025012,10.4399995803833,10.5,6.303571701049805,3.95,98.35,163750240.7843689,4498632.8,262.0,2026-10-29,37.0,True,False,https://www.tradingview.com/chart/?symbol=NASDAQ:VIAV,,PASS entry=10.47 SL=7.32 TP=44.65 R:R=10.84 zone=[10.44-10.50] short=3.95% $vol=$163.8M
SNEX,PASS,69.27999877929688,57.73777770996094,54.10111068725586,93.76000213623048,9.905285306949818,1.5915602790060837,57.25333404541016,58.22222137451172,7.252141952514648,3.83,84.01,59401864.87868144,857417.2333333333,262.0,2026-11-30,69.0,True,False,https://www.tradingview.com/chart/?symbol=NASDAQ:SNEX,,PASS entry=57.74 SL=54.10 TP=93.76 R:R=9.91 zone=[57.25-58.22] short=3.83% $vol=$59.4M
TXN,PASS,271.4100036621094,180.5676381580629,169.2927432908253,288.07000732421875,9.534667101733662,4.02852383874616,180.47420853227015,180.6610677838556,22.54978973447513,2.35,92.06,1623661592.6249113,5982320.366666666,262.0,2026-10-27,35.0,True,False,https://www.tradingview.com/chart/?symbol=NASDAQ:TXN,,PASS entry=180.57 SL=169.29 TP=288.07 R:R=9.53 zone=[180.47-180.66] short=2.35% $vol=$1623.7M
ROST,PASS,232.50999450683597,192.4792350767896,184.9943125962721,255.75570326720648,8.453857518914715,3.006903772433037,191.2069091796875,193.7515609738917,13.312949951057268,2.74,96.37,600360390.908521,2582084.2333333334,262.0,2026-11-12,51.0,True,False,https://www.tradingview.com/chart/?symbol=NASDAQ:ROST,,PASS entry=192.48 SL=184.99 TP=255.76 R:R=8.45 zone=[191.21-193.75] short=2.74% $vol=$600.4M
STLD,PASS,233.9900054931641,135.69693642652598,119.0523654962888,262.7099914550781,7.630899922918131,5.207293513946279,133.47352600097656,137.9203468520754,18.87603777343981,2.85,86.0,270520618.746759,1156120.4,262.0,2026-10-19,27.0,True,False,https://www.tradingview.com/chart/?symbol=NASDAQ:STLD,,PASS entry=135.70 SL=119.05 TP=262.71 R:R=7.63 zone=[133.47-137.92] short=2.85% $vol=$270.5M
NTRS,PASS,173.39999389648438,150.10715505550593,144.57520863497314,190.51141357421875,7.303805107140106,2.750049400453074,149.8953399658203,150.3189701451915,8.469971062025621,2.08,87.0,174752531.18887633,1007800.1,262.0,2026-10-21,29.0,True,False,https://www.tradingview.com/chart/?symbol=NASDAQ:NTRS,,PASS entry=150.11 SL=144.58 TP=190.51 R:R=7.30 zone=[149.90-150.32] short=2.08% $vol=$174.8M
ARMK,PASS,56.59000015258789,41.79420801158478,38.92229857294721,62.26625061035156,7.128373312662228,5.151900663003572,41.66974639892578,41.918669624243776,2.871909438637569,3.38,100.04,140388413.90220657,2480798.966666667,262.0,2026-11-17,56.0,True,False,https://www.tradingview.com/chart/?symbol=NYSE:ARMK,,PASS entry=41.79 SL=38.92 TP=62.27 R:R=7.13 zone=[41.67-41.92] short=3.38% $vol=$140.4M
CSX,PASS,46.59000015258789,42.48311009595534,41.16432207386231,51.858033041478826,7.108741350747689,1.8536105987949336,42.44334030151367,42.522879890397,2.2156164079459386,2.22,82.08,465462491.917446,9990609.366666667,262.0,2026-10-15,23.0,True,False,https://www.tradingview.com/chart/?symbol=NASDAQ:CSX,,PASS entry=42.48 SL=41.16 TP=51.86 R:R=7.11 zone=[42.44-42.52] short=2.22% $vol=$465.5M
KLIC,PASS,89.54000091552734,74.00547873768456,66.76492570767999,124.89730834960938,7.028721342282987,1.0727441753045908,71.08734893798828,76.92360853738083,14.481106060009116,4.08,93.46,64938094.72731145,725241.1666666666,262.0,2026-11-18,57.0,True,False,https://www.tradingview.com/chart/?symbol=NASDAQ:KLIC,,PASS entry=74.01 SL=66.76 TP=124.90 R:R=7.03 zone=[71.09-76.92] short=4.08% $vol=$64.9M
CGNX,PASS,58.970001220703125,38.70606801081001,34.643742606371056,66.7962417602539,6.914801487529639,3.257547443825584,38.38741788753602,39.02471813408399,6.22061030862398,4.59,107.43,106283718.77244976,1802335.3666666667,262.0,2026-10-29,37.0,True,False,https://www.tradingview.com/chart/?symbol=NASDAQ:CGNX,,PASS entry=38.71 SL=34.64 TP=66.80 R:R=6.91 zone=[38.39-39.02] short=4.59% $vol=$106.3M
FIX,PASS,1624.0899658203125,1021.1998158136744,908.740562600455,1796.0,6.889608120705971,3.178042307447125,1007.2098104218238,1035.189821205525,189.70488485753705,2.62,95.63,587595749.6337891,361800.0,262.0,2026-10-22,30.0,True,False,https://www.tradingview.com/chart/?symbol=NYSE:FIX,,PASS entry=1021.20 SL=908.74 TP=1796.00 R:R=6.89 zone=[1007.21-1035.19] short=2.62% $vol=$587.6M
STT,PASS,180.25,131.73472640305403,122.2169045889747,194.25999450683597,6.569283321872114,5.097308454039276,130.82041931152344,132.6490334945846,9.517821814079324,1.71,94.65,283023935.6,1570174.4,262.0,2026-10-14,22.0,True,False,https://www.tradingview.com/chart/?symbol=NYSE:STT,,PASS entry=131.73 SL=122.22 TP=194.26 R:R=6.57 zone=[130.82-132.65] short=1.71% $vol=$283.0M
CNC,PASS,63.29999923706055,38.78000068664551,34.39999984741211,67.47000122070312,6.550227177371739,4.818979366147068,38.70000076293945,38.86000061035156,5.08821405683245,2.77,99.89,264229867.78530183,4174247.566666667,262.0,2026-10-27,35.0,True,False,https://www.tradingview.com/chart/?symbol=NYSE:CNC,,PASS entry=38.78 SL=34.40 TP=67.47 R:R=6.55 zone=[38.70-38.86] short=2.77% $vol=$264.2M
THG,PASS,218.41000366210935,178.4060973784654,169.29469008273662,231.64344787597656,5.842933892601597,3.733552532606885,178.01681518554688,178.7953795713839,10.714702936217153,2.07,93.15,67185174.02983601,307610.3333333333,262.0,2026-11-04,43.0,True,False,https://www.tradingview.com/chart/?symbol=NYSE:THG,,PASS entry=178.41 SL=169.29 TP=231.64 R:R=5.84 zone=[178.02-178.80] short=2.07% $vol=$67.2M
SLB,PASS,52.119998931884766,35.777037954992096,31.960388862978963,57.88962760211447,5.793718289008027,4.2820182266933,35.67535781860352,35.878718091380684,3.8166490920131335,3.72,93.73,657746029.9472237,12619839.666666666,262.0,2026-10-16,24.0,True,False,https://www.tradingview.com/chart/?symbol=NYSE:SLB,,PASS entry=35.78 SL=31.96 TP=57.89 R:R=5.79 zone=[35.68-35.88] short=3.72% $vol=$657.7M
CSCO,PASS,106.44000244140624,84.1376281342992,77.28048617143847,123.0500030517578,5.674722082204744,2.994303341331693,84.04844665527344,84.22680961332497,7.448268182871623,1.41,83.65,2032889545.572233,19098924.266666666,262.0,2026-11-18,57.0,True,False,https://www.tradingview.com/chart/?symbol=NASDAQ:CSCO,,PASS entry=84.14 SL=77.28 TP=123.05 R:R=5.67 zone=[84.05-84.23] short=1.41% $vol=$2032.9M
BPOP,PASS,160.19000244140625,145.34340087467507,139.46928459204034,177.02821362200743,5.393970977557955,2.0996213988638432,145.18597412109375,145.50082762825642,7.071085089323743,2.69,93.55,80840584.22839965,504654.3666666666,262.0,2026-10-28,36.0,True,False,https://www.tradingview.com/chart/?symbol=NASDAQ:BPOP,,PASS entry=145.34 SL=139.47 TP=177.03 R:R=5.39 zone=[145.19-145.50] short=2.69% $vol=$80.8M
FLEX,PASS,114.4499969482422,66.69499969482422,55.14999984741211,128.1999969482422,5.327414297645465,2.829686161840809,65.68000030517578,67.70999908447266,16.876428876604354,2.69,96.61,352479094.8513031,3079765.0,262.0,2026-11-04,43.0,True,False,https://www.tradingview.com/chart/?symbol=NASDAQ:FLEX,,PASS entry=66.69 SL=55.15 TP=128.20 R:R=5.33 zone=[65.68-67.71] short=2.69% $vol=$352.5M
CNO,PASS,53.959999084472656,44.2447674890069,41.88945769476827,56.563594818115234,5.230236531619589,4.124821125114986,44.1458740234375,44.3436609545763,2.355309794238635,2.21,96.77,53085073.67265065,983785.6666666666,262.0,2026-11-04,43.0,True,False,https://www.tradingview.com/chart/?symbol=NYSE:CNO,,PASS entry=44.24 SL=41.89 TP=56.56 R:R=5.23 zone=[44.15-44.34] short=2.21% $vol=$53.1M
BALL,PASS,59.970001220703125,49.53781999651614,46.477751147484426,65.22218655604959,5.125494664767555,3.4091328459776338,49.41947467416583,49.65616531886645,3.0600688490317123,2.96,95.88,106374534.29227804,1773795.7666666666,262.0,2026-10-29,37.0,True,False,https://www.tradingview.com/chart/?symbol=NYSE:BALL,,PASS entry=49.54 SL=46.48 TP=65.22 R:R=5.13 zone=[49.42-49.66] short=2.96% $vol=$106.4M
IESC,PASS,321.07000732421875,262.41749572753906,237.9005949837821,384.4750061035156,4.978504895528345,1.1961648866163286,259.8349914550781,265.0,49.03380148751395,3.11,97.46,93443968.77796836,291039.23333333334,262.0,2026-12-09,78.0,True,False,https://www.tradingview.com/chart/?symbol=NASDAQ:IESC,,PASS entry=262.42 SL=237.90 TP=384.48 R:R=4.98 zone=[259.83-265.00] short=3.11% $vol=$93.4M
COP,PASS,125.2699966430664,96.33779675852077,88.82300933251204,133.26416501512017,4.913827386360528,3.8500357021957967,96.07120011843618,96.60439339860534,7.5147874260087235,1.4,87.16,872067131.7387055,6961500.4,262.0,2026-10-29,37.0,True,False,https://www.tradingview.com/chart/?symbol=NYSE:COP,,PASS entry=96.34 SL=88.82 TP=133.26 R:R=4.91 zone=[96.07-96.60] short=1.40% $vol=$872.1M
BWA,PASS,61.11000061035156,45.152824484560696,40.26981208403935,68.75734005811681,4.834006887026527,3.267895884124146,44.46606935696455,45.83957961215685,4.883012400521344,4.29,106.9,122699132.14348856,2007840.4666666663,262.0,2026-10-29,37.0,True,False,https://www.tradingview.com/chart/?symbol=NYSE:BWA,,PASS entry=45.15 SL=40.27 TP=68.76 R:R=4.83 zone=[44.47-45.84] short=4.29% $vol=$122.7M
TRV,PASS,362.010009765625,305.77496736192444,288.61243484281977,386.2095598408537,4.686638897225254,2.9300750867589604,305.1965026855469,306.353432038302,19.19235539656553,2.76,91.53,563750839.4048096,1557279.7,262.0,2026-10-16,24.0,True,False,https://www.tradingview.com/chart/?symbol=NYSE:TRV,,PASS entry=305.77 SL=288.61 TP=386.21 R:R=4.69 zone=[305.20-306.35] short=2.76% $vol=$563.8M
NUE,PASS,245.66000366210935,191.83795399991837,174.29595437864825,273.0,4.626727154963038,2.9476772382675187,191.71368408203125,191.9622239178054,18.25913942118868,1.82,82.69,329966545.41555274,1343183.8333333333,262.0,2026-10-26,34.0,True,False,https://www.tradingview.com/chart/?symbol=NYSE:NUE,,PASS entry=191.84 SL=174.30 TP=273.00 R:R=4.63 zone=[191.71-191.96] short=1.82% $vol=$330.0M
LH,PASS,311.5400085449219,273.80897904618064,260.07239875490035,335.62042236328125,4.499769375376293,2.026929324698491,272.3859558105469,275.2320022818144,18.614871786096334,2.6,101.3,224128206.40939027,719420.3,262.0,2026-10-22,30.0,True,False,https://www.tradingview.com/chart/?symbol=NYSE:LH,,PASS entry=273.81 SL=260.07 TP=335.62 R:R=4.50 zone=[272.39-275.23] short=2.60% $vol=$224.1M
RHP,PASS,121.5500030517578,103.08582477873856,95.95414709498368,134.4499969482422,4.397867312616703,2.589037123071119,102.76312827616329,103.40852128131384,7.131677683754883,4.0,94.3,99079840.01093242,815136.4666666667,262.0,2026-11-02,41.0,True,False,https://www.tradingview.com/chart/?symbol=NYSE:RHP,,PASS entry=103.09 SL=95.95 TP=134.45 R:R=4.40 zone=[102.76-103.41] short=4.00% $vol=$99.1M
KLAC,PASS,188.32000732421875,193.2526348638288,176.56481444417352,265.31012955787185,4.317969206402302,-0.175284162926261,193.03515625,193.47011347765763,28.1407484695872,2.25,94.16,1786517504.2499695,9486604.9,262.0,2026-10-28,36.0,True,False,https://www.tradingview.com/chart/?symbol=NASDAQ:KLAC,,PASS entry=193.25 SL=176.56 TP=265.31 R:R=4.32 zone=[193.04-193.47] short=2.25% $vol=$1786.5M
LAMR,PASS,145.1300048828125,135.15681752744604,128.86253325184614,162.32000732421875,4.315532728966846,1.5844831467221825,134.6874542236328,135.62618083125926,6.294284275599888,3.55,85.48,75154295.88452148,517841.2,262.0,2026-10-29,37.0,True,False,https://www.tradingview.com/chart/?symbol=NASDAQ:LAMR,,PASS entry=135.16 SL=128.86 TP=162.32 R:R=4.32 zone=[134.69-135.63] short=3.55% $vol=$75.2M
DOC,PASS,20.600000381469727,18.18815824157649,17.240043559583018,22.20780734077372,4.239623302473966,2.54382954477846,18.14604511932241,18.23027136383057,0.9481146819934746,3.52,99.23,93700521.07514134,4548568.9,262.0,2026-10-22,30.0,True,False,https://www.tradingview.com/chart/?symbol=NYSE:DOC,,PASS entry=18.19 SL=17.24 TP=22.21 R:R=4.24 zone=[18.15-18.23] short=3.52% $vol=$93.7M
GL,PASS,169.42999267578125,148.98553768352096,140.1070350088474,186.6100006103516,4.237703620246296,2.3026917647475886,145.89846801757812,152.0726073494638,8.87850267467358,2.71,88.08,73391933.45070395,433169.6666666667,262.0,2026-10-28,36.0,True,False,https://www.tradingview.com/chart/?symbol=NYSE:GL,,PASS entry=148.99 SL=140.11 TP=186.61 R:R=4.24 zone=[145.90-152.07] short=2.71% $vol=$73.4M
HUM,PASS,372.0,278.5696463032564,249.4231482956396,400.3200073242188,4.177186603658031,3.205543035472997,274.8027038574219,282.33658874909094,29.1464980076168,2.6,100.69,353490792.8,950244.0666666668,262.0,2026-11-06,45.0,True,False,https://www.tradingview.com/chart/?symbol=NYSE:HUM,,PASS entry=278.57 SL=249.42 TP=400.32 R:R=4.18 zone=[274.80-282.34] short=2.60% $vol=$353.5M
AIZ,PASS,271.0799865722656,242.23713472283177,230.97476655486167,288.6579895019531,4.121766762264188,2.5609935156854715,240.75289916992188,243.7213702757417,11.262368167970086,2.85,101.3,94782557.07302044,349647.93333333335,262.0,2026-11-03,42.0,True,False,https://www.tradingview.com/chart/?symbol=NYSE:AIZ,,PASS entry=242.24 SL=230.97 TP=288.66 R:R=4.12 zone=[240.75-243.72] short=2.85% $vol=$94.8M
BNY,PASS,150.1699981689453,135.24273174997546,128.0601783866506,164.83999633789062,4.120716281628058,2.0782673881951994,134.03237915039062,136.45308434956033,7.182553363324884,1.49,87.74,462439484.1443771,3079439.9,262.0,2026-10-15,23.0,True,False,https://www.tradingview.com/chart/?symbol=NYSE:BNY,,PASS entry=135.24 SL=128.06 TP=164.84 R:R=4.12 zone=[134.03-136.45] short=1.49% $vol=$462.4M
BAX,PASS,23.68000030517578,18.93285108782013,16.83320359956937,27.53937530517578,4.099032940298871,2.2609267717175507,18.69306755065918,19.17263462498108,2.0996474882507585,4.53,109.61,137326742.20713043,5799271.133333334,262.0,2026-10-29,37.0,True,False,https://www.tradingview.com/chart/?symbol=NYSE:BAX,,PASS entry=18.93 SL=16.83 TP=27.54 R:R=4.10 zone=[18.69-19.17] short=4.53% $vol=$137.3M
AIT,PASS,329.7900085449219,292.0732006093056,274.4623585118997,361.9500122070313,3.9678290913765455,2.14168111479304,290.3217468261719,293.8246543924392,17.610842097405833,2.03,97.3,101590602.90223184,308046.3333333333,262.0,2026-10-22,30.0,True,False,https://www.tradingview.com/chart/?symbol=NYSE:AIT,,PASS entry=292.07 SL=274.46 TP=361.95 R:R=3.97 zone=[290.32-293.82] short=2.03% $vol=$101.6M
WTS,PASS,354.2900085449219,306.6682156771436,284.94014300076054,391.5543823242188,3.90675086149452,2.191717304017483,302.1103943028199,311.22603705146736,21.72807267638308,2.92,82.46,67432395.23569743,190331.06666666668,262.0,2026-11-04,43.0,True,False,https://www.tradingview.com/chart/?symbol=NYSE:WTS,,PASS entry=306.67 SL=284.94 TP=391.55 R:R=3.91 zone=[302.11-311.23] short=2.92% $vol=$67.4M
R,PASS,236.5,223.08289094126692,210.78949661481647,270.889957823935,3.888841894529186,1.0914080116884224,222.27438354492188,223.891398337612,12.293394326450477,2.27,92.01,61944623.95,261922.3,262.0,2026-10-22,30.0,True,False,https://www.tradingview.com/chart/?symbol=NYSE:R,,PASS entry=223.08 SL=210.79 TP=270.89 R:R=3.89 zone=[222.27-223.89] short=2.27% $vol=$61.9M
ALL,PASS,229.5,212.3132462311384,198.4110584331221,265.8934020996094,3.854080857411245,1.159536204467802,211.5108302868161,213.11566217546076,14.82209326680738,2.51,86.76,414185787.4500001,1804731.1,262.0,2026-11-04,43.0,True,False,https://www.tradingview.com/chart/?symbol=NYSE:ALL,,PASS entry=212.31 SL=198.41 TP=265.89 R:R=3.85 zone=[211.51-213.12] short=2.51% $vol=$414.2M
LTH,PASS,38.18999862670898,34.53500175476074,31.513144084385463,46.0,3.794023245249482,1.2095198618319885,33.7400016784668,35.33000183105469,3.021857670375279,4.85,85.2,116619561.45042571,3053667.6,260.0,2026-10-22,30.0,True,False,https://www.tradingview.com/chart/?symbol=NYSE:LTH,,PASS entry=34.54 SL=31.51 TP=46.00 R:R=3.79 zone=[33.74-35.33] short=4.85% $vol=$116.6M
UNF,PASS,265.0199890136719,263.3002153637044,254.49876279594864,296.07663908860803,3.723978908320264,0.1305119076344699,262.42755126953125,264.1728794578776,13.177139780870457,4.44,85.31,76510378.59428406,288696.63333333336,262.0,2026-10-28,36.0,True,False,https://www.tradingview.com/chart/?symbol=NYSE:UNF,,PASS entry=263.30 SL=254.50 TP=296.08 R:R=3.72 zone=[262.43-264.17] short=4.44% $vol=$76.5M
SWK,PASS,92.12999725341795,79.76577380245658,73.49756511534925,102.99365997314452,3.705665738038344,1.97252900599697,79.62845014666357,79.90309745824958,6.268208687107328,4.65,100.15,148192986.17606658,1608520.4666666666,262.0,2026-10-22,30.0,True,False,https://www.tradingview.com/chart/?symbol=NYSE:SWK,,PASS entry=79.77 SL=73.50 TP=102.99 R:R=3.71 zone=[79.63-79.90] short=4.65% $vol=$148.2M
MOG-A,PASS,367.8299865722656,344.9263961938456,317.66173064387937,443.3500061035156,3.6099327801874352,0.7201234361147311,344.507080078125,345.34571230956607,31.80508955796716,2.43,90.24,90898465.06772664,247120.86666666667,262.0,2026-10-30,38.0,True,False,https://www.tradingview.com/chart/?symbol=NYSE:MOG.A,,PASS entry=344.93 SL=317.66 TP=443.35 R:R=3.61 zone=[344.51-345.35] short=2.43% $vol=$90.9M
UNH,PASS,372.9500122070313,350.1423214836716,329.21959312081606,424.6352826432401,3.5603846624428326,1.090091613665956,349.3529357910156,350.9317071763275,20.922728362855537,1.71,90.19,1727992536.2239442,4633308.7,262.0,2026-10-13,21.0,True,False,https://www.tradingview.com/chart/?symbol=NYSE:UNH,,PASS entry=350.14 SL=329.22 TP=424.64 R:R=3.56 zone=[349.35-350.93] short=1.71% $vol=$1728.0M
CAH,PASS,222.0399932861328,216.2292979700813,207.4941952921315,247.17999267578125,3.5432548244486437,0.4208426140670215,215.4609662413644,216.99762969879825,13.807288334935842,2.89,91.7,381617657.01428473,1718688.8333333333,262.0,2026-10-30,38.0,True,False,https://www.tradingview.com/chart/?symbol=NYSE:CAH,,PASS entry=216.23 SL=207.49 TP=247.18 R:R=3.54 zone=[215.46-217.00] short=2.89% $vol=$381.6M
V,PASS,362.0400085449219,331.40933824391743,317.0558276107118,381.6000061035156,3.496752058934369,2.134019410564478,328.2701721191406,334.5485043686942,14.353510633205628,1.2,82.62,2415294428.342137,6671346.733333333,262.0,2026-11-03,42.0,True,False,https://www.tradingview.com/chart/?symbol=NYSE:V,,PASS entry=331.41 SL=317.06 TP=381.60 R:R=3.50 zone=[328.27-334.55] short=1.20% $vol=$2415.3M
AXTA,PASS,33.040000915527344,30.614999771118164,28.40557030269078,38.18999862670898,3.428486387023032,1.0975689330944032,30.0,31.229999542236328,2.2094294684273854,4.46,106.87,61443012.81456528,1859655.3,262.0,2026-11-04,43.0,True,False,https://www.tradingview.com/chart/?symbol=NYSE:AXTA,,PASS entry=30.61 SL=28.41 TP=38.19 R:R=3.43 zone=[30.00-31.23] short=4.46% $vol=$61.4M
PNC,PASS,227.9600067138672,223.800731994146,214.1247119334108,256.9700012207031,3.427986818790944,0.4027948332685332,223.0318603515625,224.56960363672957,10.326037913570463,1.76,86.02,354445037.3897649,1554856.2333333334,262.0,2026-10-15,23.0,True,False,https://www.tradingview.com/chart/?symbol=NYSE:PNC,,PASS entry=223.80 SL=214.12 TP=256.97 R:R=3.43 zone=[223.03-224.57] short=1.76% $vol=$354.4M
AMP,PASS,512.3699951171875,472.62841767930433,444.3504065676867,569.5399780273438,3.427099592171272,1.4053879985058737,468.9648602543218,476.2919751042868,28.278011111617637,3.16,91.69,253623301.29400635,495000.3,262.0,2026-10-27,35.0,True,False,https://www.tradingview.com/chart/?symbol=NYSE:AMP,,PASS entry=472.63 SL=444.35 TP=569.54 R:R=3.43 zone=[468.96-476.29] short=3.16% $vol=$253.6M
SCHW,PASS,100.3499984741211,95.54256324642752,90.3744074345362,112.88999938964844,3.356600840730554,0.9302032296766716,94.97129043895808,96.11383605389696,5.168155811891329,1.31,85.6,790503925.1949373,7877468.233333333,262.0,2026-10-15,23.0,True,False,https://www.tradingview.com/chart/?symbol=NYSE:SCHW,,PASS entry=95.54 SL=90.37 TP=112.89 R:R=3.36 zone=[94.97-96.11] short=1.31% $vol=$790.5M
USB,PASS,59.43999862670898,56.67496252926846,54.03686131215551,65.41999816894531,3.31489769344298,1.0481160008206525,56.44691467285156,56.90301038568536,2.6381012171129505,1.61,84.08,406035423.1523641,6831013.333333333,262.0,2026-10-15,23.0,True,False,https://www.tradingview.com/chart/?symbol=NYSE:USB,,PASS entry=56.67 SL=54.04 TP=65.42 R:R=3.31 zone=[56.45-56.90] short=1.61% $vol=$406.0M
MTB,PASS,223.4199981689453,218.8728714798337,208.65425109756927,252.46080017089844,3.286933796793198,0.4449844028851173,216.99322509765625,220.75251786201116,10.21862038226442,3.88,93.45,228648115.49409792,1023400.4,262.0,2026-10-16,24.0,True,False,https://www.tradingview.com/chart/?symbol=NYSE:MTB,,PASS entry=218.87 SL=208.65 TP=252.46 R:R=3.29 zone=[216.99-220.75] short=3.88% $vol=$228.6M
RS,PASS,386.9500122070313,350.1624220194681,325.9697267694144,426.5400085449219,3.157051570154592,1.5206073489261756,349.6131591796875,350.71168485924875,24.19269525005376,2.09,83.28,126954132.84332886,328089.23333333334,262.0,2026-10-21,29.0,True,False,https://www.tradingview.com/chart/?symbol=NYSE:RS,,PASS entry=350.16 SL=325.97 TP=426.54 R:R=3.16 zone=[349.61-350.71] short=2.09% $vol=$127.0M
LFUS,PASS,418.8800048828125,369.81962042088753,341.15074995958867,459.3824271344834,3.124043789395188,1.229628353305337,368.9876403808594,370.6516004609157,39.89854684958006,4.9,101.58,88314984.70947266,210836.0,262.0,2026-11-03,42.0,True,False,https://www.tradingview.com/chart/?symbol=NASDAQ:LFUS,,PASS entry=369.82 SL=341.15 TP=459.38 R:R=3.12 zone=[368.99-370.65] short=4.90% $vol=$88.3M
ST,PASS,42.15999984741211,38.167222182972615,35.39191506721856,46.8081828406849,3.113515116457491,1.188759933108286,38.1473274230957,38.18711694284953,3.35877543752628,4.35,107.18,58649940.8090641,1391127.6333333333,262.0,2026-10-27,35.0,True,False,https://www.tradingview.com/chart/?symbol=NYSE:ST,,PASS entry=38.17 SL=35.39 TP=46.81 R:R=3.11 zone=[38.15-38.19] short=4.35% $vol=$58.6M
OXY,PASS,56.310001373291016,47.89630138739112,44.301230021956464,59.07481002807617,3.109398257893424,2.3403429669838154,47.308015123332105,48.48458765145014,3.5950713654346544,2.11,84.95,444074966.0621216,7886253.866666666,262.0,2026-11-10,49.0,True,False,https://www.tradingview.com/chart/?symbol=NYSE:OXY,,PASS entry=47.90 SL=44.30 TP=59.07 R:R=3.11 zone=[47.31-48.48] short=2.11% $vol=$444.1M
UNP,PASS,274.4100036621094,263.95735695308025,249.8591825371612,307.0749771113229,3.0583832265229995,0.7414184560822585,262.3927820459206,265.5219318602399,14.098174415919084,4.68,92.24,681377656.2152528,2483064.2,262.0,2026-10-22,30.0,True,False,https://www.tradingview.com/chart/?symbol=NYSE:UNP,,PASS entry=263.96 SL=249.86 TP=307.07 R:R=3.06 zone=[262.39-265.52] short=4.68% $vol=$681.4M
MA,PASS,555.8900146484375,523.5074411451676,500.01665908617554,595.2999877929688,3.056200788356452,1.378522580557259,520.4276123046875,526.5872699856476,23.49078205899206,0.94,83.81,1505741988.009627,2708704.8666666667,262.0,2026-10-22,30.0,True,False,https://www.tradingview.com/chart/?symbol=NYSE:MA,,PASS entry=523.51 SL=500.02 TP=595.30 R:R=3.06 zone=[520.43-526.59] short=0.94% $vol=$1505.7M
ESS,PASS,274.760009765625,256.2463112380834,244.922212874344,290.3099975585937,3.0080705082520804,1.634893828441449,255.67339383830705,256.81922863785974,11.324098363739475,3.73,104.57,131061422.20756836,477003.26666666666,262.0,2026-10-28,36.0,True,False,https://www.tradingview.com/chart/?symbol=NYSE:ESS,,PASS entry=256.25 SL=244.92 TP=290.31 R:R=3.01 zone=[255.67-256.82] short=3.73% $vol=$131.1M
IRM,PASS,118.12999725341795,108.80974531743512,102.1426206814936,128.6404567879491,2.9744023928410424,1.0623907801960373,108.49203420768968,109.1274564271806,8.772903633692136,2.19,88.91,178849288.36166382,1514004.0,262.0,2026-10-29,37.0,True,False,https://www.tradingview.com/chart/?symbol=NYSE:IRM,,PASS entry=108.81 SL=102.14 TP=128.64 R:R=2.97 zone=[108.49-109.13] short=2.19% $vol=$178.8M
WMB,PASS,70.9800033569336,61.47282011617562,57.02740059919223,74.66776925526774,2.968212356265097,2.138647028573231,60.95363235473633,61.99200787761491,4.44541951698339,2.15,92.18,525624189.5609098,7405243.233333333,262.0,2026-11-02,41.0,True,False,https://www.tradingview.com/chart/?symbol=NYSE:WMB,,PASS entry=61.47 SL=57.03 TP=74.67 R:R=2.97 zone=[60.95-61.99] short=2.15% $vol=$525.6M
AMAT,PASS,472.4599914550781,375.376451698104,314.96744308908114,554.4071376484701,2.963642179746442,1.3885707966071097,374.5134582519531,376.2394451442549,69.91616127473803,1.98,86.96,3404871530.4180846,7206687.533333333,262.0,2026-11-12,51.0,True,False,https://www.tradingview.com/chart/?symbol=NASDAQ:AMAT,,PASS entry=375.38 SL=314.97 TP=554.41 R:R=2.96 zone=[374.51-376.24] short=1.98% $vol=$3404.9M
SPG,PASS,205.9499969482422,202.0704667340393,193.2738713551504,227.8346030991588,2.928875917943347,0.441026334292175,201.8258056640625,202.31512780401616,8.796595378888934,2.97,96.69,256161045.56421712,1243802.1333333333,262.0,2026-11-02,41.0,True,False,https://www.tradingview.com/chart/?symbol=NYSE:SPG,,PASS entry=202.07 SL=193.27 TP=227.83 R:R=2.93 zone=[201.83-202.32] short=2.97% $vol=$256.2M
ASB,PASS,29.020000457763672,28.224319728671876,26.9002736264721,32.076515197753906,2.909411887306633,0.6009463928558487,28.170221585616805,28.278417871726944,1.3240461021997718,4.19,80.99,55082361.790206656,1898082.7333333332,262.0,2026-10-22,30.0,True,False,https://www.tradingview.com/chart/?symbol=NYSE:ASB,,PASS entry=28.22 SL=26.90 TP=32.08 R:R=2.91 zone=[28.17-28.28] short=4.19% $vol=$55.1M
FITB,PASS,52.7599983215332,50.35772659050557,47.68011087963817,58.08000183105469,2.884011775553679,0.8971682236841336,50.07473373413086,50.64071944688028,2.6776157108673977,3.42,93.53,279176251.205164,5291437.833333333,262.0,2026-10-19,27.0,True,False,https://www.tradingview.com/chart/?symbol=NYSE:FITB,,PASS entry=50.36 SL=47.68 TP=58.08 R:R=2.88 zone=[50.07-50.64] short=3.42% $vol=$279.2M
ZION,PASS,63.650001525878906,62.68406235707895,59.37506053028515,72.19999694824219,2.8757719364523675,0.2919125522925093,62.36366653442383,63.00445817973407,3.3090018267938066,3.82,84.45,91172480.71734086,1432403.433333333,262.0,2026-10-19,27.0,True,False,https://www.tradingview.com/chart/?symbol=NASDAQ:ZION,,PASS entry=62.68 SL=59.38 TP=72.20 R:R=2.88 zone=[62.36-63.00] short=3.82% $vol=$91.2M
ATI,PASS,186.55999755859372,202.8300018310547,192.9099131992885,231.25999450683597,2.865901075192261,-0.8200533723237617,202.80999755859372,202.8500061035156,19.840177263532365,2.75,94.57,340591661.34553427,1825641.433333333,262.0,2026-11-03,42.0,True,False,https://www.tradingview.com/chart/?symbol=NYSE:ATI,,PASS entry=202.83 SL=192.91 TP=231.26 R:R=2.87 zone=[202.81-202.85] short=2.75% $vol=$340.6M
CFG,PASS,65.48999786376953,64.48117029837792,60.89523331956189,74.7300033569336,2.858062793378912,0.2813288608671251,64.00444030761719,64.95790028913866,3.5859369788160262,3.47,100.05,218008093.0437533,3328876.1666666665,262.0,2026-10-16,24.0,True,False,https://www.tradingview.com/chart/?symbol=NYSE:CFG,,PASS entry=64.48 SL=60.90 TP=74.73 R:R=2.86 zone=[64.00-64.96] short=3.47% $vol=$218.0M
DAL,PASS,83.91999816894531,74.9161763156386,69.13133048954613,91.33999633789062,2.839111104426089,1.5564497523330891,74.76238250732422,75.06997012395297,5.784845826092463,3.86,89.96,493978562.1578568,5886303.3,262.0,2026-10-09,17.0,True,False,https://www.tradingview.com/chart/?symbol=NYSE:DAL,,PASS entry=74.92 SL=69.13 TP=91.34 R:R=2.84 zone=[74.76-75.07] short=3.86% $vol=$494.0M
SSB,PASS,102.37000274658205,99.23878950522744,94.74239307071726,111.58999633789062,2.7469123358133576,0.6963828227694311,98.71031951904295,99.76725949141188,4.496396434510175,3.01,89.37,70032724.76030782,684113.7333333333,262.0,2026-10-28,36.0,True,False,https://www.tradingview.com/chart/?symbol=NYSE:SSB,,PASS entry=99.24 SL=94.74 TP=111.59 R:R=2.75 zone=[98.71-99.77] short=3.01% $vol=$70.0M
DASH,PASS,192.2100067138672,186.16500091552732,167.69957188197546,236.7400054931641,2.738902220237688,0.3273688245941104,183.88999938964844,188.44000244140625,18.465429033551896,4.82,82.54,758757471.5572866,3947544.066666667,262.0,2026-11-04,43.0,True,False,https://www.tradingview.com/chart/?symbol=NASDAQ:DASH,,PASS entry=186.17 SL=167.70 TP=236.74 R:R=2.74 zone=[183.89-188.44] short=4.82% $vol=$758.8M
MUSA,PASS,508.1400146484375,505.6050618311606,461.5788169861692,622.5089585338304,2.6553229128277387,0.0575782201321515,505.0862426757813,506.1238809865399,44.0262448449914,4.73,83.88,135811547.18111575,267271.9,262.0,2026-10-28,36.0,True,False,https://www.tradingview.com/chart/?symbol=NYSE:MUSA,,PASS entry=505.61 SL=461.58 TP=622.51 R:R=2.66 zone=[505.09-506.12] short=4.73% $vol=$135.8M
BMY,PASS,62.25,59.03361080892649,55.82114969797742,67.41000366210938,2.607469028849414,1.001222763479081,58.954503866693024,59.11271775115996,3.2124611109490746,2.16,85.17,570096675.95,9158179.533333331,262.0,2026-10-29,37.0,True,False,https://www.tradingview.com/chart/?symbol=NYSE:BMY,,PASS entry=59.03 SL=55.82 TP=67.41 R:R=2.61 zone=[58.95-59.11] short=2.16% $vol=$570.1M
CHE,PASS,496.6199951171875,477.1545021663086,448.3326895057549,551.993896484375,2.596623439319397,0.675373654673701,474.8237160779636,479.48528825465365,28.82181266055372,4.41,105.8,73930494.35310873,148867.33333333334,262.0,2026-11-03,42.0,True,False,https://www.tradingview.com/chart/?symbol=NYSE:CHE,,PASS entry=477.15 SL=448.33 TP=551.99 R:R=2.60 zone=[474.82-479.49] short=4.41% $vol=$73.9M
OC,PASS,126.66000366210938,126.39233276685962,114.13514919974337,157.10000610351562,2.5052797136072056,0.0218378792961754,125.45749431312804,127.3271712205912,12.257183567116268,2.95,106.26,126475607.80677795,998544.1666666666,262.0,2026-10-28,36.0,True,False,https://www.tradingview.com/chart/?symbol=NYSE:OC,,PASS entry=126.39 SL=114.14 TP=157.10 R:R=2.51 zone=[125.46-127.33] short=2.95% $vol=$126.5M
CPAY,PASS,392.9500122070313,363.0199890136719,340.6585606166295,417.6000061035156,2.440810851647683,1.3384665175198742,361.7999877929688,364.239990234375,22.36142839704241,4.33,100.49,172733568.88931885,439581.5333333333,262.0,2026-11-11,50.0,True,False,https://www.tradingview.com/chart/?symbol=NYSE:CPAY,,PASS entry=363.02 SL=340.66 TP=417.60 R:R=2.44 zone=[361.80-364.24] short=4.33% $vol=$172.7M
PKG,PASS,238.22999572753903,222.38984424739908,209.13751450204063,254.39352416992188,2.414947449804586,1.1952729659241943,222.27140433922395,222.5082841555742,13.25232974535842,3.1,98.84,132969938.25029248,558157.8333333334,262.0,2026-10-21,29.0,True,False,https://www.tradingview.com/chart/?symbol=NYSE:PKG,,PASS entry=222.39 SL=209.14 TP=254.39 R:R=2.41 zone=[222.27-222.51] short=3.10% $vol=$133.0M
ADM,PASS,82.3499984741211,73.01217038417721,67.8117636849195,85.37811279296875,2.377879870541012,1.7955957350944731,72.88384246826172,73.14049830009272,5.200406699257717,3.02,89.61,308576948.5773186,3747139.7,262.0,2026-10-27,35.0,True,False,https://www.tradingview.com/chart/?symbol=NYSE:ADM,,PASS entry=73.01 SL=67.81 TP=85.38 R:R=2.38 zone=[72.88-73.14] short=3.02% $vol=$308.6M
EXPE,PASS,280.70001220703125,266.7931236994891,239.25872686576855,332.2110900878906,2.375863425789161,0.5050732940156796,264.8948974609375,268.6913499380408,27.534396833720542,4.57,104.0,513507549.7313232,1829382.0,262.0,2026-10-29,37.0,True,False,https://www.tradingview.com/chart/?symbol=NASDAQ:EXPE,,PASS entry=266.79 SL=239.26 TP=332.21 R:R=2.38 zone=[264.89-268.69] short=4.57% $vol=$513.5M
UMBF,PASS,134.2100067138672,133.79001400749908,126.28890405160573,151.50167846679688,2.361205816664821,0.0559907412153227,132.90444946289062,134.67557855210754,7.501109955893361,4.7,96.85,75461016.79561055,562260.7333333333,262.0,2026-10-27,35.0,True,False,https://www.tradingview.com/chart/?symbol=NASDAQ:UMBF,,PASS entry=133.79 SL=126.29 TP=151.50 R:R=2.36 zone=[132.90-134.68] short=4.70% $vol=$75.5M
CCK,PASS,109.63999938964844,107.22993827142597,101.35830985991828,120.69000244140624,2.292390326267953,0.4104587261515124,106.46979522705078,107.99008131580116,5.871628411507684,2.5,100.32,95011059.53641915,866572.9666666667,262.0,2026-10-26,34.0,True,False,https://www.tradingview.com/chart/?symbol=NYSE:CCK,,PASS entry=107.23 SL=101.36 TP=120.69 R:R=2.29 zone=[106.47-107.99] short=2.50% $vol=$95.0M
FWONK,PASS,94.62000274658205,92.40749740600586,86.61856842041016,105.63999938964844,2.285829039632087,0.3821959720151061,91.58999633789062,93.2249984741211,5.788928985595703,3.78,89.9,188085180.9756424,1987795.1333333333,262.0,2026-10-30,38.0,True,False,https://www.tradingview.com/chart/?symbol=NASDAQ:FWONK,,PASS entry=92.41 SL=86.62 TP=105.64 R:R=2.29 zone=[91.59-93.22] short=3.78% $vol=$188.1M
C,PASS,132.47000122070312,121.63329482872189,113.80620365921878,139.3300018310547,2.2609557777076787,1.3845126059352126,121.49465942382812,121.77193023361563,7.827091169503107,1.57,82.71,1189776640.0697205,8981479.8,262.0,2026-10-13,21.0,True,False,https://www.tradingview.com/chart/?symbol=NYSE:C,,PASS entry=121.63 SL=113.81 TP=139.33 R:R=2.26 zone=[121.49-121.77] short=1.57% $vol=$1189.8M
SJM,PASS,121.11000061035156,116.02762911669105,108.74945934895266,132.33999633789062,2.241273251622504,0.6983035097901854,115.40843200683594,116.64682622654612,7.278169767738383,4.32,89.87,166481609.69300842,1374631.4,262.0,2026-12-01,70.0,True,False,https://www.tradingview.com/chart/?symbol=NYSE:SJM,,PASS entry=116.03 SL=108.75 TP=132.34 R:R=2.24 zone=[115.41-116.65] short=4.32% $vol=$166.5M
ROK,PASS,427.1900024414063,421.0242927199648,395.3097056106566,478.6056823730469,2.2392500182217034,0.2397747898977369,417.6122741699219,424.4363112700077,25.71458710930821,3.29,92.64,297482885.82645875,696371.3666666667,262.0,2026-11-04,43.0,True,False,https://www.tradingview.com/chart/?symbol=NYSE:ROK,,PASS entry=421.02 SL=395.31 TP=478.61 R:R=2.24 zone=[417.61-424.44] short=3.29% $vol=$297.5M
IEX,PASS,225.69000244140625,216.36618462889493,206.21583738246625,239.0,2.2298562622149247,0.918571314473188,216.15003459430065,216.58233466348923,10.150347246428709,2.57,105.1,122135289.43520102,541163.9333333333,262.0,2026-10-27,35.0,True,False,https://www.tradingview.com/chart/?symbol=NYSE:IEX,,PASS entry=216.37 SL=206.22 TP=239.00 R:R=2.23 zone=[216.15-216.58] short=2.57% $vol=$122.1M
FR,PASS,61.88999938964844,63.380934809745,60.84499570393617,68.97000122070312,2.203943461479731,-0.587922405818586,63.24700164794922,63.51486797154077,2.5359391058088323,3.14,100.75,52091851.12827657,841684.4666666667,262.0,2026-10-21,29.0,True,False,https://www.tradingview.com/chart/?symbol=NYSE:FR,,PASS entry=63.38 SL=60.84 TP=68.97 R:R=2.20 zone=[63.25-63.51] short=3.14% $vol=$52.1M
EWBC,PASS,125.54000091552734,125.0959592737822,119.82016991005544,136.60000610351562,2.1805356576266206,0.0841659154927822,124.25652313232422,125.93539541524018,5.275789363726742,3.03,93.56,96324695.96846849,767282.9,262.0,2026-10-20,28.0,True,False,https://www.tradingview.com/chart/?symbol=NASDAQ:EWBC,,PASS entry=125.10 SL=119.82 TP=136.60 R:R=2.18 zone=[124.26-125.94] short=3.03% $vol=$96.3M
ITW,PASS,270.4700012207031,271.7890972988934,260.3709161291826,296.6600036621094,2.1781845981907715,-0.1155259369758004,270.6211853027344,272.95700929505244,11.418181169710826,3.09,87.87,297142788.0647512,1098616.433333333,262.0,2026-10-27,35.0,True,False,https://www.tradingview.com/chart/?symbol=NYSE:ITW,,PASS entry=271.79 SL=260.37 TP=296.66 R:R=2.18 zone=[270.62-272.96] short=3.09% $vol=$297.1M
URI,PASS,1043.0400390625,984.0309658696532,902.0452459211594,1160.8367919921875,2.156544166881869,0.7197481857806276,970.7264404296876,997.3354913096188,81.98571994849367,2.31,95.9,440774326.5552735,422586.2,262.0,2026-10-28,36.0,True,False,https://www.tradingview.com/chart/?symbol=NYSE:URI,,PASS entry=984.03 SL=902.05 TP=1160.84 R:R=2.16 zone=[970.73-997.34] short=2.31% $vol=$440.8M
AMG,PASS,360.2799987792969,326.79401581146817,303.9872258699531,374.3699951171875,2.086044525675093,1.4682462132417118,326.0890808105469,327.4989508123894,22.8067899415151,3.51,98.56,99552016.83336386,276318.4666666667,262.0,2026-11-09,48.0,True,False,https://www.tradingview.com/chart/?symbol=NYSE:AMG,,PASS entry=326.79 SL=303.99 TP=374.37 R:R=2.09 zone=[326.09-327.50] short=3.51% $vol=$99.6M
JBL,FAIL,308.9800109863281,274.358747256628,245.0816749595404,365.7699890136719,3.1222808356468463,1.021252151828503,270.9702453613281,277.747249151928,33.900798806359816,2.92,100.19,322720547.7622304,1044470.6333333332,262.0,2026-09-30,8.0,True,True,https://www.tradingview.com/chart/?symbol=NYSE:JBL,,PASS entry=274.36 SL=245.08 TP=365.77 R:R=3.12 zone=[270.97-277.75] short=2.92% $vol=$322.7M | earnings blackout (<14d)
MTG,FAIL,29.290000915527344,28.799446590697745,27.550658195641976,31.15999984741211,1.8902748184242588,0.3928242180755466,28.398972945414464,29.199920235981025,1.2487883950557688,3.98,100.72,53640395.48465576,1831355.2,262.0,2026-11-04,43.0,True,False,https://www.tradingview.com/chart/?symbol=NYSE:MTG,,R:R 1.89 < 2.0
WELL,FAIL,230.30999755859372,217.84263058940343,206.0264153032392,239.8500061035156,1.862472456801035,1.055106619781086,216.76171204387023,218.92354913493656,11.816215286164216,2.56,101.7,597477680.7414246,2594232.5,262.0,2026-11-02,41.0,True,False,https://www.tradingview.com/chart/?symbol=NYSE:WELL,,R:R 1.86 < 2.0
PH,FAIL,964.8499755859376,984.3724338900104,930.1847754933648,1082.6694406412896,1.8140109696521631,-0.3602749940064095,966.9724731445312,1001.7723946354896,54.18765839664563,1.05,91.18,580542929.61191,601692.4333333333,262.0,2026-10-29,37.0,True,False,https://www.tradingview.com/chart/?symbol=NYSE:PH,,R:R 1.81 < 2.0
JLL,FAIL,335.3599853515625,347.9599914550781,325.1399906703404,387.75,1.7436462391155525,-0.5521474877399064,346.42999267578125,349.489990234375,22.82000078473772,1.62,95.22,106419024.0023112,317327.73333333334,262.0,2026-11-04,43.0,True,False,https://www.tradingview.com/chart/?symbol=NYSE:JLL,,R:R 1.74 < 2.0
IVZ,FAIL,30.850000381469727,29.512606901031955,27.3420950963629,33.06999969482422,1.6389649603102123,0.6161650342379453,29.403338081691807,29.621875720372103,2.170511804669053,2.82,98.36,117411269.8818264,3805875.8,262.0,2026-10-27,35.0,True,False,https://www.tradingview.com/chart/?symbol=NYSE:IVZ,,R:R 1.64 < 2.0
MAS,FAIL,69.95999908447266,74.28200314324818,69.10313749262201,82.40860748291016,1.5691861669899492,-0.8345464722092107,73.81132854257804,74.7526777439183,5.178865650626158,4.21,104.99,150138353.30322343,2146059.966666667,262.0,2026-10-28,36.0,True,False,https://www.tradingview.com/chart/?symbol=NYSE:MAS,,R:R 1.57 < 2.0
VLTO,FAIL,95.79000091552734,91.73177619478908,86.85229723349921,99.08999633789062,1.5079930052934194,0.8316922263489935,90.84608459472656,92.61746779485162,4.879478961289877,2.33,100.92,144035726.88264313,1503661.4,156.0,2026-10-28,36.0,True,False,https://www.tradingview.com/chart/?symbol=NYSE:VLTO,,R:R 1.51 < 2.0
OHI,FAIL,46.470001220703125,47.64636205989352,45.39660167976977,51.02536010742188,1.5019368628682566,-0.5228827254597177,47.35532405553296,47.93740006425408,2.249760380123745,4.31,82.61,89259576.79572652,1920799.9666666663,262.0,2026-11-03,42.0,True,False,https://www.tradingview.com/chart/?symbol=NYSE:OHI,,R:R 1.50 < 2.0
ZBH,FAIL,93.9800033569336,93.21999740600586,87.36208937086936,101.31999969482422,1.3827465778283785,0.129740164299118,93.0999984741211,93.33999633789062,5.857908035136509,4.62,106.72,173884029.53707808,1850223.7,262.0,2026-11-04,43.0,True,False,https://www.tradingview.com/chart/?symbol=NYSE:ZBH,,R:R 1.38 < 2.0
PR,FAIL,21.290000915527344,22.06280202072172,20.58543105210133,24.061764464624872,1.3530538276177462,-0.5230921153920056,21.78944947590495,22.33615456553849,1.4773709686203884,2.59,88.49,217411637.82895228,10211913.033333331,262.0,2026-11-10,49.0,True,False,https://www.tradingview.com/chart/?symbol=NYSE:PR,,R:R 1.35 < 2.0
EOG,FAIL,139.52000427246094,142.40316821546645,133.49097898257338,153.0500030517578,1.1946374294877031,-0.3235079358912558,140.17967224121094,144.62666418972194,8.912189232893073,2.82,98.34,426419462.9993928,3056332.066666667,262.0,2026-10-29,37.0,True,False,https://www.tradingview.com/chart/?symbol=NYSE:EOG,,R:R 1.19 < 2.0
CTVA,FAIL,80.33999633789062,82.83213511559889,77.46307190273725,89.06017303466797,1.1599859551196503,-0.4641664064856469,81.84650421142578,83.817766019772,5.369063212861626,2.69,91.11,371487274.4626282,4623939.4,262.0,2026-11-11,50.0,True,False,https://www.tradingview.com/chart/?symbol=NYSE:CTVA,,R:R 1.16 < 2.0
CLH,FAIL,312.8500061035156,312.75,299.1500036621094,324.6300048828125,0.8735300060128627,0.0066446096947169,311.42999267578125,314.07000732421875,15.050711495535714,2.1,95.25,129921716.64636128,415284.3666666666,262.0,2026-11-04,43.0,True,False,https://www.tradingview.com/chart/?symbol=NYSE:CLH,,R:R 0.87 < 2.0
GM,FAIL,83.44999694824219,83.46609300439289,78.50660688930606,87.76000213623047,0.8657971878932059,-0.0032455088646657,83.0777353887578,83.85445062002798,4.959486115086833,2.48,90.28,524276233.102272,6282519.5,262.0,2026-10-20,28.0,True,False,https://www.tradingview.com/chart/?symbol=NYSE:GM,,R:R 0.87 < 2.0
VTR,FAIL,86.86000061035156,88.83964835100645,83.5109632712626,93.4499969482422,0.8651944200570701,-0.3715077380309449,88.52151204654766,89.15778465546525,5.328685079743851,3.99,104.67,286186121.54698485,3294797.6,262.0,2026-10-29,37.0,True,False,https://www.tradingview.com/chart/?symbol=NYSE:VTR,,R:R 0.87 < 2.0
ECL,FAIL,276.2200012207031,275.3361285368607,262.48228561614314,285.990234375,0.8288654143242417,0.0687633020952672,273.3269522781032,277.34530479561823,12.85384292071754,1.89,83.31,375768437.46330565,1360395.4666666666,262.0,2026-11-03,42.0,True,False,https://www.tradingview.com/chart/?symbol=NYSE:ECL,,R:R 0.83 < 2.0
VOYA,FAIL,98.08000183105467,78.0189418205062,72.81825920854448,81.74494171142578,0.7164443918091966,3.8573897904108647,77.40950012207031,78.62838351894207,5.200682611961731,3.2,103.64,103686133.77038218,1057158.7666666666,262.0,2026-11-03,42.0,True,False,https://www.tradingview.com/chart/?symbol=NYSE:VOYA,,R:R 0.72 < 2.0
OKE,FAIL,90.08999633789062,93.93004216955649,88.55970192421894,97.5999984741211,0.683375007337908,-0.7150470279792304,92.92205810546876,94.9380262336442,5.370340245337544,4.13,84.22,329176441.2261566,3653862.3,262.0,2026-11-03,42.0,True,False,https://www.tradingview.com/chart/?symbol=NYSE:OKE,,R:R 0.68 < 2.0
MDLZ,FAIL,61.08000183105469,62.52886340521021,59.26989943629624,64.7300033569336,0.6754109504490464,-0.4445773527954486,62.46639700820201,62.59132980221841,3.258963968913972,2.53,89.63,453466863.4900177,7424146.2,262.0,2026-11-03,42.0,True,False,https://www.tradingview.com/chart/?symbol=NASDAQ:MDLZ,,R:R 0.68 < 2.0
OVV,FAIL,58.81999969482422,63.57683986295442,59.44714124916968,65.9757722113199,0.5808976810941983,-1.151861337350887,62.84023666381836,64.31344306209049,4.129698613784748,4.1,93.59,202365866.0733986,3440426.1666666665,262.0,2026-11-10,49.0,True,False,https://www.tradingview.com/chart/?symbol=NYSE:OVV,,R:R 0.58 < 2.0
CHD,FAIL,96.12999725341795,99.4866519335582,94.8388552216282,102.04883984305152,0.5512693579985323,-0.7222034198536161,99.27729034423828,99.69601352287812,4.64779671192998,4.98,95.29,169404107.13386384,1762239.8,262.0,2026-10-30,38.0,True,False,https://www.tradingview.com/chart/?symbol=NYSE:CHD,,R:R 0.55 < 2.0
TTC,FAIL,94.5199966430664,97.58000183105467,92.6689295087542,100.0,0.4927637000897821,-0.6230829006718592,97.08000183105467,98.08000183105467,4.911072322300503,3.98,96.33,82464575.9992218,872456.4,262.0,2026-12-23,92.0,True,False,https://www.tradingview.com/chart/?symbol=NYSE:TTC,,R:R 0.49 < 2.0
UGI,FAIL,36.84999847412109,37.0380821506802,35.16419522645272,37.939034704884826,0.4807934473293007,-0.100370878374447,36.95887756347656,37.11728673788382,1.8738869242274772,4.9,95.11,92690187.9502327,2515337.6333333333,262.0,2026-11-19,58.0,True,False,https://www.tradingview.com/chart/?symbol=NYSE:UGI,,R:R 0.48 < 2.0
WTRG,FAIL,40.380001068115234,40.988507096248014,39.21208089585766,41.70000076293945,0.4005196875249275,-0.3425450649168906,40.89522933959961,41.08178485289641,1.7764262003903564,2.55,80.56,93430717.49339104,2313786.9,262.0,2026-11-09,48.0,True,False,https://www.tradingview.com/chart/?symbol=NYSE:WTRG,,R:R 0.40 < 2.0
DLR,FAIL,185.6499938964844,193.6868839475729,180.7640916533912,198.7869110107422,0.3946536435059348,-0.62191590394183,191.68560791015625,195.6881599849896,12.922792294181756,2.28,104.88,374691014.8864837,2018265.7,262.0,2026-10-22,30.0,True,False,https://www.tradingview.com/chart/?symbol=NYSE:DLR,,R:R 0.39 < 2.0
APD,FAIL,287.8599853515625,304.5034262674059,288.9427252461436,309.9599914550781,0.3506631982849795,-1.0695816912812346,303.6139474453362,305.3929050894757,15.560701021262355,1.82,93.63,308550468.7326782,1071876.9,262.0,2026-11-05,44.0,True,False,https://www.tradingview.com/chart/?symbol=NYSE:APD,,R:R 0.35 < 2.0
DAR,FAIL,61.630001068115234,65.06499862670898,59.95478357587542,66.66000366210938,0.312120922414061,-0.6721825841817443,64.11000061035156,66.0199966430664,5.110215050833566,4.7,106.18,155398704.15922928,2521478.2,262.0,2026-11-10,49.0,True,False,https://www.tradingview.com/chart/?symbol=NYSE:DAR,,R:R 0.31 < 2.0
ACAD,FAIL,26.40999984741211,,,,,,,,,,,40124904.68083877,1519307.2666666666,,,,False,False,https://www.tradingview.com/chart/?symbol=NASDAQ:ACAD,https://finviz.com/quote.ashx?t=ACAD,$vol(30d) $40.1M < $50M
ACHC,FAIL,29.3700008392334,,,,,,,,,,,44368988.10582212,1510690.7333333334,,,,False,False,https://www.tradingview.com/chart/?symbol=NASDAQ:ACHC,https://finviz.com/quote.ashx?t=ACHC,$vol(30d) $44.4M < $50M
ACIW,FAIL,49.18999862670898,,,,,,,,,,,39823567.02153523,809586.6666666666,,,,False,False,https://www.tradingview.com/chart/?symbol=NASDAQ:ACIW,https://finviz.com/quote.ashx?t=ACIW,$vol(30d) $39.8M < $50M
ADEA,FAIL,25.82999992370605,,,,,,,,,,,22453234.56267999,869269.6333333333,,,,False,False,https://www.tradingview.com/chart/?symbol=NASDAQ:ADEA,https://finviz.com/quote.ashx?t=ADEA,$vol(30d) $22.5M < $50M
ADUS,FAIL,114.23999786376952,,,,,,,,,,,23245105.421328228,203476.06666666668,,,,False,False,https://www.tradingview.com/chart/?symbol=NASDAQ:ADUS,https://finviz.com/quote.ashx?t=ADUS,$vol(30d) $23.2M < $50M
AGYS,FAIL,100.37000274658205,,,,,,,,,,,25116157.89629288,250235.7,,,,False,False,https://www.tradingview.com/chart/?symbol=NASDAQ:AGYS,https://finviz.com/quote.ashx?t=AGYS,$vol(30d) $25.1M < $50M
AHR,FAIL,51.68999862670898,,,,,,,,,,,173216688.25700873,3351067.7666666666,138.0,,,False,False,https://www.tradingview.com/chart/?symbol=NYSE:AHR,https://finviz.com/quote.ashx?t=AHR,history 138 weekly bars < ~3y (150)
AIR,FAIL,117.75,,,,,,,,,,,48387419.625,410933.5,,,,False,False,https://www.tradingview.com/chart/?symbol=NYSE:AIR,https://finviz.com/quote.ashx?t=AIR,$vol(30d) $48.4M < $50M
ALRM,FAIL,53.15999984741211,,,,,,,,,,,21511624.534254078,404658.1,,,,False,False,https://www.tradingview.com/chart/?symbol=NASDAQ:ALRM,https://finviz.com/quote.ashx?t=ALRM,$vol(30d) $21.5M < $50M
ANAB,FAIL,53.91999816894531,,,,,,,,,,,24298439.67618917,450638.7333333333,,,,False,False,https://www.tradingview.com/chart/?symbol=NASDAQ:ANAB,https://finviz.com/quote.ashx?t=ANAB,$vol(30d) $24.3M < $50M
APLE,FAIL,15.779999732971191,,,,,,,,,,,36559885.01733442,2316849.533333333,,,,False,False,https://www.tradingview.com/chart/?symbol=NYSE:APLE,https://finviz.com/quote.ashx?t=APLE,$vol(30d) $36.6M < $50M
ARCB,FAIL,131.7100067138672,,,,,,,,,,,34992451.16372681,265678.0,,,,False,False,https://www.tradingview.com/chart/?symbol=NASDAQ:ARCB,https://finviz.com/quote.ashx?t=ARCB,$vol(30d) $35.0M < $50M
ASH,FAIL,69.66000366210938,,,,,,,,,,,41578844.10184936,596882.6,,,,False,False,https://www.tradingview.com/chart/?symbol=NYSE:ASH,https://finviz.com/quote.ashx?t=ASH,$vol(30d) $41.6M < $50M
ATEN,FAIL,26.700000762939453,,,,,,,,,,,32734346.89536794,1226005.4666666666,,,,False,False,https://www.tradingview.com/chart/?symbol=NYSE:ATEN,https://finviz.com/quote.ashx?t=ATEN,$vol(30d) $32.7M < $50M
ATEX,FAIL,85.23999786376953,,,,,,,,,,,29714435.94864909,348597.3333333333,,,,False,False,https://www.tradingview.com/chart/?symbol=NASDAQ:ATEX,https://finviz.com/quote.ashx?t=ATEX,$vol(30d) $29.7M < $50M
AWK,FAIL,133.82000732421875,,,,,,,,,5.88,105.63,275541912.11492306,2059048.7,262.0,,,False,False,https://www.tradingview.com/chart/?symbol=NYSE:AWK,https://finviz.com/quote.ashx?t=AWK,short float 5.88% >= 5%
AWR,FAIL,84.38999938964844,,,,,,,,,,,17533772.05918681,207770.7333333333,,,,False,False,https://www.tradingview.com/chart/?symbol=NYSE:AWR,https://finviz.com/quote.ashx?t=AWR,$vol(30d) $17.5M < $50M
AXGN,FAIL,44.540000915527344,,,,,,,,,,,49298534.35533982,1106837.3,,,,False,False,https://www.tradingview.com/chart/?symbol=NASDAQ:AXGN,https://finviz.com/quote.ashx?t=AXGN,$vol(30d) $49.3M < $50M
AZZ,FAIL,136.83999633789062,,,,,,,,,,,31761219.982006837,232104.8,,,,False,False,https://www.tradingview.com/chart/?symbol=NYSE:AZZ,https://finviz.com/quote.ashx?t=AZZ,$vol(30d) $31.8M < $50M
BANR,FAIL,68.87999725341797,,,,,,,,,,,20745936.52475815,301189.56666666665,,,,False,False,https://www.tradingview.com/chart/?symbol=NASDAQ:BANR,https://finviz.com/quote.ashx?t=BANR,$vol(30d) $20.7M < $50M
BCAX,FAIL,22.780000686645508,,,,,,,,,,,13217181.161065169,580209.8666666667,,,,False,False,https://www.tradingview.com/chart/?symbol=NASDAQ:BCAX,https://finviz.com/quote.ashx?t=BCAX,$vol(30d) $13.2M < $50M
BCC,FAIL,78.98999786376953,,,,,,,,,,,23610984.51745707,298911.06666666665,,,,False,False,https://www.tradingview.com/chart/?symbol=NYSE:BCC,https://finviz.com/quote.ashx?t=BCC,$vol(30d) $23.6M < $50M
BCPC,FAIL,168.39999389648438,,,,,,,,,,,31998036.480258174,190012.1,,,,False,False,https://www.tradingview.com/chart/?symbol=NASDAQ:BCPC,https://finviz.com/quote.ashx?t=BCPC,$vol(30d) $32.0M < $50M
BELFB,FAIL,249.55999755859372,,,,,,,,,,,36985082.79151408,148201.16666666666,,,,False,False,https://www.tradingview.com/chart/?symbol=NASDAQ:BELFB,https://finviz.com/quote.ashx?t=BELFB,$vol(30d) $37.0M < $50M
BFH,FAIL,102.93000030517578,,,,,,,,,8.31,104.25,50085508.27149785,486597.76666666666,262.0,,,False,False,https://www.tradingview.com/chart/?symbol=NYSE:BFH,https://finviz.com/quote.ashx?t=BFH,short float 8.31% >= 5%
BILL,FAIL,46.4900016784668,,,,,,,,,15.41,105.13,104019361.0894966,2237456.6,262.0,,,False,False,https://www.tradingview.com/chart/?symbol=NYSE:BILL,https://finviz.com/quote.ashx?t=BILL,short float 15.41% >= 5%
BJRI,FAIL,61.54999923706055,,,,,,,,,,,27650221.050596617,449231.8666666666,,,,False,False,https://www.tradingview.com/chart/?symbol=NASDAQ:BJRI,https://finviz.com/quote.ashx?t=BJRI,$vol(30d) $27.7M < $50M
BMRN,FAIL,63.369998931884766,,,,,,,,,5.17,102.46,127009314.02223016,2004249.9,262.0,,,False,False,https://www.tradingview.com/chart/?symbol=NASDAQ:BMRN,https://finviz.com/quote.ashx?t=BMRN,short float 5.17% >= 5%
BRZE,FAIL,25.520000457763672,,,,,,,,,11.21,82.96,73337568.79815547,2873729.1333333333,254.0,,,False,False,https://www.tradingview.com/chart/?symbol=NASDAQ:BRZE,https://finviz.com/quote.ashx?t=BRZE,short float 11.21% >= 5%
BTSG,FAIL,56.54999923706055,,,,,,,,,,,143703710.09623376,2541179.7,140.0,,,False,False,https://www.tradingview.com/chart/?symbol=NASDAQ:BTSG,https://finviz.com/quote.ashx?t=BTSG,history 140 weekly bars < ~3y (150)
BXP,FAIL,64.30999755859375,,,,,,,,,7.06,113.96,84916912.24262491,1320430.9666666666,262.0,,,False,False,https://www.tradingview.com/chart/?symbol=NYSE:BXP,https://finviz.com/quote.ashx?t=BXP,short float 7.06% >= 5%
CBRL,FAIL,45.47999954223633,,,,,,,,,,,39390213.95953102,866099.7,,,,False,False,https://www.tradingview.com/chart/?symbol=NASDAQ:CBRL,https://finviz.com/quote.ashx?t=CBRL,$vol(30d) $39.4M < $50M
CBT,FAIL,79.47000122070312,,,,,,,,,,,29565735.81114604,372036.43333333335,,,,False,False,https://www.tradingview.com/chart/?symbol=NYSE:CBT,https://finviz.com/quote.ashx?t=CBT,$vol(30d) $29.6M < $50M
CCS,FAIL,63.90999984741211,,,,,,,,,,,17501321.000548173,273843.23333333334,,,,False,False,https://www.tradingview.com/chart/?symbol=NYSE:CCS,https://finviz.com/quote.ashx?t=CCS,$vol(30d) $17.5M < $50M
CCSI,FAIL,36.470001220703125,,,,,,,,,,,6694711.81174825,183567.63333333333,,,,False,False,https://www.tradingview.com/chart/?symbol=NASDAQ:CCSI,https://finviz.com/quote.ashx?t=CCSI,$vol(30d) $6.7M < $50M
CDP,FAIL,34.34000015258789,,,,,,,,,,,27597357.147960663,803650.4666666667,,,,False,False,https://www.tradingview.com/chart/?symbol=NYSE:CDP,https://finviz.com/quote.ashx?t=CDP,$vol(30d) $27.6M < $50M
CF,FAIL,120.58999633789062,,,,,,,,,5.54,107.94,324683568.6942556,2692458.566666667,262.0,,,False,False,https://www.tradingview.com/chart/?symbol=NYSE:CF,https://finviz.com/quote.ashx?t=CF,short float 5.54% >= 5%
CFR,FAIL,156.14999389648438,,,,,,,,,6.67,92.66,78615380.02711996,503460.6666666667,262.0,,,False,False,https://www.tradingview.com/chart/?symbol=NYSE:CFR,https://finviz.com/quote.ashx?t=CFR,short float 6.67% >= 5%
CHRD,FAIL,135.88999938964844,,,,,,,,,7.56,98.13,94359587.67484944,694382.1333333333,262.0,,,False,False,https://www.tradingview.com/chart/?symbol=NASDAQ:CHRD,https://finviz.com/quote.ashx?t=CHRD,short float 7.56% >= 5%
CLDX,FAIL,33.5099983215332,,,,,,,,,,,40801226.62632625,1217583.6666666667,,,,False,False,https://www.tradingview.com/chart/?symbol=NASDAQ:CLDX,https://finviz.com/quote.ashx?t=CLDX,$vol(30d) $40.8M < $50M
CLYM,FAIL,14.210000038146973,,,,,,,,,,,23392378.43579721,1646191.3,,,,False,False,https://www.tradingview.com/chart/?symbol=NASDAQ:CLYM,https://finviz.com/quote.ashx?t=CLYM,$vol(30d) $23.4M < $50M
CNA,FAIL,47.470001220703125,,,,,,,,,,,21326317.366744995,449258.8333333333,,,,False,False,https://www.tradingview.com/chart/?symbol=NYSE:CNA,https://finviz.com/quote.ashx?t=CNA,$vol(30d) $21.3M < $50M
CNMD,FAIL,46.16999816894531,,,,,,,,,,,14726074.815979004,318953.3333333333,,,,False,False,https://www.tradingview.com/chart/?symbol=NYSE:CNMD,https://finviz.com/quote.ashx?t=CNMD,$vol(30d) $14.7M < $50M
COLD,FAIL,14.550000190734863,,,,,,,,,,,49667455.30608695,3413570.7666666666,,,,False,False,https://www.tradingview.com/chart/?symbol=NYSE:COLD,https://finviz.com/quote.ashx?t=COLD,$vol(30d) $49.7M < $50M
CPF,FAIL,36.7599983215332,,,,,,,,,,,6132876.375971985,166835.6,,,,False,False,https://www.tradingview.com/chart/?symbol=NYSE:CPF,https://finviz.com/quote.ashx?t=CPF,$vol(30d) $6.1M < $50M
CPK,FAIL,131.9199981689453,,,,,,,,,,,22052133.859248854,167162.93333333332,,,,False,False,https://www.tradingview.com/chart/?symbol=NYSE:CPK,https://finviz.com/quote.ashx?t=CPK,$vol(30d) $22.1M < $50M
CROX,FAIL,124.58000183105467,,,,,,,,,9.97,101.14,130415902.18482973,1046844.6,262.0,,,False,False,https://www.tradingview.com/chart/?symbol=NASDAQ:CROX,https://finviz.com/quote.ashx?t=CROX,short float 9.97% >= 5%
CSW,FAIL,303.1199951171875,,,,,,,,,,,38584275.53046468,127290.43333333332,,,,False,False,https://www.tradingview.com/chart/?symbol=NYSE:CSW,https://finviz.com/quote.ashx?t=CSW,$vol(30d) $38.6M < $50M
CTRN,FAIL,54.02999877929688,,,,,,,,,,,10200406.315541584,188791.53333333333,,,,False,False,https://www.tradingview.com/chart/?symbol=NASDAQ:CTRN,https://finviz.com/quote.ashx?t=CTRN,$vol(30d) $10.2M < $50M
CTS,FAIL,58.95000076293945,,,,,,,,,,,11511524.278983817,195276.06666666668,,,,False,False,https://www.tradingview.com/chart/?symbol=NYSE:CTS,https://finviz.com/quote.ashx?t=CTS,$vol(30d) $11.5M < $50M
CUBI,FAIL,77.3499984741211,,,,,,,,,,,19901584.795735933,257292.63333333333,,,,False,False,https://www.tradingview.com/chart/?symbol=NYSE:CUBI,https://finviz.com/quote.ashx?t=CUBI,$vol(30d) $19.9M < $50M
CURB,FAIL,28.799999237060547,,,,,,,,,,,43234672.13467229,1501203.933333333,,,,False,False,https://www.tradingview.com/chart/?symbol=NYSE:CURB,https://finviz.com/quote.ashx?t=CURB,$vol(30d) $43.2M < $50M
CUZ,FAIL,28.899999618530277,,,,,,,,,,,38410943.2529892,1329098.4,,,,False,False,https://www.tradingview.com/chart/?symbol=NYSE:CUZ,https://finviz.com/quote.ashx?t=CUZ,$vol(30d) $38.4M < $50M
CVBF,FAIL,22.15999984741211,,,,,,,,,,,25753949.987998456,1162181.8666666667,,,,False,False,https://www.tradingview.com/chart/?symbol=NASDAQ:CVBF,https://finviz.com/quote.ashx?t=CVBF,$vol(30d) $25.8M < $50M
CVSA,FAIL,123.0,,,,,,,,,,,41295618.2,335736.73333333334,,,,False,False,https://www.tradingview.com/chart/?symbol=NYSE:CVSA,https://finviz.com/quote.ashx?t=CVSA,$vol(30d) $41.3M < $50M
CWT,FAIL,47.290000915527344,,,,,,,,,,,22725957.12197113,480565.8,,,,False,False,https://www.tradingview.com/chart/?symbol=NYSE:CWT,https://finviz.com/quote.ashx?t=CWT,$vol(30d) $22.7M < $50M
CXT,FAIL,48.41999816894531,,,,,,,,,,,24522317.75666199,506450.2,,,,False,False,https://www.tradingview.com/chart/?symbol=NYSE:CXT,https://finviz.com/quote.ashx?t=CXT,$vol(30d) $24.5M < $50M
CXW,FAIL,31.46999931335449,,,,,,,,,14.97,88.23,58972581.05827427,1873930.1666666667,262.0,,,False,False,https://www.tradingview.com/chart/?symbol=NYSE:CXW,https://finviz.com/quote.ashx?t=CXW,short float 14.97% >= 5%
CZR,FAIL,29.6200008392334,,,,,,,,,10.46,95.74,114518698.49469662,3866262.5,262.0,,,False,False,https://www.tradingview.com/chart/?symbol=NASDAQ:CZR,https://finviz.com/quote.ashx?t=CZR,short float 10.46% >= 5%
DAVE,FAIL,353.57000732421875,,,,,,,,,24.6,97.44,126938939.74287924,359020.6666666667,262.0,,,False,False,https://www.tradingview.com/chart/?symbol=NASDAQ:DAVE,https://finviz.com/quote.ashx?t=DAVE,short float 24.60% >= 5%
DCO,FAIL,166.4499969482422,,,,,,,,,,,37501827.91909383,225303.86666666667,,,,False,False,https://www.tradingview.com/chart/?symbol=NYSE:DCO,https://finviz.com/quote.ashx?t=DCO,$vol(30d) $37.5M < $50M
DFIN,FAIL,48.4900016784668,,,,,,,,,,,10668361.236948775,220011.56666666668,,,,False,False,https://www.tradingview.com/chart/?symbol=NYSE:DFIN,https://finviz.com/quote.ashx?t=DFIN,$vol(30d) $10.7M < $50M
DFTX,FAIL,40.31999969482422,,,,,,,,,7.75,84.37,92675679.23455226,2298503.966666667,262.0,,,False,False,https://www.tradingview.com/chart/?symbol=NASDAQ:DFTX,https://finviz.com/quote.ashx?t=DFTX,short float 7.75% >= 5%
DNLI,FAIL,21.600000381469727,,,,,,,,,,,29496131.800920423,1365561.6333333333,,,,False,False,https://www.tradingview.com/chart/?symbol=NASDAQ:DNLI,https://finviz.com/quote.ashx?t=DNLI,$vol(30d) $29.5M < $50M
DNTH,FAIL,98.3499984741211,,,,,,,,,18.12,115.66,71872952.78824005,730787.5333333333,262.0,,,False,False,https://www.tradingview.com/chart/?symbol=NASDAQ:DNTH,https://finviz.com/quote.ashx?t=DNTH,short float 18.12% >= 5%
DRH,FAIL,12.3100004196167,,,,,,,,,,,32118390.57416782,2609129.933333333,,,,False,False,https://www.tradingview.com/chart/?symbol=NASDAQ:DRH,https://finviz.com/quote.ashx?t=DRH,$vol(30d) $32.1M < $50M
DVA,FAIL,183.72000122070312,,,,,,,,,7.49,93.6,130022772.43991902,707722.4666666667,262.0,,,False,False,https://www.tradingview.com/chart/?symbol=NYSE:DVA,https://finviz.com/quote.ashx?t=DVA,short float 7.49% >= 5%
EAT,FAIL,206.80999755859372,,,,,,,,,13.52,113.1,269875823.92476404,1304945.7333333334,262.0,,,False,False,https://www.tradingview.com/chart/?symbol=NYSE:EAT,https://finviz.com/quote.ashx?t=EAT,short float 13.52% >= 5%
EBC,FAIL,21.3700008392334,,,,,,,,,,,46032973.49178696,2154093.2,,,,False,False,https://www.tradingview.com/chart/?symbol=NASDAQ:EBC,https://finviz.com/quote.ashx?t=EBC,$vol(30d) $46.0M < $50M
EFSC,FAIL,60.38999938964844,,,,,,,,,,,15476732.939579263,256279.7333333333,,,,False,False,https://www.tradingview.com/chart/?symbol=NASDAQ:EFSC,https://finviz.com/quote.ashx?t=EFSC,$vol(30d) $15.5M < $50M
EGP,FAIL,203.44000244140625,,,,,,,,,5.11,103.33,84426271.87183431,414993.4666666667,262.0,,,False,False,https://www.tradingview.com/chart/?symbol=NYSE:EGP,https://finviz.com/quote.ashx?t=EGP,short float 5.11% >= 5%
EIG,FAIL,48.220001220703125,,,,,,,,,,,7209235.759170531,149507.16666666666,,,,False,False,https://www.tradingview.com/chart/?symbol=NYSE:EIG,https://finviz.com/quote.ashx?t=EIG,$vol(30d) $7.2M < $50M
ELVN,FAIL,48.18999862670898,,,,,,,,,14.18,96.06,57785485.1352623,1199117.8,262.0,,,False,False,https://www.tradingview.com/chart/?symbol=NASDAQ:ELVN,https://finviz.com/quote.ashx?t=ELVN,short float 14.18% >= 5%
EPC,FAIL,27.959999084472656,,,,,,,,,,,15368881.740758516,549673.9,,,,False,False,https://www.tradingview.com/chart/?symbol=NYSE:EPC,https://finviz.com/quote.ashx?t=EPC,$vol(30d) $15.4M < $50M
EPR,FAIL,57.84000015258789,,,,,,,,,,,49614244.0428875,857784.3,,,,False,False,https://www.tradingview.com/chart/?symbol=NYSE:EPR,https://finviz.com/quote.ashx?t=EPR,$vol(30d) $49.6M < $50M
ETSY,FAIL,75.13999938964844,,,,,,,,,11.86,123.77,231366329.7586441,3079136.7,262.0,,,False,False,https://www.tradingview.com/chart/?symbol=NYSE:ETSY,https://finviz.com/quote.ashx?t=ETSY,short float 11.86% >= 5%
EXTR,FAIL,22.11000061035156,,,,,,,,,,,31037919.361808777,1403795.5,,,,False,False,https://www.tradingview.com/chart/?symbol=NASDAQ:EXTR,https://finviz.com/quote.ashx?t=EXTR,$vol(30d) $31.0M < $50M
EZPW,FAIL,30.709999084472656,,,,,,,,,,,29784964.776049804,969878.4,,,,False,False,https://www.tradingview.com/chart/?symbol=NASDAQ:EZPW,https://finviz.com/quote.ashx?t=EZPW,$vol(30d) $29.8M < $50M
FAF,FAIL,69.23999786376953,,,,,,,,,6.11,97.28,51901700.01070023,749591.3,262.0,,,False,False,https://www.tradingview.com/chart/?symbol=NYSE:FAF,https://finviz.com/quote.ashx?t=FAF,short float 6.11% >= 5%
FBNC,FAIL,63.02000045776367,,,,,,,,,,,13438061.39494451,213234.86666666667,,,,False,False,https://www.tradingview.com/chart/?symbol=NASDAQ:FBNC,https://finviz.com/quote.ashx?t=FBNC,$vol(30d) $13.4M < $50M
FBP,FAIL,26.90999984741211,,,,,,,,,,,34058682.56887691,1265651.5333333334,,,,False,False,https://www.tradingview.com/chart/?symbol=NYSE:FBP,https://finviz.com/quote.ashx?t=FBP,$vol(30d) $34.1M < $50M
FDS,FAIL,276.4200134277344,,,,,,,,,12.61,115.23,238381062.97590536,862387.1333333333,262.0,,,False,False,https://www.tradingview.com/chart/?symbol=NYSE:FDS,https://finviz.com/quote.ashx?t=FDS,short float 12.61% >= 5%
FFBC,FAIL,31.32999992370605,,,,,,,,,,,23624945.160802525,754067.8333333334,,,,False,False,https://www.tradingview.com/chart/?symbol=NASDAQ:FFBC,https://finviz.com/quote.ashx?t=FFBC,$vol(30d) $23.6M < $50M
FHI,FAIL,56.91999816894531,,,,,,,,,,,35441271.0118927,622650.6,,,,False,False,https://www.tradingview.com/chart/?symbol=NYSE:FHI,https://finviz.com/quote.ashx?t=FHI,$vol(30d) $35.4M < $50M
FIBK,FAIL,36.540000915527344,,,,,,,,,,,38716177.21005249,1059556.0,,,,False,False,https://www.tradingview.com/chart/?symbol=NASDAQ:FIBK,https://finviz.com/quote.ashx?t=FIBK,$vol(30d) $38.7M < $50M
FISI,FAIL,40.31999969482422,,,,,,,,,,,5939876.4990420025,147318.36666666667,,,,False,False,https://www.tradingview.com/chart/?symbol=NASDAQ:FISI,https://finviz.com/quote.ashx?t=FISI,$vol(30d) $5.9M < $50M
FLYW,FAIL,17.239999771118164,,,,,,,,,,,23948182.5247256,1389105.7333333334,,,,False,False,https://www.tradingview.com/chart/?symbol=NASDAQ:FLYW,https://finviz.com/quote.ashx?t=FLYW,$vol(30d) $23.9M < $50M
FOXF,FAIL,18.88999938964844,,,,,,,,,,,8365416.080373129,442848.93333333335,,,,False,False,https://www.tradingview.com/chart/?symbol=NASDAQ:FOXF,https://finviz.com/quote.ashx?t=FOXF,$vol(30d) $8.4M < $50M
FRST,FAIL,15.8100004196167,,,,,,,,,,,2547618.1976168947,161139.66666666666,,,,False,False,https://www.tradingview.com/chart/?symbol=NASDAQ:FRST,https://finviz.com/quote.ashx?t=FRST,$vol(30d) $2.5M < $50M
FSS,FAIL,115.68000030517578,,,,,,,,,,,44999774.61471405,389002.2,,,,False,False,https://www.tradingview.com/chart/?symbol=NYSE:FSS,https://finviz.com/quote.ashx?t=FSS,$vol(30d) $45.0M < $50M
FTDR,FAIL,77.19000244140625,,,,,,,,,,,38547691.46820679,499387.1,,,,False,False,https://www.tradingview.com/chart/?symbol=NASDAQ:FTDR,https://finviz.com/quote.ashx?t=FTDR,$vol(30d) $38.5M < $50M
FULT,FAIL,23.020000457763672,,,,,,,,,,,35153796.65904999,1527098.0,,,,False,False,https://www.tradingview.com/chart/?symbol=NASDAQ:FULT,https://finviz.com/quote.ashx?t=FULT,$vol(30d) $35.2M < $50M
FVR,FAIL,18.21999931335449,,,,,,,,,,,3372747.800893402,185112.4,,,,False,False,https://www.tradingview.com/chart/?symbol=NYSE:FVR,https://finviz.com/quote.ashx?t=FVR,$vol(30d) $3.4M < $50M
GCO,FAIL,35.08000183105469,,,,,,,,,,,8570001.181991069,244298.76666666663,,,,False,False,https://www.tradingview.com/chart/?symbol=NYSE:GCO,https://finviz.com/quote.ashx?t=GCO,$vol(30d) $8.6M < $50M
GDOT,FAIL,13.210000038146973,,,,,,,,,,,4595503.179603927,347880.63333333336,,,,False,False,https://www.tradingview.com/chart/?symbol=NYSE:GDOT,https://finviz.com/quote.ashx?t=GDOT,$vol(30d) $4.6M < $50M
GEN,FAIL,27.290000915527344,,,,,,,,,6.47,93.81,167763683.2534841,6147441.466666667,262.0,,,False,False,https://www.tradingview.com/chart/?symbol=NASDAQ:GEN,https://finviz.com/quote.ashx?t=GEN,short float 6.47% >= 5%
GEO,FAIL,29.739999771118164,,,,,,,,,8.48,95.15,67079309.01841799,2255524.8666666667,262.0,,,False,False,https://www.tradingview.com/chart/?symbol=NYSE:GEO,https://finviz.com/quote.ashx?t=GEO,short float 8.48% >= 5%
GEV,FAIL,950.280029296875,,,,,,,,,,,2067032236.418042,2175182.2333333334,131.0,,,False,False,https://www.tradingview.com/chart/?symbol=NYSE:GEV,https://finviz.com/quote.ashx?t=GEV,history 131 weekly bars < ~3y (150)
GKOS,FAIL,159.86000061035156,,,,,,,,,6.75,103.76,113343996.24808502,709020.3666666667,262.0,,,False,False,https://www.tradingview.com/chart/?symbol=NYSE:GKOS,https://finviz.com/quote.ashx?t=GKOS,short float 6.75% >= 5%
GPC,FAIL,129.58999633789062,,,,,,,,,5.47,96.05,139869433.3797353,1079322.7666666666,262.0,,,False,False,https://www.tradingview.com/chart/?symbol=NYSE:GPC,https://finviz.com/quote.ashx?t=GPC,short float 5.47% >= 5%
GPN,FAIL,84.77999877929688,,,,,,,,,7.35,93.14,217893145.5126699,2570100.833333333,262.0,,,False,False,https://www.tradingview.com/chart/?symbol=NYSE:GPN,https://finviz.com/quote.ashx?t=GPN,short float 7.35% >= 5%
GPRE,FAIL,15.06999969482422,,,,,,,,,,,23523988.216959637,1560981.3333333333,,,,False,False,https://www.tradingview.com/chart/?symbol=NASDAQ:GPRE,https://finviz.com/quote.ashx?t=GPRE,$vol(30d) $23.5M < $50M
GRPN,FAIL,21.280000686645508,,,,,,,,,,,25443278.186316047,1195642.7333333334,,,,False,False,https://www.tradingview.com/chart/?symbol=NASDAQ:GRPN,https://finviz.com/quote.ashx?t=GRPN,$vol(30d) $25.4M < $50M
GTES,FAIL,26.149999618530277,,,,,,,,,,,44808516.8380111,1713518.8333333333,,,,False,False,https://www.tradingview.com/chart/?symbol=NYSE:GTES,https://finviz.com/quote.ashx?t=GTES,$vol(30d) $44.8M < $50M
HBNC,FAIL,19.18000030517578,,,,,,,,,,,9190791.462236024,479186.2,,,,False,False,https://www.tradingview.com/chart/?symbol=NASDAQ:HBNC,https://finviz.com/quote.ashx?t=HBNC,$vol(30d) $9.2M < $50M
HCC,FAIL,92.0999984741211,,,,,,,,,7.79,97.91,56830681.66845016,617054.1,262.0,,,False,False,https://www.tradingview.com/chart/?symbol=NYSE:HCC,https://finviz.com/quote.ashx?t=HCC,short float 7.79% >= 5%
HCSG,FAIL,21.56999969482422,,,,,,,,,,,14549346.583153533,674517.7,,,,False,False,https://www.tradingview.com/chart/?symbol=NASDAQ:HCSG,https://finviz.com/quote.ashx?t=HCSG,$vol(30d) $14.5M < $50M
HESM,FAIL,39.16999816894531,,,,,,,,,5.06,89.59,50509132.92288208,1289485.2,262.0,,,False,False,https://www.tradingview.com/chart/?symbol=NYSE:HESM,https://finviz.com/quote.ashx?t=HESM,short float 5.06% >= 5%
HFWA,FAIL,28.21999931335449,,,,,,,,,,,10414290.67393411,369039.3666666666,,,,False,False,https://www.tradingview.com/chart/?symbol=NASDAQ:HFWA,https://finviz.com/quote.ashx?t=HFWA,$vol(30d) $10.4M < $50M
HIW,FAIL,30.75,,,,,,,,,,,32280685.8,1049778.4,,,,False,False,https://www.tradingview.com/chart/?symbol=NYSE:HIW,https://finviz.com/quote.ashx?t=HIW,$vol(30d) $32.3M < $50M
HMN,FAIL,47.209999084472656,,,,,,,,,,,13941813.01129786,295314.8333333333,,,,False,False,https://www.tradingview.com/chart/?symbol=NYSE:HMN,https://finviz.com/quote.ashx?t=HMN,$vol(30d) $13.9M < $50M
HOG,FAIL,26.030000686645508,,,,,,,,,,,46316530.3111173,1779351.8666666667,,,,False,False,https://www.tradingview.com/chart/?symbol=NYSE:HOG,https://finviz.com/quote.ashx?t=HOG,$vol(30d) $46.3M < $50M
HOPE,FAIL,13.779999732971191,,,,,,,,,,,12015371.09183283,871942.7666666667,,,,False,False,https://www.tradingview.com/chart/?symbol=NASDAQ:HOPE,https://finviz.com/quote.ashx?t=HOPE,$vol(30d) $12.0M < $50M
HP,FAIL,39.790000915527344,,,,,,,,,7.62,102.79,51306930.19252014,1289442.8,262.0,,,False,False,https://www.tradingview.com/chart/?symbol=NYSE:HP,https://finviz.com/quote.ashx?t=HP,short float 7.62% >= 5%
HPP,FAIL,12.079999923706056,,,,,,,,,,,7348927.548252868,608354.9333333333,,,,False,False,https://www.tradingview.com/chart/?symbol=NYSE:HPP,https://finviz.com/quote.ashx?t=HPP,$vol(30d) $7.3M < $50M
HQY,FAIL,91.75,,,,,,,,,5.61,109.55,80811932.0,880784.0,262.0,,,False,False,https://www.tradingview.com/chart/?symbol=NASDAQ:HQY,https://finviz.com/quote.ashx?t=HQY,short float 5.61% >= 5%
HRB,FAIL,42.86000061035156,,,,,,,,,13.82,104.97,96133259.8256607,2242959.833333333,262.0,,,False,False,https://www.tradingview.com/chart/?symbol=NYSE:HRB,https://finviz.com/quote.ashx?t=HRB,short float 13.82% >= 5%
HRI,FAIL,144.07000732421875,,,,,,,,,6.66,105.31,95132110.34065144,660318.6333333333,262.0,,,False,False,https://www.tradingview.com/chart/?symbol=NYSE:HRI,https://finviz.com/quote.ashx?t=HRI,short float 6.66% >= 5%
HSIC,FAIL,87.43000030517578,,,,,,,,,8.62,98.68,89570412.02898026,1024481.4333333332,262.0,,,False,False,https://www.tradingview.com/chart/?symbol=NASDAQ:HSIC,https://finviz.com/quote.ashx?t=HSIC,short float 8.62% >= 5%
HST,FAIL,22.280000686645508,,,,,,,,,5.83,105.97,190080539.55940983,8531442.266666668,262.0,,,False,False,https://www.tradingview.com/chart/?symbol=NASDAQ:HST,https://finviz.com/quote.ashx?t=HST,short float 5.83% >= 5%
HTO,FAIL,62.91999816894531,,,,,,,,,,,24783644.06943003,393891.3666666666,,,,False,False,https://www.tradingview.com/chart/?symbol=NASDAQ:HTO,https://finviz.com/quote.ashx?t=HTO,$vol(30d) $24.8M < $50M
HWC,FAIL,73.56999969482422,,,,,,,,,6.94,97.67,54224432.30540492,737045.4333333333,262.0,,,False,False,https://www.tradingview.com/chart/?symbol=NASDAQ:HWC,https://finviz.com/quote.ashx?t=HWC,short float 6.94% >= 5%
IART,FAIL,16.020000457763672,,,,,,,,,,,12500523.303196335,780307.3,,,,False,False,https://www.tradingview.com/chart/?symbol=NASDAQ:IART,https://finviz.com/quote.ashx?t=IART,$vol(30d) $12.5M < $50M
IBCP,FAIL,35.619998931884766,,,,,,,,,,,6071254.279944993,170445.1,,,,False,False,https://www.tradingview.com/chart/?symbol=NASDAQ:IBCP,https://finviz.com/quote.ashx?t=IBCP,$vol(30d) $6.1M < $50M
ICFI,FAIL,83.58000183105469,,,,,,,,,,,15525592.688131714,185757.26666666663,,,,False,False,https://www.tradingview.com/chart/?symbol=NASDAQ:ICFI,https://finviz.com/quote.ashx?t=ICFI,$vol(30d) $15.5M < $50M
ICHR,FAIL,57.43999862670898,,,,,,,,,,,38244397.36830928,665814.7333333333,,,,False,False,https://www.tradingview.com/chart/?symbol=NASDAQ:ICHR,https://finviz.com/quote.ashx?t=ICHR,$vol(30d) $38.2M < $50M
ICUI,FAIL,160.97999572753906,,,,,,,,,,,37723821.46079763,234338.56666666668,,,,False,False,https://www.tradingview.com/chart/?symbol=NASDAQ:ICUI,https://finviz.com/quote.ashx?t=ICUI,$vol(30d) $37.7M < $50M
INDB,FAIL,80.30000305175781,,,,,,,,,,,25084449.53665416,312384.1666666667,,,,False,False,https://www.tradingview.com/chart/?symbol=NASDAQ:INDB,https://finviz.com/quote.ashx?t=INDB,$vol(30d) $25.1M < $50M
INDV,FAIL,36.18999862670898,,,,,,,,,9.34,91.69,75753815.90705936,2093225.1666666667,262.0,,,False,False,https://www.tradingview.com/chart/?symbol=NASDAQ:INDV,https://finviz.com/quote.ashx?t=INDV,short float 9.34% >= 5%
INTA,FAIL,36.09000015258789,,,,,,,,,,,22208540.988897324,615365.5,,,,False,False,https://www.tradingview.com/chart/?symbol=NASDAQ:INTA,https://finviz.com/quote.ashx?t=INTA,$vol(30d) $22.2M < $50M
ITRI,FAIL,93.33000183105467,,,,,,,,,14.47,119.23,51186889.28024292,548450.5333333333,262.0,,,False,False,https://www.tradingview.com/chart/?symbol=NASDAQ:ITRI,https://finviz.com/quote.ashx?t=ITRI,short float 14.47% >= 5%
JXN,FAIL,129.57000732421875,,,,,,,,,5.47,87.24,97825631.94580078,755002.1333333333,262.0,,,False,False,https://www.tradingview.com/chart/?symbol=NYSE:JXN,https://finviz.com/quote.ashx?t=JXN,short float 5.47% >= 5%
KALU,FAIL,153.85000610351562,,,,,,,,,,,34273191.501347855,222770.16666666663,,,,False,False,https://www.tradingview.com/chart/?symbol=NASDAQ:KALU,https://finviz.com/quote.ashx?t=KALU,$vol(30d) $34.3M < $50M
KFRC,FAIL,51.9900016784668,,,,,,,,,,,13767150.006464384,264803.8,,,,False,False,https://www.tradingview.com/chart/?symbol=NYSE:KFRC,https://finviz.com/quote.ashx?t=KFRC,$vol(30d) $13.8M < $50M
KFY,FAIL,75.86000061035156,,,,,,,,,,,34367490.771846004,453038.3666666666,,,,False,False,https://www.tradingview.com/chart/?symbol=NYSE:KFY,https://finviz.com/quote.ashx?t=KFY,$vol(30d) $34.4M < $50M
KMX,FAIL,56.84000015258789,,,,,,,,,8.05,103.0,103263100.20787811,1816732.933333333,262.0,,,False,False,https://www.tradingview.com/chart/?symbol=NYSE:KMX,https://finviz.com/quote.ashx?t=KMX,short float 8.05% >= 5%
KNX,FAIL,67.08999633789062,,,,,,,,,6.97,100.73,224471818.60953265,3345831.433333333,262.0,,,False,False,https://www.tradingview.com/chart/?symbol=NYSE:KNX,https://finviz.com/quote.ashx?t=KNX,short float 6.97% >= 5%
KOD,FAIL,33.79999923706055,,,,,,,,,,,22417274.893993378,663233.0,,,,False,False,https://www.tradingview.com/chart/?symbol=NASDAQ:KOD,https://finviz.com/quote.ashx?t=KOD,$vol(30d) $22.4M < $50M
KOP,FAIL,46.09999847412109,,,,,,,,,,,8900133.318744915,193061.46666666667,,,,False,False,https://www.tradingview.com/chart/?symbol=NYSE:KOP,https://finviz.com/quote.ashx?t=KOP,$vol(30d) $8.9M < $50M
KWR,FAIL,159.47000122070312,,,,,,,,,,,24785497.36372681,155424.2,,,,False,False,https://www.tradingview.com/chart/?symbol=NYSE:KWR,https://finviz.com/quote.ashx?t=KWR,$vol(30d) $24.8M < $50M
LAUR,FAIL,36.130001068115234,,,,,,,,,,,34307196.7495608,949548.7333333332,,,,False,False,https://www.tradingview.com/chart/?symbol=NASDAQ:LAUR,https://finviz.com/quote.ashx?t=LAUR,$vol(30d) $34.3M < $50M
LBRX,FAIL,42.68999862670898,,,,,,,,,,,12175344.138332369,285203.6666666667,,,,False,False,https://www.tradingview.com/chart/?symbol=NASDAQ:LBRX,https://finviz.com/quote.ashx?t=LBRX,$vol(30d) $12.2M < $50M
LGIH,FAIL,52.20500183105469,,,,,,,,,,,14597402.516660564,279616.93333333335,,,,False,False,https://www.tradingview.com/chart/?symbol=NASDAQ:LGIH,https://finviz.com/quote.ashx?t=LGIH,$vol(30d) $14.6M < $50M
LIND,FAIL,27.31999969482422,,,,,,,,,,,23011738.648282625,842303.7666666667,,,,False,False,https://www.tradingview.com/chart/?symbol=NASDAQ:LIND,https://finviz.com/quote.ashx?t=LIND,$vol(30d) $23.0M < $50M
LNC,FAIL,41.0099983215332,,,,,,,,,7.29,86.16,79470085.16942978,1937822.2,262.0,,,False,False,https://www.tradingview.com/chart/?symbol=NYSE:LNC,https://finviz.com/quote.ashx?t=LNC,short float 7.29% >= 5%
LNTH,FAIL,100.0,,,,,,,,,6.72,116.53,124671040.0,1246710.4,262.0,,,False,False,https://www.tradingview.com/chart/?symbol=NASDAQ:LNTH,https://finviz.com/quote.ashx?t=LNTH,short float 6.72% >= 5%
LOCO,FAIL,14.40999984741211,,,,,,,,,,,3322089.530488968,230540.56666666668,,,,False,False,https://www.tradingview.com/chart/?symbol=NASDAQ:LOCO,https://finviz.com/quote.ashx?t=LOCO,$vol(30d) $3.3M < $50M
LYV,FAIL,169.83999633789062,,,,,,,,,15.1,84.86,316462383.96306866,1863297.1666666667,262.0,,,False,False,https://www.tradingview.com/chart/?symbol=NYSE:LYV,https://finviz.com/quote.ashx?t=LYV,short float 15.10% >= 5%
M,FAIL,22.780000686645508,,,,,,,,,12.44,99.51,142857135.41273373,6271164.666666667,262.0,,,False,False,https://www.tradingview.com/chart/?symbol=NYSE:M,https://finviz.com/quote.ashx?t=M,short float 12.44% >= 5%
MAC,FAIL,22.799999237060547,,,,,,,,,10.76,111.17,69574565.51187795,3051516.1333333333,262.0,,,False,False,https://www.tradingview.com/chart/?symbol=NYSE:MAC,https://finviz.com/quote.ashx?t=MAC,short float 10.76% >= 5%
MBIN,FAIL,52.13999938964844,,,,,,,,,,,10798565.805591837,207107.13333333333,,,,False,False,https://www.tradingview.com/chart/?symbol=NASDAQ:MBIN,https://finviz.com/quote.ashx?t=MBIN,$vol(30d) $10.8M < $50M
MBX,FAIL,61.97999954223633,,,,,,,,,,,28711796.79594421,463242.93333333335,,,,False,False,https://www.tradingview.com/chart/?symbol=NASDAQ:MBX,https://finviz.com/quote.ashx?t=MBX,$vol(30d) $28.7M < $50M
MDGL,FAIL,518.8300170898438,,,,,,,,,10.41,103.59,122459258.69604288,236029.63333333333,262.0,,,False,False,https://www.tradingview.com/chart/?symbol=NASDAQ:MDGL,https://finviz.com/quote.ashx?t=MDGL,short float 10.41% >= 5%
MEI,FAIL,13.520000457763672,,,,,,,,,,,9745707.556639357,720836.3333333334,,,,False,False,https://www.tradingview.com/chart/?symbol=NYSE:MEI,https://finviz.com/quote.ashx?t=MEI,$vol(30d) $9.7M < $50M
MGRC,FAIL,113.47000122070312,,,,,,,,,,,15057960.86532593,132704.33333333334,,,,False,False,https://www.tradingview.com/chart/?symbol=NASDAQ:MGRC,https://finviz.com/quote.ashx?t=MGRC,$vol(30d) $15.1M < $50M
MHK,FAIL,121.2300033569336,,,,,,,,,7.7,80.51,120022576.7694992,990040.2,262.0,,,False,False,https://www.tradingview.com/chart/?symbol=NYSE:MHK,https://finviz.com/quote.ashx?t=MHK,short float 7.70% >= 5%
MHO,FAIL,142.6699981689453,,,,,,,,,,,28074825.756015524,196781.56666666668,,,,False,False,https://www.tradingview.com/chart/?symbol=NYSE:MHO,https://finviz.com/quote.ashx?t=MHO,$vol(30d) $28.1M < $50M
MITK,FAIL,17.469999313354492,,,,,,,,,,,11717116.89280065,670699.3333333334,,,,False,False,https://www.tradingview.com/chart/?symbol=NASDAQ:MITK,https://finviz.com/quote.ashx?t=MITK,$vol(30d) $11.7M < $50M
MLKN,FAIL,20.290000915527344,,,,,,,,,,,12701614.293456776,626003.6333333333,,,,False,False,https://www.tradingview.com/chart/?symbol=NASDAQ:MLKN,https://finviz.com/quote.ashx?t=MLKN,$vol(30d) $12.7M < $50M
MOH,FAIL,191.19000244140625,,,,,,,,,5.99,108.8,112133860.51689658,586504.8333333334,262.0,,,False,False,https://www.tradingview.com/chart/?symbol=NYSE:MOH,https://finviz.com/quote.ashx?t=MOH,short float 5.99% >= 5%
MSA,FAIL,178.91000366210938,,,,,,,,,,,43059516.98771871,240676.96666666667,,,,False,False,https://www.tradingview.com/chart/?symbol=NYSE:MSA,https://finviz.com/quote.ashx?t=MSA,$vol(30d) $43.1M < $50M
MSEX,FAIL,54.91999816894531,,,,,,,,,,,6696858.535390727,121938.43333333332,,,,False,False,https://www.tradingview.com/chart/?symbol=NASDAQ:MSEX,https://finviz.com/quote.ashx?t=MSEX,$vol(30d) $6.7M < $50M
MSM,FAIL,121.37000274658205,,,,,,,,,5.06,84.71,78822615.4970754,649440.6666666666,262.0,,,False,False,https://www.tradingview.com/chart/?symbol=NYSE:MSM,https://finviz.com/quote.ashx?t=MSM,short float 5.06% >= 5%
MTN,FAIL,138.97999572753906,,,,,,,,,16.42,130.38,96936744.91268057,697487.0333333333,262.0,,,False,False,https://www.tradingview.com/chart/?symbol=NYSE:MTN,https://finviz.com/quote.ashx?t=MTN,short float 16.42% >= 5%
MTUS,FAIL,19.059999465942383,,,,,,,,,,,6266351.577084668,328769.76666666666,,,,False,False,https://www.tradingview.com/chart/?symbol=NYSE:MTUS,https://finviz.com/quote.ashx?t=MTUS,$vol(30d) $6.3M < $50M
MYE,FAIL,31.559999465942383,,,,,,,,,,,10163604.32001171,322040.7,,,,False,False,https://www.tradingview.com/chart/?symbol=NYSE:MYE,https://finviz.com/quote.ashx?t=MYE,$vol(30d) $10.2M < $50M
NATL,FAIL,46.220001220703125,,,,,,,,,,,31790706.91494853,687812.7666666667,,,,False,False,https://www.tradingview.com/chart/?symbol=NYSE:NATL,https://finviz.com/quote.ashx?t=NATL,$vol(30d) $31.8M < $50M
NCNO,FAIL,19.670000076293945,,,,,,,,,19.42,119.82,52175426.596372604,2652538.2,262.0,,,False,False,https://www.tradingview.com/chart/?symbol=NASDAQ:NCNO,https://finviz.com/quote.ashx?t=NCNO,short float 19.42% >= 5%
NGVT,FAIL,71.31999969482422,,,,,,,,,,,17256114.036828358,241953.36666666667,,,,False,False,https://www.tradingview.com/chart/?symbol=NYSE:NGVT,https://finviz.com/quote.ashx?t=NGVT,$vol(30d) $17.3M < $50M
NMIH,FAIL,42.41999816894531,,,,,,,,,,,20549492.846983336,484429.3666666666,,,,False,False,https://www.tradingview.com/chart/?symbol=NASDAQ:NMIH,https://finviz.com/quote.ashx?t=NMIH,$vol(30d) $20.5M < $50M
NOV,FAIL,20.18000030517578,,,,,,,,,7.05,103.71,63988353.313675694,3170879.7,262.0,,,False,False,https://www.tradingview.com/chart/?symbol=NYSE:NOV,https://finviz.com/quote.ashx?t=NOV,short float 7.05% >= 5%
NOVT,FAIL,144.1699981689453,,,,,,,,,13.03,120.5,51389982.13864644,356454.06666666665,262.0,,,False,False,https://www.tradingview.com/chart/?symbol=NASDAQ:NOVT,https://finviz.com/quote.ashx?t=NOVT,short float 13.03% >= 5%
NPO,FAIL,300.760009765625,,,,,,,,,,,45964620.94979655,152828.23333333334,,,,False,False,https://www.tradingview.com/chart/?symbol=NYSE:NPO,https://finviz.com/quote.ashx?t=NPO,$vol(30d) $46.0M < $50M
NSP,FAIL,50.2599983215332,,,,,,,,,,,18558189.417569987,369243.7333333333,,,,False,False,https://www.tradingview.com/chart/?symbol=NYSE:NSP,https://finviz.com/quote.ashx?t=NSP,$vol(30d) $18.6M < $50M
NTCT,FAIL,39.13999938964844,,,,,,,,,,,25656808.427239485,655513.7666666667,,,,False,False,https://www.tradingview.com/chart/?symbol=NASDAQ:NTCT,https://finviz.com/quote.ashx?t=NTCT,$vol(30d) $25.7M < $50M
NVRI,FAIL,20.600000381469727,,,,,,,,,,,7320092.715553093,355344.3,,,,False,False,https://www.tradingview.com/chart/?symbol=NYSE:NVRI,https://finviz.com/quote.ashx?t=NVRI,$vol(30d) $7.3M < $50M
NWE,FAIL,69.87000274658203,,,,,,,,,,,28114822.71719055,402387.6,,,,False,False,https://www.tradingview.com/chart/?symbol=NASDAQ:NWE,https://finviz.com/quote.ashx?t=NWE,$vol(30d) $28.1M < $50M
NWPX,FAIL,103.33000183105467,,,,,,,,,,,14579849.481028238,141099.86666666667,,,,False,False,https://www.tradingview.com/chart/?symbol=NASDAQ:NWPX,https://finviz.com/quote.ashx?t=NWPX,$vol(30d) $14.6M < $50M
OFG,FAIL,51.70000076293945,,,,,,,,,,,13249291.89218712,256272.56666666668,,,,False,False,https://www.tradingview.com/chart/?symbol=NYSE:OFG,https://finviz.com/quote.ashx?t=OFG,$vol(30d) $13.2M < $50M
OII,FAIL,46.11000061035156,,,,,,,,,,,42520158.77083333,922146.1333333332,,,,False,False,https://www.tradingview.com/chart/?symbol=NYSE:OII,https://finviz.com/quote.ashx?t=OII,$vol(30d) $42.5M < $50M
ONB,FAIL,25.030000686645508,,,,,,,,,5.17,86.55,88230623.09875521,3524994.833333333,262.0,,,False,False,https://www.tradingview.com/chart/?symbol=NASDAQ:ONB,https://finviz.com/quote.ashx?t=ONB,short float 5.17% >= 5%
OPLN,FAIL,34.630001068115234,,,,,,,,,,,49853211.01765442,1439596.0,,,,False,False,https://www.tradingview.com/chart/?symbol=NYSE:OPLN,https://finviz.com/quote.ashx?t=OPLN,$vol(30d) $49.9M < $50M
ORKA,FAIL,94.5500030517578,,,,,,,,,13.26,103.55,80827031.36715952,854860.1666666666,262.0,,,False,False,https://www.tradingview.com/chart/?symbol=NASDAQ:ORKA,https://finviz.com/quote.ashx?t=ORKA,short float 13.26% >= 5%
PAYX,FAIL,114.52999877929688,,,,,,,,,6.39,85.79,298818005.5684204,2609080.6666666665,262.0,,,False,False,https://www.tradingview.com/chart/?symbol=NASDAQ:PAYX,https://finviz.com/quote.ashx?t=PAYX,short float 6.39% >= 5%
PBI,FAIL,16.579999923706055,,,,,,,,,,,26723000.57303238,1611761.2,,,,False,False,https://www.tradingview.com/chart/?symbol=NYSE:PBI,https://finviz.com/quote.ashx?t=PBI,$vol(30d) $26.7M < $50M
PCRX,FAIL,24.700000762939453,,,,,,,,,,,13393857.817045975,542261.4333333333,,,,False,False,https://www.tradingview.com/chart/?symbol=NASDAQ:PCRX,https://finviz.com/quote.ashx?t=PCRX,$vol(30d) $13.4M < $50M
PEB,FAIL,18.26000022888184,,,,,,,,,,,36148632.83377539,1979662.2333333332,,,,False,False,https://www.tradingview.com/chart/?symbol=NYSE:PEB,https://finviz.com/quote.ashx?t=PEB,$vol(30d) $36.1M < $50M
PGNY,FAIL,26.239999771118164,,,,,,,,,,,28418744.562780444,1083031.433333333,,,,False,False,https://www.tradingview.com/chart/?symbol=NASDAQ:PGNY,https://finviz.com/quote.ashx?t=PGNY,$vol(30d) $28.4M < $50M
PKE,FAIL,29.940000534057617,,,,,,,,,,,7376275.01757501,246368.56666666668,,,,False,False,https://www.tradingview.com/chart/?symbol=NYSE:PKE,https://finviz.com/quote.ashx?t=PKE,$vol(30d) $7.4M < $50M
PLMR,FAIL,131.5399932861328,,,,,,,,,,,27275111.38053131,207352.2333333333,,,,False,False,https://www.tradingview.com/chart/?symbol=NASDAQ:PLMR,https://finviz.com/quote.ashx?t=PLMR,$vol(30d) $27.3M < $50M
PNTG,FAIL,39.40999984741211,,,,,,,,,,,12648875.911026,320956.0,,,,False,False,https://www.tradingview.com/chart/?symbol=NASDAQ:PNTG,https://finviz.com/quote.ashx?t=PNTG,$vol(30d) $12.6M < $50M
PRGS,FAIL,40.619998931884766,,,,,,,,,,,19648582.66933454,483716.9666666667,,,,False,False,https://www.tradingview.com/chart/?symbol=NASDAQ:PRGS,https://finviz.com/quote.ashx?t=PRGS,$vol(30d) $19.6M < $50M
PRM,FAIL,29.770000457763672,,,,,,,,,,,32457426.71675402,1090272.9666666666,,,,False,False,https://www.tradingview.com/chart/?symbol=NYSE:PRM,https://finviz.com/quote.ashx?t=PRM,$vol(30d) $32.5M < $50M
PRSU,FAIL,47.81999969482422,,,,,,,,,,,10743644.413436634,224668.4333333333,,,,False,False,https://www.tradingview.com/chart/?symbol=NYSE:PRSU,https://finviz.com/quote.ashx?t=PRSU,$vol(30d) $10.7M < $50M
PSMT,FAIL,172.80999755859375,,,,,,,,,,,37955728.64877319,219638.5,,,,False,False,https://www.tradingview.com/chart/?symbol=NASDAQ:PSMT,https://finviz.com/quote.ashx?t=PSMT,$vol(30d) $38.0M < $50M
PTEN,FAIL,11.140000343322754,,,,,,,,,10.3,112.64,88913965.09823218,7981504.7,262.0,,,False,False,https://www.tradingview.com/chart/?symbol=NASDAQ:PTEN,https://finviz.com/quote.ashx?t=PTEN,short float 10.30% >= 5%
QNST,FAIL,15.279999732971191,,,,,,,,,,,15678363.07800951,1026070.9,,,,False,False,https://www.tradingview.com/chart/?symbol=NASDAQ:QNST,https://finviz.com/quote.ashx?t=QNST,$vol(30d) $15.7M < $50M
QTWO,FAIL,56.86000061035156,,,,,,,,,,,36299507.784316,638401.4666666667,,,,False,False,https://www.tradingview.com/chart/?symbol=NYSE:QTWO,https://finviz.com/quote.ashx?t=QTWO,$vol(30d) $36.3M < $50M
RAMP,FAIL,37.54999923706055,,,,,,,,,,,44056093.59653664,1173264.8333333333,,,,False,False,https://www.tradingview.com/chart/?symbol=NYSE:RAMP,https://finviz.com/quote.ashx?t=RAMP,$vol(30d) $44.1M < $50M
RELY,FAIL,21.280000686645508,,,,,,,,,8.76,85.4,80254871.81093132,3771375.433333333,262.0,,,False,False,https://www.tradingview.com/chart/?symbol=NASDAQ:RELY,https://finviz.com/quote.ashx?t=RELY,short float 8.76% >= 5%
RHI,FAIL,37.58000183105469,,,,,,,,,21.94,124.41,72350100.57653248,1925228.7666666664,262.0,,,False,False,https://www.tradingview.com/chart/?symbol=NYSE:RHI,https://finviz.com/quote.ashx?t=RHI,short float 21.94% >= 5%
RLI,FAIL,58.130001068115234,,,,,,,,,,,35003402.55450669,602157.2666666667,,,,False,False,https://www.tradingview.com/chart/?symbol=NYSE:RLI,https://finviz.com/quote.ashx?t=RLI,$vol(30d) $35.0M < $50M
RLJ,FAIL,11.029999732971191,,,,,,,,,,,18492004.857654445,1676519.066666667,,,,False,False,https://www.tradingview.com/chart/?symbol=NYSE:RLJ,https://finviz.com/quote.ashx?t=RLJ,$vol(30d) $18.5M < $50M
RNST,FAIL,39.7599983215332,,,,,,,,,,,25295495.153484978,636204.6333333333,,,,False,False,https://www.tradingview.com/chart/?symbol=NYSE:RNST,https://finviz.com/quote.ashx?t=RNST,$vol(30d) $25.3M < $50M
RUSHA,FAIL,48.27000045776367,,,,,,,,,,,30610044.28428726,634142.2,,,,False,False,https://www.tradingview.com/chart/?symbol=NASDAQ:RUSHA,https://finviz.com/quote.ashx?t=RUSHA,$vol(30d) $30.6M < $50M
RVMD,FAIL,192.8600006103516,,,,,,,,,5.04,92.45,358120918.6926926,1856895.7666666664,262.0,,,False,False,https://www.tradingview.com/chart/?symbol=NASDAQ:RVMD,https://finviz.com/quote.ashx?t=RVMD,short float 5.04% >= 5%
RXO,FAIL,19.790000915527344,,,,,,,,,,,31033898.39036052,1568160.5333333334,,,,False,False,https://www.tradingview.com/chart/?symbol=NYSE:RXO,https://finviz.com/quote.ashx?t=RXO,$vol(30d) $31.0M < $50M
SBCF,FAIL,32.83000183105469,,,,,,,,,,,26933663.464860026,820397.8666666667,,,,False,False,https://www.tradingview.com/chart/?symbol=NASDAQ:SBCF,https://finviz.com/quote.ashx?t=SBCF,$vol(30d) $26.9M < $50M
SFNC,FAIL,22.5,,,,,,,,,,,27141925.5,1206307.8,,,,False,False,https://www.tradingview.com/chart/?symbol=NASDAQ:SFNC,https://finviz.com/quote.ashx?t=SFNC,$vol(30d) $27.1M < $50M
SFST,FAIL,60.5099983215332,,,,,,,,,,,5629241.109852346,93029.93333333332,,,,False,False,https://www.tradingview.com/chart/?symbol=NASDAQ:SFST,https://finviz.com/quote.ashx?t=SFST,$vol(30d) $5.6M < $50M
SHO,FAIL,11.09000015258789,,,,,,,,,,,24460978.598226547,2205678.833333333,,,,False,False,https://www.tradingview.com/chart/?symbol=NYSE:SHO,https://finviz.com/quote.ashx?t=SHO,$vol(30d) $24.5M < $50M
SHOO,FAIL,44.45000076293945,,,,,,,,,,,44840997.78631719,1008796.3333333334,,,,False,False,https://www.tradingview.com/chart/?symbol=NASDAQ:SHOO,https://finviz.com/quote.ashx?t=SHOO,$vol(30d) $44.8M < $50M
SIGI,FAIL,87.68000030517578,,,,,,,,,,,35082273.29543941,400117.1666666667,,,,False,False,https://www.tradingview.com/chart/?symbol=NASDAQ:SIGI,https://finviz.com/quote.ashx?t=SIGI,$vol(30d) $35.1M < $50M
SIRI,FAIL,26.530000686645508,,,,,,,,,10.21,84.17,102552025.40223618,3865511.6,262.0,,,False,False,https://www.tradingview.com/chart/?symbol=NASDAQ:SIRI,https://finviz.com/quote.ashx?t=SIRI,short float 10.21% >= 5%
SKWD,FAIL,55.90999984741211,,,,,,,,,,,24471160.240880717,437688.43333333335,,,,False,False,https://www.tradingview.com/chart/?symbol=NASDAQ:SKWD,https://finviz.com/quote.ashx?t=SKWD,$vol(30d) $24.5M < $50M
SKYW,FAIL,101.1999969482422,,,,,,,,,,,31958614.956265256,315796.6,,,,False,False,https://www.tradingview.com/chart/?symbol=NASDAQ:SKYW,https://finviz.com/quote.ashx?t=SKYW,$vol(30d) $32.0M < $50M
SLG,FAIL,52.93999862670898,,,,,,,,,,,43150690.54331537,815086.7333333333,,,,False,False,https://www.tradingview.com/chart/?symbol=NYSE:SLG,https://finviz.com/quote.ashx?t=SLG,$vol(30d) $43.2M < $50M
SM,FAIL,33.91999816894531,,,,,,,,,5.43,98.34,135268486.56466168,3987868.3333333335,262.0,,,False,False,https://www.tradingview.com/chart/?symbol=NYSE:SM,https://finviz.com/quote.ashx?t=SM,short float 5.43% >= 5%
SNDA,FAIL,38.119998931884766,,,,,,,,,,,17813860.51285896,467310.1,,,,False,False,https://www.tradingview.com/chart/?symbol=NYSE:SNDA,https://finviz.com/quote.ashx?t=SNDA,$vol(30d) $17.8M < $50M
SPB,FAIL,88.0199966430664,,,,,,,,,,,28739089.297939807,326506.36666666664,,,,False,False,https://www.tradingview.com/chart/?symbol=NYSE:SPB,https://finviz.com/quote.ashx?t=SPB,$vol(30d) $28.7M < $50M
SPHR,FAIL,141.91000366210938,,,,,,,,,23.37,102.08,90085033.23438825,634803.9666666667,262.0,,,False,False,https://www.tradingview.com/chart/?symbol=NYSE:SPHR,https://finviz.com/quote.ashx?t=SPHR,short float 23.37% >= 5%
SRRK,FAIL,51.18999862670898,,,,,,,,,17.91,101.68,87814726.07283197,1715466.4666666666,262.0,,,False,False,https://www.tradingview.com/chart/?symbol=NASDAQ:SRRK,https://finviz.com/quote.ashx?t=SRRK,short float 17.91% >= 5%
SUNC,FAIL,75.7300033569336,,,,,,,,,,,38187215.17241643,504254.76666666666,,,,False,False,https://www.tradingview.com/chart/?symbol=NYSE:SUNC,https://finviz.com/quote.ashx?t=SUNC,$vol(30d) $38.2M < $50M
SYRE,FAIL,91.97000122070312,,,,,,,,,15.01,100.8,110337940.2321645,1199716.6333333333,262.0,,,False,False,https://www.tradingview.com/chart/?symbol=NASDAQ:SYRE,https://finviz.com/quote.ashx?t=SYRE,short float 15.01% >= 5%
TFX,FAIL,124.9000015258789,,,,,,,,,9.58,113.53,84189170.76852264,674052.6,262.0,,,False,False,https://www.tradingview.com/chart/?symbol=NYSE:TFX,https://finviz.com/quote.ashx?t=TFX,short float 9.58% >= 5%
THRM,FAIL,36.720001220703125,,,,,,,,,,,11163981.971130371,304030.0,,,,False,False,https://www.tradingview.com/chart/?symbol=NASDAQ:THRM,https://finviz.com/quote.ashx?t=THRM,$vol(30d) $11.2M < $50M
TILE,FAIL,35.22999954223633,,,,,,,,,,,18436616.20544243,523321.5,,,,False,False,https://www.tradingview.com/chart/?symbol=NASDAQ:TILE,https://finviz.com/quote.ashx?t=TILE,$vol(30d) $18.4M < $50M
TKR,FAIL,115.5199966430664,,,,,,,,,6.62,95.16,104021197.78788044,900460.5333333333,262.0,,,False,False,https://www.tradingview.com/chart/?symbol=NYSE:TKR,https://finviz.com/quote.ashx?t=TKR,short float 6.62% >= 5%
TNET,FAIL,66.70999908447266,,,,,,,,,,,21053055.308068085,315590.7,,,,False,False,https://www.tradingview.com/chart/?symbol=NYSE:TNET,https://finviz.com/quote.ashx?t=TNET,$vol(30d) $21.1M < $50M
TNGX,FAIL,25.530000686645508,,,,,,,,,34.34,111.02,64192034.62248535,2514376.533333333,262.0,,,False,False,https://www.tradingview.com/chart/?symbol=NASDAQ:TNGX,https://finviz.com/quote.ashx?t=TNGX,short float 34.34% >= 5%
TPC,FAIL,85.7699966430664,,,,,,,,,,,38127705.41872788,444534.3,,,,False,False,https://www.tradingview.com/chart/?symbol=NYSE:TPC,https://finviz.com/quote.ashx?t=TPC,$vol(30d) $38.1M < $50M
TRAX,FAIL,41.02999877929688,,,,,,,,,,,27006598.94118042,658215.9333333333,,,,False,False,https://www.tradingview.com/chart/?symbol=NASDAQ:TRAX,https://finviz.com/quote.ashx?t=TRAX,$vol(30d) $27.0M < $50M
TREX,FAIL,44.130001068115234,,,,,,,,,10.4,109.27,64816162.66079966,1468755.066666667,262.0,,,False,False,https://www.tradingview.com/chart/?symbol=NYSE:TREX,https://finviz.com/quote.ashx?t=TREX,short float 10.40% >= 5%
TRMK,FAIL,45.93999862670898,,,,,,,,,,,15888875.303698223,345861.4666666667,,,,False,False,https://www.tradingview.com/chart/?symbol=NASDAQ:TRMK,https://finviz.com/quote.ashx?t=TRMK,$vol(30d) $15.9M < $50M
TRNO,FAIL,66.37999725341797,,,,,,,,,,,44918428.09742584,676686.2,,,,False,False,https://www.tradingview.com/chart/?symbol=NYSE:TRNO,https://finviz.com/quote.ashx?t=TRNO,$vol(30d) $44.9M < $50M
TROW,FAIL,104.16999816894533,,,,,,,,,12.52,92.13,146191480.96364337,1403393.3333333333,262.0,,,False,False,https://www.tradingview.com/chart/?symbol=NASDAQ:TROW,https://finviz.com/quote.ashx?t=TROW,short float 12.52% >= 5%
TRS,FAIL,38.70000076293945,,,,,,,,,,,13430130.924764251,347031.8,,,,False,False,https://www.tradingview.com/chart/?symbol=NASDAQ:TRS,https://finviz.com/quote.ashx?t=TRS,$vol(30d) $13.4M < $50M
TVTX,FAIL,60.27999877929688,,,,,,,,,13.13,113.64,84454235.38042195,1401032.4666666666,262.0,,,False,False,https://www.tradingview.com/chart/?symbol=NASDAQ:TVTX,https://finviz.com/quote.ashx?t=TVTX,short float 13.13% >= 5%
UAL,FAIL,115.20999908447266,,,,,,,,,5.42,91.29,398519509.1381264,3459070.5,262.0,,,False,False,https://www.tradingview.com/chart/?symbol=NASDAQ:UAL,https://finviz.com/quote.ashx?t=UAL,short float 5.42% >= 5%
UCB,FAIL,34.189998626708984,,,,,,,,,,,26423102.22534434,772831.3333333334,,,,False,False,https://www.tradingview.com/chart/?symbol=NYSE:UCB,https://finviz.com/quote.ashx?t=UCB,$vol(30d) $26.4M < $50M
UCTT,FAIL,76.55000305175781,,,,,,,,,8.86,103.18,68537600.98900044,895331.1333333333,262.0,,,False,False,https://www.tradingview.com/chart/?symbol=NASDAQ:UCTT,https://finviz.com/quote.ashx?t=UCTT,short float 8.86% >= 5%
UNFI,FAIL,45.86000061035156,,,,,,,,,,,28577503.4563385,623146.6,,,,False,False,https://www.tradingview.com/chart/?symbol=NYSE:UNFI,https://finviz.com/quote.ashx?t=UNFI,$vol(30d) $28.6M < $50M
URGN,FAIL,42.7599983215332,,,,,,,,,,,34453746.06891352,805747.1333333333,,,,False,False,https://www.tradingview.com/chart/?symbol=NASDAQ:URGN,https://finviz.com/quote.ashx?t=URGN,$vol(30d) $34.5M < $50M
USFD,FAIL,94.1999969482422,,,,,,,,,5.48,109.53,213138753.1350332,2262619.533333333,262.0,,,False,False,https://www.tradingview.com/chart/?symbol=NYSE:USFD,https://finviz.com/quote.ashx?t=USFD,short float 5.48% >= 5%
UVSP,FAIL,41.84000015258789,,,,,,,,,,,8997618.115480423,215048.2333333333,,,,False,False,https://www.tradingview.com/chart/?symbol=NASDAQ:UVSP,https://finviz.com/quote.ashx?t=UVSP,$vol(30d) $9.0M < $50M
VAC,FAIL,99.1500015258789,,,,,,,,,,,49385944.84502996,498093.2333333333,,,,False,False,https://www.tradingview.com/chart/?symbol=NYSE:VAC,https://finviz.com/quote.ashx?t=VAC,$vol(30d) $49.4M < $50M
VCEL,FAIL,40.220001220703125,,,,,,,,,,,20242201.0730306,503286.93333333335,,,,False,False,https://www.tradingview.com/chart/?symbol=NASDAQ:VCEL,https://finviz.com/quote.ashx?t=VCEL,$vol(30d) $20.2M < $50M
VCYT,FAIL,43.36000061035156,,,,,,,,,10.23,110.99,57333710.39105072,1322271.9,262.0,,,False,False,https://www.tradingview.com/chart/?symbol=NASDAQ:VCYT,https://finviz.com/quote.ashx?t=VCYT,short float 10.23% >= 5%
VIRT,FAIL,54.4900016784668,,,,,,,,,6.4,94.14,71651079.17441635,1314939.933333333,262.0,,,False,False,https://www.tradingview.com/chart/?symbol=NYSE:VIRT,https://finviz.com/quote.ashx?t=VIRT,short float 6.40% >= 5%
VNO,FAIL,35.279998779296875,,,,,,,,,,,42792114.82337443,1212928.4666666666,,,,False,False,https://www.tradingview.com/chart/?symbol=NYSE:VNO,https://finviz.com/quote.ashx?t=VNO,$vol(30d) $42.8M < $50M
VSAT,FAIL,74.98999786376953,,,,,,,,,8.29,101.82,126659611.1911972,1689020.066666667,262.0,,,False,False,https://www.tradingview.com/chart/?symbol=NASDAQ:VSAT,https://finviz.com/quote.ashx?t=VSAT,short float 8.29% >= 5%
VSH,FAIL,33.13999938964844,,,,,,,,,11.09,100.38,115054814.69765982,3471780.833333333,262.0,,,False,False,https://www.tradingview.com/chart/?symbol=NYSE:VSH,https://finviz.com/quote.ashx?t=VSH,short float 11.09% >= 5%
VSXY,FAIL,83.81999969482422,,,,,,,,,13.26,96.43,162967439.5366605,1944254.8333333333,262.0,,,False,False,https://www.tradingview.com/chart/?symbol=NYSE:VSXY,https://finviz.com/quote.ashx?t=VSXY,short float 13.26% >= 5%
VVX,FAIL,72.94999694824219,,,,,,,,,,,44088381.13562622,604364.4,,,,False,False,https://www.tradingview.com/chart/?symbol=NYSE:VVX,https://finviz.com/quote.ashx?t=VVX,$vol(30d) $44.1M < $50M
WABC,FAIL,59.040000915527344,,,,,,,,,,,10978734.170246124,185954.16666666663,,,,False,False,https://www.tradingview.com/chart/?symbol=NASDAQ:WABC,https://finviz.com/quote.ashx?t=WABC,$vol(30d) $11.0M < $50M
WBI,FAIL,29.559999465942383,,,,,,,,,,,18396514.911631968,622344.9,,,,False,False,https://www.tradingview.com/chart/?symbol=NYSE:WBI,https://finviz.com/quote.ashx?t=WBI,$vol(30d) $18.4M < $50M
WDC,FAIL,464.6000061035156,,,,,,,,,5.56,92.52,3117252448.845117,6709540.266666667,262.0,,,False,False,https://www.tradingview.com/chart/?symbol=NASDAQ:WDC,https://finviz.com/quote.ashx?t=WDC,short float 5.56% >= 5%
WEX,FAIL,181.22999572753903,,,,,,,,,7.25,117.37,95338510.02141368,526063.6333333333,262.0,,,False,False,https://www.tradingview.com/chart/?symbol=NYSE:WEX,https://finviz.com/quote.ashx?t=WEX,short float 7.25% >= 5%
WKC,FAIL,35.84000015258789,,,,,,,,,,,35955085.977077864,1003211.1,,,,False,False,https://www.tradingview.com/chart/?symbol=NYSE:WKC,https://finviz.com/quote.ashx?t=WKC,$vol(30d) $36.0M < $50M
WLY,FAIL,47.02000045776367,,,,,,,,,,,24827663.644376628,528023.4666666667,,,,False,False,https://www.tradingview.com/chart/?symbol=NYSE:WLY,https://finviz.com/quote.ashx?t=WLY,$vol(30d) $24.8M < $50M
WNC,FAIL,12.119999885559082,,,,,,,,,,,8350842.329148674,689013.4,,,,False,False,https://www.tradingview.com/chart/?symbol=NYSE:WNC,https://finviz.com/quote.ashx?t=WNC,$vol(30d) $8.4M < $50M
WRLD,FAIL,172.99000549316406,,,,,,,,,,,11869207.555897525,68612.1,,,,False,False,https://www.tradingview.com/chart/?symbol=NASDAQ:WRLD,https://finviz.com/quote.ashx?t=WRLD,$vol(30d) $11.9M < $50M
WSBC,FAIL,38.4900016784668,,,,,,,,,,,36807970.64311701,956299.5333333332,,,,False,False,https://www.tradingview.com/chart/?symbol=NASDAQ:WSBC,https://finviz.com/quote.ashx?t=WSBC,$vol(30d) $36.8M < $50M
WSFS,FAIL,76.88999938964844,,,,,,,,,,,26727320.04483897,347604.63333333336,,,,False,False,https://www.tradingview.com/chart/?symbol=NASDAQ:WSFS,https://finviz.com/quote.ashx?t=WSFS,$vol(30d) $26.7M < $50M
XHR,FAIL,17.889999389648438,,,,,,,,,,,13810666.866156006,771976.9333333333,,,,False,False,https://www.tradingview.com/chart/?symbol=NYSE:XHR,https://finviz.com/quote.ashx?t=XHR,$vol(30d) $13.8M < $50M
XPRO,FAIL,16.3799991607666,,,,,,,,,,,13491678.964750418,823667.8666666667,,,,False,False,https://www.tradingview.com/chart/?symbol=NYSE:XPRO,https://finviz.com/quote.ashx?t=XPRO,$vol(30d) $13.5M < $50M
