ticker,status,failed_filters,f_dollar_vol,f_short_float,f_no_earnings_14d,f_history,f_rr,f_rr_computed,f_smooth_streak,f_weekly_reversal,f_daily_reversal,f_near_zone,needs_drawing,current_price,dollar_vol_30d,avg_vol_30d,short_float_pct,inst_own_pct,earnings_date,days_to_earnings,weekly_bars,zone_lo,zone_hi,entry,sl,tp,rr,sl_atr_mult,atr,atrs_from_entry,tv_found,tv_zone_top,tv_zone_bottom,tv_entry,tv_sl,tv_tp,tv_rr,tv_read_date,tv_screenshot,tv_source,f_bot_review,tv_bot_status,tv_bot_note,tv_price,tv_weekly_atr,tv_zone_dist,tv_zone_dist_atr,f_tv_stale,tv_stale,tv_stale_detail,f_technical,tech_new_high_atr,tech_hh,tech_hl,tech_structure,tech_ema30_slope_pct,tech_ema_rising,tech_detail,smooth_streak_weeks,weekly_reversal_kind,weekly_reversal_date,daily_reversal_kind,daily_reversal_date,smooth_pullback,earnings_known,earnings_blackout,filter_notes,tradingview_url,finviz_url,reason
SNEX,PASS,,True,True,True,True,True,True,True,True,True,True,False,65.80999755859375,55844813.00594686,848576.4333333333,4.5,84.0,2026-11-30,59,263,57.253334045410156,58.22222137451172,57.73777770996094,54.10111068725586,70.37000274658203,3.4735720806313517,0.5091759012622016,7.142260687691825,1.1302051551469656,yes,58.87,56.98,57.67,51.65,93.27,5.91362,2026-10-03,charts/latest/SNEX.webp,user,False,,,65.81,7.1423,6.94,0.9717,False,,,True,5.0,5/8,4/6,0.65,43.9,True,"uptrend: new high +5.0 ATR above prior 2.5y high, 5/8 HH and 4/6 HL, 30w EMA +44% in 26w",8,hammer,2026-10-02,engulfing,2026-10-01,False,True,False,,https://www.tradingview.com/chart/?symbol=NASDAQ:SNEX,https://finviz.com/quote.ashx?t=SNEX,PASS (TV) entry=57.67 SL=51.65 TP=93.27 R:R=5.91362 zone=[56.98-58.87]
GTX,PASS,,True,True,True,True,True,True,False,True,True,False,False,27.06999969482422,73052604.46376902,2698655.533333333,3.91,94.98,2026-10-22,20,263,17.351736831272113,17.497647987157407,17.42469240921476,16.223918768611057,35.00577926635742,14.641466353561492,0.5000000000000008,2.401547281207403,4.016288732304358,yes,21.3,20.96,21.1,18.48,34.59,5.14886,2026-10-03,charts/latest/GTX.webp,user,False,,,27.07,2.4015,5.77,2.4026,False,,,True,6.21,4/4,3/3,1.0,59.9,True,"uptrend: new high +6.2 ATR above prior 2.5y high, 4/4 HH and 3/3 HL, 30w EMA +60% in 26w",2,engulfing,2026-10-02,strong_close,2026-10-02,False,True,False,,https://www.tradingview.com/chart/?symbol=NASDAQ:GTX,https://finviz.com/quote.ashx?t=GTX,PASS (TV) entry=21.1 SL=18.48 TP=34.59 R:R=5.14886 zone=[20.96-21.3]
AIZ,PASS,,True,True,True,True,True,True,False,True,True,False,False,267.4100036621094,91519540.60266927,342244.26666666666,2.7,101.34,2026-11-03,32,263,240.75289916992188,243.72137027574166,242.23713472283177,230.2985458592807,288.6579895019531,3.8883033254328603,1.0000000000000002,11.938588863551072,2.108529678589674,yes,244.73,239.39,242.36,231.66,286.63,4.13738,2026-10-03,charts/latest/AIZ.webp,user,False,,,267.41,11.9386,22.68,1.8997,False,,,True,4.97,7/7,5/6,0.92,19.3,True,"uptrend: new high +5.0 ATR above prior 2.5y high, 7/7 HH and 5/6 HL, 30w EMA +19% in 26w",1,hammer,2026-10-02,hammer,2026-10-02,False,True,False,,https://www.tradingview.com/chart/?symbol=NYSE:AIZ,https://finviz.com/quote.ashx?t=AIZ,PASS (TV) entry=242.36 SL=231.66 TP=286.63 R:R=4.13738 zone=[239.39-244.73]
FTI,PASS,,True,True,True,True,True,True,False,True,True,True,False,68.79000091552734,182080397.88231125,2646902.1,3.27,99.59,2026-10-29,27,263,40.23847198486328,40.79664885300429,40.51756041893378,37.87546448937707,80.30999755859375,15.06093578757238,0.4999999999999997,5.284191859113423,5.3503811463304976,yes,64.55,63.6,64.07,59.83,79.75,3.69811,2026-10-03,charts/latest/FTI.webp,user,False,,,68.79,5.2842,4.24,0.8024,False,,,True,1.55,4/4,5/5,1.0,30.4,True,"uptrend: new high +1.6 ATR above prior 2.5y high, 4/4 HH and 5/5 HL, 30w EMA +30% in 26w",2,strong_close,2026-09-04,strong_close,2026-10-01,False,True,False,,https://www.tradingview.com/chart/?symbol=NYSE:FTI,https://finviz.com/quote.ashx?t=FTI,PASS (TV) entry=64.07 SL=59.83 TP=79.75 R:R=3.69811 zone=[63.6-64.55]
WDC,PASS,,True,True,True,True,True,True,False,True,True,True,False,415.2900085449219,2858823527.854565,6883920.8,4.83,92.51,2026-10-22,20,263,285.21746826171875,309.5716191307068,297.39454369621274,241.10422989889253,772.5020143301236,8.440305952896095,0.6067879415844462,92.767686929201,1.2708677854465134,yes,433.33,408.24,442.29,365.23,727.22,3.69751,2026-10-03,charts/latest/WDC.webp,user,False,,,415.29,92.7677,0.0,0.0,False,,,True,5.18,5/5,1/1,1.0,109.6,True,"uptrend: new high +5.2 ATR above prior 2.5y high, 5/5 HH and 1/1 HL, 30w EMA +110% in 26w",0,strong_close,2026-09-18,hammer,2026-10-02,False,True,False,,https://www.tradingview.com/chart/?symbol=NASDAQ:WDC,https://finviz.com/quote.ashx?t=WDC,PASS (TV) entry=442.29 SL=365.23 TP=727.22 R:R=3.69751 zone=[408.24-433.33]
STLD,PASS,,True,True,True,True,True,True,False,True,True,True,False,231.99000549316406,244389360.90876162,1053447.8,2.83,86.02,2026-10-19,17,263,133.47352600097656,137.9203468520754,135.69693642652598,119.05236549628881,262.7099914550781,7.630899922918131,0.8736777764667611,19.051155218288198,5.054447773025404,yes,220.81,216.73,218.36,200.03,285.6,3.6683,2026-10-03,charts/latest/STLD.webp,user,False,,,231.99,19.0512,11.18,0.5868,False,,,True,4.24,4/6,3/4,0.71,36.3,True,"uptrend: new high +4.2 ATR above prior 2.5y high, 4/6 HH and 3/4 HL, 30w EMA +36% in 26w",2,hammer,2026-10-02,strong_close,2026-10-02,False,True,False,,https://www.tradingview.com/chart/?symbol=NASDAQ:STLD,https://finviz.com/quote.ashx?t=STLD,PASS (TV) entry=218.36 SL=200.03 TP=285.6 R:R=3.6683 zone=[216.73-220.81]
NTRS,PASS,,True,True,True,True,True,True,False,True,True,False,False,171.39999389648438,167535483.94076538,977453.2666666667,2.19,87.0,2026-10-21,19,263,149.8953399658203,150.3189701451915,150.10715505550593,144.57520863497314,190.51141357421875,7.303805107140106,0.6316271618388543,8.758246564995165,2.431175998867326,yes,154.89,149.22,151.62,141.15,189.78,3.6447,2026-10-03,charts/latest/NTRS.webp,user,False,,,171.4,8.7582,16.51,1.8851,False,,,True,4.52,5/7,4/4,0.86,26.9,True,"uptrend: new high +4.5 ATR above prior 2.5y high, 5/7 HH and 4/4 HL, 30w EMA +27% in 26w",2,hammer,2026-10-02,strong_close,2026-10-02,False,True,False,,https://www.tradingview.com/chart/?symbol=NASDAQ:NTRS,https://finviz.com/quote.ashx?t=NTRS,PASS (TV) entry=151.62 SL=141.15 TP=189.78 R:R=3.6447 zone=[149.22-154.89]
BPOP,PASS,,True,True,True,True,True,True,True,True,True,False,False,158.13999938964844,82033432.58538665,518739.3,2.83,93.73,2026-10-28,26,263,145.18597412109375,145.50082762825642,145.34340087467507,139.46928459204034,177.02821362200743,5.393970977557955,0.8383105835917124,7.00708830069553,1.826236229062957,yes,146.69,143.39,145.45,136.59,176.59,3.51467,2026-10-03,charts/latest/BPOP.webp,user,False,,,158.14,7.0071,11.45,1.6341,False,,,True,4.47,3/3,4/5,0.9,25.7,True,"uptrend: new high +4.5 ATR above prior 2.5y high, 3/3 HH and 4/5 HL, 30w EMA +26% in 26w",15,hammer,2026-10-02,strong_close,2026-10-02,False,True,False,,https://www.tradingview.com/chart/?symbol=NASDAQ:BPOP,https://finviz.com/quote.ashx?t=BPOP,PASS (TV) entry=145.45 SL=136.59 TP=176.59 R:R=3.51467 zone=[143.39-146.69]
ROST,PASS,,True,True,True,True,True,True,True,True,True,False,False,228.5399932861328,502734758.2650559,2199767.1,3.03,96.38,2026-11-12,41,263,191.2069091796875,193.7515609738917,192.47923507678962,184.9943125962721,255.75570326720648,8.453857518914715,0.6142822453055439,12.184826336295178,2.9594806863950383,yes,212.6,205.24,210.04,197.13,253.89,3.39659,2026-10-03,charts/latest/ROST.webp,user,False,,,228.54,12.1848,15.94,1.3082,False,,,True,2.9,3/4,2/4,0.62,21.5,True,"uptrend: new high +2.9 ATR above prior 2.5y high, 3/4 HH and 2/4 HL, 30w EMA +22% in 26w",14,strong_close,2026-09-25,hammer,2026-10-01,False,True,False,,https://www.tradingview.com/chart/?symbol=NASDAQ:ROST,https://finviz.com/quote.ashx?t=ROST,PASS (TV) entry=210.04 SL=197.13 TP=253.89 R:R=3.39659 zone=[205.24-212.6]
RPRX,PASS,,True,True,True,True,True,True,False,True,True,False,False,57.15999984741211,169148300.24846077,2959207.5,2.79,85.12,2026-11-11,40,263,45.822017669677734,45.98067415053724,45.90134591010749,44.42116319401039,63.959999084472656,12.200286476781528,0.5000000000000007,2.9603654321941906,3.8031297808256834,yes,52.75,50.92,53.02,49.82,63.46,3.2625,2026-10-03,charts/latest/RPRX.webp,user,False,,,57.16,2.9604,4.41,1.4897,False,,,True,5.31,3/4,3/3,0.88,32.9,True,"uptrend: new high +5.3 ATR above prior 2.5y high, 3/4 HH and 3/3 HL, 30w EMA +33% in 26w",2,engulfing,2026-09-04,hammer,2026-09-30,False,True,False,,https://www.tradingview.com/chart/?symbol=NASDAQ:RPRX,https://finviz.com/quote.ashx?t=RPRX,PASS (TV) entry=53.02 SL=49.82 TP=63.46 R:R=3.2625 zone=[50.92-52.75]
R,PASS,,True,True,True,True,True,True,True,True,True,True,False,237.08999633789062,57734899.331222534,243514.7,2.22,92.02,2026-10-22,20,263,222.27438354492188,223.891398337612,223.08289094126695,210.6718648944105,270.889957823935,3.8519834461854945,1.0000000000000007,12.41102604685644,1.1286017242846331,yes,228.9,221.83,227.11,213.47,276.32,3.60777,2026-10-03,charts/latest/R.webp,user,False,,,237.09,12.411,8.19,0.6599,False,,,True,4.47,6/7,4/4,0.93,26.7,True,"uptrend: new high +4.5 ATR above prior 2.5y high, 6/7 HH and 4/4 HL, 30w EMA +27% in 26w",9,hammer,2026-10-02,strong_close,2026-10-02,True,True,False,,https://www.tradingview.com/chart/?symbol=NYSE:R,https://finviz.com/quote.ashx?t=R,PASS (TV) entry=227.11 SL=213.47 TP=276.32 R:R=3.60777 zone=[221.83-228.9]
BWA,PASS,,True,True,True,True,True,True,False,True,True,True,False,60.51499938964844,123755679.07280578,2045041.4,3.16,106.93,2026-10-29,27,263,44.466069356964546,45.83957961215685,45.152824484560696,40.34923978138945,68.75734005811681,4.913937617873753,1.0000000000000002,4.8035847031712455,3.198064748383825,yes,62.15,59.77,61.21,56.67,75.26,3.09471,2026-10-03,charts/latest/BWA.webp,user,False,,,60.515,4.8036,0.0,0.0,False,,,True,1.89,3/4,5/5,0.88,29.6,True,"uptrend: new high +1.9 ATR above prior 2.5y high, 3/4 HH and 5/5 HL, 30w EMA +30% in 26w",2,hammer,2026-09-25,hammer,2026-10-01,False,True,False,,https://www.tradingview.com/chart/?symbol=NYSE:BWA,https://finviz.com/quote.ashx?t=BWA,PASS (TV) entry=61.21 SL=56.67 TP=75.26 R:R=3.09471 zone=[59.77-62.15]
MUSA,PASS,,True,True,True,True,True,True,True,True,True,True,False,515.010009765625,131310763.163916,254967.4,4.99,83.88,2026-10-28,26,263,505.08624267578125,506.1238809865399,505.6050618311606,463.22810995850733,622.5089585338304,2.7586669530639463,0.9999999999999998,42.37695187265326,0.2219354512029835,yes,520.14,504.85,509.83,473.12,620.64,3.01852,2026-10-03,charts/latest/MUSA.webp,user,False,,,515.01,42.377,0.0,0.0,False,,,True,1.87,3/7,3/5,0.51,23.7,True,"uptrend: new high +1.9 ATR above prior 2.5y high, 3/7 HH and 3/5 HL, 30w EMA +24% in 26w",8,hammer,2026-10-02,strong_close,2026-10-02,False,True,False,,https://www.tradingview.com/chart/?symbol=NYSE:MUSA,https://finviz.com/quote.ashx?t=MUSA,PASS (TV) entry=509.83 SL=473.12 TP=620.64 R:R=3.01852 zone=[504.85-520.14]
LH,PASS,,True,True,True,True,True,True,False,True,True,False,False,308.55999755859375,225019846.69958496,729258.0,3.03,101.18,2026-10-22,20,263,272.3859558105469,275.2320022818144,273.80897904618064,260.07239875490035,335.62042236328125,4.499769375376293,0.7646013039267997,17.96567730231779,1.9343004957530774,yes,289.97,284.29,288.77,272.04,333.31,2.66228,2026-10-03,charts/latest/LH.webp,user,False,,,308.56,17.9657,18.59,1.0348,False,,,True,2.8,4/6,5/6,0.75,10.4,True,"uptrend: new high +2.8 ATR above prior 2.5y high, 4/6 HH and 5/6 HL, 30w EMA +10% in 26w",1,hammer,2026-10-02,hammer,2026-10-02,False,True,False,,https://www.tradingview.com/chart/?symbol=NYSE:LH,https://finviz.com/quote.ashx?t=LH,PASS (TV) entry=288.77 SL=272.04 TP=333.31 R:R=2.66228 zone=[284.29-289.97]
WELL,PASS,,True,True,True,True,True,True,True,False,True,True,False,227.75999450683594,527655732.0978867,2316718.2333333334,2.44,101.69,2026-10-26,24,263,215.35902404785156,218.01985897525765,216.6894415115546,205.55114447799215,239.85000610351562,2.079363166754531,0.9999999999999997,11.138297033562456,0.9939179177860858,yes,220.4,214.72,218.23,206.34,249.6,2.64,2026-10-02,charts/latest/WELL.webp,user,False,,,227.76,11.1383,7.36,0.6608,False,,,True,3.6,6/8,4/5,0.78,18.2,True,"uptrend: new high +3.6 ATR above prior 2.5y high, 6/8 HH and 4/5 HL, 30w EMA +18% in 26w",9,,,hammer,2026-09-29,True,True,False,,https://www.tradingview.com/chart/?symbol=NYSE:WELL,https://finviz.com/quote.ashx?t=WELL,PASS (TV) entry=218.23 SL=206.34 TP=249.6 R:R=2.64 zone=[214.72-220.4]
RHP,PASS,,True,True,True,True,True,True,False,True,True,True,False,121.63999938964844,67032807.264983624,551075.3666666667,4.37,94.3,2026-11-02,31,263,102.76312827616329,103.40852128131385,103.08582477873857,96.22295393582121,134.4499969482422,4.570124207112562,1.0000000000000002,6.862870842917358,2.703558763612491,yes,117.25,114.4,115.82,108.83,134.08,2.61,2026-10-02,charts/latest/RHP.webp,user,False,,,121.64,6.8629,4.39,0.6397,False,,,True,3.69,3/5,2/4,0.55,26.6,True,"uptrend: new high +3.7 ATR above prior 2.5y high, 3/5 HH and 2/4 HL, 30w EMA +27% in 26w",4,hammer,2026-10-02,strong_close,2026-10-01,False,True,False,,https://www.tradingview.com/chart/?symbol=NYSE:RHP,https://finviz.com/quote.ashx?t=RHP,PASS (TV) entry=115.82 SL=108.83 TP=134.08 R:R=2.61 zone=[114.4-117.25]
ATI,PASS,,True,True,True,True,True,True,True,True,True,True,False,192.47000122070312,344058174.4524546,1787593.7666666666,3.22,94.6,2026-11-03,32,263,202.80999755859375,202.85000610351562,202.8300018310547,192.61035973685128,231.25999450683594,2.7818970971504737,0.5000000000000002,20.43928418840681,-0.5068670954840859,yes,184.47,174.75,186.1,169.21,229.84,2.59,2026-10-02,charts/latest/ATI.webp,user,False,,,192.47,20.4393,8.0,0.3914,False,,,True,3.69,4/4,4/4,1.0,50.2,True,"uptrend: new high +3.7 ATR above prior 2.5y high, 4/4 HH and 4/4 HL, 30w EMA +50% in 26w",14,engulfing,2026-10-02,hammer,2026-10-02,False,True,False,,https://www.tradingview.com/chart/?symbol=NYSE:ATI,https://finviz.com/quote.ashx?t=ATI,PASS (TV) entry=186.1 SL=169.21 TP=229.84 R:R=2.59 zone=[174.75-184.47]
ST,PASS,,True,True,True,True,True,True,True,True,True,True,False,43.5,54482827.800000004,1252478.8,4.59,107.22,2026-10-27,25,263,38.1473274230957,38.18711694284953,38.167222182972615,35.39191506721856,46.8081828406849,3.113515116457491,0.8609840510684356,3.223412921888674,1.6543886701002561,yes,41.96,41.31,42.11,38.46,51.55,2.59,2026-10-02,charts/latest/ST.webp,user,False,,,43.5,3.2234,1.54,0.4778,False,,,True,3.72,5/6,4/6,0.75,28.0,True,"uptrend: new high +3.7 ATR above prior 2.5y high, 5/6 HH and 4/6 HL, 30w EMA +28% in 26w",14,engulfing,2026-10-02,hammer,2026-10-02,False,True,False,,https://www.tradingview.com/chart/?symbol=NYSE:ST,https://finviz.com/quote.ashx?t=ST,PASS (TV) entry=42.11 SL=38.46 TP=51.55 R:R=2.59 zone=[41.31-41.96]
ASB,PASS,,True,True,True,True,True,True,True,True,True,True,False,29.010000228881836,54313380.15751934,1872229.5666666667,4.55,80.97,2026-10-22,20,263,28.170221585616805,28.278417871726944,28.224319728671873,26.92796469370121,32.076515197753906,2.971558998240949,1.0000000000000009,1.2963550349706618,0.606068923262017,yes,28.78,28.63,28.73,27.42,32.11,2.58,2026-10-02,charts/latest/ASB.webp,user,False,,,29.01,1.2964,0.23,0.1774,False,,,True,2.65,5/7,6/7,0.79,15.1,True,"uptrend: new high +2.6 ATR above prior 2.5y high, 5/7 HH and 6/7 HL, 30w EMA +15% in 26w",15,hammer,2026-10-02,hammer,2026-10-01,False,True,False,,https://www.tradingview.com/chart/?symbol=NYSE:ASB,https://finviz.com/quote.ashx?t=ASB,PASS (TV) entry=28.73 SL=27.42 TP=32.11 R:R=2.58 zone=[28.63-28.78]
UNP,PASS,,True,True,True,True,True,True,True,True,True,True,False,278.2699890136719,616339660.6777365,2214898.066666667,4.63,92.23,2026-10-22,20,263,262.3927820459206,265.5219318602399,263.95735695308025,250.2611912350686,307.0749771113229,3.1481526323487157,0.9999999999999991,13.696165718011668,1.0450101404489616,yes,276.76,270.96,273.57,261.4,304.91,2.58,2026-10-02,charts/latest/UNP.webp,user,False,,,278.27,13.6962,1.51,0.1102,False,,,True,3.58,7/9,6/7,0.82,16.8,True,"uptrend: new high +3.6 ATR above prior 2.5y high, 7/9 HH and 6/7 HL, 30w EMA +17% in 26w",9,hammer,2026-10-02,strong_close,2026-10-02,False,True,False,,https://www.tradingview.com/chart/?symbol=NYSE:UNP,https://finviz.com/quote.ashx?t=UNP,PASS (TV) entry=273.57 SL=261.4 TP=304.91 R:R=2.58 zone=[270.96-276.76]
WSM,PASS,,True,True,True,True,True,True,True,True,True,True,False,232.14100646972656,267929790.7974533,1154168.3,4.97,97.86,2026-11-12,41,263,198.02880859375,204.18823569962044,201.10852214668523,184.94648926125356,251.77999877929688,3.1352167757489537,0.9999999999999996,16.162032885431678,1.92008545849537,yes,220.43,219.03,222.37,211.66,249.85,2.57,2026-10-02,charts/latest/WSM.webp,user,False,,,232.141,16.162,11.711,0.7246,False,,,True,2.14,4/6,3/6,0.58,15.3,True,"uptrend: new high +2.1 ATR above prior 2.5y high, 4/6 HH and 3/6 HL, 30w EMA +15% in 26w",27,strong_close,2026-09-25,hammer,2026-10-01,False,True,False,,https://www.tradingview.com/chart/?symbol=NYSE:WSM,https://finviz.com/quote.ashx?t=WSM,PASS (TV) entry=222.37 SL=211.66 TP=249.85 R:R=2.57 zone=[219.03-220.43]
CPAY,PASS,,True,True,True,True,True,True,True,True,True,False,False,394.6400146484375,174240091.182194,441516.5333333333,4.94,100.48,2026-11-11,40,263,361.79998779296875,364.239990234375,363.0199890136719,341.68380301339283,417.6000061035156,2.5580962356219588,1.000000000000001,21.336186000279017,1.4819905316888466,yes,365.92,353.48,357.63,334.81,414.88,2.51,2026-10-02,charts/latest/CPAY.webp,user,False,,,394.64,21.3362,28.72,1.3461,False,,,True,1.25,4/7,4/8,0.54,17.9,True,"uptrend: new high +1.2 ATR above prior 2.5y high, 4/7 HH and 4/8 HL, 30w EMA +18% in 26w",14,hammer,2026-10-02,hammer,2026-10-02,False,True,False,,https://www.tradingview.com/chart/?symbol=NYSE:CPAY,https://finviz.com/quote.ashx?t=CPAY,PASS (TV) entry=357.63 SL=334.81 TP=414.88 R:R=2.51 zone=[353.48-365.92]
EOG,PASS,,True,True,True,True,True,False,False,True,True,False,False,141.4199981689453,428026518.1700684,3026633.6,2.96,98.3,2026-11-05,34,263,140.17967224121094,144.62666418972194,142.40316821546645,133.5068529286732,153.0500030517578,1.196769054722778,1.0000000000000007,8.896315286793248,-0.11051429887839893,yes,127.55,125.02,127.52,119.32,147.49,2.44,2026-10-02,charts/latest/EOG.webp,user,False,,,141.42,8.8963,13.87,1.5591,False,,,False,0.51,4/7,4/6,0.62,15.5,True,no new high: recent high 154.16 is +0.51 ATR vs prior 2.5y high 149.59 (needs >= +1),2,hammer,2026-10-02,strong_close,2026-10-02,False,True,False,,https://www.tradingview.com/chart/?symbol=NYSE:EOG,https://finviz.com/quote.ashx?t=EOG,PASS (TV) entry=127.52 SL=119.32 TP=147.49 R:R=2.44 zone=[125.02-127.55]
BAX,PASS,,True,True,True,True,True,True,False,False,True,True,False,23.485000610351562,135881710.0304291,5785893.4,4.52,109.61,2026-10-29,27,263,18.69306755065918,19.17263462498108,18.93285108782013,16.931699111115925,27.53937530517578,4.30078490666669,1.0000000000000004,2.001151976704203,2.2747645233964664,yes,22.36,21.76,21.99,19.87,27.15,2.43,2026-10-02,charts/latest/BAX.webp,user,False,,,23.485,2.0012,1.125,0.5622,False,,,False,-5.58,2/6,3/6,0.42,11.0,True,"no new high: recent high 29.99 is -5.58 ATR vs prior 2.5y high 41.15 (needs >= +1); choppy swings: 2/6 higher highs, 3/6 higher lows",2,,,strong_close,2026-09-30,False,True,False,,https://www.tradingview.com/chart/?symbol=NYSE:BAX,https://finviz.com/quote.ashx?t=BAX,PASS (TV) entry=21.99 SL=19.87 TP=27.15 R:R=2.43 zone=[21.76-22.36]
ARMK,PASS,,True,True,True,True,True,True,False,True,True,True,False,55.54999923706055,117844712.73148727,2121417.0,3.16,100.02,2026-11-17,46,263,41.66974639892578,41.918669624243776,41.79420801158478,38.79827917809038,62.26625061035156,6.833287349782795,0.9999999999999999,2.9959288334943968,4.591494654908496,yes,55.8,55.21,55.47,52.77,61.88,2.37,2026-10-02,charts/latest/ARMK.webp,user,False,,,55.55,2.9959,0.0,0.0,False,,,True,6.22,3/4,4/5,0.78,34.9,True,"uptrend: new high +6.2 ATR above prior 2.5y high, 3/4 HH and 4/5 HL, 30w EMA +35% in 26w",2,hammer,2026-10-02,strong_close,2026-10-01,False,True,False,,https://www.tradingview.com/chart/?symbol=NYSE:ARMK,https://finviz.com/quote.ashx?t=ARMK,PASS (TV) entry=55.47 SL=52.77 TP=61.88 R:R=2.37 zone=[55.21-55.8]
LAMR,PASS,,True,True,True,True,True,True,False,True,True,True,False,144.1199951171875,71105092.09894612,493374.23333333334,3.63,85.42,2026-10-29,27,263,134.6874542236328,135.62618083125926,135.15681752744604,128.90360337252136,162.32000732421875,4.343876464774603,1.000000000000002,6.253214154924665,1.433371281980258,yes,147.28,145.49,146.09,140.13,159.92,2.32,2026-10-02,charts/latest/LAMR.webp,user,False,,,144.12,6.2532,1.37,0.2191,False,,,True,4.74,6/6,4/5,0.9,17.3,True,"uptrend: new high +4.7 ATR above prior 2.5y high, 6/6 HH and 4/5 HL, 30w EMA +17% in 26w",2,hammer,2026-09-04,rejection,2026-10-01,False,True,False,,https://www.tradingview.com/chart/?symbol=NASDAQ:LAMR,https://finviz.com/quote.ashx?t=LAMR,PASS (TV) entry=146.09 SL=140.13 TP=159.92 R:R=2.32 zone=[145.49-147.28]
AMGN,PASS,,True,True,True,True,True,True,False,True,True,True,False,403.0400085449219,1156890232.1434326,2870410.4,2.61,85.54,2026-11-03,32,263,350.58819580078125,351.9597768434924,351.2739863221368,338.4665418045626,440.30999755859375,6.95189513523037,0.49999999999999933,25.61488903514843,2.0209348614297094,yes,386.1,382.85,384.48,360.4,440.31,2.3185,2026-10-02,charts/latest/AMGN.webp,user,False,,,403.04,25.6149,16.94,0.6613,False,,,True,2.38,4/4,6/8,0.88,13.6,True,"uptrend: new high +2.4 ATR above prior 2.5y high, 4/4 HH and 6/8 HL, 30w EMA +14% in 26w",0,strong_close,2026-09-25,strong_close,2026-09-29,False,True,False,,https://www.tradingview.com/chart/?symbol=NASDAQ:AMGN,https://finviz.com/quote.ashx?t=AMGN,PASS (TV) entry=384.48 SL=360.4 TP=440.31 R:R=2.3185 zone=[382.85-386.1]
EBAY,PASS,,True,True,True,True,True,True,True,True,True,True,False,106.4000015258789,499073842.6505348,4690543.566666666,4.54,96.1,2026-11-04,33,262,92.17344665527344,93.40223569089885,92.78784117308615,85.49858896485749,117.42298312858473,3.3796528439074405,1.0000000000000002,7.289252208228659,1.867428916429359,yes,101.66,99.2,100.49,93.4,116.76,2.2948,2026-10-02,charts/latest/EBAY.webp,user,False,,,106.4,7.2893,4.74,0.6503,False,,,False,2.58,3/5,1/4,0.42,20.4,True,"choppy swings: 3/5 higher highs, 1/4 higher lows",23,strong_close,2026-09-18,rejection,2026-10-01,False,True,False,,https://www.tradingview.com/chart/?symbol=NASDAQ:EBAY,https://finviz.com/quote.ashx?t=EBAY,PASS (TV) entry=100.49 SL=93.4 TP=116.76 R:R=2.2948 zone=[99.2-101.66]
LNG,PASS,,True,True,True,True,True,True,True,True,True,False,False,269.8900146484375,554304178.4278483,2053815.0666666667,1.89,90.78,2026-10-29,27,263,236.15563938956396,236.6279506683431,236.39179502895354,219.97604235689988,292.0,3.3874904234951364,0.9999999999999998,16.41575267205366,2.0406142982716635,yes,252.96,247.64,251,233.69,290.49,2.28,2026-09-30,,user,False,,,269.89,16.4158,16.93,1.0313,False,,,False,-0.02,3/6,2/4,0.5,11.5,True,no new high: recent high 299.18 is -0.02 ATR vs prior 2.5y high 299.54 (needs >= +1),21,hammer,2026-10-02,strong_close,2026-10-02,False,True,False,,https://www.tradingview.com/chart/?symbol=NYSE:LNG,https://finviz.com/quote.ashx?t=LNG,PASS (TV) entry=251 SL=233.69 TP=290.49 R:R=2.28 zone=[247.64-252.96]
ADM,PASS,,True,True,True,True,True,True,False,True,True,True,False,80.45999908447266,277750585.42956924,3452033.1666666665,3.05,89.61,2026-10-27,25,263,72.88384246826172,73.14049830009272,73.01217038417721,67.85454556180656,85.37811279296875,2.397604097753597,0.9999999999999988,5.157624822370656,1.444042356084388,yes,75.83,74.83,75.4,70.38,86.58,2.2271,2026-10-02,charts/latest/ADM.webp,user,False,,,80.46,5.1576,4.63,0.8977,False,,,True,3.01,6/7,5/6,0.85,22.6,True,"uptrend: new high +3.0 ATR above prior 2.5y high, 6/7 HH and 5/6 HL, 30w EMA +23% in 26w",2,hammer,2026-10-02,strong_close,2026-10-02,False,True,False,,https://www.tradingview.com/chart/?symbol=NYSE:ADM,https://finviz.com/quote.ashx?t=ADM,PASS (TV) entry=75.4 SL=70.38 TP=86.58 R:R=2.2271 zone=[74.83-75.83]
CAH,PASS,,True,True,True,True,True,False,False,True,True,True,False,228.31500244140625,352479725.2606181,1543830.7666666666,2.89,92.2,2026-10-30,28,263,236.39999389648438,244.8699951171875,240.63499450683594,226.6326664515904,243.89999389648438,0.23317546744845113,0.9999999999999993,14.002328055245536,-0.8798531227679947,yes,216.93,211.21,214.24,200.12,245.5,2.21,2026-10-02,charts/latest/CAH.webp,user,False,,,228.315,14.0023,11.385,0.8131,False,,,True,1.84,5/5,6/7,0.93,11.6,True,"uptrend: new high +1.8 ATR above prior 2.5y high, 5/5 HH and 6/7 HL, 30w EMA +12% in 26w",2,engulfing,2026-10-02,hammer,2026-10-02,False,True,False,,https://www.tradingview.com/chart/?symbol=NYSE:CAH,https://finviz.com/quote.ashx?t=CAH,PASS (TV) entry=214.24 SL=200.12 TP=245.5 R:R=2.21 zone=[211.21-216.93]
GL,PASS,,True,True,True,True,True,True,True,True,True,True,False,165.64999389648438,64570864.5708313,389803.0,2.71,88.06,2026-10-28,26,263,145.89846801757812,152.0726073494638,148.98553768352096,140.35396345246275,186.61000061035156,4.358934062276834,0.9999999999999996,8.631574231058213,1.9306392746993022,yes,173.75,167.97,170.86,163.72,186.21,2.1499,2026-10-02,charts/latest/GL.webp,user,False,,,165.65,8.6316,2.32,0.2688,False,,,True,4.57,3/4,5/6,0.79,20.2,True,"uptrend: new high +4.6 ATR above prior 2.5y high, 3/4 HH and 5/6 HL, 30w EMA +20% in 26w",10,hammer,2026-09-11,hammer,2026-10-02,False,True,False,,https://www.tradingview.com/chart/?symbol=NYSE:GL,https://finviz.com/quote.ashx?t=GL,PASS (TV) entry=170.86 SL=163.72 TP=186.21 R:R=2.1499 zone=[167.97-173.75]
SWK,PASS,,True,True,True,True,True,True,True,True,True,True,False,91.31999969482422,141236841.75601068,1546614.5666666667,4.75,100.14,2026-11-04,33,263,79.62845014666357,79.90309745824958,79.76577380245658,73.7622890005825,102.99365997314453,3.869067206339393,0.999999999999999,6.0034848018740865,1.924586514945586,yes,90.29,89,89.86,83.76,102.48,2.0689,2026-10-02,charts/latest/SWK.webp,user,False,,,91.32,6.0035,1.03,0.1716,False,,,False,0.32,5/6,4/6,0.75,18.5,True,no new high: recent high 103.78 is +0.32 ATR vs prior 2.5y high 101.83 (needs >= +1),20,hammer,2026-10-02,hammer,2026-10-01,False,True,False,,https://www.tradingview.com/chart/?symbol=NYSE:SWK,https://finviz.com/quote.ashx?t=SWK,PASS (TV) entry=89.86 SL=83.76 TP=102.48 R:R=2.0689 zone=[89-90.29]
UNH,FAIL,no_earnings_14d,True,True,False,True,True,True,True,True,True,True,False,371.8699951171875,1623738848.6862793,4366415.333333333,1.48,90.14,2026-10-13,11,263,349.3529357910156,350.9317071763275,350.1423214836716,329.43166820604324,424.6352826432401,3.5968426568193186,0.9999999999999998,20.710653277628357,1.049106145627291,yes,354.18,346.7,351.27,330.5,423.15,3.46,2026-09-29,,user,False,,,371.87,20.7107,17.69,0.8541,False,,,False,-6.88,4/8,2/5,0.45,22.4,True,"no new high: recent high 458.79 is -6.88 ATR vs prior 2.5y high 601.33 (needs >= +1); choppy swings: 4/8 higher highs, 2/5 higher lows",28,hammer,2026-10-02,engulfing,2026-10-02,True,True,True,,https://www.tradingview.com/chart/?symbol=NYSE:UNH,https://finviz.com/quote.ashx?t=UNH,FAIL: no_earnings_14d
BNY,FAIL,no_earnings_14d,True,True,False,True,True,True,False,True,True,True,False,145.38999938964844,485961129.69992065,3342466.0,1.52,87.74,2026-10-15,13,263,134.03237915039062,136.45308434956033,135.24273174997546,127.8557739954515,164.83999633789062,4.006692006569151,0.9999999999999994,7.386957754523967,1.3736734359227278,yes,147.25,145,146.4,138.81,164.41,2.37,2026-10-02,charts/latest/BNY.webp,user,False,,,145.39,7.387,0.0,0.0,False,,,True,5.16,7/7,4/4,1.0,29.5,True,"uptrend: new high +5.2 ATR above prior 2.5y high, 7/7 HH and 4/4 HL, 30w EMA +29% in 26w",1,rejection,2026-10-02,hammer,2026-10-02,False,True,True,,https://www.tradingview.com/chart/?symbol=NYSE:BNY,https://finviz.com/quote.ashx?t=BNY,FAIL: no_earnings_14d
BMY,FAIL,rr,True,True,True,True,False,True,False,True,True,True,False,61.150001525878906,567053837.8363881,9273161.466666667,2.06,85.18,2026-10-29,27,263,58.954503866693024,59.112717751159956,59.03361080892649,55.70495408679316,67.41000366210938,2.516448391173983,1.0000000000000009,3.3286567221333287,0.6358092448764217,yes,61.55,61,61.23,58.11,67.27,1.94,2026-10-02,charts/latest/BMY.webp,user,False,,,61.15,3.3287,0.0,0.0,False,,,True,2.13,3/7,4/7,0.5,13.0,True,"uptrend: new high +2.1 ATR above prior 2.5y high, 3/7 HH and 4/7 HL, 30w EMA +13% in 26w",2,hammer,2026-09-25,strong_close,2026-10-02,False,True,False,TV R:R 1.94 < 2 (f_rr False),https://www.tradingview.com/chart/?symbol=NYSE:BMY,https://finviz.com/quote.ashx?t=BMY,FAIL: rr (TV R:R 1.94 < 2)
THC,FAIL,rr,True,True,True,True,False,True,True,True,True,True,False,258.67999267578125,192346906.34325767,743570.8666666667,2.53,100.44,2026-11-03,32,262,196.88999938964844,199.0800018310547,197.98500061035156,177.10249873570032,280.7699890136719,3.9643232836871425,1.0000000000000004,20.88250187465123,2.906500017562833,yes,245.93,238.6,239.65,218.71,278.39,1.85,2026-10-02,charts/latest/THC.webp,user,False,,,258.68,20.8825,12.75,0.6106,False,,,True,1.72,4/6,3/8,0.52,13.8,True,"uptrend: new high +1.7 ATR above prior 2.5y high, 4/6 HH and 3/8 HL, 30w EMA +14% in 26w",15,hammer,2026-09-25,strong_close,2026-10-02,False,True,False,TV R:R 1.85 < 2 (f_rr False),https://www.tradingview.com/chart/?symbol=NYSE:THC,https://finviz.com/quote.ashx?t=THC,FAIL: rr (TV R:R 1.85 < 2)
IVZ,FAIL,rr,True,True,True,True,False,True,True,True,True,True,False,30.674999237060547,115721557.32180786,3772504.0,2.98,98.28,2026-10-27,25,263,28.785341262817383,28.853784369721446,28.819562816269414,26.731429988153614,33.06999969482422,2.035520356427772,1.0000000000000002,2.0881328281157994,0.8885624495762382,yes,29.59,29.39,29.52,27.56,33.03,1.7908,2026-10-02,charts/latest/IVZ.webp,user,False,,,30.675,2.0881,1.085,0.5196,False,,,True,2.25,4/4,4/5,0.9,21.5,True,"uptrend: new high +2.3 ATR above prior 2.5y high, 4/4 HH and 4/5 HL, 30w EMA +21% in 26w",14,hammer,2026-10-02,hammer,2026-10-01,True,True,False,TV R:R 1.7908 < 2 (f_rr False),https://www.tradingview.com/chart/?symbol=NYSE:IVZ,https://finviz.com/quote.ashx?t=IVZ,FAIL: rr (TV R:R 1.7908 < 2)
SJM,FAIL,rr,True,True,True,True,False,True,True,True,True,True,False,117.18000030517578,157855725.12310892,1347121.7333333334,4.53,89.86,2026-12-01,60,263,115.40843200683594,116.64682622654612,116.02762911669103,108.75059484852744,132.33999633789062,2.2416229771742073,0.9999999999999999,7.2770342681635904,0.15835725736874381,yes,117.04,113.27,115.15,106,131.43,1.7792,2026-10-02,charts/latest/SJM.webp,user,False,,,117.18,7.277,0.14,0.0192,False,,,True,2.6,3/5,3/6,0.55,11.6,True,"uptrend: new high +2.6 ATR above prior 2.5y high, 3/5 HH and 3/6 HL, 30w EMA +12% in 26w",28,hammer,2026-09-18,strong_close,2026-10-02,True,True,False,TV R:R 1.7792 < 2 (f_rr False),https://www.tradingview.com/chart/?symbol=NYSE:SJM,https://finviz.com/quote.ashx?t=SJM,FAIL: rr (TV R:R 1.7792 < 2)
WAB,FAIL,rr,True,True,True,True,False,True,True,True,True,True,False,287.69000244140625,212418483.3333008,738358.9333333333,2.17,96.01,2026-10-28,26,263,266.67999267578125,275.2208124024074,270.9504025390943,255.57230663414364,302.4877564025922,2.050797059559575,0.9999999999999992,15.378095904950653,1.088535278084916,yes,278.51,273.48,276.42,259.64,301.16,1.4744,2026-10-02,charts/latest/WAB.webp,user,False,,,287.69,15.3781,9.18,0.597,False,,,True,2.64,5/6,6/8,0.79,19.7,True,"uptrend: new high +2.6 ATR above prior 2.5y high, 5/6 HH and 6/8 HL, 30w EMA +20% in 26w",9,hammer,2026-10-02,hammer,2026-10-01,False,True,False,TV R:R 1.4744 < 2 (f_rr False),https://www.tradingview.com/chart/?symbol=NYSE:WAB,https://finviz.com/quote.ashx?t=WAB,FAIL: rr (TV R:R 1.4744 < 2)
ADP,FAIL,rr,True,True,True,True,False,True,False,True,True,True,False,257.67999267578125,538615235.3492289,2090248.5666666667,2.66,92.23,2026-10-28,26,263,228.73956298828125,233.82815399089716,231.2838584895892,216.83049201782052,285.6518859863281,3.761616894094145,1.0000000000000004,14.45336647176867,1.82629660970341,yes,262.33,260.49,262.02,246.47,284.1,1.4199,2026-10-02,charts/latest/ADP.webp,user,False,,,257.68,14.4534,2.81,0.1944,False,,,False,-2.16,1/4,3/7,0.34,4.2,True,"no new high: recent high 286.17 is -2.16 ATR vs prior 2.5y high 317.38 (needs >= +1); choppy swings: 1/4 higher highs, 3/7 higher lows",2,hammer,2026-09-11,strong_close,2026-09-29,False,True,False,TV R:R 1.4199 < 2 (f_rr False),https://www.tradingview.com/chart/?symbol=NASDAQ:ADP,https://finviz.com/quote.ashx?t=ADP,FAIL: rr (TV R:R 1.4199 < 2)
VRTX,FAIL,rr,True,True,True,True,False,True,True,True,True,True,False,504.7300109863281,498713494.66070145,988079.7333333333,1.87,98.15,2026-11-09,38,263,444.010009765625,444.89802978515627,444.45401977539063,426.000009765625,548.97998046875,5.664132653989326,0.5603647415206235,32.93213980538504,1.8303089798337733,yes,507.84,496.62,502.72,469.92,546.93,1.3479,2026-10-02,charts/latest/VRTX.webp,user,False,,,504.73,32.9321,0.0,0.0,False,,,True,1.23,5/7,5/8,0.67,8.1,True,"uptrend: new high +1.2 ATR above prior 2.5y high, 5/7 HH and 5/8 HL, 30w EMA +8% in 26w",12,engulfing,2026-09-25,hammer,2026-10-02,False,True,False,TV R:R 1.3479 < 2 (f_rr False),https://www.tradingview.com/chart/?symbol=NASDAQ:VRTX,https://finviz.com/quote.ashx?t=VRTX,FAIL: rr (TV R:R 1.3479 < 2)
ACHC,FAIL,"dollar_vol,short_float,rr",False,False,True,True,False,True,True,True,True,,False,28.059999465942383,39629548.79240926,1412314.6666666667,24.71,138.49,2026-11-04,33,263,25.6200008392334,25.75,25.6850004196167,22.130714688982284,34.720001220703125,2.54200182141061,0.9999999999999997,3.5542857306344167,0.6682071241081009,,,,,,,,,,,False,,,,,,,,,,False,-13.11,3/4,2/7,0.52,33.3,True,no new high: recent high 35.83 is -13.11 ATR vs prior 2.5y high 82.41 (needs >= +1),9,strong_close,2026-10-02,strong_close,2026-10-02,True,True,False,no TV drawing read (f_rr False),https://www.tradingview.com/chart/?symbol=NASDAQ:ACHC,https://finviz.com/quote.ashx?t=ACHC,"$vol(30d) $39.6M < $50M | FAIL: dollar_vol, short_float, rr (no TV drawing read)"
ACIW,FAIL,"dollar_vol,short_float,rr",False,False,True,True,False,True,False,True,True,,False,50.150001525878906,35964759.32094116,717143.7333333333,6.49,103.99,2026-10-29,27,263,45.5099983215332,48.540000915527344,47.02499961853027,43.124642508370535,58.38999938964844,2.9138356950737547,1.0000000000000002,3.900357110159738,0.8012091762594142,,,,,,,,,,,False,,,,,,,,,,False,0.35,2/6,3/5,0.47,12.0,True,"no new high: recent high 61.08 is +0.35 ATR vs prior 2.5y high 59.71 (needs >= +1); choppy swings: 2/6 higher highs, 3/5 higher lows",2,strong_close,2026-10-02,rejection,2026-10-02,False,True,False,no TV drawing read (f_rr False),https://www.tradingview.com/chart/?symbol=NASDAQ:ACIW,https://finviz.com/quote.ashx?t=ACIW,"$vol(30d) $36.0M < $50M | FAIL: dollar_vol, short_float, rr (no TV drawing read)"
ADEA,FAIL,"dollar_vol,short_float,rr",False,False,True,True,False,True,True,True,True,,False,25.739999771118164,24851636.875017546,965487.0666666667,6.97,104.27,2026-11-09,38,263,19.299510955810547,19.448620075125,19.374065515467773,17.648885426882075,29.77318000793457,6.027842867692719,0.5,3.4503601771713974,1.8450057178868726,,,,,,,,,,,False,,,,,,,,,,True,2.38,4/6,2/3,0.67,41.6,True,"uptrend: new high +2.4 ATR above prior 2.5y high, 4/6 HH and 2/3 HL, 30w EMA +42% in 26w",13,hammer,2026-10-02,hammer,2026-10-01,False,True,False,no TV drawing read (f_rr False),https://www.tradingview.com/chart/?symbol=NASDAQ:ADEA,https://finviz.com/quote.ashx?t=ADEA,"$vol(30d) $24.9M < $50M | FAIL: dollar_vol, short_float, rr (no TV drawing read)"
ADUS,FAIL,"dollar_vol,rr",False,True,True,True,False,True,True,True,True,,False,111.2699966430664,22974505.937876128,206475.3,4.85,105.02,2026-11-02,31,263,99.79000091552734,103.5,101.64500045776367,94.48892865862165,121.01000213623047,2.7060938210246235,1.0000000000000009,7.15607179914202,1.3450111255810384,,,,,,,,,,,False,,,,,,,,,,False,-1.9,3/5,1/5,0.4,1.8,True,"no new high: recent high 123.14 is -1.90 ATR vs prior 2.5y high 136.72 (needs >= +1); choppy swings: 3/5 higher highs, 1/5 higher lows",20,strong_close,2026-09-04,strong_close,2026-10-01,True,True,False,no TV drawing read (f_rr False),https://www.tradingview.com/chart/?symbol=NASDAQ:ADUS,https://finviz.com/quote.ashx?t=ADUS,"$vol(30d) $23.0M < $50M | FAIL: dollar_vol, rr (no TV drawing read)"
AGIO,FAIL,"dollar_vol,short_float,rr",False,False,True,True,False,True,False,False,True,,False,31.799999237060547,26344270.527953338,828436.2,12.97,113.56,2026-10-29,27,263,30.229999542236328,31.020000457763672,30.625,26.876784869602748,41.22999954223633,2.8293465485030374,1.0000000000000002,3.7482151303972517,0.31348233657442587,,,,,,,,,,,False,,,,,,,,,,False,-4.93,5/8,5/7,0.67,5.0,True,no new high: recent high 44.09 is -4.93 ATR vs prior 2.5y high 62.58 (needs >= +1),2,,,hammer,2026-09-29,False,True,False,no TV drawing read (f_rr False),https://www.tradingview.com/chart/?symbol=NASDAQ:AGIO,https://finviz.com/quote.ashx?t=AGIO,"$vol(30d) $26.3M < $50M | FAIL: dollar_vol, short_float, rr (no TV drawing read)"
AGYS,FAIL,"dollar_vol,short_float,rr",False,False,True,True,False,False,True,True,True,,False,99.26000213623047,21851249.068939716,220141.53333333333,6.38,105.91,2026-11-02,31,263,110.80999755859375,112.12000274658203,111.46500015258789,101.28160749162946,117.87999725341797,0.6299469454246024,1.0000000000000004,10.183392660958427,-1.19851982759631,,,,,,,,,,,False,,,,,,,,,,False,-2.32,2/5,3/5,0.5,4.1,True,no new high: recent high 121.59 is -2.32 ATR vs prior 2.5y high 145.25 (needs >= +1),17,hammer,2026-10-02,hammer,2026-10-01,False,True,False,no TV drawing read (f_rr False),https://www.tradingview.com/chart/?symbol=NASDAQ:AGYS,https://finviz.com/quote.ashx?t=AGYS,"$vol(30d) $21.9M < $50M | FAIL: dollar_vol, short_float, rr (no TV drawing read)"
AIN,FAIL,"dollar_vol,rr",False,True,True,True,False,True,True,True,True,,False,60.880001068115234,14868828.186200969,244231.73333333334,3.82,105.18,2026-10-26,24,263,58.57663345336914,59.709931222692354,59.143282338030744,53.8570456268222,76.25285485778606,3.2366262531296504,1.0,5.286236711208545,0.32853593680398013,,,,,,,,,,,False,,,,,,,,,,False,-2.89,5/8,3/5,0.61,13.8,True,no new high: recent high 76.61 is -2.89 ATR vs prior 2.5y high 91.89 (needs >= +1),8,hammer,2026-10-02,strong_close,2026-10-02,True,True,False,no TV drawing read (f_rr False),https://www.tradingview.com/chart/?symbol=NYSE:AIN,https://finviz.com/quote.ashx?t=AIN,"$vol(30d) $14.9M < $50M | FAIL: dollar_vol, rr (no TV drawing read)"
ALRM,FAIL,"dollar_vol,short_float,rr",False,False,True,True,False,True,False,True,True,,False,54.68000030517578,21558973.524323273,394275.3,6.39,99.87,2026-11-05,34,263,47.599998474121094,48.619998931884766,48.10999870300293,44.89528438023159,57.529998779296875,2.930275953159392,0.9999999999999993,3.214714322771345,2.043727977828206,,,,,,,,,,,False,,,,,,,,,,False,-4.3,1/6,2/6,0.25,4.5,True,"no new high: recent high 58.15 is -4.30 ATR vs prior 2.5y high 71.98 (needs >= +1); choppy swings: 1/6 higher highs, 2/6 higher lows",2,engulfing,2026-10-02,hammer,2026-10-01,False,True,False,no TV drawing read (f_rr False),https://www.tradingview.com/chart/?symbol=NASDAQ:ALRM,https://finviz.com/quote.ashx?t=ALRM,"$vol(30d) $21.6M < $50M | FAIL: dollar_vol, short_float, rr (no TV drawing read)"
ALSN,FAIL,rr,True,True,True,True,False,False,False,True,True,True,False,117.94999694824219,92587602.27111816,784973.3333333334,2.95,103.87,2026-10-28,26,263,119.79034664000523,122.7337289641915,121.26203780209836,111.62313095434075,133.22999572753906,1.2416302091585125,0.9999999999999998,9.638906847757612,-0.3436116673984338,yes,113.34,109.46,112.09,102.44,134.21,2.29,2026-10-04,charts/latest/ALSN.webp,bot,True,bot drawing on chart,bot drawing (review needed): zone 109.46-113.34 entry 112.09 SL 102.44 TP 134.21 R:R 2.29,117.95,9.6389,4.61,0.4783,False,,,False,0.94,5/7,2/4,0.61,13.3,True,no new high: recent high 136.97 is +0.94 ATR vs prior 2.5y high 127.92 (needs >= +1),2,strong_close,2026-10-02,engulfing,2026-10-01,False,True,False,TV drawing by the bot - review needed (f_rr False until approved); TV drawing by the bot - review needed (f_rr False until approved),https://www.tradingview.com/chart/?symbol=NYSE:ALSN,https://finviz.com/quote.ashx?t=ALSN,FAIL: rr (bot drawing - review needed)
AMBA,FAIL,"short_float,rr",True,False,True,True,False,False,False,True,True,,False,68.6500015258789,115324730.23998159,1679894.0666666667,13.55,82.07,2026-12-01,60,263,68.01000213623047,68.56999969482422,68.29000091552734,58.14000152587891,86.77999877929688,1.8216747759242937,0.7566156776317798,13.415000098092216,0.026835677056965445,,,,,,,,,,,False,,,,,,,,,,False,-0.02,3/8,3/5,0.49,7.7,True,"no new high: recent high 96.36 is -0.02 ATR vs prior 2.5y high 96.69 (needs >= +1); choppy swings: 3/8 higher highs, 3/5 higher lows",4,strong_close,2026-09-25,hammer,2026-10-01,False,True,False,no TV drawing read (f_rr False),https://www.tradingview.com/chart/?symbol=NASDAQ:AMBA,https://finviz.com/quote.ashx?t=AMBA,"short float 13.55% >= 5% | FAIL: short_float, rr (no TV drawing read)"
AMCX,FAIL,"dollar_vol,short_float,rr",False,False,True,True,False,True,False,True,True,,False,11.15999984741211,6732560.067947388,603276.0,22.95,82.3,2026-10-30,28,262,8.350000381469727,8.890000343322754,8.62000036239624,7.426428999219622,12.65999984741211,3.3847992752303093,0.9999999999999998,1.1935713631766183,2.1280667108632816,,,,,,,,,,,False,,,,,,,,,,False,-4.73,5/6,5/8,0.73,33.2,True,no new high: recent high 12.93 is -4.73 ATR vs prior 2.5y high 18.58 (needs >= +1),0,strong_close,2026-09-25,hammer,2026-10-02,False,True,False,no TV drawing read (f_rr False),https://www.tradingview.com/chart/?symbol=NASDAQ:AMCX,https://finviz.com/quote.ashx?t=AMCX,"$vol(30d) $6.7M < $50M | FAIL: dollar_vol, short_float, rr (no TV drawing read)"
AMLX,FAIL,"dollar_vol,short_float,rr",False,False,True,True,False,True,False,False,True,,False,27.790000915527344,49031078.763970435,1764342.4666666666,12.72,85.62,2026-11-05,34,248,18.360000610351562,18.604999542236328,18.482500076293945,15.599999656677246,38.65999984741211,6.999998901579092,0.6985823117631176,4.126214436122349,2.255699742057084,,,,,,,,,,,False,,,,,,,,,,True,5.73,5/7,3/5,0.66,72.8,True,"uptrend: new high +5.7 ATR above prior 2.5y high, 5/7 HH and 3/5 HL, 30w EMA +73% in 26w",4,,,strong_close,2026-09-28,False,True,False,no TV drawing read (f_rr False),https://www.tradingview.com/chart/?symbol=NASDAQ:AMLX,https://finviz.com/quote.ashx?t=AMLX,"$vol(30d) $49.0M < $50M | FAIL: dollar_vol, short_float, rr (no TV drawing read)"
ANGO,FAIL,"dollar_vol,no_earnings_14d,rr",False,True,False,True,False,True,False,True,True,,False,15.109999656677246,6982817.383339501,462132.2,3.67,92.64,2026-10-08,6,261,11.4399995803833,11.640000343322754,11.539999961853027,10.467857156481061,15.850000381469727,4.019987261045324,1.0000000000000002,1.0721428053719657,3.3297800227140963,,,,,,,,,,,False,,,,,,,,,,False,2.15,4/6,1/5,0.43,23.7,True,"choppy swings: 4/6 higher highs, 1/5 higher lows",0,hammer,2026-09-25,hammer,2026-09-29,False,True,True,no TV drawing read (f_rr False),https://www.tradingview.com/chart/?symbol=NASDAQ:ANGO,https://finviz.com/quote.ashx?t=ANGO,"$vol(30d) $7.0M < $50M | FAIL: dollar_vol, no_earnings_14d, rr (no TV drawing read)"
ARCB,FAIL,"dollar_vol,short_float,rr",False,False,True,True,False,True,False,True,True,,False,132.61000061035156,31162744.557763163,234995.43333333332,6.16,103.74,2026-11-03,32,263,125.5844955444336,134.8471256863653,130.21581061539945,118.08423885338469,159.66820345796373,2.4277474856788843,0.9999999999999996,12.131571762014763,0.19735200367429528,,,,,,,,,,,False,,,,,,,,,,True,2.05,4/7,3/5,0.59,49.8,True,"uptrend: new high +2.1 ATR above prior 2.5y high, 4/7 HH and 3/5 HL, 30w EMA +50% in 26w",2,engulfing,2026-10-02,strong_close,2026-10-01,False,True,False,no TV drawing read (f_rr False),https://www.tradingview.com/chart/?symbol=NASDAQ:ARCB,https://finviz.com/quote.ashx?t=ARCB,"$vol(30d) $31.2M < $50M | FAIL: dollar_vol, short_float, rr (no TV drawing read)"
ASH,FAIL,"dollar_vol,short_float,rr",False,False,True,True,False,True,True,True,True,,False,69.52999877929688,40965135.39379577,589172.1,9.74,117.47,2026-11-10,39,263,67.5309829711914,67.58069962796111,67.55584129957626,63.87200439401436,76.01213073730469,2.2955113525685764,0.8075897406177421,4.561520188139158,0.43278499234834283,,,,,,,,,,,False,,,,,,,,,,False,-4.12,6/7,7/9,0.82,18.2,True,no new high: recent high 77.80 is -4.12 ATR vs prior 2.5y high 96.58 (needs >= +1),14,hammer,2026-10-02,hammer,2026-10-02,False,True,False,no TV drawing read (f_rr False),https://www.tradingview.com/chart/?symbol=NYSE:ASH,https://finviz.com/quote.ashx?t=ASH,"$vol(30d) $41.0M < $50M | FAIL: dollar_vol, short_float, rr (no TV drawing read)"
ATEX,FAIL,"dollar_vol,short_float,rr",False,False,True,True,False,True,False,True,True,,False,84.33000183105469,24896130.831568908,295222.7,8.62,97.41,2026-11-18,47,263,39.599998474121094,40.334999084472656,39.967498779296875,29.289999237060545,107.12999725341797,6.290096123015554,0.8453026094746922,12.631570543561663,3.512033828158405,,,,,,,,,,,False,,,,,,,,,,True,5.55,2/4,1/2,0.5,148.7,True,"uptrend: new high +5.5 ATR above prior 2.5y high, 2/4 HH and 1/2 HL, 30w EMA +149% in 26w",2,strong_close,2026-10-02,hammer,2026-10-02,False,True,False,no TV drawing read (f_rr False),https://www.tradingview.com/chart/?symbol=NASDAQ:ATEX,https://finviz.com/quote.ashx?t=ATEX,"$vol(30d) $24.9M < $50M | FAIL: dollar_vol, short_float, rr (no TV drawing read)"
AVNT,FAIL,"dollar_vol,rr",False,True,True,True,False,True,False,True,True,,False,41.16999816894531,26074930.510972086,633347.8666666667,4.54,105.89,2026-10-29,27,263,37.674944182521905,38.25668255857597,37.965813370548936,34.93567119711284,46.0345458984375,2.662823084218139,1.0000000000000007,3.030142173436095,1.0574371151578417,,,,,,,,,,,False,,,,,,,,,,False,-1.73,4/7,4/7,0.57,13.0,True,no new high: recent high 46.33 is -1.73 ATR vs prior 2.5y high 51.58 (needs >= +1),2,hammer,2026-10-02,hammer,2026-10-01,False,True,False,no TV drawing read (f_rr False),https://www.tradingview.com/chart/?symbol=NYSE:AVNT,https://finviz.com/quote.ashx?t=AVNT,"$vol(30d) $26.1M < $50M | FAIL: dollar_vol, rr (no TV drawing read)"
AWR,FAIL,"dollar_vol,rr",False,True,True,True,False,True,True,True,True,,False,82.77999877929688,16763799.62746175,202510.26666666666,2.64,84.51,2026-11-09,38,263,78.7132774468711,80.16452552542472,79.43890148614791,75.80335752703061,89.87999725341797,2.871948705526071,0.9999999999999989,3.6355439591173035,0.9190089105565837,,,,,,,,,,,False,,,,,,,,,,True,2.36,4/7,4/8,0.54,12.3,True,"uptrend: new high +2.4 ATR above prior 2.5y high, 4/7 HH and 4/8 HL, 30w EMA +12% in 26w",9,hammer,2026-10-02,hammer,2026-10-02,False,True,False,no TV drawing read (f_rr False),https://www.tradingview.com/chart/?symbol=NYSE:AWR,https://finviz.com/quote.ashx?t=AWR,"$vol(30d) $16.8M < $50M | FAIL: dollar_vol, rr (no TV drawing read)"
AXTA,PASS,,True,True,True,True,True,True,False,True,True,True,False,32.19499969482422,57346840.964410394,1781234.4,3.74,106.77,2026-11-04,33,263,30.0,31.229999542236328,30.614999771118164,28.41842746734619,38.189998626708984,3.448554296429472,1.0,2.1965723037719727,0.7193024882417325,yes,32.3,31.5,32.29,30.14,38.04,2.67,2026-10-04,,user,False,,,32.195,2.1966,0.0,0.0,False,,,False,-1.39,4/7,4/7,0.57,8.1,True,no new high: recent high 38.61 is -1.39 ATR vs prior 2.5y high 41.65 (needs >= +1),2,hammer,2026-10-02,hammer,2026-10-01,False,True,False,TV drawing by the bot - review needed (f_rr False until approved),https://www.tradingview.com/chart/?symbol=NYSE:AXTA,https://finviz.com/quote.ashx?t=AXTA,PASS (TV) entry=32.29 SL=30.14 TP=38.04 R:R=2.67 zone=[31.5-32.3]
AZZ,FAIL,"dollar_vol,no_earnings_14d,rr",False,True,False,True,False,False,False,True,True,,False,139.47000122070312,31975566.5848643,229264.83333333334,3.48,95.23,2026-10-13,11,263,147.70272327255307,151.41650713337526,149.55961520296415,139.8309740366975,151.35000610351562,0.1840329877475102,1.0000000000000013,9.728641166266629,-1.0371041350816852,,,,,,,,,,,False,,,,,,,,,,True,2.18,3/4,5/5,0.88,18.6,True,"uptrend: new high +2.2 ATR above prior 2.5y high, 3/4 HH and 5/5 HL, 30w EMA +19% in 26w",2,hammer,2026-10-02,strong_close,2026-10-02,False,True,True,no TV drawing read (f_rr False),https://www.tradingview.com/chart/?symbol=NYSE:AZZ,https://finviz.com/quote.ashx?t=AZZ,"$vol(30d) $32.0M < $50M | FAIL: dollar_vol, no_earnings_14d, rr (no TV drawing read)"
BANR,FAIL,"dollar_vol,rr",False,True,True,True,False,True,False,True,True,,False,67.87999725341797,18498002.940861255,272510.36666666664,3.82,86.63,2026-10-21,19,263,65.48006745871781,67.44938938233389,66.46472842052586,63.2598084029071,74.01000213623047,2.35427832027793,1.0000000000000009,3.204920017618758,0.4415925592875322,,,,,,,,,,,False,,,,,,,,,,False,0.28,3/6,4/6,0.58,10.4,True,no new high: recent high 74.84 is +0.28 ATR vs prior 2.5y high 73.94 (needs >= +1),2,hammer,2026-10-02,hammer,2026-10-01,False,True,False,no TV drawing read (f_rr False),https://www.tradingview.com/chart/?symbol=NASDAQ:BANR,https://finviz.com/quote.ashx?t=BANR,"$vol(30d) $18.5M < $50M | FAIL: dollar_vol, rr (no TV drawing read)"
BDX,PASS,,True,True,True,True,True,True,True,True,True,,False,176.80999755859375,302182642.7994385,1709081.2,4.16,99.85,2026-11-05,34,262,148.73347521905285,149.31637529249466,149.02492525577375,141.28477528439376,190.87437438964844,5.4068008098831895,0.8045086526331575,9.620965475071616,2.887971313774325,yes,,,154.03,145.93,182.3,3.49,2026-10-04,charts/latest/BDX.webp,user,False,user drawing (no rectangle),user drawing (no rectangle),,,,,False,,,False,0.18,3/4,4/6,0.71,7.1,True,no new high: recent high 191.94 is +0.18 ATR vs prior 2.5y high 190.21 (needs >= +1),20,hammer,2026-09-25,hammer,2026-10-02,False,True,False,TV drawing by the bot - review needed (f_rr False until approved),https://www.tradingview.com/chart/?symbol=NYSE:BDX,https://finviz.com/quote.ashx?t=BDX,PASS (TV) entry=154.03 SL=145.93 TP=182.3 R:R=3.49 zone=[-]
BELFB,FAIL,"dollar_vol,short_float,rr",False,False,True,True,False,True,True,True,True,,False,257.94000244140625,38358670.46706543,148711.6,5.95,88.52,2026-10-28,26,263,144.71952600407778,150.46159327142348,147.59055963775063,129.94000319497684,294.42999267578125,8.319252342786466,0.5726977758264452,30.820019193025036,3.5804469203130513,,,,,,,,,,,False,,,,,,,,,,True,2.81,5/6,2/3,0.75,39.6,True,"uptrend: new high +2.8 ATR above prior 2.5y high, 5/6 HH and 2/3 HL, 30w EMA +40% in 26w",13,hammer,2026-10-02,rejection,2026-10-02,False,True,False,no TV drawing read (f_rr False),https://www.tradingview.com/chart/?symbol=NASDAQ:BELFB,https://finviz.com/quote.ashx?t=BELFB,"$vol(30d) $38.4M < $50M | FAIL: dollar_vol, short_float, rr (no TV drawing read)"
BFH,FAIL,"dollar_vol,short_float,rr",False,False,True,True,False,True,True,True,True,,False,97.98999786376953,48461325.805519104,494553.8,7.49,104.23,2026-10-22,20,263,90.1479721069336,90.86453921500193,90.50625566096775,82.2904521705246,113.15333557128906,2.7565264841917188,1.0000000000000007,8.215803490443145,0.910895959416152,,,,,,,,,,,False,,,,,,,,,,True,4.0,6/8,6/7,0.8,38.9,True,"uptrend: new high +4.0 ATR above prior 2.5y high, 6/8 HH and 6/7 HL, 30w EMA +39% in 26w",12,hammer,2026-09-18,hammer,2026-10-01,False,True,False,no TV drawing read (f_rr False),https://www.tradingview.com/chart/?symbol=NYSE:BFH,https://finviz.com/quote.ashx?t=BFH,"$vol(30d) $48.5M < $50M | FAIL: dollar_vol, short_float, rr (no TV drawing read)"
BHVN,FAIL,"dollar_vol,short_float,rr",False,False,True,True,False,True,False,True,True,,False,12.869999885559082,42904263.878492355,3333664.6666666665,15.91,90.82,2026-11-17,46,211,10.979999542236328,11.0600004196167,11.019999980926514,9.290000190734863,15.6899995803833,2.6994220611665174,0.7855983740455561,2.2021427835736955,0.8400908053883498,,,,,,,,,,,False,,,,,,,,,,False,-17.01,3/8,3/6,0.44,6.9,True,"no new high: recent high 18.24 is -17.01 ATR vs prior 2.5y high 55.70 (needs >= +1); choppy swings: 3/8 higher highs, 3/6 higher lows",3,strong_close,2026-09-18,strong_close,2026-09-29,False,True,False,no TV drawing read (f_rr False),https://www.tradingview.com/chart/?symbol=NYSE:BHVN,https://finviz.com/quote.ashx?t=BHVN,"$vol(30d) $42.9M < $50M | FAIL: dollar_vol, short_float, rr (no TV drawing read)"
BILL,FAIL,"short_float,rr",True,False,True,True,False,False,True,True,True,,False,43.619998931884766,77910924.7162089,1786128.5333333334,14.94,105.16,2026-10-29,27,263,41.83000183105469,43.29999923706055,42.56500053405762,38.298928669520784,50.310001373291016,1.8154876629285925,1.0000000000000007,4.266071864536831,0.2472997247414373,,,,,,,,,,,False,,,,,,,,,,False,-11.16,3/5,2/6,0.47,-5.3,False,"no new high: recent high 52.60 is -11.16 ATR vs prior 2.5y high 100.19 (needs >= +1); choppy swings: 3/5 higher highs, 2/6 higher lows; 30w EMA falling (-5% in 26w)",6,hammer,2026-10-02,rejection,2026-10-02,False,True,False,no TV drawing read (f_rr False),https://www.tradingview.com/chart/?symbol=NYSE:BILL,https://finviz.com/quote.ashx?t=BILL,"short float 14.94% >= 5% | FAIL: short_float, rr (no TV drawing read)"
BJRI,FAIL,"dollar_vol,short_float,no_earnings_14d,rr",False,False,False,True,False,True,False,True,True,,False,61.93000030517578,26623998.202196505,429904.7,10.61,100.06,2026-10-15,13,263,44.400001525878906,44.540000915527344,44.470001220703125,40.010000457763674,69.55000305175781,5.623317834260911,0.8531803819753023,5.227500370570591,3.3400282824976375,,,,,,,,,,,False,,,,,,,,,,True,5.28,1/2,2/3,0.58,46.5,True,"uptrend: new high +5.3 ATR above prior 2.5y high, 1/2 HH and 2/3 HL, 30w EMA +46% in 26w",2,hammer,2026-10-02,strong_close,2026-10-02,False,True,True,no TV drawing read (f_rr False),https://www.tradingview.com/chart/?symbol=NASDAQ:BJRI,https://finviz.com/quote.ashx?t=BJRI,"$vol(30d) $26.6M < $50M | FAIL: dollar_vol, short_float, no_earnings_14d, rr (no TV drawing read)"
BRZE,FAIL,"short_float,rr",True,False,True,True,False,True,False,True,True,,False,25.420000076293945,70302635.10300179,2765642.6,9.32,82.96,2026-12-15,74,255,23.739999771118164,23.969999313354492,23.854999542236328,19.834549495152064,34.529998779296875,2.6551751948273394,1.0000000000000002,4.020450047084263,0.3892600369932707,,,,,,,,,,,False,,,,,,,,,,False,-3.31,4/6,4/7,0.62,1.8,True,no new high: recent high 35.02 is -3.31 ATR vs prior 2.5y high 48.33 (needs >= +1),3,engulfing,2026-10-02,rejection,2026-10-01,False,True,False,no TV drawing read (f_rr False),https://www.tradingview.com/chart/?symbol=NASDAQ:BRZE,https://finviz.com/quote.ashx?t=BRZE,"short float 9.32% >= 5% | FAIL: short_float, rr (no TV drawing read)"
BTSG,FAIL,"short_float,history,rr",True,False,True,False,False,True,False,True,True,,False,60.25,146425970.64166668,2430306.566666667,6.04,92.3,2026-10-29,27,141,24.829999923706055,25.56999969482422,25.199999809265137,20.51000045776367,72.91999816894531,10.17484114244131,0.8706374499231181,5.386856896536691,6.506577186646475,,,,,,,,,,,False,,,,,,,,,,True,5.23,5/5,4/5,0.9,56.7,True,"uptrend: new high +5.2 ATR above prior 2.5y high, 5/5 HH and 4/5 HL, 30w EMA +57% in 26w",2,engulfing,2026-10-02,strong_close,2026-10-02,False,True,False,no TV drawing read (f_rr False),https://www.tradingview.com/chart/?symbol=NASDAQ:BTSG,https://finviz.com/quote.ashx?t=BTSG,"history 141 weekly bars < ~3y (150) | FAIL: short_float, history, rr (no TV drawing read)"
BXC,FAIL,"dollar_vol,short_float,rr",False,False,True,True,False,True,False,True,True,,False,73.30500030517578,10960705.368630473,149521.93333333332,5.77,92.68,2026-11-03,32,262,65.27999877929688,65.41055877685547,65.34527877807616,54.60349318368094,90.36000061035156,2.328730322575737,0.9999999999999997,10.741785594395228,0.7410054368663608,,,,,,,,,,,False,,,,,,,,,,False,-3.82,4/7,3/6,0.54,4.3,True,no new high: recent high 93.80 is -3.82 ATR vs prior 2.5y high 134.79 (needs >= +1),2,hammer,2026-09-11,strong_close,2026-10-01,False,True,False,no TV drawing read (f_rr False),https://www.tradingview.com/chart/?symbol=NYSE:BXC,https://finviz.com/quote.ashx?t=BXC,"$vol(30d) $11.0M < $50M | FAIL: dollar_vol, short_float, rr (no TV drawing read)"
C,FAIL,"no_earnings_14d,rr",True,True,False,True,False,True,False,True,True,,False,128.52999877929688,1153799515.0745504,8976888.866666667,1.48,82.7,2026-10-13,11,263,121.49465942382812,121.77193023361565,121.63329482872189,113.53402111443069,139.3300018310547,2.184974557793607,1.0000000000000002,8.099273714291199,0.8515212837424827,,,,,,,,,,,False,,,,,,,,,,True,2.87,5/6,4/5,0.82,22.0,True,"uptrend: new high +2.9 ATR above prior 2.5y high, 5/6 HH and 4/5 HL, 30w EMA +22% in 26w",2,hammer,2026-09-25,hammer,2026-10-02,False,True,True,no TV drawing read (f_rr False),https://www.tradingview.com/chart/?symbol=NYSE:C,https://finviz.com/quote.ashx?t=C,"FAIL: no_earnings_14d, rr (no TV drawing read)"
CCSI,FAIL,"dollar_vol,short_float,rr",False,False,True,True,False,True,False,True,True,,False,35.36000061035156,5650121.457527161,159788.5,6.28,100.64,2026-11-05,34,262,30.549999237060547,31.665000915527344,31.107500076293945,27.39571407863072,39.06999969482422,2.1451936139484094,0.9999999999999997,3.7117859976632253,1.145675029954529,,,,,,,,,,,False,,,,,,,,,,True,2.51,5/8,4/5,0.71,32.4,True,"uptrend: new high +2.5 ATR above prior 2.5y high, 5/8 HH and 4/5 HL, 30w EMA +32% in 26w",2,strong_close,2026-09-11,strong_close,2026-10-01,False,True,False,no TV drawing read (f_rr False),https://www.tradingview.com/chart/?symbol=NASDAQ:CCSI,https://finviz.com/quote.ashx?t=CCSI,"$vol(30d) $5.7M < $50M | FAIL: dollar_vol, short_float, rr (no TV drawing read)"
CDP,FAIL,"dollar_vol,short_float,rr",False,False,True,True,False,True,False,True,True,,False,33.564998626708984,27381525.913868584,815776.1666666666,6.58,115.47,2026-10-22,20,263,32.20624542236328,32.67214005879686,32.43919274058007,30.76620741682489,38.400001525878906,3.562977331994296,1.0000000000000007,1.6729853237551768,0.6729323145536842,,,,,,,,,,,False,,,,,,,,,,True,4.01,5/5,6/7,0.93,15.6,True,"uptrend: new high +4.0 ATR above prior 2.5y high, 5/5 HH and 6/7 HL, 30w EMA +16% in 26w",2,rejection,2026-10-02,rejection,2026-10-01,False,True,False,no TV drawing read (f_rr False),https://www.tradingview.com/chart/?symbol=NYSE:CDP,https://finviz.com/quote.ashx?t=CDP,"$vol(30d) $27.4M < $50M | FAIL: dollar_vol, short_float, rr (no TV drawing read)"
CDW,FAIL,"short_float,rr",True,False,True,True,False,False,True,True,True,,False,133.2899932861328,212768114.93878987,1596279.7333333334,7.68,109.55,2026-11-04,33,262,148.7394520183851,153.76544506518871,151.25244854178692,136.21741982060368,153.7899932861328,0.16877551692140647,1.0000000000000002,15.035028721183235,-1.1947070796310715,,,,,,,,,,,False,,,,,,,,,,False,-5.94,1/8,2/8,0.19,0.8,True,"no new high: recent high 158.05 is -5.94 ATR vs prior 2.5y high 247.36 (needs >= +1); choppy swings: 1/8 higher highs, 2/8 higher lows",11,hammer,2026-10-02,strong_close,2026-10-01,False,True,False,no TV drawing read (f_rr False),https://www.tradingview.com/chart/?symbol=NASDAQ:CDW,https://finviz.com/quote.ashx?t=CDW,"short float 7.68% >= 5% | FAIL: short_float, rr (no TV drawing read)"
CF,FAIL,"short_float,rr",True,False,True,True,False,True,True,True,True,,False,115.0999984741211,293277454.9220253,2548023.1,6.5,107.99,2026-11-04,33,263,90.28155891555231,90.58527093276805,90.43341492416019,84.57935697390326,124.59801483154297,5.836054271701106,0.5619094015501541,10.418152702387943,2.3676542525919286,,,,,,,,,,,False,,,,,,,,,,False,0.1,3/5,4/7,0.59,19.0,True,no new high: recent high 141.66 is +0.10 ATR vs prior 2.5y high 140.66 (needs >= +1),21,hammer,2026-10-02,strong_close,2026-10-02,False,True,False,no TV drawing read (f_rr False),https://www.tradingview.com/chart/?symbol=NYSE:CF,https://finviz.com/quote.ashx?t=CF,"short float 6.50% >= 5% | FAIL: short_float, rr (no TV drawing read)"
CFR,FAIL,"short_float,rr",True,False,True,True,False,True,False,True,True,,False,155.07000732421875,72678076.6387085,468679.13333333336,6.94,92.59,2026-10-22,20,263,141.34042358398438,142.82945770440006,142.08494064419222,135.2652827880718,168.99656677246094,3.9461842068977755,0.9999999999999988,6.819657856120423,1.9040642439815154,,,,,,,,,,,False,,,,,,,,,,True,3.49,4/7,4/6,0.62,16.1,True,"uptrend: new high +3.5 ATR above prior 2.5y high, 4/7 HH and 4/6 HL, 30w EMA +16% in 26w",2,hammer,2026-10-02,strong_close,2026-10-02,False,True,False,no TV drawing read (f_rr False),https://www.tradingview.com/chart/?symbol=NYSE:CFR,https://finviz.com/quote.ashx?t=CFR,"short float 6.94% >= 5% | FAIL: short_float, rr (no TV drawing read)"
CGEM,FAIL,"dollar_vol,short_float,rr",False,False,True,True,False,True,False,True,True,,False,15.510000228881836,16719880.544736097,1078006.4666666666,19.85,88.19,2026-11-05,34,263,16.440000534057617,16.719999313354492,16.579999923706055,14.075071334838867,22.09000015258789,2.199663596547334,1.0,2.5049285888671875,-0.42715776392975274,,,,,,,,,,,False,,,,,,,,,,False,-2.79,7/9,6/9,0.72,46.0,True,no new high: recent high 23.19 is -2.79 ATR vs prior 2.5y high 30.19 (needs >= +1),1,strong_close,2026-10-02,strong_close,2026-10-02,False,True,False,no TV drawing read (f_rr False),https://www.tradingview.com/chart/?symbol=NASDAQ:CGEM,https://finviz.com/quote.ashx?t=CGEM,"$vol(30d) $16.7M < $50M | FAIL: dollar_vol, short_float, rr (no TV drawing read)"
CGON,FAIL,"short_float,history,rr",True,False,True,False,False,False,True,True,True,,False,67.37999725341797,58957933.32072296,875006.4666666667,19.05,89.38,2026-11-12,41,141,75.23999786376953,75.86499786376953,75.55249786376953,68.45786339896065,79.44000244140625,0.5479499468111702,1.0000000000000007,7.094634464808872,-1.15192694576291,,,,,,,,,,,False,,,,,,,,,,True,1.64,7/8,6/6,0.94,34.2,True,"uptrend: new high +1.6 ATR above prior 2.5y high, 7/8 HH and 6/6 HL, 30w EMA +34% in 26w",20,engulfing,2026-09-18,hammer,2026-09-29,False,True,False,no TV drawing read (f_rr False),https://www.tradingview.com/chart/?symbol=NASDAQ:CGON,https://finviz.com/quote.ashx?t=CGON,"history 141 weekly bars < ~3y (150) | FAIL: short_float, history, rr (no TV drawing read)"
CHE,FAIL,"short_float,rr",True,False,True,True,False,True,True,True,True,,False,507.3299865722656,74554711.99872641,146955.06666666668,5.1,105.85,2026-11-03,32,263,474.8237160779636,479.48528825465365,477.1545021663086,448.7165369550134,551.993896484375,2.6316719133034585,0.9999999999999992,28.437965211295214,1.061098576559609,,,,,,,,,,,False,,,,,,,,,,False,-2.43,3/6,3/5,0.55,11.4,True,no new high: recent high 556.27 is -2.43 ATR vs prior 2.5y high 625.31 (needs >= +1),27,hammer,2026-09-25,engulfing,2026-10-02,True,True,False,no TV drawing read (f_rr False),https://www.tradingview.com/chart/?symbol=NYSE:CHE,https://finviz.com/quote.ashx?t=CHE,"short float 5.10% >= 5% | FAIL: short_float, rr (no TV drawing read)"
CHRD,FAIL,"short_float,rr",True,False,True,True,False,False,False,True,True,,False,137.00999450683594,94216073.60657959,687658.4,6.62,98.09,2026-11-04,33,263,145.80734252929688,146.1807336091469,145.9940380692219,135.18453703713786,155.39999389648438,0.8701563374058032,0.9999999999999992,10.809501032084038,-0.8311247240478642,,,,,,,,,,,False,,,,,,,,,,False,-1.06,4/7,3/5,0.59,24.1,True,no new high: recent high 157.06 is -1.06 ATR vs prior 2.5y high 168.49 (needs >= +1),2,hammer,2026-10-02,strong_close,2026-10-02,False,True,False,no TV drawing read (f_rr False),https://www.tradingview.com/chart/?symbol=NASDAQ:CHRD,https://finviz.com/quote.ashx?t=CHRD,"short float 6.62% >= 5% | FAIL: short_float, rr (no TV drawing read)"
CLSK,FAIL,"short_float,rr",True,False,True,True,False,True,True,True,True,,False,12.739999771118164,221953713.14913335,17421798.833333332,32.03,97.23,2026-12-16,75,262,10.239999771118164,10.444999694824219,10.342499732971191,8.109999885559082,14.819999694824219,2.0055992241358043,0.9297654666596573,2.4011430059160506,0.998482819323921,,,,,,,,,,,False,,,,,,,,,,False,-1.85,3/4,4/6,0.71,17.4,True,no new high: recent high 19.17 is -1.85 ATR vs prior 2.5y high 23.61 (needs >= +1),17,strong_close,2026-09-18,rejection,2026-10-02,False,True,False,no TV drawing read (f_rr False),https://www.tradingview.com/chart/?symbol=NASDAQ:CLSK,https://finviz.com/quote.ashx?t=CLSK,"short float 32.03% >= 5% | FAIL: short_float, rr (no TV drawing read)"
CLW,FAIL,"dollar_vol,rr",False,True,True,True,False,True,True,True,True,,False,19.809999465942383,2460182.042675972,124188.9,4.47,88.99,2026-11-03,32,262,17.899999618530273,18.200000762939453,18.050000190734863,16.001636164528982,23.309999465942383,2.567902583678179,1.0000000000000004,2.0483640262058804,0.8592219218316923,,,,,,,,,,,False,,,,,,,,,,False,-16.37,3/6,3/8,0.44,3.8,True,"no new high: recent high 23.59 is -16.37 ATR vs prior 2.5y high 57.13 (needs >= +1); choppy swings: 3/6 higher highs, 3/8 higher lows",17,hammer,2026-10-02,hammer,2026-10-02,False,True,False,no TV drawing read (f_rr False),https://www.tradingview.com/chart/?symbol=NYSE:CLW,https://finviz.com/quote.ashx?t=CLW,"$vol(30d) $2.5M < $50M | FAIL: dollar_vol, rr (no TV drawing read)"
CLYM,FAIL,"dollar_vol,short_float,rr",False,False,True,True,False,True,False,True,True,,False,10.9399995803833,17839397.10641537,1630657.9333333333,16.42,118.44,2026-11-11,40,263,11.520000457763672,12.479999542236328,12.0,9.646857125418528,17.280000686645508,2.2438079487989455,0.9999999999999997,2.353142874581473,-0.4504615640073404,,,,,,,,,,,False,,,,,,,,,,True,2.88,3/4,5/5,0.88,152.7,True,"uptrend: new high +2.9 ATR above prior 2.5y high, 3/4 HH and 5/5 HL, 30w EMA +153% in 26w",1,hammer,2026-09-04,strong_close,2026-09-28,False,True,False,no TV drawing read (f_rr False),https://www.tradingview.com/chart/?symbol=NASDAQ:CLYM,https://finviz.com/quote.ashx?t=CLYM,"$vol(30d) $17.8M < $50M | FAIL: dollar_vol, short_float, rr (no TV drawing read)"
CNC,FAIL,rr,True,True,True,True,False,True,False,True,True,,False,62.9900016784668,261958491.5672924,4158731.3,2.91,99.9,2026-10-27,25,263,38.70000076293945,38.86000061035156,38.78000068664551,34.39999984741211,67.47000122070312,6.550227177371739,0.8557077190078716,5.1185711451939175,4.729835789144646,no,,,,,,,2026-10-04,charts/latest/CNC.webp,user-lines,False,"user lines only, no zone/position","user Fib only, no zone/position",,,,,,,,False,-2.14,3/7,3/5,0.51,47.7,True,no new high: recent high 69.63 is -2.14 ATR vs prior 2.5y high 80.59 (needs >= +1),2,hammer,2026-10-02,strong_close,2026-10-02,False,True,False,TV drawing by the bot - review needed (f_rr False until approved); TV drawing not found (f_rr False),https://www.tradingview.com/chart/?symbol=NYSE:CNC,https://finviz.com/quote.ashx?t=CNC,FAIL: rr (TV drawing not found)
CNK,FAIL,"short_float,rr",True,False,True,True,False,True,False,True,True,,False,36.06999969482422,79874642.12054163,2214434.2333333334,7.01,107.32,2026-10-30,28,263,30.196596145629883,30.902542807201307,30.549569476415595,28.006273238743717,37.2900505065918,2.650293320272595,1.0000000000000002,2.543296237671878,2.1705808928738874,,,,,,,,,,,False,,,,,,,,,,True,1.39,5/7,4/5,0.76,23.8,True,"uptrend: new high +1.4 ATR above prior 2.5y high, 5/7 HH and 4/5 HL, 30w EMA +24% in 26w",4,strong_close,2026-09-25,rejection,2026-09-29,False,True,False,no TV drawing read (f_rr False),https://www.tradingview.com/chart/?symbol=NYSE:CNK,https://finviz.com/quote.ashx?t=CNK,"short float 7.01% >= 5% | FAIL: short_float, rr (no TV drawing read)"
CNMD,FAIL,"dollar_vol,short_float,rr",False,False,True,True,False,True,True,True,True,,False,46.279998779296875,13572073.984683227,293260.0333333333,7.17,114.46,2026-10-28,26,263,39.08000183105469,40.029998779296875,39.55500030517578,36.249998321533205,51.06999969482422,3.484112701486881,0.8385288930112991,3.9414288657052174,1.7062336282752697,,,,,,,,,,,False,,,,,,,,,,False,-6.46,2/6,1/6,0.25,1.2,True,"no new high: recent high 53.66 is -6.46 ATR vs prior 2.5y high 79.12 (needs >= +1); choppy swings: 2/6 higher highs, 1/6 higher lows",15,engulfing,2026-10-02,hammer,2026-09-29,False,True,False,no TV drawing read (f_rr False),https://www.tradingview.com/chart/?symbol=NYSE:CNMD,https://finviz.com/quote.ashx?t=CNMD,"$vol(30d) $13.6M < $50M | FAIL: dollar_vol, short_float, rr (no TV drawing read)"
CNO,FAIL,rr,True,True,True,True,False,True,False,True,True,False,False,53.8849983215332,51254117.163482666,951176.0,2.42,96.53,2026-11-04,33,263,44.1458740234375,44.3436609545763,44.244767489006904,41.846798481538244,56.563594818115234,5.137192053250225,1.0,2.39796900746866,4.020164898921151,yes,44.36,44.15,44.05,41.79,56.35,5.44,2026-10-04,charts/latest/CNO.webp,bot,True,bot drawing on chart,bot drawing (review needed): zone 44.15-44.36 entry 44.05 SL 41.79 TP 56.35 R:R 5.44,53.885,2.398,9.525,3.9721,True,far,close 53.88 is 3.97 ATR above zone top 44.36,True,5.44,5/6,4/6,0.75,24.7,True,"uptrend: new high +5.4 ATR above prior 2.5y high, 5/6 HH and 4/6 HL, 30w EMA +25% in 26w",1,hammer,2026-10-02,strong_close,2026-10-02,False,True,False,TV drawing by the bot - review needed (f_rr False until approved); TV drawing by the bot - review needed (f_rr False until approved),https://www.tradingview.com/chart/?symbol=NYSE:CNO,https://finviz.com/quote.ashx?t=CNO,FAIL: rr (bot drawing - review needed)
COLD,FAIL,"dollar_vol,short_float,rr",False,False,True,True,False,False,False,True,True,,False,13.970000267028809,46454326.86828203,3325291.7666666666,9.74,110.01,2026-10-29,27,263,12.962912792921243,13.199568260654253,13.081240526787749,11.951066797112,15.329999923706055,1.9897466538737232,1.0000000000000002,1.1301737296757481,0.7863921421143358,,,,,,,,,,,False,,,,,,,,,,False,-9.13,3/6,3/6,0.5,14.4,True,no new high: recent high 16.88 is -9.13 ATR vs prior 2.5y high 27.19 (needs >= +1),2,hammer,2026-09-25,hammer,2026-10-01,False,True,False,no TV drawing read (f_rr False),https://www.tradingview.com/chart/?symbol=NYSE:COLD,https://finviz.com/quote.ashx?t=COLD,"$vol(30d) $46.5M < $50M | FAIL: dollar_vol, short_float, rr (no TV drawing read)"
COP,FAIL,rr,True,True,True,True,False,True,False,True,True,False,False,126.76000213623047,818441148.0914947,6456619.866666666,1.34,87.14,2026-11-05,34,263,96.07120011843618,96.60439339860534,96.33779675852077,88.8402030436361,133.26416501512017,4.925095925548882,1.0000000000000009,7.497593714884666,4.0575958813710775,yes,109.12,107.23,108.14,100.51,138.22,3.94,2026-10-04,charts/latest/COP.webp,bot,True,bot drawing on chart,bot drawing (review needed): zone 107.23-109.12 entry 108.14 SL 100.51 TP 138.22 R:R 3.94,126.76,7.4976,17.64,2.3528,False,,,True,1.02,4/5,3/5,0.7,14.9,True,"uptrend: new high +1.0 ATR above prior 2.5y high, 4/5 HH and 3/5 HL, 30w EMA +15% in 26w",2,hammer,2026-10-02,strong_close,2026-10-02,False,True,False,TV drawing by the bot - review needed (f_rr False until approved); TV drawing by the bot - review needed (f_rr False until approved),https://www.tradingview.com/chart/?symbol=NYSE:COP,https://finviz.com/quote.ashx?t=COP,FAIL: rr (bot drawing - review needed)
CPF,FAIL,"dollar_vol,rr",False,True,True,True,False,True,True,True,True,,False,36.43000030517578,5722405.018603516,157079.46666666667,2.8,95.61,2026-10-28,26,263,34.28493881225586,34.83586029457153,34.560399553413696,32.868969086469356,39.40501344247253,2.8642110827120733,1.0000000000000016,1.6914304669443372,1.1053370435851395,,,,,,,,,,,False,,,,,,,,,,True,3.85,6/7,3/5,0.73,18.2,True,"uptrend: new high +3.9 ATR above prior 2.5y high, 6/7 HH and 3/5 HL, 30w EMA +18% in 26w",6,hammer,2026-10-02,hammer,2026-10-01,False,True,False,no TV drawing read (f_rr False),https://www.tradingview.com/chart/?symbol=NYSE:CPF,https://finviz.com/quote.ashx?t=CPF,"$vol(30d) $5.7M < $50M | FAIL: dollar_vol, rr (no TV drawing read)"
CRAI,FAIL,"dollar_vol,rr",False,True,True,True,False,True,True,True,True,,False,170.3800048828125,21619922.0522583,126892.36666666667,4.93,94.83,2026-10-29,27,261,149.9815216064453,153.40038591469144,151.6909537605684,137.01946466628664,181.36929214335785,2.0228579520504613,1.0000000000000007,14.671489094281744,1.2738346463773893,,,,,,,,,,,False,,,,,,,,,,False,-2.13,4/8,4/8,0.5,-7.6,False,no new high: recent high 193.76 is -2.13 ATR vs prior 2.5y high 224.94 (needs >= +1); 30w EMA falling (-8% in 26w),8,strong_close,2026-10-02,strong_close,2026-10-01,False,True,False,no TV drawing read (f_rr False),https://www.tradingview.com/chart/?symbol=NASDAQ:CRAI,https://finviz.com/quote.ashx?t=CRAI,"$vol(30d) $21.6M < $50M | FAIL: dollar_vol, rr (no TV drawing read)"
CROX,FAIL,"short_float,rr",True,False,True,True,False,True,True,True,True,,False,118.08999633789062,125184044.24222921,1060073.2333333334,10.22,101.16,2026-10-29,27,263,105.87000274658203,106.70999908447266,106.29000091552734,95.14999989100865,139.61000061035156,2.9910230368460677,1.0000000000000002,11.140001024518694,1.0592454521675505,,,,,,,,,,,False,,,,,,,,,,False,-2.16,4/7,5/7,0.64,33.2,True,no new high: recent high 141.28 is -2.16 ATR vs prior 2.5y high 165.32 (needs >= +1),46,strong_close,2026-09-25,strong_close,2026-10-01,False,True,False,no TV drawing read (f_rr False),https://www.tradingview.com/chart/?symbol=NASDAQ:CROX,https://finviz.com/quote.ashx?t=CROX,"short float 10.22% >= 5% | FAIL: short_float, rr (no TV drawing read)"
CSW,FAIL,"dollar_vol,short_float,rr",False,False,True,True,False,True,False,True,True,,False,303.239990234375,37784076.779191084,124601.23333333334,6.76,101.2,2026-10-29,27,263,296.29609368494766,301.8707702754161,299.0834319801819,274.05860516520676,350.67999267578125,2.0618148959465876,1.0000000000000007,25.024826814975125,0.1660973834074956,,,,,,,,,,,False,,,,,,,,,,False,-3.12,3/6,4/7,0.54,5.3,True,no new high: recent high 355.48 is -3.12 ATR vs prior 2.5y high 433.63 (needs >= +1),2,strong_close,2026-10-02,strong_close,2026-10-02,False,True,False,no TV drawing read (f_rr False),https://www.tradingview.com/chart/?symbol=NYSE:CSW,https://finviz.com/quote.ashx?t=CSW,"$vol(30d) $37.8M < $50M | FAIL: dollar_vol, short_float, rr (no TV drawing read)"
CSX,FAIL,rr,True,True,True,True,False,True,False,True,True,False,False,47.43000030517578,484717729.1057879,10219644.233333332,2.2,82.08,2026-10-21,19,263,42.44334030151367,42.522879890397,42.48311009595534,41.16432207386231,51.858033041478826,7.108741350747689,0.6066328915985799,2.173947440630531,2.275533491180287,yes,43.1,42.44,42.82,40.75,53.26,5.06,2026-10-04,charts/latest/CSX.webp,bot,True,bot drawing on chart,bot drawing (review needed): zone 42.44-43.1 entry 42.82 SL 40.75 TP 53.26 R:R 5.06,47.43,2.1739,4.33,1.9918,False,,,True,4.76,5/6,4/4,0.92,24.6,True,"uptrend: new high +4.8 ATR above prior 2.5y high, 5/6 HH and 4/4 HL, 30w EMA +25% in 26w",2,hammer,2026-10-02,strong_close,2026-10-02,False,True,False,TV drawing by the bot - review needed (f_rr False until approved); TV drawing by the bot - review needed (f_rr False until approved),https://www.tradingview.com/chart/?symbol=NASDAQ:CSX,https://finviz.com/quote.ashx?t=CSX,FAIL: rr (bot drawing - review needed)
CTVA,FAIL,rr,True,True,True,True,False,False,False,True,True,,True,11.920000076293945,114956012.2797758,9643960.7,3.1,91.09,2026-11-11,40,263,81.84650421142578,83.817766019772,82.83213511559889,75.29448864918558,88.25,0.7187740773651772,0.7568617787213019,9.959079290736497,-7.120350483127926,,,,,,,,,,,False,needs manual drawing (data issue),needs manual drawing (data issue): data issue: 84% one-day price jump in the last 26 weeks (split/spin-off not adjusted) - draw manually,,,,,,,,False,0.57,3/5,3/6,0.55,4.4,True,no new high: recent high 90.87 is +0.57 ATR vs prior 2.5y high 85.18 (needs >= +1),0,strong_close,2026-09-04,strong_close,2026-09-29,False,True,False,no TV drawing read (f_rr False),https://www.tradingview.com/chart/?symbol=NYSE:CTVA,https://finviz.com/quote.ashx?t=CTVA,FAIL: rr (no TV drawing read)
CURB,FAIL,"dollar_vol,short_float,history,rr",False,False,True,False,False,True,False,True,True,,False,28.270000457763672,37008923.82893588,1309123.5666666667,12.97,120.91,2026-11-03,32,106,28.070083618164062,28.089970778310413,28.08002719823724,26.842022829425023,31.65999984741211,2.891728607233929,0.9261052233851487,1.3367858614240373,0.1421119604931038,,,,,,,,,,,False,,,,,,,,,,,,,,,,,not enough history (106 weekly bars < 130),2,hammer,2026-10-02,strong_close,2026-10-01,False,True,False,no TV drawing read (f_rr False),https://www.tradingview.com/chart/?symbol=NYSE:CURB,https://finviz.com/quote.ashx?t=CURB,"$vol(30d) $37.0M < $50M | FAIL: dollar_vol, short_float, history, rr (no TV drawing read)"
CUZ,FAIL,"dollar_vol,short_float,rr",False,False,True,True,False,True,True,True,True,,False,28.0,37386528.66666667,1335233.1666666667,7.43,106.46,2026-10-22,20,263,26.331689834594727,26.56583523670444,26.448762535649585,25.025588349002216,32.189998626708984,4.034106397463735,0.9999999999999999,1.4231741866473693,1.0899842611709598,,,,,,,,,,,False,,,,,,,,,,False,2.05,1/3,3/5,0.47,15.7,True,"choppy swings: 1/3 higher highs, 3/5 higher lows",8,hammer,2026-10-02,hammer,2026-10-01,False,True,False,no TV drawing read (f_rr False),https://www.tradingview.com/chart/?symbol=NYSE:CUZ,https://finviz.com/quote.ashx?t=CUZ,"$vol(30d) $37.4M < $50M | FAIL: dollar_vol, short_float, rr (no TV drawing read)"
CVBF,FAIL,"dollar_vol,short_float,rr",False,False,True,True,False,True,True,True,True,,False,22.280000686645508,27786378.83101279,1247144.4333333333,5.87,83.63,2026-10-28,26,263,20.493440628051758,20.959199955001317,20.726320291526537,19.7520170964201,23.25,2.5902406162157416,1.0000000000000002,0.9743031951064365,1.5946580108969473,,,,,,,,,,,False,,,,,,,,,,False,0.51,5/7,7/7,0.86,13.3,True,no new high: recent high 23.41 is +0.51 ATR vs prior 2.5y high 22.92 (needs >= +1),15,hammer,2026-10-02,engulfing,2026-10-01,True,True,False,no TV drawing read (f_rr False),https://www.tradingview.com/chart/?symbol=NASDAQ:CVBF,https://finviz.com/quote.ashx?t=CVBF,"$vol(30d) $27.8M < $50M | FAIL: dollar_vol, short_float, rr (no TV drawing read)"
CVEO,FAIL,"dollar_vol,short_float,rr",False,False,True,True,False,True,True,True,True,,False,33.06999969482422,2727540.820829773,82477.8,11.91,87.72,2026-10-23,21,263,23.459999084472656,23.579999923706055,23.519999504089355,20.58499931335449,34.540000915527344,3.754685075055754,0.99371240573845,2.953571047101702,3.2333741218468894,,,,,,,,,,,False,,,,,,,,,,True,2.29,2/4,3/4,0.62,25.9,True,"uptrend: new high +2.3 ATR above prior 2.5y high, 2/4 HH and 3/4 HL, 30w EMA +26% in 26w",8,hammer,2026-09-18,rejection,2026-10-01,False,True,False,no TV drawing read (f_rr False),https://www.tradingview.com/chart/?symbol=NYSE:CVEO,https://finviz.com/quote.ashx?t=CVEO,"$vol(30d) $2.7M < $50M | FAIL: dollar_vol, short_float, rr (no TV drawing read)"
CVSA,FAIL,"dollar_vol,short_float,rr",False,False,True,True,False,False,False,True,True,,False,125.57499694824219,42639350.19543355,339552.86666666664,5.86,102.11,2026-10-29,27,263,133.72999572753906,133.74000549316406,133.73500061035156,121.60178756713867,138.89999389648438,0.4256904801504347,1.0,12.13321304321289,-0.672534441870197,,,,,,,,,,,False,,,,,,,,,,False,-1.16,4/5,4/7,0.69,12.1,True,no new high: recent high 142.13 is -1.16 ATR vs prior 2.5y high 156.26 (needs >= +1),4,strong_close,2026-10-02,strong_close,2026-09-30,False,True,False,no TV drawing read (f_rr False),https://www.tradingview.com/chart/?symbol=NYSE:CVSA,https://finviz.com/quote.ashx?t=CVSA,"$vol(30d) $42.6M < $50M | FAIL: dollar_vol, short_float, rr (no TV drawing read)"
CXT,FAIL,"dollar_vol,short_float,rr",False,False,True,True,False,False,True,True,True,,False,48.7599983215332,24946817.887921654,511624.6666666667,16.1,107.67,2026-11-11,40,263,46.02586364746094,46.5515888790783,46.28872626326962,42.198363842437374,51.9900016784668,1.393831359822917,0.9999999999999996,4.0903624208322515,0.6041694607982337,,,,,,,,,,,False,,,,,,,,,,False,-2.55,3/7,3/6,0.46,-3.5,False,"no new high: recent high 57.56 is -2.55 ATR vs prior 2.5y high 67.99 (needs >= +1); choppy swings: 3/7 higher highs, 3/6 higher lows; 30w EMA falling (-4% in 26w)",17,hammer,2026-10-02,hammer,2026-10-02,True,True,False,no TV drawing read (f_rr False),https://www.tradingview.com/chart/?symbol=NYSE:CXT,https://finviz.com/quote.ashx?t=CXT,"$vol(30d) $24.9M < $50M | FAIL: dollar_vol, short_float, rr (no TV drawing read)"
CZR,FAIL,"short_float,rr",True,False,True,True,False,True,False,True,True,,False,29.649999618530273,116084634.82648315,3915164.8,9.82,95.71,2026-11-03,32,263,24.790000915527344,25.110000610351562,24.950000762939453,24.50550092969622,30.149999618530273,11.698539496966083,1.0000000000000022,0.44449983324323383,10.573679682392465,,,,,,,,,,,False,,,,,,,,,,False,-33.97,4/7,2/5,0.49,16.3,True,"no new high: recent high 30.83 is -33.97 ATR vs prior 2.5y high 45.93 (needs >= +1); choppy swings: 4/7 higher highs, 2/5 higher lows",1,strong_close,2026-10-02,engulfing,2026-10-02,False,True,False,no TV drawing read (f_rr False),https://www.tradingview.com/chart/?symbol=NASDAQ:CZR,https://finviz.com/quote.ashx?t=CZR,"short float 9.82% >= 5% | FAIL: short_float, rr (no TV drawing read)"
DAR,FAIL,rr,True,True,True,True,False,False,False,True,True,True,False,62.93000030517578,156378093.04834747,2484953.0,4.34,106.17,2026-11-10,39,263,64.11000061035156,66.0199966430664,65.06499862670898,59.789069584437776,66.66000366210938,0.30231737815673215,1.0000000000000004,5.275929042271206,-0.40466774750520895,yes,59.41,57.76,58.72,54.11,66.57,1.7,2026-10-04,charts/latest/DAR.webp,bot,True,bot drawing on chart,bot drawing (review needed): zone 57.76-59.41 entry 58.72 SL 54.11 TP 66.57 R:R 1.7,62.93,5.2759,3.52,0.6672,False,,,True,1.0,5/7,4/6,0.69,31.6,True,"uptrend: new high +1.0 ATR above prior 2.5y high, 5/7 HH and 4/6 HL, 30w EMA +32% in 26w",2,hammer,2026-10-02,strong_close,2026-10-02,False,True,False,TV drawing by the bot - review needed (f_rr False until approved); TV drawing by the bot - review needed (f_rr False until approved),https://www.tradingview.com/chart/?symbol=NYSE:DAR,https://finviz.com/quote.ashx?t=DAR,FAIL: rr (bot drawing - review needed)
DASH,FAIL,rr,True,True,True,True,False,True,True,True,True,True,False,189.14999389648438,776754266.8205963,4106551.9,4.31,82.51,2026-11-04,33,263,183.88999938964844,188.44000244140625,186.16500091552734,167.41207122802734,236.74000549316406,2.696912184945061,1.0,18.7529296875,0.1591747545956361,yes,172.91,166.58,170.47,152.85,235.05,3.66,2026-10-04,charts/latest/DASH.webp,bot,True,bot drawing on chart,bot drawing (review needed): zone 166.58-172.91 entry 170.47 SL 152.85 TP 235.05 R:R 3.66,189.15,18.7529,16.24,0.866,False,,,False,-2.49,3/5,3/6,0.55,-1.7,False,no new high: recent high 238.83 is -2.49 ATR vs prior 2.5y high 285.50 (needs >= +1); 30w EMA falling (-2% in 26w),21,hammer,2026-10-02,hammer,2026-10-02,False,True,False,TV drawing by the bot - review needed (f_rr False until approved); TV drawing by the bot - review needed (f_rr False until approved),https://www.tradingview.com/chart/?symbol=NASDAQ:DASH,https://finviz.com/quote.ashx?t=DASH,FAIL: rr (bot drawing - review needed)
DAVE,FAIL,"short_float,rr",True,False,True,True,False,True,True,True,True,,False,346.57000732421875,112301701.85298869,324037.56666666665,22.39,97.53,2026-11-10,39,263,217.3300018310547,224.27999877929688,220.80500030517578,173.04999755859376,380.69000244140625,3.348026236846441,0.8554356617406601,55.82535879952567,2.252829354320452,,,,,,,,,,,False,,,,,,,,,,False,3.08,3/8,4/7,0.47,59.7,True,"choppy swings: 3/8 higher highs, 4/7 higher lows",17,engulfing,2026-10-02,strong_close,2026-10-01,False,True,False,no TV drawing read (f_rr False),https://www.tradingview.com/chart/?symbol=NASDAQ:DAVE,https://finviz.com/quote.ashx?t=DAVE,"short float 22.39% >= 5% | FAIL: short_float, rr (no TV drawing read)"
DBX,FAIL,"short_float,rr",True,False,True,True,False,True,False,True,True,,False,33.900001525878906,136997247.77640712,4041216.566666667,17.08,84.16,2026-10-29,27,262,28.899999618530273,29.100000381469727,29.0,26.187785693577357,36.47999954223633,2.6598255777140523,1.0000000000000002,2.8122143064226424,1.7423997576173678,,,,,,,,,,,False,,,,,,,,,,True,1.72,3/6,3/5,0.55,15.5,True,"uptrend: new high +1.7 ATR above prior 2.5y high, 3/6 HH and 3/5 HL, 30w EMA +15% in 26w",1,strong_close,2026-10-02,hammer,2026-10-01,False,True,False,no TV drawing read (f_rr False),https://www.tradingview.com/chart/?symbol=NASDAQ:DBX,https://finviz.com/quote.ashx?t=DBX,"short float 17.08% >= 5% | FAIL: short_float, rr (no TV drawing read)"
DCO,FAIL,"dollar_vol,short_float,rr",False,False,True,True,False,True,True,True,True,,False,175.38499450683594,37787334.29864451,215453.63333333333,6.08,96.51,2026-11-05,34,263,128.91000366210938,140.02000427246094,134.46500396728516,119.96000122070312,207.0,5.000688197029609,0.7943903701851077,18.259288242885045,2.241050691310257,,,,,,,,,,,False,,,,,,,,,,True,3.85,4/4,3/3,1.0,48.8,True,"uptrend: new high +3.9 ATR above prior 2.5y high, 4/4 HH and 3/3 HL, 30w EMA +49% in 26w",12,strong_close,2026-10-02,strong_close,2026-10-02,False,True,False,no TV drawing read (f_rr False),https://www.tradingview.com/chart/?symbol=NYSE:DCO,https://finviz.com/quote.ashx?t=DCO,"$vol(30d) $37.8M < $50M | FAIL: dollar_vol, short_float, rr (no TV drawing read)"
DCOM,FAIL,"dollar_vol,short_float,rr",False,False,True,True,False,True,True,True,True,,False,39.90999984741211,10573873.759239579,264942.9666666667,9.4,89.63,2026-10-23,21,263,35.759178161621094,35.99606384725181,35.87762100443645,34.02730465485131,41.25,2.903492149744062,1.0000000000000002,1.850316349585142,2.17929158107464,,,,,,,,,,,False,,,,,,,,,,True,3.02,5/5,6/7,0.93,23.9,True,"uptrend: new high +3.0 ATR above prior 2.5y high, 5/5 HH and 6/7 HL, 30w EMA +24% in 26w",8,hammer,2026-10-02,hammer,2026-10-01,False,True,False,no TV drawing read (f_rr False),https://www.tradingview.com/chart/?symbol=NYSE:DCOM,https://finviz.com/quote.ashx?t=DCOM,"$vol(30d) $10.6M < $50M | FAIL: dollar_vol, short_float, rr (no TV drawing read)"
DFTX,FAIL,"short_float,rr",True,False,True,True,False,True,False,True,True,,False,37.400001525878906,79895916.5729988,2136254.3666666667,9.29,84.37,2026-11-05,34,263,17.399999618530273,18.1200008392334,17.760000228881836,13.639999618530274,47.06999969482422,7.114076486372497,0.7860035483426598,5.241707393101284,3.746870976210093,,,,,,,,,,,False,,,,,,,,,,True,5.46,6/6,5/5,1.0,124.7,True,"uptrend: new high +5.5 ATR above prior 2.5y high, 6/6 HH and 5/5 HL, 30w EMA +125% in 26w",2,hammer,2026-09-11,hammer,2026-09-30,False,True,False,no TV drawing read (f_rr False),https://www.tradingview.com/chart/?symbol=NASDAQ:DFTX,https://finviz.com/quote.ashx?t=DFTX,"short float 9.29% >= 5% | FAIL: short_float, rr (no TV drawing read)"
DGX,FAIL,rr,True,True,True,True,False,True,False,True,True,,False,233.27000427246094,229390553.03674012,983369.2666666667,3.28,97.84,2026-10-27,25,263,210.74019020158403,211.4739831603851,211.10708668098457,198.4236841150333,244.38999938964844,2.6241312246929867,0.9999999999999997,12.683402565951273,1.7473952652873257,yes,,,,,,,2026-10-04,charts/latest/DGX.webp,user,False,user drawing (LP values pending nightly read),"Long Position present, values not read yet (nightly read fills them); 2 horizontal lines, no rectangle",,,,,False,,,True,2.93,4/7,4/7,0.57,16.4,True,"uptrend: new high +2.9 ATR above prior 2.5y high, 4/7 HH and 4/7 HL, 30w EMA +16% in 26w",4,rejection,2026-10-02,engulfing,2026-10-02,False,True,False,TV drawing by the bot - review needed (f_rr False until approved); TV R:R  < 2 (f_rr False),https://www.tradingview.com/chart/?symbol=NYSE:DGX,https://finviz.com/quote.ashx?t=DGX,FAIL: rr (TV R:R  < 2)
DNTH,FAIL,"short_float,rr",True,False,True,True,False,True,False,True,True,,False,88.20999908447266,66880586.079182945,758197.3333333334,18.98,115.66,2026-11-05,34,263,93.01000213623047,93.61000061035156,93.31000137329102,85.42000030517578,115.95999908447266,2.8707217547427106,0.7345880649833398,10.740715026855469,-0.47482893606865145,,,,,,,,,,,False,,,,,,,,,,True,2.74,5/7,5/5,0.86,76.3,True,"uptrend: new high +2.7 ATR above prior 2.5y high, 5/7 HH and 5/5 HL, 30w EMA +76% in 26w",2,hammer,2026-10-02,hammer,2026-09-29,False,True,False,no TV drawing read (f_rr False),https://www.tradingview.com/chart/?symbol=NASDAQ:DNTH,https://finviz.com/quote.ashx?t=DNTH,"short float 18.98% >= 5% | FAIL: short_float, rr (no TV drawing read)"
DOC,FAIL,rr,True,True,True,True,False,True,True,True,True,True,False,19.485000610351562,90337839.39075826,4636275.933333334,3.69,99.3,2026-10-22,20,263,18.14604511932241,18.230271363830575,18.18815824157649,17.28120176425263,22.207807340773716,4.432019837443485,0.9999999999999998,0.9069564773238634,1.4298837939849496,yes,20.54,20.26,,,,,2026-10-04,charts/latest/DOC.webp,user,False,user drawing (no Long Position),user drawing (no Long Position),19.485,0.907,0.775,0.8545,False,,,True,2.42,3/5,3/7,0.51,18.9,True,"uptrend: new high +2.4 ATR above prior 2.5y high, 3/5 HH and 3/7 HL, 30w EMA +19% in 26w",18,rejection,2026-09-25,strong_close,2026-09-29,False,True,False,TV drawing by the bot - review needed (f_rr False until approved); TV R:R  < 2 (f_rr False),https://www.tradingview.com/chart/?symbol=NYSE:DOC,https://finviz.com/quote.ashx?t=DOC,FAIL: rr (TV R:R  < 2)
DVA,FAIL,"short_float,rr",True,False,True,True,False,True,False,True,True,,False,178.74000549316406,117107275.98502348,655182.2333333333,6.88,93.29,2026-10-23,21,263,200.8300018310547,202.69000244140625,201.76000213623047,191.56000732421876,245.0,4.239217633017742,0.6488988516299194,15.718928745814733,-1.4644761748917292,,,,,,,,,,,False,,,,,,,,,,True,4.32,4/6,2/6,0.5,35.4,True,"uptrend: new high +4.3 ATR above prior 2.5y high, 4/6 HH and 2/6 HL, 30w EMA +35% in 26w",2,hammer,2026-10-02,strong_close,2026-10-02,False,True,False,no TV drawing read (f_rr False),https://www.tradingview.com/chart/?symbol=NYSE:DVA,https://finviz.com/quote.ashx?t=DVA,"short float 6.88% >= 5% | FAIL: short_float, rr (no TV drawing read)"
DXCM,FAIL,rr,True,True,True,True,False,True,True,True,True,True,False,85.36000061035156,325005852.07856345,3807472.466666667,4.65,105.26,2026-10-22,20,261,75.69999694824219,75.85139694213868,75.77569694519043,70.8900015258789,92.33999633789062,3.3903667689203503,0.8101357378480197,6.030712127685547,1.5892490741121434,yes,83.03,82.29,82.25,76.66,91.8,1.71,2026-10-04,charts/latest/DXCM.webp,bot,True,bot drawing on chart,bot drawing (review needed): zone 82.29-83.03 entry 82.25 SL 76.66 TP 91.8 R:R 1.71,85.36,6.0307,2.33,0.3864,False,,,False,-8.19,4/6,2/5,0.53,13.7,True,no new high: recent high 92.59 is -8.19 ATR vs prior 2.5y high 141.99 (needs >= +1),41,strong_close,2026-09-18,hammer,2026-09-30,False,True,False,TV drawing by the bot - review needed (f_rr False until approved); TV drawing by the bot - review needed (f_rr False until approved),https://www.tradingview.com/chart/?symbol=NASDAQ:DXCM,https://finviz.com/quote.ashx?t=DXCM,FAIL: rr (bot drawing - review needed)
EAT,FAIL,"short_float,rr",True,False,True,True,False,True,False,True,True,,False,201.99000549316406,244967567.08794862,1212770.7333333334,13.47,113.11,2026-11-04,33,263,158.13999938964844,161.7100067138672,159.9250030517578,139.51500919887,248.8800048828125,4.3584041461368885,0.9999999999999994,20.409993852887833,2.0610002503971567,,,,,,,,,,,False,,,,,,,,,,True,3.08,3/6,3/5,0.55,28.2,True,"uptrend: new high +3.1 ATR above prior 2.5y high, 3/6 HH and 3/5 HL, 30w EMA +28% in 26w",2,hammer,2026-10-02,strong_close,2026-10-02,False,True,False,no TV drawing read (f_rr False),https://www.tradingview.com/chart/?symbol=NYSE:EAT,https://finviz.com/quote.ashx?t=EAT,"short float 13.47% >= 5% | FAIL: short_float, rr (no TV drawing read)"
EBC,FAIL,"dollar_vol,short_float,rr",False,False,True,True,False,True,True,True,True,,False,21.46500015258789,47880733.732368976,2230642.1333333333,7.97,84.87,2026-10-22,20,263,20.751916885375977,21.185686711657443,20.968801798516708,19.899385960588333,23.46565818786621,2.3347853106293086,0.9999999999999996,1.0694158379283754,0.4639900929767377,,,,,,,,,,,False,,,,,,,,,,True,1.41,5/6,5/5,0.92,14.1,True,"uptrend: new high +1.4 ATR above prior 2.5y high, 5/6 HH and 5/5 HL, 30w EMA +14% in 26w",9,hammer,2026-10-02,strong_close,2026-10-02,False,True,False,no TV drawing read (f_rr False),https://www.tradingview.com/chart/?symbol=NASDAQ:EBC,https://finviz.com/quote.ashx?t=EBC,"$vol(30d) $47.9M < $50M | FAIL: dollar_vol, short_float, rr (no TV drawing read)"
ECPG,FAIL,"dollar_vol,short_float,rr",False,False,True,True,False,True,True,True,True,,False,95.91999816894531,32920443.587568663,343207.3,6.35,107.01,2026-11-04,33,263,83.93000030517578,85.23999786376953,84.58499908447266,80.32000183105468,103.73999786376953,4.491210108973935,0.5678550294720264,7.510714939662388,1.509177112369834,,,,,,,,,,,False,,,,,,,,,,True,4.05,7/8,5/5,0.94,53.7,True,"uptrend: new high +4.0 ATR above prior 2.5y high, 7/8 HH and 5/5 HL, 30w EMA +54% in 26w",19,hammer,2026-10-02,hammer,2026-10-01,True,True,False,no TV drawing read (f_rr False),https://www.tradingview.com/chart/?symbol=NASDAQ:ECPG,https://finviz.com/quote.ashx?t=ECPG,"$vol(30d) $32.9M < $50M | FAIL: dollar_vol, short_float, rr (no TV drawing read)"
EHC,FAIL,rr,True,True,True,True,False,True,True,True,True,True,False,119.8499984741211,102301298.02754365,853577.8,3.07,98.11,2026-10-28,26,261,107.2779769897461,109.11451475149073,108.19624587061841,101.39078175608296,125.2300033569336,2.502953097634241,0.9999999999999993,6.805464114535458,1.7124111460101599,yes,113.85,110.44,112.96,105.42,124.62,1.54,2026-10-04,charts/latest/EHC.webp,bot,True,bot drawing on chart,bot drawing (review needed): zone 110.44-113.85 entry 112.96 SL 105.42 TP 124.62 R:R 1.54,119.85,6.8055,6.0,0.8816,False,,,False,0.03,5/7,4/6,0.69,6.7,True,no new high: recent high 127.50 is +0.03 ATR vs prior 2.5y high 127.27 (needs >= +1),21,hammer,2026-09-25,hammer,2026-09-29,False,True,False,TV drawing by the bot - review needed (f_rr False until approved); TV drawing by the bot - review needed (f_rr False until approved),https://www.tradingview.com/chart/?symbol=NYSE:EHC,https://finviz.com/quote.ashx?t=EHC,FAIL: rr (bot drawing - review needed)
ELV,FAIL,rr,True,True,True,True,False,False,True,True,True,True,False,386.6700134277344,409921628.45618385,1060132.9666666666,2.47,94.73,2026-10-21,19,262,412.0526123046875,413.07399148050325,412.5633018925954,385.1248332950333,420.6292063892686,0.2939633627144125,1.0000000000000009,27.438468597562096,-0.9436856278182247,yes,377.47,369.48,373.9,348.95,420.07,1.85,2026-10-04,charts/latest/ELV.webp,bot,True,bot drawing on chart,bot drawing (review needed): zone 369.48-377.47 entry 373.9 SL 348.95 TP 420.07 R:R 1.85,386.67,27.4385,9.2,0.3353,False,,,False,-4.02,2/4,2/5,0.45,16.9,True,"no new high: recent high 434.35 is -4.02 ATR vs prior 2.5y high 544.58 (needs >= +1); choppy swings: 2/4 higher highs, 2/5 higher lows",11,rejection,2026-10-02,strong_close,2026-10-02,False,True,False,TV drawing by the bot - review needed (f_rr False until approved); TV drawing by the bot - review needed (f_rr False until approved),https://www.tradingview.com/chart/?symbol=NYSE:ELV,https://finviz.com/quote.ashx?t=ELV,FAIL: rr (bot drawing - review needed)
ELVN,FAIL,"short_float,rr",True,False,True,True,False,True,False,True,True,,False,46.970001220703125,59103104.05603027,1258316.0,14.14,96.04,2026-11-18,47,263,48.11000061035156,48.529998779296875,48.31999969482422,43.39249965122768,60.459999084472656,2.4637238523061606,0.9999999999999997,4.92750004359654,-0.27397229064979195,,,,,,,,,,,False,,,,,,,,,,True,4.4,6/6,4/6,0.83,80.0,True,"uptrend: new high +4.4 ATR above prior 2.5y high, 6/6 HH and 4/6 HL, 30w EMA +80% in 26w",1,strong_close,2026-10-02,hammer,2026-10-02,False,True,False,no TV drawing read (f_rr False),https://www.tradingview.com/chart/?symbol=NASDAQ:ELVN,https://finviz.com/quote.ashx?t=ELVN,"short float 14.14% >= 5% | FAIL: short_float, rr (no TV drawing read)"
EPC,FAIL,"dollar_vol,short_float,rr",False,False,True,True,False,True,True,True,True,,False,26.969999313354492,14305899.90977745,530437.5333333333,9.99,117.89,2026-11-05,34,263,23.11480140686035,24.01332622062832,23.564063813744333,21.191492000632206,28.892744064331055,2.245951090347413,1.0000000000000007,2.3725718131121263,1.435545799198617,,,,,,,,,,,False,,,,,,,,,,False,-4.03,3/7,4/9,0.44,23.0,True,"no new high: recent high 29.79 is -4.03 ATR vs prior 2.5y high 39.36 (needs >= +1); choppy swings: 3/7 higher highs, 4/9 higher lows",20,hammer,2026-09-25,strong_close,2026-09-28,False,True,False,no TV drawing read (f_rr False),https://www.tradingview.com/chart/?symbol=NYSE:EPC,https://finviz.com/quote.ashx?t=EPC,"$vol(30d) $14.3M < $50M | FAIL: dollar_vol, short_float, rr (no TV drawing read)"
EQIX,FAIL,rr,True,True,True,True,False,True,True,True,True,True,False,1025.719970703125,518488042.44947916,505486.93333333335,1.72,101.46,2026-11-04,33,263,780.0664553539755,793.0867422285353,786.5765987912554,727.9265585912393,1100.5514592493814,5.3533613853864,0.9131370854922609,64.22917339776924,3.723282727474356,yes,1011.9,996.85,1003.56,948.29,1094.77,1.65,2026-10-04,charts/latest/EQIX.webp,bot,True,bot drawing on chart,bot drawing (review needed): zone 996.85-1011.9 entry 1003.56 SL 948.29 TP 1094.77 R:R 1.65,1025.72,64.2292,13.82,0.2152,False,,,True,1.9,4/6,2/3,0.67,18.5,True,"uptrend: new high +1.9 ATR above prior 2.5y high, 4/6 HH and 2/3 HL, 30w EMA +18% in 26w",9,strong_close,2026-10-02,hammer,2026-10-01,False,True,False,TV drawing by the bot - review needed (f_rr False until approved); TV drawing by the bot - review needed (f_rr False until approved),https://www.tradingview.com/chart/?symbol=NASDAQ:EQIX,https://finviz.com/quote.ashx?t=EQIX,FAIL: rr (bot drawing - review needed)
ESS,FAIL,rr,True,True,True,True,False,True,False,False,True,True,False,268.5119934082031,136737951.51357117,509243.36666666664,3.43,104.65,2026-10-28,26,263,255.67339383830705,256.81922863785974,256.2463112380834,245.96352228021513,290.30999755859375,3.312689432806566,0.9999999999999988,10.282788957868304,1.1928361284449105,yes,271.13,269.28,269.79,259.25,299.07,2.78,2026-10-04,charts/latest/ESS.webp,bot,True,bot drawing on chart,bot drawing (review needed): zone 269.28-271.13 entry 269.79 SL 259.25 TP 299.07 R:R 2.78,268.512,10.2828,0.768,0.0747,False,,,False,0.43,3/7,3/7,0.43,9.3,True,"no new high: recent high 303.35 is +0.43 ATR vs prior 2.5y high 298.89 (needs >= +1); choppy swings: 3/7 higher highs, 3/7 higher lows",2,,,hammer,2026-10-01,False,True,False,TV drawing by the bot - review needed (f_rr False until approved); TV drawing by the bot - review needed (f_rr False until approved),https://www.tradingview.com/chart/?symbol=NYSE:ESS,https://finviz.com/quote.ashx?t=ESS,FAIL: rr (bot drawing - review needed)
ETSY,FAIL,"short_float,rr",True,False,True,True,False,True,False,True,True,,False,72.70999908447266,223594141.56628293,3075149.8333333335,11.36,123.76,2026-11-04,33,263,61.880001068115234,63.70000076293945,62.790000915527344,55.30283573695591,85.55000305175781,3.0398691084538263,1.0000000000000002,7.487165178571429,1.3249337943467243,,,,,,,,,,,False,,,,,,,,,,True,1.53,4/7,5/6,0.7,28.3,True,"uptrend: new high +1.5 ATR above prior 2.5y high, 4/7 HH and 5/6 HL, 30w EMA +28% in 26w",1,strong_close,2026-10-02,hammer,2026-10-01,False,True,False,no TV drawing read (f_rr False),https://www.tradingview.com/chart/?symbol=NYSE:ETSY,https://finviz.com/quote.ashx?t=ETSY,"short float 11.36% >= 5% | FAIL: short_float, rr (no TV drawing read)"
EW,FAIL,rr,True,True,True,True,False,False,True,True,True,True,False,85.13999938964844,253737308.2490082,2980236.2,1.6,94.43,2026-10-28,26,263,84.1500015258789,84.73999786376953,84.44499969482422,79.33428628104073,91.5999984741211,1.3999999999999988,1.0000000000000009,5.110713413783482,0.13598878249557486,yes,85.06,84.15,84.4,79.47,93.91,1.93,2026-10-04,charts/latest/EW.webp,bot,True,bot drawing on chart,bot drawing (review needed): zone 84.15-85.06 entry 84.4 SL 79.47 TP 93.91 R:R 1.93,85.14,5.1107,0.08,0.0157,False,,,False,0.2,3/7,4/7,0.5,6.1,True,no new high: recent high 96.29 is +0.20 ATR vs prior 2.5y high 95.25 (needs >= +1),10,strong_close,2026-09-18,strong_close,2026-09-29,True,True,False,TV drawing by the bot - review needed (f_rr False until approved); TV drawing by the bot - review needed (f_rr False until approved),https://www.tradingview.com/chart/?symbol=NYSE:EW,https://finviz.com/quote.ashx?t=EW,FAIL: rr (bot drawing - review needed)
EWBC,PASS,,True,True,True,True,True,True,True,True,True,True,False,126.20999908447266,100932938.12983245,799722.2,3.4,93.55,2026-10-20,18,263,124.25652313232422,125.93539541524018,125.0959592737822,119.72218171524925,136.60000610351562,2.1407746607349427,0.9999999999999996,5.373777558532953,0.20731036939210246,yes,122.07,121.17,121.51,116.48,135.96,2.87,2026-10-04,charts/latest/EWBC.webp,user,False,,rectangle in 'Grok' group; also an outer rectangle 111.64-117.60,126.21,5.3738,4.14,0.7704,False,,,True,2.83,8/8,2/4,0.75,16.8,True,"uptrend: new high +2.8 ATR above prior 2.5y high, 8/8 HH and 2/4 HL, 30w EMA +17% in 26w",10,hammer,2026-10-02,hammer,2026-10-01,False,True,False,TV drawing by the bot - review needed (f_rr False until approved),https://www.tradingview.com/chart/?symbol=NASDAQ:EWBC,https://finviz.com/quote.ashx?t=EWBC,PASS (TV) entry=121.51 SL=116.48 TP=135.96 R:R=2.87 zone=[121.17-122.07]
EWTX,FAIL,"short_float,rr",True,False,True,True,False,True,False,True,True,,False,41.400001525878906,55948635.50209757,1351416.2666666666,11.65,86.79,2026-11-05,34,263,30.440000534057617,31.81999969482422,31.130000114440918,25.99,45.40999984741211,2.7782100029241796,0.9970211619375081,5.155357088361468,1.9921028234151115,,,,,,,,,,,False,,,,,,,,,,True,2.02,6/9,9/10,0.78,49.0,True,"uptrend: new high +2.0 ATR above prior 2.5y high, 6/9 HH and 9/10 HL, 30w EMA +49% in 26w",1,strong_close,2026-10-02,hammer,2026-10-02,False,True,False,no TV drawing read (f_rr False),https://www.tradingview.com/chart/?symbol=NASDAQ:EWTX,https://finviz.com/quote.ashx?t=EWTX,"short float 11.65% >= 5% | FAIL: short_float, rr (no TV drawing read)"
EXPE,FAIL,"short_float,rr",True,False,True,True,False,True,False,True,True,,False,265.0,553383944.5,2088241.3,5.53,104.05,2026-10-29,27,263,264.8948974609375,268.6913499380408,266.7931236994891,240.49287125871504,332.2110900878906,2.4873512729855802,0.9999999999999999,26.300252440774077,-0.06817895392932355,,,,,,,,,,,False,,,,,,,,,,True,1.5,4/5,5/8,0.71,14.5,True,"uptrend: new high +1.5 ATR above prior 2.5y high, 4/5 HH and 5/8 HL, 30w EMA +15% in 26w",1,hammer,2026-10-02,hammer,2026-09-29,False,True,False,no TV drawing read (f_rr False),https://www.tradingview.com/chart/?symbol=NASDAQ:EXPE,https://finviz.com/quote.ashx?t=EXPE,"short float 5.53% >= 5% | FAIL: short_float, rr (no TV drawing read)"
EXPO,FAIL,"dollar_vol,short_float,rr",False,False,True,True,False,False,True,True,True,,False,67.30000305175781,34535391.39269409,513155.86666666664,6.57,99.11,2026-10-22,20,261,70.7164077758789,71.49898907052828,71.1076984232036,66.74562582894475,71.21344757080078,0.024242867424160274,1.0,4.362072594258848,-0.8729096751982752,,,,,,,,,,,False,,,,,,,,,,False,-9.27,3/5,3/7,0.51,-6.5,False,no new high: recent high 71.60 is -9.27 ATR vs prior 2.5y high 112.05 (needs >= +1); 30w EMA falling (-6% in 26w),15,rejection,2026-09-18,strong_close,2026-10-01,False,True,False,no TV drawing read (f_rr False),https://www.tradingview.com/chart/?symbol=NASDAQ:EXPO,https://finviz.com/quote.ashx?t=EXPO,"$vol(30d) $34.5M < $50M | FAIL: dollar_vol, short_float, rr (no TV drawing read)"
EXTR,FAIL,"dollar_vol,short_float,rr",False,False,True,True,False,True,True,True,True,,False,23.1200008392334,32257615.501586534,1395225.5333333334,6.03,97.95,2026-11-04,33,263,21.149999618530273,21.649999618530273,21.399999618530273,18.55285699026925,33.709999084472656,4.323632874500947,1.0000000000000002,2.8471426282610213,0.6041148777129117,,,,,,,,,,,False,,,,,,,,,,False,3.81,2/5,1/2,0.45,45.7,True,"choppy swings: 2/5 higher highs, 1/2 higher lows",8,engulfing,2026-10-02,strong_close,2026-10-02,True,True,False,no TV drawing read (f_rr False),https://www.tradingview.com/chart/?symbol=NASDAQ:EXTR,https://finviz.com/quote.ashx?t=EXTR,"$vol(30d) $32.3M < $50M | FAIL: dollar_vol, short_float, rr (no TV drawing read)"
EZPW,FAIL,"dollar_vol,short_float,rr",False,False,True,True,False,True,False,True,True,,False,30.200000762939453,25532945.998369474,845461.7666666667,22.59,113.66,2026-11-18,47,263,26.530000686645508,26.59000015258789,26.5600004196167,24.6199991607666,33.31999969482422,3.4845334477846612,0.5823331470696684,3.3314285278320312,1.0926244741295799,,,,,,,,,,,False,,,,,,,,,,True,2.93,4/6,3/3,0.83,37.5,True,"uptrend: new high +2.9 ATR above prior 2.5y high, 4/6 HH and 3/3 HL, 30w EMA +37% in 26w",2,hammer,2026-09-25,strong_close,2026-10-01,False,True,False,no TV drawing read (f_rr False),https://www.tradingview.com/chart/?symbol=NASDAQ:EZPW,https://finviz.com/quote.ashx?t=EZPW,"$vol(30d) $25.5M < $50M | FAIL: dollar_vol, short_float, rr (no TV drawing read)"
FBNC,FAIL,"dollar_vol,short_float,rr",False,False,True,True,False,True,True,True,True,,False,62.33000183105469,13268777.547127279,212879.46666666667,5.41,82.95,2026-10-28,26,263,59.287010192871094,60.532326355386814,59.909668274128954,56.86216242318429,66.33999633789062,2.1100297680374904,1.0,3.047505850944667,0.7942014471196102,,,,,,,,,,,False,,,,,,,,,,True,1.52,4/5,6/6,0.9,14.8,True,"uptrend: new high +1.5 ATR above prior 2.5y high, 4/5 HH and 6/6 HL, 30w EMA +15% in 26w",15,hammer,2026-10-02,hammer,2026-10-02,False,True,False,no TV drawing read (f_rr False),https://www.tradingview.com/chart/?symbol=NASDAQ:FBNC,https://finviz.com/quote.ashx?t=FBNC,"$vol(30d) $13.3M < $50M | FAIL: dollar_vol, short_float, rr (no TV drawing read)"
FBP,FAIL,"dollar_vol,rr",False,True,True,True,False,True,True,True,True,,False,27.045000076293945,33853010.900499344,1251729.0,4.92,97.35,2026-10-28,26,263,23.937618255615234,24.134553408849484,24.03608583223236,22.853023052443525,29.4887638092041,4.608950657669237,0.9999999999999997,1.1830627797888345,2.5433259294985584,,,,,,,,,,,False,,,,,,,,,,True,5.75,4/5,4/5,0.8,24.7,True,"uptrend: new high +5.8 ATR above prior 2.5y high, 4/5 HH and 4/5 HL, 30w EMA +25% in 26w",27,hammer,2026-10-02,strong_close,2026-10-02,False,True,False,no TV drawing read (f_rr False),https://www.tradingview.com/chart/?symbol=NYSE:FBP,https://finviz.com/quote.ashx?t=FBP,"$vol(30d) $33.9M < $50M | FAIL: dollar_vol, rr (no TV drawing read)"
FCFS,FAIL,"short_float,rr",True,False,True,True,False,True,False,True,True,,False,210.36000061035156,89427577.31947072,425116.8333333333,6.19,99.3,2026-10-22,20,262,162.90859985351562,164.29010707885658,163.5993534661861,153.2777266570131,228.3800048828125,6.276205545336583,0.6266816172221635,16.4702881423661,2.8390910189290643,,,,,,,,,,,False,,,,,,,,,,True,2.27,4/6,5/7,0.69,23.6,True,"uptrend: new high +2.3 ATR above prior 2.5y high, 4/6 HH and 5/7 HL, 30w EMA +24% in 26w",2,hammer,2026-09-11,hammer,2026-09-28,False,True,False,no TV drawing read (f_rr False),https://www.tradingview.com/chart/?symbol=NASDAQ:FCFS,https://finviz.com/quote.ashx?t=FCFS,"short float 6.19% >= 5% | FAIL: short_float, rr (no TV drawing read)"
FDS,FAIL,"short_float,rr",True,False,True,True,False,True,False,True,True,,False,266.04998779296875,231492701.6685425,870109.8,10.84,115.23,2026-12-17,76,263,230.73046875,232.33656852734288,231.53351863867144,207.16926807674957,307.82000732421875,3.131082915588346,0.9012802935570285,27.032933856530853,1.2768303040092899,,,,,,,,,,,False,,,,,,,,,,False,-6.14,4/8,5/7,0.61,-0.7,False,no new high: recent high 320.48 is -6.14 ATR vs prior 2.5y high 486.33 (needs >= +1); 30w EMA falling (-1% in 26w),3,rejection,2026-10-02,strong_close,2026-09-30,False,True,False,no TV drawing read (f_rr False),https://www.tradingview.com/chart/?symbol=NYSE:FDS,https://finviz.com/quote.ashx?t=FDS,"short float 10.84% >= 5% | FAIL: short_float, rr (no TV drawing read)"
FFBC,FAIL,"dollar_vol,short_float,rr",False,False,True,True,False,True,False,True,True,,False,31.8700008392334,26774123.68371023,840104.2666666667,5.9,85.78,2026-10-22,20,263,30.133853912353516,30.221622568782454,30.177738240567983,28.60521042804773,35.43537902832031,3.343432622235173,1.0000000000000009,1.5725278125202513,1.0761416015614174,,,,,,,,,,,False,,,,,,,,,,True,3.41,6/6,4/5,0.9,20.1,True,"uptrend: new high +3.4 ATR above prior 2.5y high, 6/6 HH and 4/5 HL, 30w EMA +20% in 26w",2,hammer,2026-10-02,hammer,2026-10-01,False,True,False,no TV drawing read (f_rr False),https://www.tradingview.com/chart/?symbol=NASDAQ:FFBC,https://finviz.com/quote.ashx?t=FFBC,"$vol(30d) $26.8M < $50M | FAIL: dollar_vol, short_float, rr (no TV drawing read)"
FISI,FAIL,"dollar_vol,rr",False,True,True,True,False,True,True,True,True,,False,39.97999954223633,5682809.108932876,142141.3,3.47,80.15,2026-10-22,20,263,34.20723342895508,34.528475599215206,34.36785451408514,32.50886434731678,41.87079449794637,4.036029946787851,0.9999999999999989,1.8589901667683597,3.0189213092542913,,,,,,,,,,,False,,,,,,,,,,True,4.36,5/6,4/6,0.75,26.5,True,"uptrend: new high +4.4 ATR above prior 2.5y high, 5/6 HH and 4/6 HL, 30w EMA +26% in 26w",8,hammer,2026-10-02,hammer,2026-10-01,False,True,False,no TV drawing read (f_rr False),https://www.tradingview.com/chart/?symbol=NASDAQ:FISI,https://finviz.com/quote.ashx?t=FISI,"$vol(30d) $5.7M < $50M | FAIL: dollar_vol, rr (no TV drawing read)"
FIVE,PASS,,True,True,True,True,True,True,False,True,True,,False,221.19000244140625,265953012.14648235,1202373.5666666667,4.53,101.3,2026-12-02,61,263,163.47000122070312,168.97999572753906,166.2249984741211,147.44785635811942,252.1999969482422,4.5787052120596226,0.9999999999999998,18.777142116001674,2.927229480808189,yes,,,182.98,166,249.32,3.91,2026-10-04,charts/latest/FIVE.webp,user,False,user drawing (no rectangle),user drawing (no rectangle),,,,,False,,,True,1.4,3/4,2/3,0.71,16.0,True,"uptrend: new high +1.4 ATR above prior 2.5y high, 3/4 HH and 2/3 HL, 30w EMA +16% in 26w",2,strong_close,2026-09-04,hammer,2026-10-01,False,True,False,TV drawing by the bot - review needed (f_rr False until approved),https://www.tradingview.com/chart/?symbol=NASDAQ:FIVE,https://finviz.com/quote.ashx?t=FIVE,PASS (TV) entry=182.98 SL=166 TP=249.32 R:R=3.91 zone=[-]
FLR,FAIL,"short_float,rr",True,False,True,True,False,False,True,True,True,,False,49.90999984741211,116018431.55696806,2324552.8333333335,7.83,97.03,2026-10-30,28,262,53.65999984741211,53.91999816894531,53.78999900817871,48.77571405683245,56.81999969482422,0.6042737331535171,1.0000000000000002,5.014284951346261,-0.7737891241551558,,,,,,,,,,,False,,,,,,,,,,False,-0.35,4/5,4/7,0.69,11.3,True,no new high: recent high 58.35 is -0.35 ATR vs prior 2.5y high 60.10 (needs >= +1),6,hammer,2026-10-02,hammer,2026-10-02,False,True,False,no TV drawing read (f_rr False),https://www.tradingview.com/chart/?symbol=NYSE:FLR,https://finviz.com/quote.ashx?t=FLR,"short float 7.83% >= 5% | FAIL: short_float, rr (no TV drawing read)"
FLYW,FAIL,"dollar_vol,short_float,rr",False,False,True,True,False,False,True,True,True,,False,17.579999923706055,24994090.643530272,1421734.4,10.39,104.85,2026-11-10,39,263,18.75,18.920000076293945,18.835000038146973,17.207864420754568,19.540000915527344,0.4332772694818044,1.0000000000000007,1.6271356173924036,-0.7712941078950393,,,,,,,,,,,False,,,,,,,,,,False,-2.56,7/8,7/8,0.88,28.7,True,no new high: recent high 19.73 is -2.56 ATR vs prior 2.5y high 23.90 (needs >= +1),10,engulfing,2026-10-02,rejection,2026-10-01,False,True,False,no TV drawing read (f_rr False),https://www.tradingview.com/chart/?symbol=NASDAQ:FLYW,https://finviz.com/quote.ashx?t=FLYW,"$vol(30d) $25.0M < $50M | FAIL: dollar_vol, short_float, rr (no TV drawing read)"
FOXF,FAIL,"dollar_vol,short_float,rr",False,False,True,True,False,False,True,True,True,,False,18.649999618530273,8753565.064286677,469360.06666666665,6.94,101.8,2026-10-29,27,263,19.719999313354492,20.0,19.859999656677246,17.82728569848197,21.979999542236328,1.0429405854236868,0.9999999999999998,2.0327139581952776,-0.5952633095613993,,,,,,,,,,,False,,,,,,,,,,False,-16.12,2/4,4/6,0.58,-1.7,False,no new high: recent high 22.09 is -16.12 ATR vs prior 2.5y high 54.85 (needs >= +1); 30w EMA falling (-2% in 26w),13,hammer,2026-10-02,hammer,2026-10-02,False,True,False,no TV drawing read (f_rr False),https://www.tradingview.com/chart/?symbol=NASDAQ:FOXF,https://finviz.com/quote.ashx?t=FOXF,"$vol(30d) $8.8M < $50M | FAIL: dollar_vol, short_float, rr (no TV drawing read)"
FRST,FAIL,"dollar_vol,rr",False,True,True,True,False,True,True,True,True,,False,15.619999885559082,2275327.3746630037,145667.56666666668,3.58,80.49,2026-10-22,20,263,14.509625434875488,14.776129374748734,14.642877404812111,14.104805881499399,16.65999984741211,3.7487998438967765,0.6101219605166842,0.8819081399021348,1.1079640118248617,,,,,,,,,,,False,,,,,,,,,,True,2.97,5/5,4/5,0.9,22.8,True,"uptrend: new high +3.0 ATR above prior 2.5y high, 5/5 HH and 4/5 HL, 30w EMA +23% in 26w",13,hammer,2026-10-02,hammer,2026-10-02,False,True,False,no TV drawing read (f_rr False),https://www.tradingview.com/chart/?symbol=NASDAQ:FRST,https://finviz.com/quote.ashx?t=FRST,"$vol(30d) $2.3M < $50M | FAIL: dollar_vol, rr (no TV drawing read)"
FSS,FAIL,"dollar_vol,short_float,rr",False,False,True,True,False,False,True,True,True,,False,116.37000274658203,46655325.2731659,400922.26666666666,6.51,102.94,2026-10-29,27,263,121.30345153808594,128.5750689293277,124.93926023370682,115.78856179065723,128.05372619628906,0.34035281371858944,0.9999999999999994,9.150698443049597,-0.9364593905543415,,,,,,,,,,,False,,,,,,,,,,False,0.23,4/8,3/7,0.46,5.1,True,"no new high: recent high 134.35 is +0.23 ATR vs prior 2.5y high 132.23 (needs >= +1); choppy swings: 4/8 higher highs, 3/7 higher lows",12,hammer,2026-10-02,strong_close,2026-10-02,False,True,False,no TV drawing read (f_rr False),https://www.tradingview.com/chart/?symbol=NYSE:FSS,https://finviz.com/quote.ashx?t=FSS,"$vol(30d) $46.7M < $50M | FAIL: dollar_vol, short_float, rr (no TV drawing read)"
FTDR,FAIL,"dollar_vol,rr",False,True,True,True,False,True,False,True,True,,False,77.23999786376953,42503525.61247787,550278.7,4.91,105.81,2026-10-29,27,263,68.80000305175781,70.01000213623047,69.40500259399414,62.519644601004465,90.83000183105469,3.111675421797153,0.9999999999999999,6.885357992989676,1.1379212638983458,,,,,,,,,,,False,,,,,,,,,,True,3.29,5/7,3/5,0.66,24.3,True,"uptrend: new high +3.3 ATR above prior 2.5y high, 5/7 HH and 3/5 HL, 30w EMA +24% in 26w",1,strong_close,2026-10-02,strong_close,2026-10-01,False,True,False,no TV drawing read (f_rr False),https://www.tradingview.com/chart/?symbol=NASDAQ:FTDR,https://finviz.com/quote.ashx?t=FTDR,"$vol(30d) $42.5M < $50M | FAIL: dollar_vol, rr (no TV drawing read)"
FULT,FAIL,"dollar_vol,short_float,rr",False,False,True,True,False,True,True,True,True,,False,22.809999465942383,36926556.133427046,1618875.8,5.41,83.67,2026-10-20,18,263,21.817279815673828,22.20421596394416,22.010747889808997,21.01948759069712,24.81999969482422,2.8340202947017907,1.0,0.9912602991118753,0.806298382825863,,,,,,,,,,,False,,,,,,,,,,True,2.66,4/6,5/6,0.75,17.3,True,"uptrend: new high +2.7 ATR above prior 2.5y high, 4/6 HH and 5/6 HL, 30w EMA +17% in 26w",15,hammer,2026-10-02,rejection,2026-10-02,False,True,False,no TV drawing read (f_rr False),https://www.tradingview.com/chart/?symbol=NASDAQ:FULT,https://finviz.com/quote.ashx?t=FULT,"$vol(30d) $36.9M < $50M | FAIL: dollar_vol, short_float, rr (no TV drawing read)"
GCMG,FAIL,"dollar_vol,rr",False,True,True,True,False,True,True,True,True,,False,13.050000190734863,6140335.244745286,470523.76666666666,2.02,90.32,2026-11-11,40,263,11.173583954886555,11.418618698938745,11.29610132691265,10.33986724147877,13.73939037322998,2.5551160364762726,1.0000000000000002,0.9562340854338804,1.8341731282527975,,,,,,,,,,,False,,,,,,,,,,True,1.24,4/6,3/6,0.58,13.2,True,"uptrend: new high +1.2 ATR above prior 2.5y high, 4/6 HH and 3/6 HL, 30w EMA +13% in 26w",10,hammer,2026-09-25,hammer,2026-10-01,False,True,False,no TV drawing read (f_rr False),https://www.tradingview.com/chart/?symbol=NASDAQ:GCMG,https://finviz.com/quote.ashx?t=GCMG,"$vol(30d) $6.1M < $50M | FAIL: dollar_vol, rr (no TV drawing read)"
GCO,FAIL,"dollar_vol,short_float,rr",False,False,True,True,False,True,False,True,True,,False,34.77000045776367,7269696.62870903,209079.56666666668,13.73,94.32,2026-12-04,63,263,24.209999084472656,24.979999542236328,24.594999313354492,21.250000228881834,35.939998626708984,3.3916300204736953,0.9806300101600117,3.4110715048653737,2.982933992997828,,,,,,,,,,,False,,,,,,,,,,False,-0.35,5/8,4/5,0.71,21.5,True,no new high: recent high 43.60 is -0.35 ATR vs prior 2.5y high 44.80 (needs >= +1),2,hammer,2026-10-02,engulfing,2026-10-01,False,True,False,no TV drawing read (f_rr False),https://www.tradingview.com/chart/?symbol=NYSE:GCO,https://finviz.com/quote.ashx?t=GCO,"$vol(30d) $7.3M < $50M | FAIL: dollar_vol, short_float, rr (no TV drawing read)"
GFF,FAIL,"dollar_vol,rr",False,True,True,True,False,False,False,True,True,,False,93.88999938964844,27897006.60498301,297124.36666666664,4.66,80.28,2026-11-12,41,263,96.2056884765625,97.48284224289681,96.84426535972966,89.65252022311601,106.01384412929028,1.2750144221431996,1.0000000000000007,7.191745136613642,-0.41078568747394334,,,,,,,,,,,False,,,,,,,,,,True,1.59,4/6,4/5,0.73,18.8,True,"uptrend: new high +1.6 ATR above prior 2.5y high, 4/6 HH and 4/5 HL, 30w EMA +19% in 26w",2,rejection,2026-10-02,hammer,2026-10-01,False,True,False,no TV drawing read (f_rr False),https://www.tradingview.com/chart/?symbol=NYSE:GFF,https://finviz.com/quote.ashx?t=GFF,"$vol(30d) $27.9M < $50M | FAIL: dollar_vol, rr (no TV drawing read)"
GHM,FAIL,"dollar_vol,short_float,rr",False,False,True,True,False,True,True,True,True,,False,91.43000030517578,16441686.285545858,179828.13333333333,8.1,90.17,2026-11-09,38,261,84.4000015258789,91.91000366210938,88.15500259399414,76.32536097935268,115.38999938964844,2.3022672776448054,0.9999999999999999,11.829641614641462,0.27684673956041067,,,,,,,,,,,False,,,,,,,,,,True,2.87,3/5,5/5,0.8,34.7,True,"uptrend: new high +2.9 ATR above prior 2.5y high, 3/5 HH and 5/5 HL, 30w EMA +35% in 26w",5,strong_close,2026-10-02,rejection,2026-10-02,False,True,False,no TV drawing read (f_rr False),https://www.tradingview.com/chart/?symbol=NYSE:GHM,https://finviz.com/quote.ashx?t=GHM,"$vol(30d) $16.4M < $50M | FAIL: dollar_vol, short_float, rr (no TV drawing read)"
GKOS,FAIL,"short_float,rr",True,False,True,True,False,True,False,True,True,,False,163.6699981689453,115141543.65018971,703498.1666666666,7.36,103.76,2026-11-04,33,263,144.99000549316406,148.11000061035156,146.5500030517578,131.28469739641463,184.88999938964844,2.511577377061612,0.9999999999999994,15.265305655343193,1.121497040656708,,,,,,,,,,,False,,,,,,,,,,True,1.83,4/6,4/5,0.73,39.6,True,"uptrend: new high +1.8 ATR above prior 2.5y high, 4/6 HH and 4/5 HL, 30w EMA +40% in 26w",2,strong_close,2026-10-02,strong_close,2026-09-30,False,True,False,no TV drawing read (f_rr False),https://www.tradingview.com/chart/?symbol=NYSE:GKOS,https://finviz.com/quote.ashx?t=GKOS,"short float 7.36% >= 5% | FAIL: short_float, rr (no TV drawing read)"
GPC,FAIL,"short_float,no_earnings_14d,rr",True,False,False,True,False,True,True,True,True,,False,127.26000213623047,118466196.0026146,930898.9,5.8,95.96,2026-10-15,13,263,111.69415283203125,113.69657986606866,112.69536634904995,104.26674023493584,138.0800018310547,3.0117168727530856,1.0000000000000009,8.428626114114103,1.727996424327258,,,,,,,,,,,False,,,,,,,,,,False,-1.51,4/6,4/6,0.67,2.2,True,no new high: recent high 138.81 is -1.51 ATR vs prior 2.5y high 151.55 (needs >= +1),12,hammer,2026-10-02,strong_close,2026-10-02,False,True,True,no TV drawing read (f_rr False),https://www.tradingview.com/chart/?symbol=NYSE:GPC,https://finviz.com/quote.ashx?t=GPC,"short float 5.80% >= 5% | FAIL: short_float, no_earnings_14d, rr (no TV drawing read)"
GPN,FAIL,"short_float,rr",True,False,True,True,False,True,True,True,True,,False,78.3499984741211,184914466.03376085,2360108.1,7.44,93.1,2026-11-03,32,263,75.2475653121576,75.55550671858524,75.40153601537142,68.59883188795506,93.36565351610253,2.640731856664447,1.0000000000000009,6.802704127416356,0.433425062081818,,,,,,,,,,,False,,,,,,,,,,False,-4.42,3/7,3/7,0.43,6.4,True,"no new high: recent high 95.61 is -4.42 ATR vs prior 2.5y high 125.66 (needs >= +1); choppy swings: 3/7 higher highs, 3/7 higher lows",15,hammer,2026-09-25,hammer,2026-09-28,True,True,False,no TV drawing read (f_rr False),https://www.tradingview.com/chart/?symbol=NYSE:GPN,https://finviz.com/quote.ashx?t=GPN,"short float 7.44% >= 5% | FAIL: short_float, rr (no TV drawing read)"
GPRE,FAIL,"dollar_vol,short_float,rr",False,False,True,True,False,False,True,True,True,,False,15.229999542236328,23409818.061044566,1537085.9333333333,17.61,112.54,2026-10-29,27,263,18.190000534057617,18.940000534057617,18.565000534057617,16.837143216814315,19.010000228881836,0.25754423723724507,0.9999999999999991,1.7278573172433036,-1.9301367992248863,,,,,,,,,,,False,,,,,,,,,,False,-2.38,5/5,5/6,0.92,23.1,True,no new high: recent high 19.65 is -2.38 ATR vs prior 2.5y high 23.76 (needs >= +1),5,hammer,2026-10-02,engulfing,2026-10-02,False,True,False,no TV drawing read (f_rr False),https://www.tradingview.com/chart/?symbol=NASDAQ:GPRE,https://finviz.com/quote.ashx?t=GPRE,"$vol(30d) $23.4M < $50M | FAIL: dollar_vol, short_float, rr (no TV drawing read)"
GRPN,FAIL,"dollar_vol,short_float,rr",False,False,True,True,False,True,True,True,True,,False,19.309999465942383,20849758.226023864,1079738.9333333333,39.89,92.34,2026-11-05,34,263,20.229999542236328,22.389999389648438,21.309999465942383,18.12964235033308,28.350000381469727,2.213588178816389,0.9999999999999997,3.180357115609305,-0.6288601962917716,,,,,,,,,,,False,,,,,,,,,,False,-4.14,2/3,2/3,0.67,23.6,True,no new high: recent high 29.90 is -4.14 ATR vs prior 2.5y high 43.08 (needs >= +1),8,strong_close,2026-09-25,hammer,2026-10-02,False,True,False,no TV drawing read (f_rr False),https://www.tradingview.com/chart/?symbol=NASDAQ:GRPN,https://finviz.com/quote.ashx?t=GRPN,"$vol(30d) $20.8M < $50M | FAIL: dollar_vol, short_float, rr (no TV drawing read)"
GWRE,FAIL,rr,True,True,True,True,False,False,False,True,True,,False,152.07000732421875,229538215.0463562,1509424.6333333333,3.9,104.08,2026-12-03,62,261,158.9199981689453,173.17999267578125,166.04999542236328,144.3864244733538,205.85000610351562,1.8371860657151775,0.9999999999999999,21.663570949009486,-0.6453224231152774,yes,,,,,,,2026-10-04,charts/latest/GWRE.webp,user,False,"user drawing (short position only, no long setup)","SHORT position only (entry 169.33, SL 182.03, TP 126.34): no long setup; Fib + horizontal line 168.86, no rectangle",,,,,False,,,False,-3.01,3/6,3/6,0.5,-12.6,False,no new high: recent high 207.49 is -3.01 ATR vs prior 2.5y high 272.60 (needs >= +1); 30w EMA falling (-13% in 26w),2,engulfing,2026-10-02,strong_close,2026-10-01,False,True,False,TV drawing by the bot - review needed (f_rr False until approved); TV R:R  < 2 (f_rr False),https://www.tradingview.com/chart/?symbol=NYSE:GWRE,https://finviz.com/quote.ashx?t=GWRE,FAIL: rr (TV R:R  < 2)
HAFC,FAIL,"dollar_vol,rr",False,True,True,True,False,True,True,True,True,,False,31.670000076293945,6945627.947398885,219312.53333333333,4.33,94.01,2026-10-27,25,263,28.165475845336914,29.36132093663308,28.763398390984996,27.362621831589035,32.4900016784668,2.6603838153093995,0.9999999999999989,1.4007765593959627,2.0749930928044105,,,,,,,,,,,False,,,,,,,,,,True,2.74,5/6,5/7,0.77,18.8,True,"uptrend: new high +2.7 ATR above prior 2.5y high, 5/6 HH and 5/7 HL, 30w EMA +19% in 26w",22,hammer,2026-10-02,hammer,2026-10-01,False,True,False,no TV drawing read (f_rr False),https://www.tradingview.com/chart/?symbol=NASDAQ:HAFC,https://finviz.com/quote.ashx?t=HAFC,"$vol(30d) $6.9M < $50M | FAIL: dollar_vol, rr (no TV drawing read)"
HBNC,FAIL,"dollar_vol,rr",False,True,True,True,False,True,False,True,True,,False,19.479999542236328,10383077.412006378,533012.2,4.03,80.59,2026-10-28,26,263,18.25895881652832,18.29826856207387,18.278613689301096,17.35433384935639,20.690000534057617,2.6089358877510294,0.9999999999999998,0.9242798399447063,1.2998074836373181,,,,,,,,,,,False,,,,,,,,,,True,2.49,5/6,5/6,0.83,16.0,True,"uptrend: new high +2.5 ATR above prior 2.5y high, 5/6 HH and 5/6 HL, 30w EMA +16% in 26w",2,hammer,2026-10-02,engulfing,2026-10-01,False,True,False,no TV drawing read (f_rr False),https://www.tradingview.com/chart/?symbol=NASDAQ:HBNC,https://finviz.com/quote.ashx?t=HBNC,"$vol(30d) $10.4M < $50M | FAIL: dollar_vol, rr (no TV drawing read)"
HFWA,FAIL,"dollar_vol,short_float,no_earnings_14d,rr",False,False,False,True,False,True,False,True,True,,False,28.139999389648438,11138564.972406514,395826.76666666666,7.51,82.71,2026-10-15,13,263,24.839114844737473,25.413826005784966,25.126470425261218,23.73698090996393,30.270082473754883,3.7017998278260937,1.000000000000001,1.389489515297287,2.1688029533223667,,,,,,,,,,,False,,,,,,,,,,True,1.8,3/5,4/6,0.63,14.1,True,"uptrend: new high +1.8 ATR above prior 2.5y high, 3/5 HH and 4/6 HL, 30w EMA +14% in 26w",3,hammer,2026-10-02,rejection,2026-10-02,False,True,True,no TV drawing read (f_rr False),https://www.tradingview.com/chart/?symbol=NASDAQ:HFWA,https://finviz.com/quote.ashx?t=HFWA,"$vol(30d) $11.1M < $50M | FAIL: dollar_vol, short_float, no_earnings_14d, rr (no TV drawing read)"
HIW,FAIL,"dollar_vol,short_float,rr",False,False,True,True,False,True,True,True,True,,False,29.68000030517578,31747141.094430543,1069647.6,11.27,119.33,2026-10-27,25,263,28.898186068327096,29.044090305736304,28.9711381870317,27.297969735288966,33.30302810668945,2.5890339464300567,0.9999999999999992,1.6731684517427339,0.42366452547306177,,,,,,,,,,,False,,,,,,,,,,False,1.77,2/4,1/4,0.38,19.8,True,"choppy swings: 2/4 higher highs, 1/4 higher lows",9,hammer,2026-10-02,hammer,2026-10-01,False,True,False,no TV drawing read (f_rr False),https://www.tradingview.com/chart/?symbol=NYSE:HIW,https://finviz.com/quote.ashx?t=HIW,"$vol(30d) $31.7M < $50M | FAIL: dollar_vol, short_float, rr (no TV drawing read)"
HNI,FAIL,"dollar_vol,short_float,rr",False,False,True,True,False,True,True,True,True,,False,46.810001373291016,25160182.256804913,537495.8666666667,5.99,88.74,2026-11-03,32,263,37.259033203125,37.59293086872538,37.42598203592519,34.14654775226554,49.65999984741211,3.7305268998513093,0.9999999999999993,3.2794342836596493,2.861475036753544,,,,,,,,,,,False,,,,,,,,,,False,-1.57,3/6,1/4,0.38,2.4,True,"no new high: recent high 50.06 is -1.57 ATR vs prior 2.5y high 55.20 (needs >= +1); choppy swings: 3/6 higher highs, 1/4 higher lows",20,hammer,2026-10-02,engulfing,2026-10-01,False,True,False,no TV drawing read (f_rr False),https://www.tradingview.com/chart/?symbol=NYSE:HNI,https://finviz.com/quote.ashx?t=HNI,"$vol(30d) $25.2M < $50M | FAIL: dollar_vol, short_float, rr (no TV drawing read)"
HOG,FAIL,"dollar_vol,short_float,rr",False,False,True,True,False,False,True,True,True,,False,24.530000686645508,41272284.62163003,1682522.7666666666,18.0,108.85,2026-10-28,26,263,26.031402296461586,26.289630865389874,26.16051658092573,24.161225618780456,28.18661686757852,1.0134094161455856,0.9999999999999997,1.9992909621452746,-0.8155470740140044,,,,,,,,,,,False,,,,,,,,,,False,-6.05,4/7,5/7,0.64,17.5,True,no new high: recent high 28.66 is -6.05 ATR vs prior 2.5y high 40.76 (needs >= +1),10,hammer,2026-09-11,hammer,2026-10-01,False,True,False,no TV drawing read (f_rr False),https://www.tradingview.com/chart/?symbol=NYSE:HOG,https://finviz.com/quote.ashx?t=HOG,"$vol(30d) $41.3M < $50M | FAIL: dollar_vol, short_float, rr (no TV drawing read)"
HOPE,FAIL,"dollar_vol,short_float,rr",False,False,True,True,False,True,True,True,True,,False,13.680000305175781,11893090.8493131,869377.9666666667,5.52,94.53,2026-10-26,24,263,12.248750686645508,12.383428447353165,12.316089566999336,11.702225896159367,14.449999809265137,3.476195682578682,0.9999999999999998,0.6138636708399688,2.221846320226384,,,,,,,,,,,False,,,,,,,,,,True,2.24,5/7,4/7,0.64,20.0,True,"uptrend: new high +2.2 ATR above prior 2.5y high, 5/7 HH and 4/7 HL, 30w EMA +20% in 26w",6,hammer,2026-10-02,strong_close,2026-10-01,False,True,False,no TV drawing read (f_rr False),https://www.tradingview.com/chart/?symbol=NASDAQ:HOPE,https://finviz.com/quote.ashx?t=HOPE,"$vol(30d) $11.9M < $50M | FAIL: dollar_vol, short_float, rr (no TV drawing read)"
HP,FAIL,"dollar_vol,short_float,rr",False,False,True,True,False,True,False,True,True,,False,38.540000915527344,45100484.13337326,1170225.3,7.61,102.77,2026-11-18,47,263,29.30034637451172,29.86909365405642,29.58472001428407,26.288152270695118,44.939998626708984,4.657959370708312,0.9999999999999996,3.296567743588953,2.716546905083077,,,,,,,,,,,False,,,,,,,,,,True,2.45,5/5,3/5,0.8,24.4,True,"uptrend: new high +2.5 ATR above prior 2.5y high, 5/5 HH and 3/5 HL, 30w EMA +24% in 26w",2,hammer,2026-10-02,strong_close,2026-10-01,False,True,False,no TV drawing read (f_rr False),https://www.tradingview.com/chart/?symbol=NYSE:HP,https://finviz.com/quote.ashx?t=HP,"$vol(30d) $45.1M < $50M | FAIL: dollar_vol, short_float, rr (no TV drawing read)"
HPP,FAIL,"dollar_vol,short_float,rr",False,False,True,True,False,False,True,True,True,,False,11.46500015258789,6669426.767763519,581720.6,12.71,121.1,2026-11-04,33,263,16.520000457763672,17.149999618530273,16.835000038146973,15.141071592058454,16.959999084472656,0.07379240050801508,1.0000000000000002,1.6939284460885184,-3.1701456445572114,,,,,,,,,,,False,,,,,,,,,,False,-17.21,1/3,1/4,0.29,16.1,True,"no new high: recent high 17.20 is -17.21 ATR vs prior 2.5y high 46.36 (needs >= +1); choppy swings: 1/3 higher highs, 1/4 higher lows",27,hammer,2026-10-02,hammer,2026-10-01,False,True,False,no TV drawing read (f_rr False),https://www.tradingview.com/chart/?symbol=NYSE:HPP,https://finviz.com/quote.ashx?t=HPP,"$vol(30d) $6.7M < $50M | FAIL: dollar_vol, short_float, rr (no TV drawing read)"
HQY,FAIL,"short_float,rr",True,False,True,True,False,True,False,True,True,,False,90.04000091552734,86954645.22415543,965733.5,5.96,109.65,2026-12-08,67,263,89.52999877929688,92.3499984741211,90.93999862670898,83.59999901907784,105.72000122070312,2.013624439247638,1.0000000000000007,7.339999607631138,-0.12261549854116406,,,,,,,,,,,False,,,,,,,,,,False,-1.23,3/6,4/5,0.65,6.2,True,no new high: recent high 107.62 is -1.23 ATR vs prior 2.5y high 116.65 (needs >= +1),1,hammer,2026-10-02,hammer,2026-10-02,False,True,False,no TV drawing read (f_rr False),https://www.tradingview.com/chart/?symbol=NASDAQ:HQY,https://finviz.com/quote.ashx?t=HQY,"short float 5.96% >= 5% | FAIL: short_float, rr (no TV drawing read)"
HRB,FAIL,"short_float,rr",True,False,True,True,False,True,False,True,True,,False,41.68000030517578,72712269.34839019,1744536.2,14.48,105.8,2026-11-05,34,263,38.11940002441406,39.0505761008114,38.58498806261273,34.202850914188765,53.43327713012695,3.3883670374977672,1.0000000000000002,4.382137148423964,0.7062791824478092,,,,,,,,,,,False,,,,,,,,,,False,-1.19,3/8,3/8,0.38,8.4,True,"no new high: recent high 58.14 is -1.19 ATR vs prior 2.5y high 63.36 (needs >= +1); choppy swings: 3/8 higher highs, 3/8 higher lows",2,hammer,2026-10-02,strong_close,2026-10-01,False,True,False,no TV drawing read (f_rr False),https://www.tradingview.com/chart/?symbol=NYSE:HRB,https://finviz.com/quote.ashx?t=HRB,"short float 14.48% >= 5% | FAIL: short_float, rr (no TV drawing read)"
HSIC,FAIL,"short_float,rr",True,False,True,True,False,True,False,True,True,,False,84.87999725341797,86703853.36506754,1021487.4666666667,8.01,98.66,2026-11-03,32,263,78.83000183105469,79.95999908447266,79.39500045776367,75.2817862374442,89.80999755859375,2.5320823431416453,1.0000000000000004,4.113214220319476,1.3335062318315807,,,,,,,,,,,False,,,,,,,,,,False,0.7,3/6,2/6,0.42,11.4,True,"no new high: recent high 92.18 is +0.70 ATR vs prior 2.5y high 89.29 (needs >= +1); choppy swings: 3/6 higher highs, 2/6 higher lows",2,rejection,2026-10-02,hammer,2026-10-02,False,True,False,no TV drawing read (f_rr False),https://www.tradingview.com/chart/?symbol=NASDAQ:HSIC,https://finviz.com/quote.ashx?t=HSIC,"short float 8.01% >= 5% | FAIL: short_float, rr (no TV drawing read)"
HST,FAIL,"short_float,rr",True,False,True,True,False,True,False,True,True,,False,22.559999465942383,182387818.9303756,8084566.633333334,6.1,106.1,2026-11-04,33,263,19.44915133350018,19.582559924202123,19.51585562885115,18.447586162801937,25.1299991607666,5.255362724798523,1.0000000000000013,1.0682694660492111,2.849602964268382,,,,,,,,,,,False,,,,,,,,,,True,5.33,6/6,4/4,1.0,26.3,True,"uptrend: new high +5.3 ATR above prior 2.5y high, 6/6 HH and 4/4 HL, 30w EMA +26% in 26w",2,strong_close,2026-09-25,hammer,2026-10-01,False,True,False,no TV drawing read (f_rr False),https://www.tradingview.com/chart/?symbol=NASDAQ:HST,https://finviz.com/quote.ashx?t=HST,"short float 6.10% >= 5% | FAIL: short_float, rr (no TV drawing read)"
HTO,FAIL,"dollar_vol,short_float,rr",False,False,True,True,False,True,True,True,True,,False,60.130001068115234,24745495.76423162,411533.26666666666,13.22,112.39,2026-11-02,31,263,57.721810134814596,58.059423160855445,57.89061664783502,54.932173868440884,64.31999969482422,2.1732321786889153,1.0,2.958442779394133,0.7569470114067328,,,,,,,,,,,False,,,,,,,,,,False,2.64,4/7,2/6,0.45,14.9,True,"choppy swings: 4/7 higher highs, 2/6 higher lows",9,hammer,2026-09-18,hammer,2026-09-30,False,True,False,no TV drawing read (f_rr False),https://www.tradingview.com/chart/?symbol=NASDAQ:HTO,https://finviz.com/quote.ashx?t=HTO,"$vol(30d) $24.7M < $50M | FAIL: dollar_vol, short_float, rr (no TV drawing read)"
HWC,FAIL,"short_float,rr",True,False,True,True,False,False,True,True,True,,False,73.08999633789062,57053527.329717,780592.8333333334,7.85,97.61,2026-10-20,18,263,77.94108581542969,78.83513356942274,78.38810969242621,74.91368622169658,78.85500251461465,0.13437994134042427,1.0000000000000007,3.4744234707296306,-1.5248899275432828,,,,,,,,,,,False,,,,,,,,,,True,1.66,4/5,4/5,0.8,15.0,True,"uptrend: new high +1.7 ATR above prior 2.5y high, 4/5 HH and 4/5 HL, 30w EMA +15% in 26w",10,hammer,2026-10-02,strong_close,2026-10-02,False,True,False,no TV drawing read (f_rr False),https://www.tradingview.com/chart/?symbol=NASDAQ:HWC,https://finviz.com/quote.ashx?t=HWC,"short float 7.85% >= 5% | FAIL: short_float, rr (no TV drawing read)"
IBCP,FAIL,"dollar_vol,rr",False,True,True,True,False,True,False,True,True,,False,36.369998931884766,6628317.133672714,182246.83333333334,3.59,82.37,2026-10-27,25,263,34.27873992919922,34.33830470021423,34.30852231470672,32.739238135915265,38.49781321842195,2.669555304471053,0.9999999999999984,1.5692841787914584,1.3136413691276967,,,,,,,,,,,False,,,,,,,,,,False,0.54,5/8,4/6,0.65,8.9,True,no new high: recent high 38.95 is +0.54 ATR vs prior 2.5y high 38.11 (needs >= +1),2,hammer,2026-10-02,hammer,2026-10-01,False,True,False,no TV drawing read (f_rr False),https://www.tradingview.com/chart/?symbol=NASDAQ:IBCP,https://finviz.com/quote.ashx?t=IBCP,"$vol(30d) $6.6M < $50M | FAIL: dollar_vol, rr (no TV drawing read)"
IBKR,FAIL,"no_earnings_14d,rr",True,True,False,True,False,True,True,True,True,,False,88.30000305175781,346826114.75007474,3927815.433333333,2.83,88.19,2026-10-15,13,263,77.34832000732422,78.32538911470286,77.83685456101354,71.09582922098969,95.75331115722656,2.657823653300438,0.9999999999999991,6.741025340023859,1.5521597921640864,no,,,,,,,2026-10-02,charts/latest/IBKR.webp,,False,,,,,,,,,,True,2.92,4/5,6/8,0.78,28.4,True,"uptrend: new high +2.9 ATR above prior 2.5y high, 4/5 HH and 6/8 HL, 30w EMA +28% in 26w",9,hammer,2026-10-02,strong_close,2026-10-02,False,True,True,TV drawing not found (f_rr False),https://www.tradingview.com/chart/?symbol=NASDAQ:IBKR,https://finviz.com/quote.ashx?t=IBKR,"FAIL: no_earnings_14d, rr (TV drawing not found)"
ICFI,FAIL,"dollar_vol,rr",False,True,True,True,False,True,True,True,True,,False,81.86000061035156,14220045.32535858,173711.76666666666,3.48,102.85,2026-10-29,27,263,73.09683990478516,73.83418321078032,73.46551155778275,67.36514243460283,94.85221862792969,3.505805409197726,1.0000000000000007,6.100369123179912,1.3760624780346173,,,,,,,,,,,False,,,,,,,,,,False,-13.41,3/6,3/6,0.5,-1.6,False,no new high: recent high 95.53 is -13.41 ATR vs prior 2.5y high 177.31 (needs >= +1); 30w EMA falling (-2% in 26w),15,hammer,2026-09-11,hammer,2026-09-29,True,True,False,no TV drawing read (f_rr False),https://www.tradingview.com/chart/?symbol=NASDAQ:ICFI,https://finviz.com/quote.ashx?t=ICFI,"$vol(30d) $14.2M < $50M | FAIL: dollar_vol, rr (no TV drawing read)"
ICUI,FAIL,"dollar_vol,short_float,rr",False,False,True,True,False,True,True,True,True,,False,159.3800048828125,38900005.29575195,244070.8,6.17,104.54,2026-11-09,38,263,157.02999877929688,159.88999938964844,158.45999908447266,146.35572052001953,184.55999755859375,2.156262212170949,1.0,12.104278564453125,0.07600666106955296,,,,,,,,,,,False,,,,,,,,,,False,-0.28,3/6,2/4,0.5,11.5,True,no new high: recent high 192.85 is -0.28 ATR vs prior 2.5y high 196.26 (needs >= +1),20,strong_close,2026-09-25,rejection,2026-10-02,False,True,False,no TV drawing read (f_rr False),https://www.tradingview.com/chart/?symbol=NASDAQ:ICUI,https://finviz.com/quote.ashx?t=ICUI,"$vol(30d) $38.9M < $50M | FAIL: dollar_vol, short_float, rr (no TV drawing read)"
IDYA,FAIL,"dollar_vol,short_float,rr",False,False,True,True,False,False,True,True,True,,False,37.36000061035156,31191549.440244038,834891.5666666667,11.03,101.91,2026-11-10,39,263,34.91999816894531,38.099998474121094,36.5099983215332,33.429640361240935,40.11000061035156,1.1686960850734331,0.999999999999999,3.0803579602922713,0.27594269879521055,,,,,,,,,,,False,,,,,,,,,,False,-0.56,7/8,5/6,0.85,11.9,True,no new high: recent high 42.68 is -0.56 ATR vs prior 2.5y high 44.42 (needs >= +1),12,hammer,2026-09-18,hammer,2026-09-29,False,True,False,no TV drawing read (f_rr False),https://www.tradingview.com/chart/?symbol=NASDAQ:IDYA,https://finviz.com/quote.ashx?t=IDYA,"$vol(30d) $31.2M < $50M | FAIL: dollar_vol, short_float, rr (no TV drawing read)"
IFF,FAIL,"short_float,rr",True,False,True,True,False,False,False,True,True,,False,82.43000030517578,131470055.65773392,1594929.7,6.51,107.28,2026-11-09,38,262,83.43508911132812,83.60195928955078,83.51852420043946,78.36924512437217,87.53567504882812,0.7801384988161736,0.9999999999999994,5.14927907606729,-0.2113934551193574,,,,,,,,,,,False,,,,,,,,,,False,-2.58,4/7,4/6,0.62,12.5,True,no new high: recent high 88.90 is -2.58 ATR vs prior 2.5y high 102.21 (needs >= +1),2,strong_close,2026-09-25,hammer,2026-10-01,False,True,False,no TV drawing read (f_rr False),https://www.tradingview.com/chart/?symbol=NYSE:IFF,https://finviz.com/quote.ashx?t=IFF,"short float 6.51% >= 5% | FAIL: short_float, rr (no TV drawing read)"
INBX,FAIL,"dollar_vol,short_float,history,rr",False,False,True,False,False,True,True,True,True,,False,96.98999786376953,32850250.403464507,338697.3,30.91,87.78,2026-11-13,42,123,83.91000366210938,88.0,85.95500183105469,69.9817875453404,123.41000366210938,2.3448631666171735,1.0000000000000004,15.973214285714286,0.6908437985824832,,,,,,,,,,,False,,,,,,,,,,,,,,,,,not enough history (123 weekly bars < 130),12,hammer,2026-09-18,rejection,2026-09-29,False,True,False,no TV drawing read (f_rr False),https://www.tradingview.com/chart/?symbol=NASDAQ:INBX,https://finviz.com/quote.ashx?t=INBX,"$vol(30d) $32.9M < $50M | FAIL: dollar_vol, short_float, history, rr (no TV drawing read)"
INCY,PASS,,True,True,True,True,True,True,False,True,True,True,False,115.30000305175781,169641893.75674438,1471308.6666666667,4.97,103.06,2026-11-03,32,262,108.5,109.4800033569336,108.9900016784668,101.00999995640346,127.80999755859375,2.358394964764593,0.9999999999999998,7.980001722063337,0.7907268184974126,yes,112.16,107.48,110.39,102.07,127.46,2.05,2026-10-04,charts/latest/INCY.webp,user,False,,,115.3,7.98,3.14,0.3935,False,,,True,2.55,4/6,3/5,0.63,18.8,True,"uptrend: new high +2.5 ATR above prior 2.5y high, 4/6 HH and 3/5 HL, 30w EMA +19% in 26w",0,strong_close,2026-09-18,rejection,2026-09-29,False,True,False,TV drawing by the bot - review needed (f_rr False until approved),https://www.tradingview.com/chart/?symbol=NASDAQ:INCY,https://finviz.com/quote.ashx?t=INCY,PASS (TV) entry=110.39 SL=102.07 TP=127.46 R:R=2.05 zone=[107.48-112.16]
INTA,FAIL,"dollar_vol,rr",False,True,True,True,False,True,True,False,True,,False,36.4900016784668,20754082.54664612,568760.8,4.36,89.04,2026-11-09,38,263,24.84000015258789,24.989999771118164,24.914999961853027,20.842143058776855,43.470001220703125,4.555770482590676,1.0,4.072856903076172,2.841985857119442,,,,,,,,,,,False,,,,,,,,,,False,-8.2,2/6,3/6,0.42,-5.0,False,"no new high: recent high 44.33 is -8.20 ATR vs prior 2.5y high 77.74 (needs >= +1); choppy swings: 2/6 higher highs, 3/6 higher lows; 30w EMA falling (-5% in 26w)",19,,,strong_close,2026-10-01,False,True,False,no TV drawing read (f_rr False),https://www.tradingview.com/chart/?symbol=NASDAQ:INTA,https://finviz.com/quote.ashx?t=INTA,"$vol(30d) $20.8M < $50M | FAIL: dollar_vol, rr (no TV drawing read)"
IRM,PASS,,True,True,True,True,True,True,True,True,True,True,False,113.427001953125,176954342.7236165,1560072.4666666666,2.69,88.93,2026-10-29,27,263,108.49203420768968,109.12745642718059,108.80974531743513,102.1426206814936,128.6404567879491,2.9744023928410424,0.7441968184961321,8.958819051947057,0.5153867500746522,yes,116.65,114.84,116.09,108.82,137.81,2.99,2026-10-04,,user,False,,,113.427,8.9588,1.413,0.1577,False,,,True,1.29,4/5,3/5,0.7,20.9,True,"uptrend: new high +1.3 ATR above prior 2.5y high, 4/5 HH and 3/5 HL, 30w EMA +21% in 26w",8,strong_close,2026-10-02,hammer,2026-10-01,True,True,False,TV drawing by the bot - review needed (f_rr False until approved),https://www.tradingview.com/chart/?symbol=NYSE:IRM,https://finviz.com/quote.ashx?t=IRM,PASS (TV) entry=116.09 SL=108.82 TP=137.81 R:R=2.99 zone=[114.84-116.65]
J,FAIL,rr,True,True,True,True,False,True,True,True,True,,False,138.00999450683594,106519260.38825074,771822.8,2.76,95.14,2026-11-24,53,263,128.57635591334733,128.58632609935245,128.58134100634987,120.66472289182205,151.97999572753906,2.9556376703645983,0.9999999999999994,7.916618114527826,1.1909951148437354,no,,,,,,,2026-10-04,charts/latest/J.webp,user-lines,False,"user lines only, no zone/position","user Fib only, no zone/position",,,,,,,,False,-1.69,4/6,3/5,0.63,-0.0,False,no new high: recent high 153.30 is -1.69 ATR vs prior 2.5y high 166.66 (needs >= +1); 30w EMA falling (-0% in 26w),15,hammer,2026-09-18,strong_close,2026-10-01,True,True,False,TV drawing by the bot - review needed (f_rr False until approved); TV drawing not found (f_rr False),https://www.tradingview.com/chart/?symbol=NYSE:J,https://finviz.com/quote.ashx?t=J,FAIL: rr (TV drawing not found)
JANX,FAIL,"dollar_vol,short_float,rr",False,False,True,True,False,True,False,True,True,,False,16.93000030517578,15607950.689678192,921910.8333333334,10.19,96.18,2026-11-10,39,263,16.459999084472656,16.530000686645508,16.494999885559082,14.84085716520037,20.239999771118164,2.264012554338089,0.9999999999999996,1.6541427203587122,0.26297635280368453,,,,,,,,,,,False,,,,,,,,,,False,-31.07,6/9,3/8,0.52,-8.8,False,no new high: recent high 20.31 is -31.07 ATR vs prior 2.5y high 71.71 (needs >= +1); 30w EMA falling (-9% in 26w),2,strong_close,2026-09-04,hammer,2026-09-30,False,True,False,no TV drawing read (f_rr False),https://www.tradingview.com/chart/?symbol=NASDAQ:JANX,https://finviz.com/quote.ashx?t=JANX,"$vol(30d) $15.6M < $50M | FAIL: dollar_vol, short_float, rr (no TV drawing read)"
JBL,PASS,,True,True,True,True,True,True,False,True,True,True,False,304.4859924316406,376581414.3550903,1236777.4666666666,2.78,100.21,2026-12-10,69,263,270.9702453613281,277.747249151928,274.358747256628,245.0816749595404,365.7699890136719,3.1222808356468463,0.8037980730680371,36.423416873020386,0.8271394548194765,yes,301.46,290.79,297.24,276.77,417.39,5.87,2026-10-04,,user,False,,,304.486,36.4234,3.026,0.0831,False,,,True,3.99,3/5,2/4,0.55,32.5,True,"uptrend: new high +4.0 ATR above prior 2.5y high, 3/5 HH and 2/4 HL, 30w EMA +32% in 26w",2,rejection,2026-10-02,hammer,2026-10-01,False,True,False,TV drawing by the bot - review needed (f_rr False until approved),https://www.tradingview.com/chart/?symbol=NYSE:JBL,https://finviz.com/quote.ashx?t=JBL,PASS (TV) entry=297.24 SL=276.77 TP=417.39 R:R=5.87 zone=[290.79-301.46]
JOE,FAIL,"dollar_vol,rr",False,True,True,True,False,True,False,True,True,,False,65.44000244140625,16885390.032619223,258028.56666666668,2.29,88.17,2026-10-28,26,262,45.96222686767578,46.11973924979974,46.040983058737766,44.24514299110948,69.11000061035156,12.845808470060707,0.49999999999999983,3.5916801352565684,5.401098831781893,,,,,,,,,,,False,,,,,,,,,,False,-0.23,5/7,3/4,0.73,5.3,True,no new high: recent high 72.20 is -0.23 ATR vs prior 2.5y high 73.02 (needs >= +1),2,hammer,2026-09-11,hammer,2026-09-29,False,True,False,no TV drawing read (f_rr False),https://www.tradingview.com/chart/?symbol=NYSE:JOE,https://finviz.com/quote.ashx?t=JOE,"$vol(30d) $16.9M < $50M | FAIL: dollar_vol, rr (no TV drawing read)"
JXN,FAIL,"short_float,rr",True,False,True,True,False,True,True,True,True,,False,131.44000244140625,100685937.93150431,766022.0333333333,7.03,87.23,2026-11-11,40,263,112.49200439453125,116.44236633026902,114.46718536240013,105.20314900852875,139.71800231933594,2.7256819805530736,1.0000000000000004,9.264036353871372,1.8321190063026151,,,,,,,,,,,False,,,,,,,,,,True,2.12,6/7,5/6,0.85,17.6,True,"uptrend: new high +2.1 ATR above prior 2.5y high, 6/7 HH and 5/6 HL, 30w EMA +18% in 26w",6,hammer,2026-10-02,hammer,2026-10-02,False,True,False,no TV drawing read (f_rr False),https://www.tradingview.com/chart/?symbol=NYSE:JXN,https://finviz.com/quote.ashx?t=JXN,"short float 7.03% >= 5% | FAIL: short_float, rr (no TV drawing read)"
KALU,FAIL,"dollar_vol,short_float,rr",False,False,True,True,False,True,False,True,True,,False,152.02499389648438,32844305.68386332,216045.43333333332,5.93,101.89,2026-10-22,20,263,139.23755306845413,148.66277260908612,143.95016283877013,124.53599679737346,186.77999877929688,2.206112580329283,0.9999999999999997,19.414166041396676,0.41592469336547083,,,,,,,,,,,False,,,,,,,,,,True,2.64,3/3,3/3,1.0,41.9,True,"uptrend: new high +2.6 ATR above prior 2.5y high, 3/3 HH and 3/3 HL, 30w EMA +42% in 26w",2,hammer,2026-10-02,strong_close,2026-10-01,False,True,False,no TV drawing read (f_rr False),https://www.tradingview.com/chart/?symbol=NASDAQ:KALU,https://finviz.com/quote.ashx?t=KALU,"$vol(30d) $32.8M < $50M | FAIL: dollar_vol, short_float, rr (no TV drawing read)"
KDP,FAIL,"short_float,rr",True,False,True,True,False,False,False,True,True,,False,30.3700008392334,302092646.74025005,9947074.033333333,6.09,108.82,2026-10-22,20,263,29.013338088989258,29.072915096860722,29.04312659292499,27.043430853627733,32.59000015258789,1.7737066144419327,0.9999999999999997,1.9996957392972596,0.6635380674335495,,,,,,,,,,,False,,,,,,,,,,False,-1.11,3/6,4/7,0.54,9.3,True,no new high: recent high 33.82 is -1.11 ATR vs prior 2.5y high 36.04 (needs >= +1),2,engulfing,2026-09-25,hammer,2026-09-28,False,True,False,no TV drawing read (f_rr False),https://www.tradingview.com/chart/?symbol=NASDAQ:KDP,https://finviz.com/quote.ashx?t=KDP,"short float 6.09% >= 5% | FAIL: short_float, rr (no TV drawing read)"
KELYA,FAIL,"dollar_vol,rr",False,True,True,True,False,True,True,True,True,,False,15.720000267028809,4478093.596067429,284866.0,4.0,84.01,2026-11-05,34,261,10.885077476501465,11.561109137009604,11.223093306755533,9.925937449713432,17.280000686645508,4.669375192663057,0.9999999999999998,1.2971558570421016,3.4667437500745293,,,,,,,,,,,False,,,,,,,,,,False,-4.32,3/4,4/5,0.78,37.8,True,no new high: recent high 17.67 is -4.32 ATR vs prior 2.5y high 23.27 (needs >= +1),20,strong_close,2026-09-25,hammer,2026-09-29,False,True,False,no TV drawing read (f_rr False),https://www.tradingview.com/chart/?symbol=NASDAQ:KELYA,https://finviz.com/quote.ashx?t=KELYA,"$vol(30d) $4.5M < $50M | FAIL: dollar_vol, rr (no TV drawing read)"
KFRC,FAIL,"dollar_vol,short_float,rr",False,False,True,True,False,True,False,True,True,,False,53.150001525878906,12646603.489736939,237941.73333333334,9.37,97.47,2026-11-02,31,263,43.337745666503906,46.753189950689816,45.04546780859686,40.52961447840964,58.630958557128906,3.008399466323857,0.9999999999999994,4.515853330187222,1.7946848856019069,,,,,,,,,,,False,,,,,,,,,,False,-0.98,3/4,3/6,0.62,56.8,True,no new high: recent high 61.20 is -0.98 ATR vs prior 2.5y high 65.61 (needs >= +1),4,engulfing,2026-10-02,strong_close,2026-10-01,False,True,False,no TV drawing read (f_rr False),https://www.tradingview.com/chart/?symbol=NYSE:KFRC,https://finviz.com/quote.ashx?t=KFRC,"$vol(30d) $12.6M < $50M | FAIL: dollar_vol, short_float, rr (no TV drawing read)"
KFY,FAIL,"dollar_vol,rr",False,True,True,True,False,True,False,True,True,,False,71.87999725341797,37413143.23041916,520494.5,4.02,94.26,2026-12-09,68,263,72.64205932617188,74.1302247028791,73.38614201452549,68.35017158986864,86.27999877929688,2.560351963474838,1.0000000000000002,5.035970424656852,-0.2990773642619533,,,,,,,,,,,False,,,,,,,,,,True,2.14,4/7,3/5,0.59,14.5,True,"uptrend: new high +2.1 ATR above prior 2.5y high, 4/7 HH and 3/5 HL, 30w EMA +15% in 26w",2,hammer,2026-09-04,strong_close,2026-09-29,False,True,False,no TV drawing read (f_rr False),https://www.tradingview.com/chart/?symbol=NYSE:KFY,https://finviz.com/quote.ashx?t=KFY,"$vol(30d) $37.4M < $50M | FAIL: dollar_vol, rr (no TV drawing read)"
KMX,FAIL,"short_float,rr",True,False,True,True,False,True,False,True,True,,False,54.939998626708984,137120206.35984966,2495817.433333333,7.06,102.99,2026-12-17,76,263,46.86000061035156,49.439998626708984,48.14999961853027,43.24727848597935,63.290000915527344,3.0880812690889505,1.0000000000000004,4.902721132550921,1.3849449774121307,,,,,,,,,,,False,,,,,,,,,,False,-5.3,3/6,1/5,0.35,16.6,True,"no new high: recent high 65.28 is -5.30 ATR vs prior 2.5y high 91.25 (needs >= +1); choppy swings: 3/6 higher highs, 1/5 higher lows",0,hammer,2026-09-25,hammer,2026-10-01,False,True,False,no TV drawing read (f_rr False),https://www.tradingview.com/chart/?symbol=NYSE:KMX,https://finviz.com/quote.ashx?t=KMX,"short float 7.06% >= 5% | FAIL: short_float, rr (no TV drawing read)"
KNX,FAIL,"short_float,rr",True,False,True,True,False,True,False,True,True,,False,66.76000213623047,231238361.83531722,3463726.1,8.26,101.02,2026-10-21,19,263,62.374271392822266,62.43375235357416,62.404011873198215,57.87356138533066,72.81008229476276,2.296917370453948,0.8331508719626081,5.437731196506365,0.8010675970579222,,,,,,,,,,,False,,,,,,,,,,True,3.51,4/6,3/5,0.63,27.9,True,"uptrend: new high +3.5 ATR above prior 2.5y high, 4/6 HH and 3/5 HL, 30w EMA +28% in 26w",2,strong_close,2026-10-02,hammer,2026-10-02,False,True,False,no TV drawing read (f_rr False),https://www.tradingview.com/chart/?symbol=NYSE:KNX,https://finviz.com/quote.ashx?t=KNX,"short float 8.26% >= 5% | FAIL: short_float, rr (no TV drawing read)"
KOP,FAIL,"dollar_vol,rr",False,True,True,True,False,True,False,True,True,,False,45.98500061035156,7388026.839726766,160661.66666666666,4.3,103.07,2026-10-30,28,263,29.477861404418945,30.072239189067158,29.775050296743053,26.206518731349185,47.939998626708984,5.090314600583059,1.0,3.5685315653938687,4.542470766072479,,,,,,,,,,,False,,,,,,,,,,False,-0.78,3/4,3/5,0.68,35.1,True,no new high: recent high 52.90 is -0.78 ATR vs prior 2.5y high 55.70 (needs >= +1),2,hammer,2026-10-02,hammer,2026-10-02,False,True,False,no TV drawing read (f_rr False),https://www.tradingview.com/chart/?symbol=NYSE:KOP,https://finviz.com/quote.ashx?t=KOP,"$vol(30d) $7.4M < $50M | FAIL: dollar_vol, rr (no TV drawing read)"
KRYS,FAIL,"short_float,rr",True,False,True,True,False,True,False,True,True,,False,322.2799987792969,86516194.58430177,268450.4,12.18,99.17,2026-11-09,38,263,289.0,298.3030090332031,293.65150451660156,266.5943581717355,358.239990234375,2.3871137367754507,0.9999999999999993,27.057146344866073,1.0580751531518175,,,,,,,,,,,False,,,,,,,,,,True,3.11,4/5,5/6,0.82,35.4,True,"uptrend: new high +3.1 ATR above prior 2.5y high, 4/5 HH and 5/6 HL, 30w EMA +35% in 26w",2,strong_close,2026-09-25,hammer,2026-09-25,False,True,False,no TV drawing read (f_rr False),https://www.tradingview.com/chart/?symbol=NASDAQ:KRYS,https://finviz.com/quote.ashx?t=KRYS,"short float 12.18% >= 5% | FAIL: short_float, rr (no TV drawing read)"
KURA,FAIL,"dollar_vol,short_float,rr",False,False,True,True,False,False,False,True,True,,False,10.649999618530273,21542266.493382838,2022748.1,17.15,98.72,2026-10-29,27,263,11.449999809265137,12.220000267028809,11.835000038146973,10.447428567068917,13.25,1.0197672634143027,1.0000000000000004,1.3875714710780553,-0.8540103658199522,,,,,,,,,,,False,,,,,,,,,,False,-6.9,6/7,4/6,0.76,17.9,True,no new high: recent high 13.90 is -6.90 ATR vs prior 2.5y high 23.48 (needs >= +1),0,strong_close,2026-09-04,strong_close,2026-09-29,False,True,False,no TV drawing read (f_rr False),https://www.tradingview.com/chart/?symbol=NASDAQ:KURA,https://finviz.com/quote.ashx?t=KURA,"$vol(30d) $21.5M < $50M | FAIL: dollar_vol, short_float, rr (no TV drawing read)"
KWR,FAIL,"dollar_vol,short_float,rr",False,False,True,True,False,False,True,True,True,,False,160.5800018310547,21942079.663533527,136642.66666666666,13.44,91.35,2026-10-29,27,263,160.63099670410156,162.94337340643094,161.78718505526626,149.97772152242928,170.72000122070312,0.7564116812417924,1.0,11.809463532836986,-0.10222168186174792,,,,,,,,,,,False,,,,,,,,,,False,-1.63,4/5,5/7,0.76,11.0,True,no new high: recent high 175.14 is -1.63 ATR vs prior 2.5y high 194.36 (needs >= +1),12,hammer,2026-10-02,strong_close,2026-10-01,True,True,False,no TV drawing read (f_rr False),https://www.tradingview.com/chart/?symbol=NYSE:KWR,https://finviz.com/quote.ashx?t=KWR,"$vol(30d) $21.9M < $50M | FAIL: dollar_vol, short_float, rr (no TV drawing read)"
KYMR,FAIL,"short_float,rr",True,False,True,True,False,True,False,True,True,,False,107.38999938964844,77800020.27348989,724462.4333333333,14.12,108.49,2026-10-29,27,262,87.80999755859375,90.0999984741211,88.95499801635742,78.19378280639648,119.9800033569336,2.8830392047041675,1.0,10.761215209960938,1.7130966172135436,,,,,,,,,,,False,,,,,,,,,,True,2.51,4/7,4/5,0.69,40.8,True,"uptrend: new high +2.5 ATR above prior 2.5y high, 4/7 HH and 4/5 HL, 30w EMA +41% in 26w",0,hammer,2026-09-18,rejection,2026-09-30,False,True,False,no TV drawing read (f_rr False),https://www.tradingview.com/chart/?symbol=NASDAQ:KYMR,https://finviz.com/quote.ashx?t=KYMR,"short float 14.12% >= 5% | FAIL: short_float, rr (no TV drawing read)"
LBRX,FAIL,"dollar_vol,short_float,history,rr",False,False,True,False,False,True,False,True,True,,False,36.9900016784668,11906170.353257114,321875.36666666664,23.48,83.51,2026-11-05,34,56,31.989999771118164,33.470001220703125,32.730000495910645,29.35000061035156,49.34000015258789,4.914201248243473,0.6738915687156081,5.0156435285295755,0.8493428925570089,,,,,,,,,,,False,,,,,,,,,,,,,,,,,not enough history (56 weekly bars < 130),0,engulfing,2026-09-04,hammer,2026-09-28,False,True,False,no TV drawing read (f_rr False),https://www.tradingview.com/chart/?symbol=NASDAQ:LBRX,https://finviz.com/quote.ashx?t=LBRX,"$vol(30d) $11.9M < $50M | FAIL: dollar_vol, short_float, history, rr (no TV drawing read)"
LNC,FAIL,"short_float,rr",True,False,True,True,False,True,False,True,True,,False,40.279998779296875,71700474.93241882,1780051.5666666667,6.41,86.09,2026-11-04,33,263,37.102439880371094,38.04161780042772,37.57202884039941,34.634365527956355,45.470001220703125,2.688521978284673,1.0000000000000002,2.9376633124430565,0.9218108581154684,,,,,,,,,,,False,,,,,,,,,,False,0.83,3/6,4/5,0.65,8.1,True,no new high: recent high 47.67 is +0.83 ATR vs prior 2.5y high 45.22 (needs >= +1),2,hammer,2026-09-25,strong_close,2026-10-02,False,True,False,no TV drawing read (f_rr False),https://www.tradingview.com/chart/?symbol=NYSE:LNC,https://finviz.com/quote.ashx?t=LNC,"short float 6.41% >= 5% | FAIL: short_float, rr (no TV drawing read)"
LNTH,FAIL,"short_float,rr",True,False,True,True,False,True,True,True,True,,False,99.95999908447266,101220514.66492766,1012610.2,6.41,116.55,2026-10-29,27,263,57.689998626708984,58.29600143432617,57.99300003051758,54.09857068743025,110.37999725341797,13.451777553979268,0.9999999999999998,3.8944293430873325,10.776161372255244,,,,,,,,,,,False,,,,,,,,,,False,-3.86,4/7,3/5,0.59,37.2,True,no new high: recent high 111.86 is -3.86 ATR vs prior 2.5y high 126.89 (needs >= +1),6,hammer,2026-10-02,strong_close,2026-10-02,False,True,False,no TV drawing read (f_rr False),https://www.tradingview.com/chart/?symbol=NASDAQ:LNTH,https://finviz.com/quote.ashx?t=LNTH,"short float 6.41% >= 5% | FAIL: short_float, rr (no TV drawing read)"
LOCO,FAIL,"dollar_vol,short_float,rr",False,False,True,True,False,True,True,True,True,,False,14.220000267028809,3292074.157819875,231510.13333333333,6.7,91.45,2026-10-29,27,263,14.1899995803833,14.345000267028809,14.267499923706055,13.319999923706055,16.81999969482422,2.693931156852944,0.9397803272302008,1.008214337485177,-0.04711265740946125,,,,,,,,,,,False,,,,,,,,,,True,2.88,4/7,3/5,0.59,27.4,True,"uptrend: new high +2.9 ATR above prior 2.5y high, 4/7 HH and 3/5 HL, 30w EMA +27% in 26w",8,hammer,2026-09-11,rejection,2026-09-30,False,True,False,no TV drawing read (f_rr False),https://www.tradingview.com/chart/?symbol=NASDAQ:LOCO,https://finviz.com/quote.ashx?t=LOCO,"$vol(30d) $3.3M < $50M | FAIL: dollar_vol, short_float, rr (no TV drawing read)"
LTH,FAIL,"short_float,rr",True,False,True,True,False,True,False,True,True,,False,41.005001068115234,119349331.06352742,2910604.2666666666,5.99,85.18,2026-10-22,20,261,33.7400016784668,35.33000183105469,34.53500175476074,31.679572786603654,46.0,4.015157923062901,1.0000000000000004,2.8554289681570872,2.265858960424525,,,,,,,,,,,False,,,,,,,,,,True,4.29,4/8,3/6,0.5,38.4,True,"uptrend: new high +4.3 ATR above prior 2.5y high, 4/8 HH and 3/6 HL, 30w EMA +38% in 26w",2,hammer,2026-10-02,engulfing,2026-10-01,False,True,False,no TV drawing read (f_rr False),https://www.tradingview.com/chart/?symbol=NYSE:LTH,https://finviz.com/quote.ashx?t=LTH,"short float 5.99% >= 5% | FAIL: short_float, rr (no TV drawing read)"
LYFT,FAIL,"short_float,rr",True,False,True,True,False,True,True,True,True,,False,15.460000038146973,148395006.7168258,9598642.066666666,21.0,111.64,2026-11-11,40,261,14.350000381469727,15.277999877929688,14.814000129699707,13.421786035810198,17.700000762939453,2.0729574897327465,0.9999999999999999,1.392214093889509,0.4640090279811048,,,,,,,,,,,False,,,,,,,,,,False,-5.43,3/6,4/7,0.54,-4.4,False,no new high: recent high 17.98 is -5.43 ATR vs prior 2.5y high 25.54 (needs >= +1); 30w EMA falling (-4% in 26w),10,engulfing,2026-10-02,strong_close,2026-10-02,True,True,False,no TV drawing read (f_rr False),https://www.tradingview.com/chart/?symbol=NASDAQ:LYFT,https://finviz.com/quote.ashx?t=LYFT,"short float 21.00% >= 5% | FAIL: short_float, rr (no TV drawing read)"
LYV,FAIL,"short_float,rr",True,False,True,True,False,True,True,True,True,,False,168.80999755859375,308638283.96533406,1828317.5666666667,14.46,84.92,2026-10-29,27,263,160.58999633789062,165.97999572753906,163.28499603271484,153.77142551967077,188.4600067138672,2.6462210635465246,0.9999999999999987,9.513570513044085,0.5807495217808666,,,,,,,,,,,False,,,,,,,,,,True,1.47,4/4,5/5,1.0,13.4,True,"uptrend: new high +1.5 ATR above prior 2.5y high, 4/4 HH and 5/5 HL, 30w EMA +13% in 26w",9,rejection,2026-10-02,hammer,2026-10-02,False,True,False,no TV drawing read (f_rr False),https://www.tradingview.com/chart/?symbol=NYSE:LYV,https://finviz.com/quote.ashx?t=LYV,"short float 14.46% >= 5% | FAIL: short_float, rr (no TV drawing read)"
M,FAIL,"short_float,rr",True,False,True,True,False,False,True,True,True,,False,22.729999542236328,143197963.65877634,6299954.533333333,13.7,99.69,2026-11-12,41,263,22.08687400817871,22.203631770318612,22.14525288924866,20.13712081793609,25.18402099609375,1.513231201401444,0.9999999999999996,2.0081320713125708,0.2911893402536327,,,,,,,,,,,False,,,,,,,,,,True,1.39,4/6,6/7,0.76,17.5,True,"uptrend: new high +1.4 ATR above prior 2.5y high, 4/6 HH and 6/7 HL, 30w EMA +18% in 26w",29,hammer,2026-09-11,strong_close,2026-09-29,False,True,False,no TV drawing read (f_rr False),https://www.tradingview.com/chart/?symbol=NYSE:M,https://finviz.com/quote.ashx?t=M,"short float 13.70% >= 5% | FAIL: short_float, rr (no TV drawing read)"
MA,FAIL,rr,True,True,True,True,False,True,True,True,True,False,False,552.239990234375,1360128236.6599529,2462929.6333333333,0.89,83.79,2026-10-22,20,263,520.4276123046875,526.5872699856476,523.5074411451676,499.8351407336814,595.2999877929688,3.0327659500707473,0.999999999999999,23.672300411486244,1.2137624392121107,yes,526.59,520.43,523.51,500.74,593.17,3.06,2026-10-04,charts/latest/MA.webp,bot,True,bot drawing on chart,bot drawing (review needed): zone 520.43-526.59 entry 523.51 SL 500.74 TP 593.17 R:R 3.06,552.24,23.6723,25.65,1.0835,False,,,False,0.13,2/5,1/4,0.33,2.1,True,"no new high: recent high 601.23 is +0.13 ATR vs prior 2.5y high 598.04 (needs >= +1); choppy swings: 2/5 higher highs, 1/4 higher lows",15,hammer,2026-09-25,hammer,2026-10-02,True,True,False,TV drawing by the bot - review needed (f_rr False until approved); TV drawing by the bot - review needed (f_rr False until approved),https://www.tradingview.com/chart/?symbol=NYSE:MA,https://finviz.com/quote.ashx?t=MA,FAIL: rr (bot drawing - review needed)
MAC,FAIL,"short_float,rr",True,False,True,True,False,True,False,True,True,,False,23.05500030517578,71392770.24401602,3096628.466666667,11.54,111.17,2026-11-04,33,263,20.221808249684788,20.446496318736834,20.33415228421081,19.111252321227607,24.553985531356954,3.4506773856236577,0.9999999999999994,1.2228999629832031,2.2249146318784736,,,,,,,,,,,False,,,,,,,,,,True,4.53,6/8,4/5,0.78,25.8,True,"uptrend: new high +4.5 ATR above prior 2.5y high, 6/8 HH and 4/5 HL, 30w EMA +26% in 26w",3,hammer,2026-10-02,hammer,2026-10-02,False,True,False,no TV drawing read (f_rr False),https://www.tradingview.com/chart/?symbol=NYSE:MAC,https://finviz.com/quote.ashx?t=MAC,"short float 11.54% >= 5% | FAIL: short_float, rr (no TV drawing read)"
MAN,FAIL,"dollar_vol,short_float,no_earnings_14d,rr",False,False,False,True,False,True,True,True,True,,False,54.150001525878906,40717974.51738129,751947.8,9.92,120.79,2026-10-15,13,262,30.4213809967041,31.789511211864244,31.105446104284173,25.740190503227602,62.38999938964844,5.830953007943079,0.9078815236679166,5.909642900739398,3.8994835743309406,,,,,,,,,,,False,,,,,,,,,,False,-1.29,1/5,2/6,0.27,46.7,True,"no new high: recent high 63.88 is -1.29 ATR vs prior 2.5y high 71.49 (needs >= +1); choppy swings: 1/5 higher highs, 2/6 higher lows",23,hammer,2026-09-25,strong_close,2026-10-01,False,True,True,no TV drawing read (f_rr False),https://www.tradingview.com/chart/?symbol=NYSE:MAN,https://finviz.com/quote.ashx?t=MAN,"$vol(30d) $40.7M < $50M | FAIL: dollar_vol, short_float, no_earnings_14d, rr (no TV drawing read)"
MBIN,FAIL,"dollar_vol,short_float,rr",False,False,True,True,False,False,False,True,True,,False,49.95000076293945,10177643.990453973,203756.63333333333,13.25,97.95,2026-10-22,20,263,50.006271017370125,50.89442807468335,50.450349546026736,47.24778960011143,55.82420204245969,1.6779865442603243,0.889016138872012,3.602364238267629,-0.13889455646159193,,,,,,,,,,,False,,,,,,,,,,True,1.3,5/6,6/9,0.75,28.1,True,"uptrend: new high +1.3 ATR above prior 2.5y high, 5/6 HH and 6/9 HL, 30w EMA +28% in 26w",2,hammer,2026-09-25,hammer,2026-10-01,False,True,False,no TV drawing read (f_rr False),https://www.tradingview.com/chart/?symbol=NASDAQ:MBIN,https://finviz.com/quote.ashx?t=MBIN,"$vol(30d) $10.2M < $50M | FAIL: dollar_vol, short_float, rr (no TV drawing read)"
MBX,FAIL,"dollar_vol,short_float,history,rr",False,False,True,False,False,True,True,True,True,,False,58.5099983215332,27467994.593363445,469458.13333333336,13.54,81.37,2026-11-05,34,108,38.189998626708984,40.970001220703125,39.579999923706055,31.738821029663086,68.56999969482422,3.6971481154628663,1.0,7.841178894042969,2.414177594163612,,,,,,,,,,,False,,,,,,,,,,,,,,,,,not enough history (108 weekly bars < 130),20,strong_close,2026-10-02,rejection,2026-10-02,False,True,False,no TV drawing read (f_rr False),https://www.tradingview.com/chart/?symbol=NASDAQ:MBX,https://finviz.com/quote.ashx?t=MBX,"$vol(30d) $27.5M < $50M | FAIL: dollar_vol, short_float, history, rr (no TV drawing read)"
MCB,FAIL,"dollar_vol,short_float,no_earnings_14d,rr",False,False,False,True,False,True,True,True,True,,False,89.23500061035156,10138812.355847677,113619.23333333334,5.68,85.13,2026-10-15,13,263,80.0668716430664,81.74690785315991,80.90688974811316,75.90649293914329,94.13999938964844,2.646411904310737,0.9999999999999998,5.000396808969868,1.6654899961737393,,,,,,,,,,,False,,,,,,,,,,False,0.89,5/5,3/4,0.88,13.4,True,no new high: recent high 101.66 is +0.89 ATR vs prior 2.5y high 97.20 (needs >= +1),10,hammer,2026-10-02,strong_close,2026-10-02,True,True,True,no TV drawing read (f_rr False),https://www.tradingview.com/chart/?symbol=NYSE:MCB,https://finviz.com/quote.ashx?t=MCB,"$vol(30d) $10.1M < $50M | FAIL: dollar_vol, short_float, no_earnings_14d, rr (no TV drawing read)"
MD,FAIL,"dollar_vol,short_float,rr",False,False,True,True,False,False,False,True,True,,False,25.989999771118164,17063281.25739829,656532.5666666667,5.91,104.32,2026-10-29,27,263,23.510000228881836,23.739999771118164,23.625,21.717864445277623,27.030000686645508,1.7854004547365154,0.9999999999999998,1.9071355547223772,1.2400795345994367,,,,,,,,,,,False,,,,,,,,,,True,1.55,5/9,3/4,0.65,24.6,True,"uptrend: new high +1.5 ATR above prior 2.5y high, 5/9 HH and 3/4 HL, 30w EMA +25% in 26w",2,hammer,2026-09-25,engulfing,2026-10-02,False,True,False,no TV drawing read (f_rr False),https://www.tradingview.com/chart/?symbol=NYSE:MD,https://finviz.com/quote.ashx?t=MD,"$vol(30d) $17.1M < $50M | FAIL: dollar_vol, short_float, rr (no TV drawing read)"
MDB,PASS,,True,True,True,True,True,False,False,True,True,False,False,357.9599914550781,1017868435.2742951,2843525.7,3.71,93.32,2026-12-07,66,262,354.8800048828125,363.1759948730469,359.0279998779297,302.45435660226,460.3299865722656,1.7906215832824461,1.0000000000000004,56.573643275669646,-0.018878197708558673,yes,297.71,288.09,292.9,242.41,452.39,3.16,2026-10-04,charts/latest/MDB.webp,user,False,,,357.96,56.5736,60.25,1.065,False,,,False,0.5,5/7,5/7,0.71,11.5,True,no new high: recent high 473.10 is +0.50 ATR vs prior 2.5y high 444.72 (needs >= +1),4,strong_close,2026-10-02,hammer,2026-10-02,False,True,False,TV drawing by the bot - review needed (f_rr False until approved),https://www.tradingview.com/chart/?symbol=NASDAQ:MDB,https://finviz.com/quote.ashx?t=MDB,PASS (TV) entry=292.9 SL=242.41 TP=452.39 R:R=3.16 zone=[288.09-297.71]
MEDP,FAIL,"short_float,rr",True,False,True,True,False,True,True,True,True,,False,599.469970703125,140731230.62261555,234759.43333333332,7.47,89.61,2026-10-21,19,261,520.5999755859375,530.969970703125,525.7849731445312,481.94468906947543,620.75,2.1661590215265463,1.0000000000000002,43.840284075055806,1.6807600386996342,,,,,,,,,,,False,,,,,,,,,,True,1.12,5/7,2/4,0.61,9.9,True,"uptrend: new high +1.1 ATR above prior 2.5y high, 5/7 HH and 2/4 HL, 30w EMA +10% in 26w",9,strong_close,2026-09-18,hammer,2026-09-30,False,True,False,no TV drawing read (f_rr False),https://www.tradingview.com/chart/?symbol=NASDAQ:MEDP,https://finviz.com/quote.ashx?t=MEDP,"short float 7.47% >= 5% | FAIL: short_float, rr (no TV drawing read)"
MHK,FAIL,"short_float,rr",True,False,True,True,False,True,True,True,True,,False,126.41000366210938,124455174.0834778,984535.8,9.66,90.16,2026-10-22,20,263,108.83000183105469,112.76000213623047,110.79500198364258,100.72714342389789,140.10000610351562,2.9107484919430755,0.9999999999999994,10.067858559744698,1.5509754716759514,,,,,,,,,,,False,,,,,,,,,,False,-2.38,4/7,4/6,0.62,5.3,True,no new high: recent high 140.30 is -2.38 ATR vs prior 2.5y high 164.29 (needs >= +1),22,strong_close,2026-10-02,hammer,2026-10-01,False,True,False,no TV drawing read (f_rr False),https://www.tradingview.com/chart/?symbol=NYSE:MHK,https://finviz.com/quote.ashx?t=MHK,"short float 9.66% >= 5% | FAIL: short_float, rr (no TV drawing read)"
MITK,FAIL,"dollar_vol,short_float,rr",False,False,True,True,False,True,True,True,True,,False,17.75,11366557.441666666,640369.4333333333,9.58,88.65,2026-10-29,27,263,14.649999618530273,15.609999656677246,15.12999963760376,13.106428078242711,19.43000030517578,2.124956069717527,0.9999999999999998,2.023571559361049,1.294740653117064,,,,,,,,,,,False,,,,,,,,,,True,2.38,4/6,5/6,0.75,42.6,True,"uptrend: new high +2.4 ATR above prior 2.5y high, 4/6 HH and 5/6 HL, 30w EMA +43% in 26w",13,hammer,2026-10-02,strong_close,2026-10-01,True,True,False,no TV drawing read (f_rr False),https://www.tradingview.com/chart/?symbol=NASDAQ:MITK,https://finviz.com/quote.ashx?t=MITK,"$vol(30d) $11.4M < $50M | FAIL: dollar_vol, short_float, rr (no TV drawing read)"
MLI,PASS,,True,True,True,True,True,True,True,True,True,,False,62.557498931884766,106049993.25653802,1695240.3,2.47,95.75,2026-10-27,25,261,39.03588104248047,39.611248112735055,39.32356457760776,34.706896452639775,69.22703973518834,6.477284991714222,0.9999999999999997,4.616668124967989,5.03261957007969,yes,,,94.07,87.82,132.4,6.13,2026-10-04,,user,False,user drawing (no rectangle),no rectangle (Fib + horizontal line 107.51),,,,,True,broken,close 62.56 < SL 87.82,False,0.41,5/5,4/6,0.83,12.9,True,no new high: recent high 70.92 is +0.41 ATR vs prior 2.5y high 69.05 (needs >= +1),13,engulfing,2026-10-02,strong_close,2026-10-02,False,True,False,TV drawing by the bot - review needed (f_rr False until approved),https://www.tradingview.com/chart/?symbol=NYSE:MLI,https://finviz.com/quote.ashx?t=MLI,PASS (TV) entry=94.07 SL=87.82 TP=132.4 R:R=6.13 zone=[-]
MLKN,FAIL,"dollar_vol,short_float,rr",False,False,True,True,False,True,False,True,True,,False,20.239999771118164,13667642.08277429,675278.7666666667,5.74,97.8,2026-12-23,82,263,21.121780395507812,21.159853863126354,21.140817129317085,19.750620351447495,24.293996810913086,2.2681534958152447,0.7666891496807254,1.8132469703640832,-0.49679793923386256,,,,,,,,,,,False,,,,,,,,,,False,-2.59,4/5,3/4,0.78,10.9,True,no new high: recent high 24.51 is -2.59 ATR vs prior 2.5y high 29.20 (needs >= +1),2,hammer,2026-10-02,engulfing,2026-10-01,False,True,False,no TV drawing read (f_rr False),https://www.tradingview.com/chart/?symbol=NASDAQ:MLKN,https://finviz.com/quote.ashx?t=MLKN,"$vol(30d) $13.7M < $50M | FAIL: dollar_vol, short_float, rr (no TV drawing read)"
MMSI,FAIL,"short_float,rr",True,False,True,True,False,True,True,True,True,,False,85.37000274658203,50169141.9410759,587667.1,6.77,105.48,2026-10-22,20,262,70.93000030517578,71.91000366210938,71.42000198364258,66.69643075125558,91.0,4.145168359504742,1.0000000000000009,4.723571232386997,2.953274138705006,,,,,,,,,,,False,,,,,,,,,,False,-4.06,2/7,2/5,0.34,-0.6,False,"no new high: recent high 92.26 is -4.06 ATR vs prior 2.5y high 111.45 (needs >= +1); choppy swings: 2/7 higher highs, 2/5 higher lows; 30w EMA falling (-1% in 26w)",21,strong_close,2026-09-25,strong_close,2026-09-29,False,True,False,no TV drawing read (f_rr False),https://www.tradingview.com/chart/?symbol=NASDAQ:MMSI,https://finviz.com/quote.ashx?t=MMSI,"short float 6.77% >= 5% | FAIL: short_float, rr (no TV drawing read)"
MOH,FAIL,"short_float,rr",True,False,True,True,False,True,True,True,True,,False,189.5800018310547,111109837.38981882,586084.1666666666,6.24,108.69,2026-10-21,19,263,192.6999969482422,198.4199981689453,195.55999755859375,177.54822104317802,235.6199951171875,2.224100300395556,0.9999999999999998,18.011776515415736,-0.3320047704578704,,,,,,,,,,,False,,,,,,,,,,False,-7.7,1/4,2/4,0.38,14.7,True,"no new high: recent high 244.89 is -7.70 ATR vs prior 2.5y high 383.58 (needs >= +1); choppy swings: 1/4 higher highs, 2/4 higher lows",10,hammer,2026-10-02,strong_close,2026-10-02,True,True,False,no TV drawing read (f_rr False),https://www.tradingview.com/chart/?symbol=NYSE:MOH,https://finviz.com/quote.ashx?t=MOH,"short float 6.24% >= 5% | FAIL: short_float, rr (no TV drawing read)"
MSA,FAIL,"dollar_vol,rr",False,True,True,True,False,True,True,True,True,,False,181.3300018310547,40294276.57855479,222215.16666666666,2.43,91.96,2026-10-28,26,263,171.77980293646493,172.84675029575328,172.3132766161091,163.77882418099915,193.63743591308594,2.4985972397304828,1.0000000000000002,8.534452435109953,1.0565089305380158,,,,,,,,,,,False,,,,,,,,,,False,-1.31,2/5,2/4,0.45,3.1,True,"no new high: recent high 196.00 is -1.31 ATR vs prior 2.5y high 207.14 (needs >= +1); choppy swings: 2/5 higher highs, 2/4 higher lows",17,hammer,2026-10-02,hammer,2026-10-01,False,True,False,no TV drawing read (f_rr False),https://www.tradingview.com/chart/?symbol=NYSE:MSA,https://finviz.com/quote.ashx?t=MSA,"$vol(30d) $40.3M < $50M | FAIL: dollar_vol, rr (no TV drawing read)"
MSI,FAIL,rr,True,True,True,True,False,True,False,True,True,True,False,447.3500061035156,386476197.90963745,863923.5333333333,1.93,91.84,2026-10-29,27,262,441.9690493476176,447.498134987632,444.7335921676248,427.0940190996935,484.7465160721933,2.26836124380538,0.7868402608191867,22.418239058543545,0.11670916386689653,yes,447.5,441.97,444.58,423.34,482.73,1.8,2026-10-04,charts/latest/MSI.webp,bot,True,bot drawing on chart,bot drawing (review needed): zone 441.97-447.5 entry 444.58 SL 423.34 TP 482.73 R:R 1.8,447.35,22.4182,0.0,0.0,False,,,False,-0.16,4/5,3/5,0.7,3.2,True,no new high: recent high 493.57 is -0.16 ATR vs prior 2.5y high 497.07 (needs >= +1),2,hammer,2026-09-11,hammer,2026-10-01,False,True,False,TV drawing by the bot - review needed (f_rr False until approved); TV drawing by the bot - review needed (f_rr False until approved),https://www.tradingview.com/chart/?symbol=NYSE:MSI,https://finviz.com/quote.ashx?t=MSI,FAIL: rr (bot drawing - review needed)
MTCH,PASS,,True,True,True,True,True,True,False,True,True,True,False,40.31999969482422,135625111.42147473,3363718.066666667,4.29,108.42,2026-11-03,32,262,31.463987350463867,31.52329688367061,31.49364211706724,28.551846756850054,38.46468734741211,2.3696567492819134,1.0000000000000002,2.941795360217184,3.0003302395260274,yes,38.75,37.55,37.82,35.33,43.42,2.25,2026-10-04,charts/latest/MTCH.webp,user,False,,,40.32,2.9418,1.57,0.5337,False,,,True,2.25,4/7,4/5,0.69,19.7,True,"uptrend: new high +2.3 ATR above prior 2.5y high, 4/7 HH and 4/5 HL, 30w EMA +20% in 26w",1,hammer,2026-10-02,engulfing,2026-09-29,False,True,False,TV drawing by the bot - review needed (f_rr False until approved),https://www.tradingview.com/chart/?symbol=NASDAQ:MTCH,https://finviz.com/quote.ashx?t=MTCH,PASS (TV) entry=37.82 SL=35.33 TP=43.42 R:R=2.25 zone=[37.55-38.75]
MTDR,FAIL,"short_float,rr",True,False,True,True,False,False,False,True,True,,False,53.52000045776367,92659690.58453065,1731309.6,11.81,97.74,2026-10-27,25,263,53.38876724243164,54.222346671169426,53.80555695680053,49.30168342724947,62.7599983215332,1.9881644779721968,0.9999999999999992,4.503873529551061,-0.06340242397199851,,,,,,,,,,,False,,,,,,,,,,False,-0.57,2/7,2/3,0.48,9.5,True,"no new high: recent high 64.20 is -0.57 ATR vs prior 2.5y high 66.77 (needs >= +1); choppy swings: 2/7 higher highs, 2/3 higher lows",2,hammer,2026-10-02,strong_close,2026-10-02,False,True,False,no TV drawing read (f_rr False),https://www.tradingview.com/chart/?symbol=NYSE:MTDR,https://finviz.com/quote.ashx?t=MTDR,"short float 11.81% >= 5% | FAIL: short_float, rr (no TV drawing read)"
MTN,FAIL,"short_float,rr",True,False,True,True,False,True,False,True,True,,False,141.0800018310547,122803012.35117391,870449.4666666667,17.68,133.09,2026-12-03,62,263,131.16961669921875,131.98684400023586,131.5782303497273,120.93258629803925,153.08999633789062,2.0207106196409277,0.9999999999999994,10.645644051688057,0.892550176879219,,,,,,,,,,,False,,,,,,,,,,False,-4.23,2/8,1/6,0.21,2.5,True,"no new high: recent high 160.49 is -4.23 ATR vs prior 2.5y high 205.54 (needs >= +1); choppy swings: 2/8 higher highs, 1/6 higher lows",1,engulfing,2026-10-02,hammer,2026-10-01,False,True,False,no TV drawing read (f_rr False),https://www.tradingview.com/chart/?symbol=NYSE:MTN,https://finviz.com/quote.ashx?t=MTN,"short float 17.68% >= 5% | FAIL: short_float, rr (no TV drawing read)"
MTUS,FAIL,"dollar_vol,short_float,rr",False,False,True,True,False,False,True,True,True,,False,19.899999618530273,6288860.896113396,316023.1666666667,5.91,86.81,2026-10-29,27,263,20.5,20.549999237060547,20.524999618530273,18.85000061035156,21.809999465942383,0.7671645422699901,0.9479721299017259,1.7669285365513392,-0.35372115344283495,,,,,,,,,,,False,,,,,,,,,,False,-0.98,4/6,5/7,0.69,11.8,True,no new high: recent high 22.58 is -0.98 ATR vs prior 2.5y high 24.31 (needs >= +1),9,hammer,2026-10-02,strong_close,2026-10-02,True,True,False,no TV drawing read (f_rr False),https://www.tradingview.com/chart/?symbol=NYSE:MTUS,https://finviz.com/quote.ashx?t=MTUS,"$vol(30d) $6.3M < $50M | FAIL: dollar_vol, short_float, rr (no TV drawing read)"
MYE,FAIL,"dollar_vol,rr",False,True,True,True,False,True,True,True,True,,False,31.6299991607666,9572314.220352745,302634.0333333333,3.28,97.28,2026-10-29,27,263,22.237417221069336,22.476208046672213,22.356812633870774,20.15789341947137,34.369998931884766,5.463223123135601,0.8562053724841744,2.5682146889822826,3.610752078740953,,,,,,,,,,,False,,,,,,,,,,True,5.33,8/9,4/6,0.78,47.8,True,"uptrend: new high +5.3 ATR above prior 2.5y high, 8/9 HH and 4/6 HL, 30w EMA +48% in 26w",20,hammer,2026-10-02,strong_close,2026-10-01,False,True,False,no TV drawing read (f_rr False),https://www.tradingview.com/chart/?symbol=NYSE:MYE,https://finviz.com/quote.ashx?t=MYE,"$vol(30d) $9.6M < $50M | FAIL: dollar_vol, rr (no TV drawing read)"
NATL,FAIL,"dollar_vol,short_float,rr",False,False,True,True,False,True,False,True,True,,False,45.415000915527344,31546080.133608498,694618.0666666667,6.07,96.68,2026-11-17,46,156,44.689998626708984,45.20000076293945,44.94499969482422,43.57499967302595,47.75,2.0474454456532953,0.9999999999999992,1.3700000217982702,0.3430665789962533,,,,,,,,,,,False,,,,,,,,,,False,-0.22,4/6,4/6,0.67,13.2,True,no new high: recent high 48.20 is -0.22 ATR vs prior 2.5y high 48.50 (needs >= +1),2,hammer,2026-10-02,hammer,2026-09-30,False,True,False,no TV drawing read (f_rr False),https://www.tradingview.com/chart/?symbol=NYSE:NATL,https://finviz.com/quote.ashx?t=NATL,"$vol(30d) $31.5M < $50M | FAIL: dollar_vol, short_float, rr (no TV drawing read)"
NEM,FAIL,rr,True,True,True,True,False,False,True,True,True,True,False,115.55999755859375,833651994.9156494,7214018.8,1.59,81.85,2026-10-22,20,262,120.3677978515625,121.46294861920876,120.91537323538563,111.6772410149923,133.1228732047779,1.3214251190780775,1.0000000000000002,9.238132220393323,-0.5797032938075732,yes,121.46,120.37,120.26,110.62,132.29,1.25,2026-10-04,charts/latest/NEM.webp,bot,True,bot drawing on chart,bot drawing (review needed): zone 120.37-121.46 entry 120.26 SL 110.62 TP 132.29 R:R 1.25,115.56,9.2381,4.81,0.5207,False,,,False,0.11,3/7,4/6,0.55,11.5,True,no new high: recent high 135.01 is +0.11 ATR vs prior 2.5y high 134.02 (needs >= +1),14,hammer,2026-09-18,hammer,2026-10-02,False,True,False,TV drawing by the bot - review needed (f_rr False until approved); TV drawing by the bot - review needed (f_rr False until approved),https://www.tradingview.com/chart/?symbol=NYSE:NEM,https://finviz.com/quote.ashx?t=NEM,FAIL: rr (bot drawing - review needed)
NRIX,FAIL,"dollar_vol,short_float,no_earnings_14d,rr",False,False,False,True,False,True,True,True,True,,False,22.989999771118164,30574963.95060444,1329924.5,18.19,110.49,2026-10-09,7,263,17.510000228881836,17.68000030517578,17.59500026702881,15.43857192993164,27.049999237060547,4.384564424134489,1.0,2.156428337097168,2.5018218371920136,,,,,,,,,,,False,,,,,,,,,,False,-0.62,5/7,3/4,0.73,41.1,True,no new high: recent high 28.23 is -0.62 ATR vs prior 2.5y high 29.56 (needs >= +1),17,engulfing,2026-09-18,hammer,2026-09-30,False,True,True,no TV drawing read (f_rr False),https://www.tradingview.com/chart/?symbol=NASDAQ:NRIX,https://finviz.com/quote.ashx?t=NRIX,"$vol(30d) $30.6M < $50M | FAIL: dollar_vol, short_float, no_earnings_14d, rr (no TV drawing read)"
NSP,FAIL,"dollar_vol,short_float,rr",False,False,True,True,False,False,True,True,True,,False,46.45500183105469,16886136.114578247,363494.4666666667,8.41,112.18,2026-11-02,31,263,44.116486806655885,44.204719780269194,44.16060329346254,39.31760097541055,52.91501998901367,1.8076424747763546,0.9999999999999994,4.8430023180519965,0.47375540768170055,,,,,,,,,,,False,,,,,,,,,,False,-8.66,1/4,0/3,0.12,22.9,True,"no new high: recent high 55.25 is -8.66 ATR vs prior 2.5y high 97.20 (needs >= +1); choppy swings: 1/4 higher highs, 0/3 higher lows",22,hammer,2026-09-18,engulfing,2026-10-01,True,True,False,no TV drawing read (f_rr False),https://www.tradingview.com/chart/?symbol=NYSE:NSP,https://finviz.com/quote.ashx?t=NSP,"$vol(30d) $16.9M < $50M | FAIL: dollar_vol, short_float, rr (no TV drawing read)"
NUE,FAIL,rr,True,True,True,True,False,True,True,True,True,False,False,240.3800048828125,281047918.7802287,1169181.7666666666,1.9,82.69,2026-10-26,24,263,191.71368408203125,191.9622239178054,191.83795399991834,174.29595437864825,273.0,4.626727154963038,0.9327388311552648,18.806979012059628,2.5810658294331836,yes,220.83,215.19,,,,,2026-10-04,charts/latest/NUE.webp,user,False,user drawing (no Long Position),user drawing (no Long Position),240.38,18.807,19.55,1.0395,False,,,True,4.46,5/5,4/5,0.9,43.7,True,"uptrend: new high +4.5 ATR above prior 2.5y high, 5/5 HH and 4/5 HL, 30w EMA +44% in 26w",6,hammer,2026-10-02,strong_close,2026-10-01,False,True,False,TV drawing by the bot - review needed (f_rr False until approved); TV R:R  < 2 (f_rr False),https://www.tradingview.com/chart/?symbol=NYSE:NUE,https://finviz.com/quote.ashx?t=NUE,FAIL: rr (TV R:R  < 2)
NVRI,FAIL,"dollar_vol,short_float,rr",False,False,True,True,False,True,True,True,True,,False,20.18000030517578,6405906.336207834,317438.36666666664,12.35,91.61,2026-11-16,45,263,19.899999618530273,19.969999313354492,19.934999465942383,18.530000915527342,22.889999389648438,2.1032049626194556,0.6908705809907024,2.033663885934012,0.12047263115993012,,,,,,,,,,,False,,,,,,,,,,True,2.08,4/4,3/5,0.8,23.2,True,"uptrend: new high +2.1 ATR above prior 2.5y high, 4/4 HH and 3/5 HL, 30w EMA +23% in 26w",33,strong_close,2026-10-02,hammer,2026-10-02,True,True,False,no TV drawing read (f_rr False),https://www.tradingview.com/chart/?symbol=NYSE:NVRI,https://finviz.com/quote.ashx?t=NVRI,"$vol(30d) $6.4M < $50M | FAIL: dollar_vol, short_float, rr (no TV drawing read)"
NWPX,FAIL,"dollar_vol,short_float,rr",False,False,True,True,False,True,False,True,True,,False,105.98999786376953,14421468.99833501,136064.43333333332,7.77,91.35,2026-11-04,33,263,77.5999984741211,82.76000213623047,80.18000030517578,70.94999908447265,148.3000030517578,7.380281011641376,0.9264445623026465,9.962820870535714,2.5906314982461303,,,,,,,,,,,False,,,,,,,,,,True,6.92,3/3,6/7,0.93,62.5,True,"uptrend: new high +6.9 ATR above prior 2.5y high, 3/3 HH and 6/7 HL, 30w EMA +62% in 26w",4,strong_close,2026-10-02,strong_close,2026-10-01,False,True,False,no TV drawing read (f_rr False),https://www.tradingview.com/chart/?symbol=NASDAQ:NWPX,https://finviz.com/quote.ashx?t=NWPX,"$vol(30d) $14.4M < $50M | FAIL: dollar_vol, short_float, rr (no TV drawing read)"
NX,FAIL,"dollar_vol,short_float,rr",False,False,True,True,False,False,False,True,True,,False,19.010000228881836,8260858.332461357,434553.3,9.27,109.27,2026-12-10,69,263,21.89618682861328,21.936035215234913,21.916111021924095,19.705379683084907,22.812678432851737,0.4055524048428296,0.9999999999999992,2.2107313388391905,-1.3145472459662142,,,,,,,,,,,False,,,,,,,,,,False,-6.43,4/7,4/6,0.62,9.1,True,no new high: recent high 23.24 is -6.43 ATR vs prior 2.5y high 37.45 (needs >= +1),2,engulfing,2026-09-04,hammer,2026-10-01,False,True,False,no TV drawing read (f_rr False),https://www.tradingview.com/chart/?symbol=NYSE:NX,https://finviz.com/quote.ashx?t=NX,"$vol(30d) $8.3M < $50M | FAIL: dollar_vol, short_float, rr (no TV drawing read)"
OFG,FAIL,"dollar_vol,rr",False,True,True,True,False,True,True,True,True,,False,51.310001373291016,12431999.432070667,242291.93333333332,4.97,98.58,2026-10-21,19,263,42.16169179286037,42.53567610326576,42.34868394806306,40.284693170340184,53.95000076293945,5.6208181451642325,0.9999999999999987,2.063990777722881,4.341742958325917,,,,,,,,,,,False,,,,,,,,,,True,4.27,4/7,3/5,0.59,20.9,True,"uptrend: new high +4.3 ATR above prior 2.5y high, 4/7 HH and 3/5 HL, 30w EMA +21% in 26w",15,hammer,2026-10-02,hammer,2026-10-02,False,True,False,no TV drawing read (f_rr False),https://www.tradingview.com/chart/?symbol=NYSE:OFG,https://finviz.com/quote.ashx?t=OFG,"$vol(30d) $12.4M < $50M | FAIL: dollar_vol, rr (no TV drawing read)"
OII,FAIL,"dollar_vol,short_float,rr",False,False,True,True,False,True,False,True,True,,False,44.310001373291016,37461843.39704742,845448.9333333333,7.7,105.34,2026-10-28,26,263,26.940000534057617,27.709999084472656,27.324999809265137,23.840000381469725,53.0,7.367289643136815,0.7739087925453064,4.503113882882254,3.771834780504039,,,,,,,,,,,False,,,,,,,,,,True,3.39,5/5,5/5,1.0,45.5,True,"uptrend: new high +3.4 ATR above prior 2.5y high, 5/5 HH and 5/5 HL, 30w EMA +45% in 26w",2,hammer,2026-09-11,engulfing,2026-10-01,False,True,False,no TV drawing read (f_rr False),https://www.tradingview.com/chart/?symbol=NYSE:OII,https://finviz.com/quote.ashx?t=OII,"$vol(30d) $37.5M < $50M | FAIL: dollar_vol, short_float, rr (no TV drawing read)"
OKE,FAIL,rr,True,True,True,True,False,False,False,True,True,True,False,87.88999938964844,301148532.1740092,3426425.466666667,4.34,84.16,2026-11-03,32,263,92.92205810546875,94.93802623364421,93.93004216955649,88.44936595525972,97.5999984741211,0.6696174269502082,0.9999999999999997,5.480676214296766,-1.1020615967336533,yes,86.42,83.68,85.71,79.99,97.11,1.99,2026-10-04,charts/latest/OKE.webp,bot,True,bot drawing on chart,bot drawing (review needed): zone 83.68-86.42 entry 85.71 SL 79.99 TP 97.11 R:R 1.99,87.89,5.4807,1.47,0.2682,False,,,False,-1.5,3/6,5/7,0.61,13.1,True,no new high: recent high 99.85 is -1.50 ATR vs prior 2.5y high 108.05 (needs >= +1),2,hammer,2026-10-02,strong_close,2026-10-02,False,True,False,TV drawing by the bot - review needed (f_rr False until approved); TV drawing by the bot - review needed (f_rr False until approved),https://www.tradingview.com/chart/?symbol=NYSE:OKE,https://finviz.com/quote.ashx?t=OKE,FAIL: rr (bot drawing - review needed)
ONB,FAIL,"short_float,rr",True,False,True,True,False,True,True,True,True,,False,24.959999084472656,103833052.89542618,4159978.2333333334,6.23,86.53,2026-10-27,25,263,24.107157917767047,24.31472360859983,24.210940763183437,23.105595051163014,27.01835823059082,2.539854668885269,0.9999999999999988,1.1053457120204242,0.6776688172246496,,,,,,,,,,,False,,,,,,,,,,True,1.36,3/5,4/7,0.59,12.5,True,"uptrend: new high +1.4 ATR above prior 2.5y high, 3/5 HH and 4/7 HL, 30w EMA +12% in 26w",8,hammer,2026-10-02,rejection,2026-10-02,False,True,False,no TV drawing read (f_rr False),https://www.tradingview.com/chart/?symbol=NASDAQ:ONB,https://finviz.com/quote.ashx?t=ONB,"short float 6.23% >= 5% | FAIL: short_float, rr (no TV drawing read)"
OPLN,FAIL,"dollar_vol,rr",False,True,True,True,False,True,False,True,True,,False,35.529998779296875,36730523.09238383,1033789.0333333333,2.29,88.02,2026-11-03,32,263,31.020000457763672,31.06999969482422,31.045000076293945,29.80249990735735,40.400001525878906,7.5291751932649875,0.5000000000000004,2.485000337873186,1.8048282065190635,,,,,,,,,,,False,,,,,,,,,,True,4.47,3/5,5/5,0.8,25.6,True,"uptrend: new high +4.5 ATR above prior 2.5y high, 3/5 HH and 5/5 HL, 30w EMA +26% in 26w",2,strong_close,2026-10-02,strong_close,2026-10-02,False,True,False,no TV drawing read (f_rr False),https://www.tradingview.com/chart/?symbol=NYSE:OPLN,https://finviz.com/quote.ashx?t=OPLN,"$vol(30d) $36.7M < $50M | FAIL: dollar_vol, rr (no TV drawing read)"
ORIC,FAIL,"dollar_vol,short_float,rr",False,False,True,True,False,False,True,True,True,,False,12.204999923706055,16775100.713304836,1374444.9666666666,25.7,86.57,2026-11-09,38,261,13.710000038146973,14.045000076293945,13.877500057220459,12.229285648890905,14.15999984741211,0.17139747642296158,0.9999999999999998,1.648214408329555,-1.0147345667299819,,,,,,,,,,,False,,,,,,,,,,False,-0.15,3/6,4/6,0.58,5.8,True,no new high: recent high 14.68 is -0.15 ATR vs prior 2.5y high 14.93 (needs >= +1),12,engulfing,2026-09-18,hammer,2026-09-29,False,True,False,no TV drawing read (f_rr False),https://www.tradingview.com/chart/?symbol=NASDAQ:ORIC,https://finviz.com/quote.ashx?t=ORIC,"$vol(30d) $16.8M < $50M | FAIL: dollar_vol, short_float, rr (no TV drawing read)"
ORKA,FAIL,"short_float,rr",True,False,True,True,False,True,True,True,True,,False,84.5199966430664,78345278.41231155,926943.7,12.97,103.56,2026-11-18,47,263,34.38999938964844,36.5099983215332,35.44999885559082,29.809106826782227,111.04000091552734,13.400363218067444,0.5,11.281784057617188,4.34948918866646,,,,,,,,,,,False,,,,,,,,,,True,5.49,4/4,6/6,1.0,144.2,True,"uptrend: new high +5.5 ATR above prior 2.5y high, 4/4 HH and 6/6 HL, 30w EMA +144% in 26w",13,hammer,2026-10-02,rejection,2026-09-23,False,True,False,no TV drawing read (f_rr False),https://www.tradingview.com/chart/?symbol=NASDAQ:ORKA,https://finviz.com/quote.ashx?t=ORKA,"short float 12.97% >= 5% | FAIL: short_float, rr (no TV drawing read)"
OVV,PASS,,True,True,True,True,True,False,False,True,True,,False,60.34000015258789,181570892.59115675,3009129.8,4.13,93.64,2026-11-10,39,263,62.84023666381836,64.31344306209049,63.57683986295442,59.42034507342674,65.9757722113199,0.5771527380257061,1.0000000000000007,4.156494789527682,-0.7787426363487264,yes,,,51.6,48.22,61.18,2.83,2026-10-04,charts/latest/OVV.webp,user,False,user drawing (no rectangle),"no rectangle (horizontal lines 51.20, 52.74)",,,,,False,,,True,1.3,7/8,4/5,0.84,26.0,True,"uptrend: new high +1.3 ATR above prior 2.5y high, 7/8 HH and 4/5 HL, 30w EMA +26% in 26w",2,hammer,2026-10-02,strong_close,2026-10-02,False,True,False,TV drawing by the bot - review needed (f_rr False until approved),https://www.tradingview.com/chart/?symbol=NYSE:OVV,https://finviz.com/quote.ashx?t=OVV,PASS (TV) entry=51.6 SL=48.22 TP=61.18 R:R=2.83 zone=[-]
OXY,FAIL,rr,True,True,True,True,False,True,True,True,True,False,False,58.099998474121094,460231499.6996175,7921368.533333333,2.17,84.93,2026-11-10,39,263,47.308015123332105,48.48458765145014,47.89630138739112,44.25319651715728,59.07481002807617,3.068401552757808,0.9999999999999991,3.6431048702338447,2.800824420427682,yes,51.33,50.15,50.86,47,62.21,2.94,2026-10-04,charts/latest/OXY.webp,bot,True,bot drawing on chart,bot drawing (review needed): zone 50.15-51.33 entry 50.86 SL 47.0 TP 62.21 R:R 2.94,58.1,3.6431,6.77,1.8583,False,,,False,-1.12,4/6,2/5,0.53,14.3,True,no new high: recent high 63.77 is -1.12 ATR vs prior 2.5y high 67.84 (needs >= +1),21,hammer,2026-10-02,strong_close,2026-10-02,False,True,False,TV drawing by the bot - review needed (f_rr False until approved); TV drawing by the bot - review needed (f_rr False until approved),https://www.tradingview.com/chart/?symbol=NYSE:OXY,https://finviz.com/quote.ashx?t=OXY,FAIL: rr (bot drawing - review needed)
PAGP,FAIL,"dollar_vol,short_float,rr",False,False,True,True,False,True,False,True,True,,False,26.059999465942383,45304946.837548256,1738486.1,9.46,81.16,2026-10-29,27,262,25.542062759399414,25.738917602217157,25.640490180808285,24.46005125350625,28.31999969482422,2.269926424859705,0.9999999999999987,1.1804389273020364,0.35538415027782155,,,,,,,,,,,False,,,,,,,,,,True,4.02,5/5,4/4,1.0,24.3,True,"uptrend: new high +4.0 ATR above prior 2.5y high, 5/5 HH and 4/4 HL, 30w EMA +24% in 26w",0,rejection,2026-09-04,strong_close,2026-10-02,False,True,False,no TV drawing read (f_rr False),https://www.tradingview.com/chart/?symbol=NASDAQ:PAGP,https://finviz.com/quote.ashx?t=PAGP,"$vol(30d) $45.3M < $50M | FAIL: dollar_vol, short_float, rr (no TV drawing read)"
PBI,FAIL,"dollar_vol,short_float,rr",False,False,True,True,False,True,True,True,True,,False,16.7549991607666,26467462.235283535,1579675.5333333334,13.62,88.08,2026-11-04,33,263,10.600667953491211,10.777269590974814,10.688968772233013,9.797314962463306,17.399999618530273,7.52649825836617,0.7271299346380945,1.2262647530987691,4.946754257761009,,,,,,,,,,,False,,,,,,,,,,False,5.16,1/5,3/5,0.4,52.2,True,"choppy swings: 1/5 higher highs, 3/5 higher lows",19,hammer,2026-10-02,hammer,2026-10-01,False,True,False,no TV drawing read (f_rr False),https://www.tradingview.com/chart/?symbol=NYSE:PBI,https://finviz.com/quote.ashx?t=PBI,"$vol(30d) $26.5M < $50M | FAIL: dollar_vol, short_float, rr (no TV drawing read)"
PCRX,FAIL,"dollar_vol,short_float,rr",False,False,True,True,False,False,True,True,True,,False,25.209999084472656,13107124.74100113,519917.7,19.8,112.4,2026-10-29,27,263,24.719999313354492,24.889999389648438,24.804999351501465,23.049285207475936,26.350000381469727,0.8799843842607883,0.9999999999999991,1.7557141440255302,0.23067521233416813,,,,,,,,,,,False,,,,,,,,,,False,-2.28,2/6,2/5,0.37,6.5,True,"no new high: recent high 27.66 is -2.28 ATR vs prior 2.5y high 31.67 (needs >= +1); choppy swings: 2/6 higher highs, 2/5 higher lows",7,hammer,2026-09-25,rejection,2026-10-02,False,True,False,no TV drawing read (f_rr False),https://www.tradingview.com/chart/?symbol=NASDAQ:PCRX,https://finviz.com/quote.ashx?t=PCRX,"$vol(30d) $13.1M < $50M | FAIL: dollar_vol, short_float, rr (no TV drawing read)"
PCTY,FAIL,"short_float,rr",True,False,True,True,False,True,True,False,True,,False,144.47000122070312,87583994.36937663,606243.4666666667,6.57,88.05,2026-10-29,27,263,117.55000305175781,123.36499786376953,120.45750045776367,108.14885875156948,157.92999267578125,3.04440515147662,0.9999999999999999,12.308641706194196,1.9508651999233524,,,,,,,,,,,False,,,,,,,,,,False,-5.03,2/5,2/6,0.37,-1.7,False,"no new high: recent high 161.93 is -5.03 ATR vs prior 2.5y high 223.80 (needs >= +1); choppy swings: 2/5 higher highs, 2/6 higher lows; 30w EMA falling (-2% in 26w)",15,,,hammer,2026-09-30,False,True,False,no TV drawing read (f_rr False),https://www.tradingview.com/chart/?symbol=NASDAQ:PCTY,https://finviz.com/quote.ashx?t=PCTY,"short float 6.57% >= 5% | FAIL: short_float, rr (no TV drawing read)"
PCVX,FAIL,"short_float,rr",True,False,True,True,False,True,False,True,True,,False,56.47999954223633,72957830.43268548,1291746.3,11.1,111.42,2026-11-09,38,263,49.61000061035156,50.27000045776367,49.94000053405762,45.376207624162944,62.619998931884766,2.7783903976746807,1.0000000000000004,4.563792909894671,1.4330183549738784,,,,,,,,,,,False,,,,,,,,,,False,-12.51,3/6,6/8,0.62,10.1,True,no new high: recent high 63.98 is -12.51 ATR vs prior 2.5y high 121.06 (needs >= +1),0,strong_close,2026-09-04,hammer,2026-10-02,False,True,False,no TV drawing read (f_rr False),https://www.tradingview.com/chart/?symbol=NASDAQ:PCVX,https://finviz.com/quote.ashx?t=PCVX,"short float 11.10% >= 5% | FAIL: short_float, rr (no TV drawing read)"
PFG,PASS,,True,True,True,True,True,True,True,True,True,False,False,111.95999908447266,150107162.98453292,1340721.3666666667,4.45,81.86,2026-10-22,20,262,94.98644256591797,95.51338696573315,95.24991476582557,89.75219924525845,113.26871592747503,3.277507010728476,1.0000000000000009,5.497715520567107,3.039459618478657,yes,95.45,94.35,94.98,85.81,117.62,2.47,2026-10-04,charts/latest/PFG.webp,user,False,,,111.96,5.4977,16.51,3.0031,True,far,close 111.96 is 3.00 ATR above zone top 95.45,True,4.67,5/5,4/6,0.83,24.2,True,"uptrend: new high +4.7 ATR above prior 2.5y high, 5/5 HH and 4/6 HL, 30w EMA +24% in 26w",10,strong_close,2026-09-18,hammer,2026-10-02,False,True,False,TV drawing by the bot - review needed (f_rr False until approved),https://www.tradingview.com/chart/?symbol=NASDAQ:PFG,https://finviz.com/quote.ashx?t=PFG,PASS (TV) entry=94.98 SL=85.81 TP=117.62 R:R=2.47 zone=[94.35-95.45]
PGNY,FAIL,"dollar_vol,short_float,rr",False,False,True,True,False,True,True,True,True,,False,25.229999542236328,27357002.03864479,1084304.5,6.32,103.52,2026-10-29,27,263,23.670000076293945,23.8799991607666,23.774999618530273,21.607142448425293,31.969999313354492,3.7802304542173175,1.0,2.1678571701049805,0.6711696433559758,,,,,,,,,,,False,,,,,,,,,,False,-1.52,5/8,2/5,0.51,20.0,True,no new high: recent high 33.06 is -1.52 ATR vs prior 2.5y high 36.36 (needs >= +1),8,hammer,2026-10-02,strong_close,2026-10-02,True,True,False,no TV drawing read (f_rr False),https://www.tradingview.com/chart/?symbol=NASDAQ:PGNY,https://finviz.com/quote.ashx?t=PGNY,"$vol(30d) $27.4M < $50M | FAIL: dollar_vol, short_float, rr (no TV drawing read)"
PGR,FAIL,"no_earnings_14d,rr",True,True,False,True,False,False,False,True,True,,False,210.27999877929688,503548597.204834,2394657.6,1.08,90.32,2026-10-08,6,263,202.7299793447737,208.3674785494131,205.54872894709342,192.96650815133424,220.39999389648438,1.180337333962264,0.9999999999999999,12.582220795759186,0.37602819955266703,,,,,,,,,,,False,,,,,,,,,,False,-2.82,1/8,1/6,0.15,-0.2,False,"no new high: recent high 239.38 is -2.82 ATR vs prior 2.5y high 274.91 (needs >= +1); choppy swings: 1/8 higher highs, 1/6 higher lows; 30w EMA falling (-0% in 26w)",1,strong_close,2026-10-02,hammer,2026-10-02,False,True,True,no TV drawing read (f_rr False),https://www.tradingview.com/chart/?symbol=NYSE:PGR,https://finviz.com/quote.ashx?t=PGR,"FAIL: no_earnings_14d, rr (no TV drawing read)"
PH,FAIL,rr,True,True,True,True,False,False,True,True,True,True,False,972.927490234375,542680565.723169,557781.1,1.16,91.12,2026-10-29,27,263,966.9724731445312,1001.7723946354896,984.3724338900104,931.8799160848828,1082.6694406412896,1.8725908160129703,1.0000000000000002,52.49251780512758,-0.2180299999730134,yes,951.29,927.47,944.47,895.21,1077.95,2.71,2026-10-04,charts/latest/PH.webp,bot,True,bot drawing on chart,bot drawing (review needed): zone 927.47-951.29 entry 944.47 SL 895.21 TP 1077.95 R:R 2.71,972.9275,52.4925,21.6375,0.4122,False,,,True,1.28,4/6,4/5,0.73,9.0,True,"uptrend: new high +1.3 ATR above prior 2.5y high, 4/6 HH and 4/5 HL, 30w EMA +9% in 26w",20,hammer,2026-10-02,strong_close,2026-10-01,True,True,False,TV drawing by the bot - review needed (f_rr False until approved); TV drawing by the bot - review needed (f_rr False until approved),https://www.tradingview.com/chart/?symbol=NYSE:PH,https://finviz.com/quote.ashx?t=PH,FAIL: rr (bot drawing - review needed)
PKE,FAIL,"dollar_vol,short_float,no_earnings_14d,rr",False,False,False,True,False,False,False,True,True,,False,30.3700008392334,7172094.36219101,236157.2,6.21,91.81,2026-10-02,0,263,35.7226007635502,38.07487083180901,36.898735797679606,33.04172718587247,38.22999954223633,0.34515446516801523,0.9999999999999998,3.8570086118071396,-1.6926939023315464,,,,,,,,,,,False,,,,,,,,,,True,2.72,7/7,7/7,1.0,37.8,True,"uptrend: new high +2.7 ATR above prior 2.5y high, 7/7 HH and 7/7 HL, 30w EMA +38% in 26w",2,hammer,2026-10-02,hammer,2026-10-02,False,True,True,no TV drawing read (f_rr False),https://www.tradingview.com/chart/?symbol=NYSE:PKE,https://finviz.com/quote.ashx?t=PKE,"$vol(30d) $7.2M < $50M | FAIL: dollar_vol, short_float, no_earnings_14d, rr (no TV drawing read)"
PKG,FAIL,rr,True,True,True,True,False,True,True,True,True,True,False,228.5850067138672,123727936.21056569,541277.5666666667,3.89,98.84,2026-10-21,19,263,222.27140433922395,222.5082841555742,222.38984424739908,209.32988888029266,254.39352416992188,2.450519854235425,1.0000000000000002,13.059955367106424,0.47436321888753213,yes,228.27,222.27,226.57,214.16,253.22,2.15,2026-10-04,charts/latest/PKG.webp,bot,True,bot drawing on chart,bot drawing (review needed): zone 222.27-228.27 entry 226.57 SL 214.16 TP 253.22 R:R 2.15,228.585,13.06,0.315,0.0241,False,,,True,1.03,5/6,6/6,0.92,9.6,True,"uptrend: new high +1.0 ATR above prior 2.5y high, 5/6 HH and 6/6 HL, 30w EMA +10% in 26w",28,hammer,2026-09-11,hammer,2026-10-01,False,True,False,TV drawing by the bot - review needed (f_rr False until approved); TV drawing by the bot - review needed (f_rr False until approved),https://www.tradingview.com/chart/?symbol=NYSE:PKG,https://finviz.com/quote.ashx?t=PKG,FAIL: rr (bot drawing - review needed)
PLMR,FAIL,"dollar_vol,rr",False,True,True,True,False,False,False,True,True,,False,126.48999786376953,27147161.067857616,214619.03333333333,3.64,94.92,2026-11-04,33,263,132.7178787948738,134.32229295327141,133.5200858740726,123.4611555426726,136.5800018310547,0.30419894125623204,1.0,10.058930331400006,-0.6988902178154985,,,,,,,,,,,False,,,,,,,,,,False,-2.8,3/6,2/6,0.42,2.5,True,"no new high: recent high 147.11 is -2.80 ATR vs prior 2.5y high 175.24 (needs >= +1); choppy swings: 3/6 higher highs, 2/6 higher lows",2,hammer,2026-10-02,hammer,2026-10-02,False,True,False,no TV drawing read (f_rr False),https://www.tradingview.com/chart/?symbol=NASDAQ:PLMR,https://finviz.com/quote.ashx?t=PLMR,"$vol(30d) $27.1M < $50M | FAIL: dollar_vol, rr (no TV drawing read)"
PM,FAIL,rr,True,True,True,True,False,False,True,True,True,True,False,187.5,770920493.75,4111575.966666667,0.89,85.54,2026-10-20,18,263,188.21954912030677,188.4377413999622,188.32864526013446,177.18328676578457,193.0,0.41913005689621063,1.0000000000000002,11.145358494349889,-0.07434891040557776,yes,181.01,180.45,179.56,168.79,194.19,1.36,2026-10-04,charts/latest/PM.webp,bot,True,bot drawing on chart,bot drawing (review needed): zone 180.45-181.01 entry 179.56 SL 168.79 TP 194.19 R:R 1.36,187.5,11.1454,6.49,0.5823,False,,,True,1.77,3/5,4/5,0.7,11.0,True,"uptrend: new high +1.8 ATR above prior 2.5y high, 3/5 HH and 4/5 HL, 30w EMA +11% in 26w",6,engulfing,2026-09-11,strong_close,2026-09-29,True,True,False,TV drawing by the bot - review needed (f_rr False until approved); TV drawing by the bot - review needed (f_rr False until approved),https://www.tradingview.com/chart/?symbol=NYSE:PM,https://finviz.com/quote.ashx?t=PM,FAIL: rr (bot drawing - review needed)
PNTG,FAIL,"dollar_vol,rr",False,True,True,True,False,True,False,True,True,,False,39.2400016784668,13592740.505421065,346400.1,3.19,91.3,2026-11-09,38,263,33.709999084472656,35.0,34.35499954223633,31.19357136317662,42.0099983215332,2.4213736152543794,0.9999999999999996,3.1614281790597096,1.5451883957342958,,,,,,,,,,,False,,,,,,,,,,True,1.77,5/8,5/8,0.62,24.5,True,"uptrend: new high +1.8 ATR above prior 2.5y high, 5/8 HH and 5/8 HL, 30w EMA +25% in 26w",0,strong_close,2026-09-25,rejection,2026-10-01,False,True,False,no TV drawing read (f_rr False),https://www.tradingview.com/chart/?symbol=NASDAQ:PNTG,https://finviz.com/quote.ashx?t=PNTG,"$vol(30d) $13.6M < $50M | FAIL: dollar_vol, rr (no TV drawing read)"
PR,FAIL,rr,True,True,True,True,False,False,False,True,True,True,False,22.1200008392334,218583147.40771687,9881697.066666666,2.66,88.44,2026-11-10,39,263,21.78944947590495,22.336154565538486,22.06280202072172,20.56137885348057,24.061764464624872,1.331378446475038,1.000000000000001,1.5014231672411482,0.03809640064152049,yes,22.34,21.79,22.14,20.82,23.93,1.35,2026-10-04,charts/latest/PR.webp,bot,True,bot drawing on chart,bot drawing (review needed): zone 21.79-22.34 entry 22.14 SL 20.82 TP 23.93 R:R 1.35,22.12,1.5014,0.0,0.0,False,,,True,1.88,5/7,3/6,0.61,26.8,True,"uptrend: new high +1.9 ATR above prior 2.5y high, 5/7 HH and 3/6 HL, 30w EMA +27% in 26w",2,hammer,2026-10-02,strong_close,2026-10-02,False,True,False,TV drawing by the bot - review needed (f_rr False until approved); TV drawing by the bot - review needed (f_rr False until approved),https://www.tradingview.com/chart/?symbol=NYSE:PR,https://finviz.com/quote.ashx?t=PR,FAIL: rr (bot drawing - review needed)
PRAA,FAIL,"dollar_vol,rr",False,True,True,True,False,False,False,True,True,,False,18.8700008392334,8201113.079740207,434611.1666666667,2.96,95.19,2026-11-09,38,261,18.979999542236328,19.479999542236328,19.229999542236328,17.192142486572266,20.690000534057617,0.7164393536648371,1.0,2.0378570556640625,-0.17665552252663735,,,,,,,,,,,False,,,,,,,,,,False,-2.99,4/8,1/4,0.38,14.8,True,"no new high: recent high 22.55 is -2.99 ATR vs prior 2.5y high 28.64 (needs >= +1); choppy swings: 4/8 higher highs, 1/4 higher lows",0,hammer,2026-09-25,hammer,2026-09-30,False,True,False,no TV drawing read (f_rr False),https://www.tradingview.com/chart/?symbol=NASDAQ:PRAA,https://finviz.com/quote.ashx?t=PRAA,"$vol(30d) $8.2M < $50M | FAIL: dollar_vol, rr (no TV drawing read)"
PRGS,FAIL,"dollar_vol,short_float,rr",False,False,True,True,False,True,False,False,True,,False,36.900001525878906,21389925.97451045,579672.7666666667,11.68,114.33,2027-01-19,109,263,33.650001525878906,35.380001068115234,34.51500129699707,30.879999389648436,44.7599983215332,2.8184296145277186,0.8749253430243864,4.154642377580915,0.5740566845781148,,,,,,,,,,,False,,,,,,,,,,False,-5.82,4/7,2/5,0.49,-5.0,False,"no new high: recent high 46.36 is -5.82 ATR vs prior 2.5y high 70.56 (needs >= +1); choppy swings: 4/7 higher highs, 2/5 higher lows; 30w EMA falling (-5% in 26w)",0,,,hammer,2026-10-02,False,True,False,no TV drawing read (f_rr False),https://www.tradingview.com/chart/?symbol=NASDAQ:PRGS,https://finviz.com/quote.ashx?t=PRGS,"$vol(30d) $21.4M < $50M | FAIL: dollar_vol, short_float, rr (no TV drawing read)"
PSMT,FAIL,"dollar_vol,short_float,rr",False,False,True,True,False,True,False,True,True,,False,170.67999267578125,37459758.12986043,219473.63333333333,7.59,91.57,2026-10-26,24,263,161.1516306511763,164.60814848667107,162.8798895689237,152.41565536881046,197.43016587276261,3.3017491431398858,0.9009380490675208,11.61482103119499,0.6715646402047961,,,,,,,,,,,False,,,,,,,,,,True,3.59,6/6,6/6,1.0,26.1,True,"uptrend: new high +3.6 ATR above prior 2.5y high, 6/6 HH and 6/6 HL, 30w EMA +26% in 26w",2,strong_close,2026-09-25,hammer,2026-10-02,False,True,False,no TV drawing read (f_rr False),https://www.tradingview.com/chart/?symbol=NASDAQ:PSMT,https://finviz.com/quote.ashx?t=PSMT,"$vol(30d) $37.5M < $50M | FAIL: dollar_vol, short_float, rr (no TV drawing read)"
PTEN,FAIL,"short_float,rr",True,False,True,True,False,False,False,True,True,,False,11.210000038146973,92902968.73281002,8287508.333333333,9.2,112.61,2026-10-28,26,263,12.211823463439941,12.221656074466415,12.216739768953179,11.065625492769286,12.880000114440918,0.5761898355448609,1.0000000000000007,1.1511142761838926,-0.8745784425015486,,,,,,,,,,,False,,,,,,,,,,True,1.6,5/8,3/6,0.56,37.2,True,"uptrend: new high +1.6 ATR above prior 2.5y high, 5/8 HH and 3/6 HL, 30w EMA +37% in 26w",2,hammer,2026-10-02,strong_close,2026-10-02,False,True,False,no TV drawing read (f_rr False),https://www.tradingview.com/chart/?symbol=NASDAQ:PTEN,https://finviz.com/quote.ashx?t=PTEN,"short float 9.20% >= 5% | FAIL: short_float, rr (no TV drawing read)"
PTGX,FAIL,"short_float,rr",True,False,True,True,False,True,False,True,True,,False,140.05999755859375,87448807.81500041,624366.7666666667,13.3,114.66,2026-11-05,34,263,105.9800033569336,106.90299987792969,106.44150161743164,95.3900015258789,155.11000061035156,4.403791212934061,0.9475575245130555,11.66314424787249,2.8824556420362,,,,,,,,,,,False,,,,,,,,,,True,4.54,5/5,6/8,0.88,49.9,True,"uptrend: new high +4.5 ATR above prior 2.5y high, 5/5 HH and 6/8 HL, 30w EMA +50% in 26w",0,hammer,2026-09-25,hammer,2026-10-02,False,True,False,no TV drawing read (f_rr False),https://www.tradingview.com/chart/?symbol=NASDAQ:PTGX,https://finviz.com/quote.ashx?t=PTGX,"short float 13.30% >= 5% | FAIL: short_float, rr (no TV drawing read)"
PVLA,FAIL,"dollar_vol,short_float,rr",False,False,True,True,False,False,False,True,True,,False,132.47000122070312,28888638.37787374,218076.83333333334,25.45,88.38,2026-11-17,46,263,130.00999450683594,133.3300018310547,131.6699981689453,113.37642778669084,157.24000549316406,1.3977592558433933,1.0000000000000004,18.293570382254465,0.043731378568606226,,,,,,,,,,,False,,,,,,,,,,False,0.56,3/6,3/5,0.55,44.2,True,no new high: recent high 161.38 is +0.56 ATR vs prior 2.5y high 151.18 (needs >= +1),0,strong_close,2026-09-04,hammer,2026-10-02,False,True,False,no TV drawing read (f_rr False),https://www.tradingview.com/chart/?symbol=NASDAQ:PVLA,https://finviz.com/quote.ashx?t=PVLA,"$vol(30d) $28.9M < $50M | FAIL: dollar_vol, short_float, rr (no TV drawing read)"
QNST,FAIL,"dollar_vol,short_float,rr",False,False,True,True,False,True,False,True,True,,False,14.970000267028809,15847798.667686623,1058637.1666666667,11.27,94.3,2026-11-04,33,263,13.210000038146973,13.850000381469727,13.53000020980835,11.34928642000471,21.829999923706055,3.8060931024997413,0.9999999999999996,2.180713789803641,0.660334274013153,,,,,,,,,,,False,,,,,,,,,,False,-1.83,3/8,3/6,0.44,15.9,True,"no new high: recent high 22.29 is -1.83 ATR vs prior 2.5y high 26.27 (needs >= +1); choppy swings: 3/8 higher highs, 3/6 higher lows",1,strong_close,2026-10-02,strong_close,2026-09-30,False,True,False,no TV drawing read (f_rr False),https://www.tradingview.com/chart/?symbol=NASDAQ:QNST,https://finviz.com/quote.ashx?t=QNST,"$vol(30d) $15.8M < $50M | FAIL: dollar_vol, short_float, rr (no TV drawing read)"
QTWO,FAIL,"dollar_vol,short_float,rr",False,False,True,True,False,True,False,True,True,,False,56.369998931884766,33661089.31817983,597145.4666666667,8.67,109.52,2026-11-11,40,263,51.810001373291016,52.41999816894531,52.114999771118164,46.87214251926967,65.12999725341797,2.4824245362986117,0.9999999999999997,5.242857251848493,0.811580204528056,,,,,,,,,,,False,,,,,,,,,,False,-8.64,3/7,1/7,0.29,-8.5,False,"no new high: recent high 67.51 is -8.64 ATR vs prior 2.5y high 112.82 (needs >= +1); choppy swings: 3/7 higher highs, 1/7 higher lows; 30w EMA falling (-8% in 26w)",2,strong_close,2026-10-02,rejection,2026-10-02,False,True,False,no TV drawing read (f_rr False),https://www.tradingview.com/chart/?symbol=NYSE:QTWO,https://finviz.com/quote.ashx?t=QTWO,"$vol(30d) $33.7M < $50M | FAIL: dollar_vol, short_float, rr (no TV drawing read)"
RAMP,FAIL,"dollar_vol,short_float,rr",False,False,True,True,False,True,False,False,True,,False,37.66999816894531,43929589.11734721,1166169.1333333333,13.52,101.41,2026-11-11,40,263,29.389999389648438,29.68000030517578,29.53499984741211,29.198570796421595,38.0,25.161323398396334,1.0000000000000016,0.3364290509905134,24.180427634243134,,,,,,,,,,,False,,,,,,,,,,False,0.68,3/7,4/6,0.55,28.1,True,no new high: recent high 38.23 is +0.68 ATR vs prior 2.5y high 38.00 (needs >= +1),1,,,hammer,2026-10-01,False,True,False,no TV drawing read (f_rr False),https://www.tradingview.com/chart/?symbol=NYSE:RAMP,https://finviz.com/quote.ashx?t=RAMP,"$vol(30d) $43.9M < $50M | FAIL: dollar_vol, short_float, rr (no TV drawing read)"
RDNT,FAIL,"dollar_vol,short_float,rr",False,False,True,True,False,True,True,True,True,,False,69.93000030517578,49549766.51723608,708562.3666666667,13.73,103.99,2026-11-11,40,262,63.45000076293945,63.576900764465336,63.513450763702394,57.32394368798392,76.9800033569336,2.175706793528144,1.0000000000000004,6.189507075718471,1.0366818331375056,,,,,,,,,,,False,,,,,,,,,,False,-2.24,5/9,4/9,0.5,-0.4,False,no new high: recent high 79.77 is -2.24 ATR vs prior 2.5y high 93.65 (needs >= +1); 30w EMA falling (-0% in 26w),15,rejection,2026-10-02,strong_close,2026-10-02,True,True,False,no TV drawing read (f_rr False),https://www.tradingview.com/chart/?symbol=NASDAQ:RDNT,https://finviz.com/quote.ashx?t=RDNT,"$vol(30d) $49.5M < $50M | FAIL: dollar_vol, short_float, rr (no TV drawing read)"
RELY,FAIL,"short_float,rr",True,False,True,True,False,True,True,True,True,,False,21.770000457763672,85031750.2936522,3905914.033333333,9.44,85.39,2026-11-04,33,263,17.149999618530273,17.878999710083008,17.51449966430664,15.105999674115862,26.670000076293945,3.801328814314047,0.9999999999999998,2.4084999901907787,1.7668676814567688,,,,,,,,,,,False,,,,,,,,,,False,0.07,5/9,4/7,0.56,39.6,True,no new high: recent high 27.48 is +0.07 ATR vs prior 2.5y high 27.32 (needs >= +1),17,hammer,2026-09-25,hammer,2026-10-01,False,True,False,no TV drawing read (f_rr False),https://www.tradingview.com/chart/?symbol=NASDAQ:RELY,https://finviz.com/quote.ashx?t=RELY,"short float 9.44% >= 5% | FAIL: short_float, rr (no TV drawing read)"
REPL,FAIL,"dollar_vol,short_float,rr",False,False,True,True,False,True,True,True,True,,False,13.069999694824219,29325133.917944334,2243698.1333333333,25.68,103.02,2026-10-29,27,262,8.40999984741211,8.430000305175781,8.420000076293945,7.0400001907348635,15.5,5.130435152780988,0.5640875366087371,2.4464286054883684,1.900729744615628,,,,,,,,,,,False,,,,,,,,,,False,-0.27,6/9,4/6,0.67,34.6,True,no new high: recent high 16.33 is -0.27 ATR vs prior 2.5y high 17.00 (needs >= +1),19,strong_close,2026-10-02,hammer,2026-10-01,False,True,False,no TV drawing read (f_rr False),https://www.tradingview.com/chart/?symbol=NASDAQ:REPL,https://finviz.com/quote.ashx?t=REPL,"$vol(30d) $29.3M < $50M | FAIL: dollar_vol, short_float, rr (no TV drawing read)"
RHI,FAIL,"short_float,rr",True,False,True,True,False,True,True,True,True,,False,36.130001068115234,65292067.68123665,1807142.7,19.91,124.41,2026-10-27,25,263,26.628504898582214,29.19673419757267,27.912619548077444,23.34933790271581,45.310001373291016,3.812471632755171,0.9999999999999996,4.563281645361636,1.8007614165981574,,,,,,,,,,,False,,,,,,,,,,False,-5.13,1/4,3/6,0.38,25.5,True,"no new high: recent high 46.09 is -5.13 ATR vs prior 2.5y high 69.50 (needs >= +1); choppy swings: 1/4 higher highs, 3/6 higher lows",10,hammer,2026-09-25,hammer,2026-09-29,False,True,False,no TV drawing read (f_rr False),https://www.tradingview.com/chart/?symbol=NYSE:RHI,https://finviz.com/quote.ashx?t=RHI,"short float 19.91% >= 5% | FAIL: short_float, rr (no TV drawing read)"
RIOT,FAIL,"short_float,rr",True,False,True,True,False,True,False,True,True,,False,19.729999542236328,318092381.0351438,16122270.066666666,14.71,84.69,2026-11-10,39,262,16.290000915527344,17.408000946044922,16.849000930786133,12.345072610037668,28.809999465942383,2.65568137042833,0.9999999999999998,4.503928320748465,0.6396635128889949,,,,,,,,,,,False,,,,,,,,,,True,1.42,2/4,3/5,0.55,40.1,True,"uptrend: new high +1.4 ATR above prior 2.5y high, 2/4 HH and 3/5 HL, 30w EMA +40% in 26w",1,engulfing,2026-09-18,hammer,2026-10-01,False,True,False,no TV drawing read (f_rr False),https://www.tradingview.com/chart/?symbol=NASDAQ:RIOT,https://finviz.com/quote.ashx?t=RIOT,"short float 14.71% >= 5% | FAIL: short_float, rr (no TV drawing read)"
RLAY,FAIL,"short_float,rr",True,False,True,True,False,True,False,True,True,,False,18.959999084472656,61336160.78224182,3235029.7333333334,25.93,98.96,2026-11-11,40,263,8.5600004196167,8.8100004196167,8.6850004196167,6.801428931100028,20.0049991607666,6.0098588294434725,1.0000000000000002,1.8835714885166712,5.455061688658075,,,,,,,,,,,False,,,,,,,,,,True,4.37,6/6,5/5,1.0,100.7,True,"uptrend: new high +4.4 ATR above prior 2.5y high, 6/6 HH and 5/5 HL, 30w EMA +101% in 26w",2,strong_close,2026-10-02,strong_close,2026-10-02,False,True,False,no TV drawing read (f_rr False),https://www.tradingview.com/chart/?symbol=NASDAQ:RLAY,https://finviz.com/quote.ashx?t=RLAY,"short float 25.93% >= 5% | FAIL: short_float, rr (no TV drawing read)"
RLJ,FAIL,"dollar_vol,short_float,rr",False,False,True,True,False,True,True,True,True,,False,11.21500015258789,17864830.19356346,1592940.7,8.95,94.92,2026-11-04,33,263,8.060415837466191,8.176531888559357,8.118473863012774,7.467226556157715,12.390000343322754,6.558992928412439,0.9999999999999998,0.6512473068550594,4.754762525665653,,,,,,,,,,,False,,,,,,,,,,True,4.0,4/4,4/5,0.9,40.6,True,"uptrend: new high +4.0 ATR above prior 2.5y high, 4/4 HH and 4/5 HL, 30w EMA +41% in 26w",8,hammer,2026-10-02,hammer,2026-10-02,False,True,False,no TV drawing read (f_rr False),https://www.tradingview.com/chart/?symbol=NYSE:RLJ,https://finviz.com/quote.ashx?t=RLJ,"$vol(30d) $17.9M < $50M | FAIL: dollar_vol, short_float, rr (no TV drawing read)"
RNST,FAIL,"dollar_vol,short_float,rr",False,False,True,True,False,False,True,True,True,,False,39.91999816894531,25927247.06409963,649480.1666666666,5.35,91.01,2026-10-27,25,263,40.00367736816406,40.586879123523026,40.29527824584355,38.20990202615335,43.59306551542028,1.5813872041116155,0.9999999999999987,2.0853762196901995,-0.17995797274123826,,,,,,,,,,,False,,,,,,,,,,True,1.4,4/6,4/6,0.67,12.0,True,"uptrend: new high +1.4 ATR above prior 2.5y high, 4/6 HH and 4/6 HL, 30w EMA +12% in 26w",13,hammer,2026-10-02,strong_close,2026-10-01,False,True,False,no TV drawing read (f_rr False),https://www.tradingview.com/chart/?symbol=NYSE:RNST,https://finviz.com/quote.ashx?t=RNST,"$vol(30d) $25.9M < $50M | FAIL: dollar_vol, short_float, rr (no TV drawing read)"
RS,FAIL,rr,True,True,True,True,False,True,False,True,True,False,False,400.1570129394531,113984204.9316864,284848.7,2.3,83.26,2026-10-21,19,263,349.6131591796875,350.71168485924875,350.1624220194681,326.256287306995,426.5400085449219,3.194894843690618,0.9999999999999992,23.906134712473165,2.091287091003467,yes,369.57,366.66,366.46,343.81,424.39,2.56,2026-10-04,charts/latest/RS.webp,bot,True,bot drawing on chart,bot drawing (review needed): zone 366.66-369.57 entry 366.46 SL 343.81 TP 424.39 R:R 2.56,400.157,23.9061,30.587,1.2795,False,,,True,2.96,3/4,4/6,0.71,24.9,True,"uptrend: new high +3.0 ATR above prior 2.5y high, 3/4 HH and 4/6 HL, 30w EMA +25% in 26w",2,engulfing,2026-10-02,strong_close,2026-10-02,False,True,False,TV drawing by the bot - review needed (f_rr False until approved); TV drawing by the bot - review needed (f_rr False until approved),https://www.tradingview.com/chart/?symbol=NYSE:RS,https://finviz.com/quote.ashx?t=RS,FAIL: rr (bot drawing - review needed)
RUSHA,FAIL,"dollar_vol,short_float,rr",False,False,True,True,False,False,True,True,True,,False,47.18000030517578,29334231.24174347,621751.4,7.19,83.37,2026-10-27,25,263,50.027126515046255,51.048225484192706,50.53767599961948,47.50855535723422,54.66588592529297,1.3628410397093857,0.999999999999999,3.0291206423852617,-1.1084654891129457,,,,,,,,,,,False,,,,,,,,,,True,1.76,6/7,4/5,0.83,18.8,True,"uptrend: new high +1.8 ATR above prior 2.5y high, 6/7 HH and 4/5 HL, 30w EMA +19% in 26w",17,hammer,2026-10-02,hammer,2026-10-02,False,True,False,no TV drawing read (f_rr False),https://www.tradingview.com/chart/?symbol=NASDAQ:RUSHA,https://finviz.com/quote.ashx?t=RUSHA,"$vol(30d) $29.3M < $50M | FAIL: dollar_vol, short_float, rr (no TV drawing read)"
SAIC,FAIL,"short_float,rr",True,False,True,True,False,True,False,True,True,,False,125.26000213623047,61643991.90929947,492128.3,5.47,86.91,2026-12-03,62,261,119.80004819990714,123.00960218616365,121.40482519303539,112.93006277695628,140.38999938964844,2.240201348959658,1.0000000000000004,8.474762416079113,0.4549008873547503,,,,,,,,,,,False,,,,,,,,,,False,-1.18,4/7,3/6,0.54,16.8,True,no new high: recent high 142.66 is -1.18 ATR vs prior 2.5y high 152.64 (needs >= +1),4,hammer,2026-09-25,hammer,2026-09-25,False,True,False,no TV drawing read (f_rr False),https://www.tradingview.com/chart/?symbol=NASDAQ:SAIC,https://finviz.com/quote.ashx?t=SAIC,"short float 5.47% >= 5% | FAIL: short_float, rr (no TV drawing read)"
SBCF,FAIL,"dollar_vol,short_float,rr",False,False,True,True,False,False,False,True,True,,False,32.68000030517578,26226792.846247103,802533.4333333333,5.46,91.49,2026-10-22,20,263,32.35623550415039,33.17675903272012,32.76649726843526,31.039552169191047,35.930213928222656,1.8319729221108307,1.0000000000000007,1.7269450992442106,-0.05008668966797662,,,,,,,,,,,False,,,,,,,,,,False,0.66,4/5,5/6,0.82,7.4,True,no new high: recent high 36.07 is +0.66 ATR vs prior 2.5y high 34.92 (needs >= +1),2,hammer,2026-10-02,strong_close,2026-10-02,False,True,False,no TV drawing read (f_rr False),https://www.tradingview.com/chart/?symbol=NASDAQ:SBCF,https://finviz.com/quote.ashx?t=SBCF,"$vol(30d) $26.2M < $50M | FAIL: dollar_vol, short_float, rr (no TV drawing read)"
SFNC,FAIL,"dollar_vol,rr",False,True,True,True,False,True,True,True,True,,False,22.899999618530273,30196192.160323147,1318611.0333333334,4.42,82.2,2026-10-27,25,263,21.176232841110334,21.75519394637739,21.46571339374386,20.410703255473507,23.857324600219727,2.266908269144041,0.999999999999999,1.0550101382703556,1.3594999448421068,,,,,,,,,,,False,,,,,,,,,,False,0.19,5/6,4/5,0.82,16.0,True,no new high: recent high 24.10 is +0.19 ATR vs prior 2.5y high 23.90 (needs >= +1),8,hammer,2026-10-02,hammer,2026-10-01,False,True,False,no TV drawing read (f_rr False),https://www.tradingview.com/chart/?symbol=NASDAQ:SFNC,https://finviz.com/quote.ashx?t=SFNC,"$vol(30d) $30.2M < $50M | FAIL: dollar_vol, rr (no TV drawing read)"
SFST,FAIL,"dollar_vol,rr",False,True,True,True,False,False,True,True,True,,False,60.849998474121094,5491140.372303773,90240.6,4.7,89.07,2026-10-27,25,263,58.40999984741211,59.70000076293945,59.05500030517578,55.8785719190325,64.18000030517578,1.613447361935528,1.0000000000000009,3.1764283861432756,0.565099523973448,,,,,,,,,,,False,,,,,,,,,,False,0.97,5/6,5/5,0.92,16.3,True,no new high: recent high 65.09 is +0.97 ATR vs prior 2.5y high 62.00 (needs >= +1),6,hammer,2026-10-02,engulfing,2026-10-01,True,True,False,no TV drawing read (f_rr False),https://www.tradingview.com/chart/?symbol=NASDAQ:SFST,https://finviz.com/quote.ashx?t=SFST,"$vol(30d) $5.5M < $50M | FAIL: dollar_vol, rr (no TV drawing read)"
SHC,FAIL,"dollar_vol,rr",False,True,True,True,False,True,True,True,True,,False,18.219999313354492,35906883.87613347,1970740.1333333333,4.39,103.24,2026-11-10,39,263,16.299999237060547,16.5,16.399999618530273,15.382285254342216,19.56999969482422,3.114822967859949,0.9999999999999993,1.017714364188058,1.788320730125718,,,,,,,,,,,False,,,,,,,,,,False,-0.06,6/7,4/5,0.83,10.8,True,no new high: recent high 19.79 is -0.06 ATR vs prior 2.5y high 19.85 (needs >= +1),11,hammer,2026-09-04,hammer,2026-09-29,False,True,False,no TV drawing read (f_rr False),https://www.tradingview.com/chart/?symbol=NASDAQ:SHC,https://finviz.com/quote.ashx?t=SHC,"$vol(30d) $35.9M < $50M | FAIL: dollar_vol, rr (no TV drawing read)"
SIBN,FAIL,"dollar_vol,short_float,rr",False,False,True,True,False,True,True,True,True,,False,18.079999923706055,10715172.221450806,592653.3333333334,13.9,106.99,2026-11-09,38,263,14.1899995803833,14.510000228881836,14.349999904632568,12.946428639548165,20.0,4.025445829448261,1.0000000000000004,1.403571265084403,2.657506684456941,,,,,,,,,,,False,,,,,,,,,,False,-1.13,3/7,3/7,0.43,7.9,True,"no new high: recent high 20.30 is -1.13 ATR vs prior 2.5y high 21.89 (needs >= +1); choppy swings: 3/7 higher highs, 3/7 higher lows",21,hammer,2026-09-25,rejection,2026-09-29,False,True,False,no TV drawing read (f_rr False),https://www.tradingview.com/chart/?symbol=NASDAQ:SIBN,https://finviz.com/quote.ashx?t=SIBN,"$vol(30d) $10.7M < $50M | FAIL: dollar_vol, short_float, rr (no TV drawing read)"
SIRI,FAIL,"short_float,rr",True,False,True,True,False,True,False,True,True,,False,25.719999313354492,105098596.67818815,4086259.7,11.88,84.17,2026-11-03,32,263,21.340167999267578,21.61139908431277,21.47578354179017,19.85776291551338,29.149999618530273,4.742965542039566,0.9205395438777343,1.7576872574761402,2.414659236739636,,,,,,,,,,,False,,,,,,,,,,False,-3.02,6/10,3/6,0.55,26.1,True,no new high: recent high 32.37 is -3.02 ATR vs prior 2.5y high 37.68 (needs >= +1),1,hammer,2026-09-11,hammer,2026-10-01,False,True,False,no TV drawing read (f_rr False),https://www.tradingview.com/chart/?symbol=NASDAQ:SIRI,https://finviz.com/quote.ashx?t=SIRI,"short float 11.88% >= 5% | FAIL: short_float, rr (no TV drawing read)"
SKWD,FAIL,"dollar_vol,short_float,rr",False,False,True,True,False,True,True,True,True,,False,55.0099983215332,20156020.949998856,366406.5,5.18,89.72,2026-11-04,33,195,46.83000183105469,47.625,47.227500915527344,43.23064368111746,64.19999694824219,4.2464604155971974,1.0000000000000009,3.996857234409877,1.9471542138169264,,,,,,,,,,,False,,,,,,,,,,False,0.16,2/7,3/8,0.33,15.2,True,"no new high: recent high 65.69 is +0.16 ATR vs prior 2.5y high 65.05 (needs >= +1); choppy swings: 2/7 higher highs, 3/8 higher lows",7,hammer,2026-10-02,engulfing,2026-10-01,False,True,False,no TV drawing read (f_rr False),https://www.tradingview.com/chart/?symbol=NASDAQ:SKWD,https://finviz.com/quote.ashx?t=SKWD,"$vol(30d) $20.2M < $50M | FAIL: dollar_vol, short_float, rr (no TV drawing read)"
SLG,FAIL,"dollar_vol,short_float,rr",False,False,True,True,False,True,True,True,True,,False,48.81999969482422,37762326.72061284,773501.1666666666,16.03,94.98,2026-10-21,19,263,45.2158317565918,46.24369158241842,45.72976166950511,41.76112275306693,57.540000915527344,2.9758916078517474,0.9999999999999992,3.968638916438184,0.7786644465232855,,,,,,,,,,,False,,,,,,,,,,False,-4.01,2/4,3/5,0.55,14.4,True,no new high: recent high 60.09 is -4.01 ATR vs prior 2.5y high 75.99 (needs >= +1),23,hammer,2026-09-18,hammer,2026-10-01,False,True,False,no TV drawing read (f_rr False),https://www.tradingview.com/chart/?symbol=NYSE:SLG,https://finviz.com/quote.ashx?t=SLG,"$vol(30d) $37.8M < $50M | FAIL: dollar_vol, short_float, rr (no TV drawing read)"
SNDA,FAIL,"dollar_vol,short_float,rr",False,False,True,True,False,False,True,True,True,,False,37.7599983215332,16663318.597966766,441295.5333333333,7.51,83.0,2026-11-16,45,263,38.27000045776367,38.86000061035156,38.56500053405762,35.530000915527346,42.75,1.3789126826872584,0.8965628643784213,3.385149819510324,-0.23780401324773892,,,,,,,,,,,False,,,,,,,,,,True,2.01,5/6,6/7,0.85,18.7,True,"uptrend: new high +2.0 ATR above prior 2.5y high, 5/6 HH and 6/7 HL, 30w EMA +19% in 26w",9,strong_close,2026-09-11,hammer,2026-10-01,True,True,False,no TV drawing read (f_rr False),https://www.tradingview.com/chart/?symbol=NYSE:SNDA,https://finviz.com/quote.ashx?t=SNDA,"$vol(30d) $16.7M < $50M | FAIL: dollar_vol, short_float, rr (no TV drawing read)"
SSB,FAIL,rr,True,True,True,True,False,True,True,True,True,True,False,101.91000366210938,64294997.531423956,630899.7666666667,3.19,89.36,2026-10-28,26,263,98.71031951904297,99.76725949141188,99.23878950522743,94.69620640583013,111.58999633789062,2.7189831341339494,0.999999999999999,4.5425830993973095,0.5880385891534599,yes,99.77,98.71,99.18,94.54,111.18,2.59,2026-10-04,charts/latest/SSB.webp,bot,True,bot drawing on chart,bot drawing (review needed): zone 98.71-99.77 entry 99.18 SL 94.54 TP 111.18 R:R 2.59,101.91,4.5426,2.14,0.4711,False,,,False,0.59,4/5,4/5,0.8,7.4,True,no new high: recent high 112.20 is +0.59 ATR vs prior 2.5y high 109.52 (needs >= +1),9,hammer,2026-10-02,engulfing,2026-10-01,True,True,False,TV drawing by the bot - review needed (f_rr False until approved); TV drawing by the bot - review needed (f_rr False until approved),https://www.tradingview.com/chart/?symbol=NYSE:SSB,https://finviz.com/quote.ashx?t=SSB,FAIL: rr (bot drawing - review needed)
SSNC,PASS,,True,True,True,True,True,True,True,True,True,False,False,78.52999877929688,116252763.22891845,1480361.2,2.36,87.17,2026-10-22,20,262,71.56195068359375,72.33602132157533,71.94898600258455,67.68523579612817,83.6500015258789,2.74430136774338,0.9999999999999986,4.263750206456385,1.5434799080741237,yes,63.05,61.45,63.64,59.56,82.86,4.71,2026-10-04,charts/latest/SSNC.webp,user,False,,,78.53,4.2638,15.48,3.6306,True,far,close 78.53 is 3.63 ATR above zone top 63.05,False,-1.06,1/5,2/6,0.27,-3.0,False,"no new high: recent high 84.96 is -1.06 ATR vs prior 2.5y high 89.50 (needs >= +1); choppy swings: 1/5 higher highs, 2/6 higher lows; 30w EMA falling (-3% in 26w)",16,hammer,2026-10-02,hammer,2026-10-02,True,True,False,TV drawing by the bot - review needed (f_rr False until approved),https://www.tradingview.com/chart/?symbol=NASDAQ:SSNC,https://finviz.com/quote.ashx?t=SSNC,PASS (TV) entry=63.64 SL=59.56 TP=82.86 R:R=4.71 zone=[61.45-63.05]
STT,FAIL,"no_earnings_14d,rr",True,True,False,True,False,True,False,True,True,,False,175.8699951171875,284143478.2611084,1615645.0,1.92,94.69,2026-10-14,12,263,130.82041931152344,132.6490334945846,131.73472640305403,122.18025579584142,194.25999450683594,6.544085033511118,0.9999999999999997,9.554470607212611,4.619331675039748,,,,,,,,,,,False,,,,,,,,,,True,6.33,4/5,3/4,0.78,39.9,True,"uptrend: new high +6.3 ATR above prior 2.5y high, 4/5 HH and 3/4 HL, 30w EMA +40% in 26w",2,hammer,2026-10-02,strong_close,2026-10-02,False,True,True,no TV drawing read (f_rr False),https://www.tradingview.com/chart/?symbol=NYSE:STT,https://finviz.com/quote.ashx?t=STT,"FAIL: no_earnings_14d, rr (no TV drawing read)"
STX,FAIL,rr,True,True,True,True,False,True,False,True,True,True,False,848.989990234375,3275528381.9504476,3858147.2333333334,4.03,85.94,2026-10-28,26,261,427.92401123046875,457.91620030452225,442.9201057674955,344.86492392751313,989.5367754962906,5.5745821839464496,0.6548414584509885,149.7388116994448,2.711854594398288,yes,787.03,712.16,767.56,641.42,1073.88,2.43,2026-10-04,charts/latest/STX.webp,bot,True,bot drawing on chart,bot drawing (review needed): zone 712.16-787.03 entry 767.56 SL 641.42 TP 1073.88 R:R 2.43,848.99,149.7388,61.96,0.4138,False,,,True,4.57,4/5,3/3,0.9,137.2,True,"uptrend: new high +4.6 ATR above prior 2.5y high, 4/5 HH and 3/3 HL, 30w EMA +137% in 26w",0,hammer,2026-09-25,hammer,2026-10-02,False,True,False,TV drawing by the bot - review needed (f_rr False until approved); TV drawing by the bot - review needed (f_rr False until approved),https://www.tradingview.com/chart/?symbol=NASDAQ:STX,https://finviz.com/quote.ashx?t=STX,FAIL: rr (bot drawing - review needed)
SUNC,FAIL,"dollar_vol,short_float,history,rr",False,False,True,False,False,True,True,True,True,,False,75.87999725341797,34139710.841599025,449917.13333333336,5.16,92.7,2026-12-02,61,48,70.4206314086914,70.72637683368852,70.57350412118996,66.45986705585676,81.80999755859375,2.7315228006128605,1.0000000000000002,4.113637065333193,1.2899760109970233,,,,,,,,,,,False,,,,,,,,,,,,,,,,,not enough history (48 weekly bars < 130),41,hammer,2026-10-02,strong_close,2026-10-02,True,True,False,no TV drawing read (f_rr False),https://www.tradingview.com/chart/?symbol=NYSE:SUNC,https://finviz.com/quote.ashx?t=SUNC,"$vol(30d) $34.1M < $50M | FAIL: dollar_vol, short_float, history, rr (no TV drawing read)"
SXI,FAIL,"dollar_vol,short_float,rr",False,False,True,True,False,True,True,True,True,,False,288.5,36917133.166666664,127962.33333333333,5.57,104.21,2026-10-29,27,263,278.3661441689314,284.063173548843,281.2146588588872,255.4981917683614,341.4700012207031,2.3430645488631114,0.9607987312247256,26.76571716299537,0.27218927468848264,,,,,,,,,,,False,,,,,,,,,,True,3.5,6/8,4/5,0.78,20.5,True,"uptrend: new high +3.5 ATR above prior 2.5y high, 6/8 HH and 4/5 HL, 30w EMA +20% in 26w",13,hammer,2026-10-02,engulfing,2026-10-01,False,True,False,no TV drawing read (f_rr False),https://www.tradingview.com/chart/?symbol=NYSE:SXI,https://finviz.com/quote.ashx?t=SXI,"$vol(30d) $36.9M < $50M | FAIL: dollar_vol, short_float, rr (no TV drawing read)"
SXT,FAIL,"dollar_vol,rr",False,True,True,True,False,False,True,True,True,,False,128.60000610351562,41017293.44673157,318952.5,3.69,99.78,2026-10-30,28,262,124.41615429024088,125.86134407944745,125.13874918484416,116.61724508540337,135.97999572753906,1.2722221823969249,0.9999999999999996,8.521504099440794,0.40617910620950176,,,,,,,,,,,False,,,,,,,,,,True,2.25,4/7,6/9,0.62,27.9,True,"uptrend: new high +2.2 ATR above prior 2.5y high, 4/7 HH and 6/9 HL, 30w EMA +28% in 26w",9,hammer,2026-09-25,hammer,2026-09-29,True,True,False,no TV drawing read (f_rr False),https://www.tradingview.com/chart/?symbol=NYSE:SXT,https://finviz.com/quote.ashx?t=SXT,"$vol(30d) $41.0M < $50M | FAIL: dollar_vol, rr (no TV drawing read)"
SYRE,FAIL,"short_float,rr",True,False,True,True,False,True,True,True,True,,False,93.19000244140625,121566827.24116008,1304505.0333333334,15.35,100.81,2026-11-05,34,263,75.1500015258789,78.80000305175781,76.97500228881836,66.11564581734794,106.48999786376953,2.7179322874695786,0.9999999999999997,10.859356471470424,1.493182417870502,,,,,,,,,,,False,,,,,,,,,,True,5.44,4/5,4/5,0.8,141.6,True,"uptrend: new high +5.4 ATR above prior 2.5y high, 4/5 HH and 4/5 HL, 30w EMA +142% in 26w",5,engulfing,2026-10-02,rejection,2026-10-01,False,True,False,no TV drawing read (f_rr False),https://www.tradingview.com/chart/?symbol=NASDAQ:SYRE,https://finviz.com/quote.ashx?t=SYRE,"short float 15.35% >= 5% | FAIL: short_float, rr (no TV drawing read)"
TDW,FAIL,"dollar_vol,short_float,rr",False,False,True,True,False,True,False,True,True,,False,82.3949966430664,46132346.150977835,559892.5666666667,12.95,115.53,2026-11-11,40,263,59.599998474121094,59.71919847106933,59.65959847259521,52.631382791791644,95.37000274658203,5.081005748233366,0.9999999999999998,7.028215680803571,3.234874853452383,,,,,,,,,,,False,,,,,,,,,,False,-1.4,6/7,4/5,0.83,24.2,True,no new high: recent high 101.58 is -1.40 ATR vs prior 2.5y high 111.42 (needs >= +1),2,rejection,2026-09-04,engulfing,2026-10-01,False,True,False,no TV drawing read (f_rr False),https://www.tradingview.com/chart/?symbol=NYSE:TDW,https://finviz.com/quote.ashx?t=TDW,"$vol(30d) $46.1M < $50M | FAIL: dollar_vol, short_float, rr (no TV drawing read)"
TFX,FAIL,"short_float,rr",True,False,True,True,False,False,False,True,True,,False,124.09500122070312,89242998.72136942,719150.6333333333,9.53,113.53,2026-10-22,20,263,132.75062526878483,133.41896517435038,133.08479522156762,124.57729765050442,139.6699981689453,0.7740469970601156,0.9999999999999996,8.507497571063201,-1.0566907513957735,,,,,,,,,,,False,,,,,,,,,,False,-11.77,4/8,4/7,0.54,10.8,True,no new high: recent high 144.64 is -11.77 ATR vs prior 2.5y high 244.76 (needs >= +1),0,rejection,2026-09-25,strong_close,2026-10-01,False,True,False,no TV drawing read (f_rr False),https://www.tradingview.com/chart/?symbol=NYSE:TFX,https://finviz.com/quote.ashx?t=TFX,"short float 9.53% >= 5% | FAIL: short_float, rr (no TV drawing read)"
THFF,FAIL,"dollar_vol,rr",False,True,True,True,False,True,False,True,True,,False,74.98999786376953,8752505.094335174,116715.63333333333,3.54,82.07,2026-10-27,25,261,66.74281311035156,68.1006906678378,67.42175188909468,63.45582479751714,82.05999755859375,3.691002212467896,0.9999999999999998,3.9659270915775418,1.908316971017337,,,,,,,,,,,False,,,,,,,,,,True,4.05,8/8,5/6,0.92,23.0,True,"uptrend: new high +4.1 ATR above prior 2.5y high, 8/8 HH and 5/6 HL, 30w EMA +23% in 26w",1,hammer,2026-10-02,hammer,2026-10-02,False,True,False,no TV drawing read (f_rr False),https://www.tradingview.com/chart/?symbol=NASDAQ:THFF,https://finviz.com/quote.ashx?t=THFF,"$vol(30d) $8.8M < $50M | FAIL: dollar_vol, rr (no TV drawing read)"
THG,FAIL,rr,True,True,True,True,False,True,False,True,True,True,False,219.42999267578125,60443015.48917644,275454.6666666667,2.16,93.11,2026-10-28,26,263,178.01681518554688,178.7953795713839,178.4060973784654,169.29469008273662,231.64344787597656,5.842933892601597,0.886808047608255,10.274384992673996,3.9928322061678,yes,224.33,220.67,223,213.42,230.72,0.81,2026-10-04,charts/latest/THG.webp,bot,True,bot drawing on chart,bot drawing (review needed): zone 220.67-224.33 entry 223.0 SL 213.42 TP 230.72 R:R 0.81,219.43,10.2744,1.24,0.1207,False,,,True,4.83,7/8,5/6,0.85,20.5,True,"uptrend: new high +4.8 ATR above prior 2.5y high, 7/8 HH and 5/6 HL, 30w EMA +20% in 26w",2,hammer,2026-10-02,strong_close,2026-10-02,False,True,False,TV drawing by the bot - review needed (f_rr False until approved); TV drawing by the bot - review needed (f_rr False until approved),https://www.tradingview.com/chart/?symbol=NYSE:THG,https://finviz.com/quote.ashx?t=THG,FAIL: rr (bot drawing - review needed)
TILE,FAIL,"dollar_vol,short_float,rr",False,False,True,True,False,True,False,True,True,,False,34.88999938964844,17290563.76452586,495573.63333333336,7.59,104.56,2026-10-30,28,263,29.605663299560547,30.284417857288204,29.945040578424376,27.26208021988958,39.05777275005759,3.3965213621754025,0.9999999999999996,2.6829603585347974,1.8430979777593783,,,,,,,,,,,False,,,,,,,,,,True,2.04,4/6,3/4,0.71,19.6,True,"uptrend: new high +2.0 ATR above prior 2.5y high, 4/6 HH and 3/4 HL, 30w EMA +20% in 26w",4,hammer,2026-10-02,strong_close,2026-10-01,False,True,False,no TV drawing read (f_rr False),https://www.tradingview.com/chart/?symbol=NASDAQ:TILE,https://finviz.com/quote.ashx?t=TILE,"$vol(30d) $17.3M < $50M | FAIL: dollar_vol, short_float, rr (no TV drawing read)"
TKR,FAIL,"short_float,rr",True,False,True,True,False,True,True,True,True,,False,122.41000366210938,106604885.06693828,870883.7666666667,6.79,95.15,2026-11-04,33,263,107.74349212646484,109.86098416374651,108.80223814510568,101.78862054727331,141.48865294954925,4.660421579663207,0.8018858151155307,8.746404370330316,1.5558125305941908,,,,,,,,,,,False,,,,,,,,,,True,4.07,5/5,4/5,0.9,32.9,True,"uptrend: new high +4.1 ATR above prior 2.5y high, 5/5 HH and 4/5 HL, 30w EMA +33% in 26w",8,engulfing,2026-10-02,strong_close,2026-10-02,False,True,False,no TV drawing read (f_rr False),https://www.tradingview.com/chart/?symbol=NYSE:TKR,https://finviz.com/quote.ashx?t=TKR,"short float 6.79% >= 5% | FAIL: short_float, rr (no TV drawing read)"
TNET,FAIL,"dollar_vol,rr",False,True,True,True,False,True,True,True,True,,False,63.279998779296875,19234755.0662852,303962.63333333336,4.0,96.35,2026-10-28,26,263,44.209415435791016,46.10822304583507,45.158819240813045,39.70590284020499,70.6500015258789,4.674779588079389,0.9961407514065145,5.474042089843964,3.3103836691545,,,,,,,,,,,False,,,,,,,,,,False,-9.74,1/6,2/5,0.28,11.9,True,"no new high: recent high 73.08 is -9.74 ATR vs prior 2.5y high 126.41 (needs >= +1); choppy swings: 1/6 higher highs, 2/5 higher lows",29,hammer,2026-09-04,strong_close,2026-10-01,False,True,False,no TV drawing read (f_rr False),https://www.tradingview.com/chart/?symbol=NYSE:TNET,https://finviz.com/quote.ashx?t=TNET,"$vol(30d) $19.2M < $50M | FAIL: dollar_vol, rr (no TV drawing read)"
TNGX,FAIL,"short_float,rr",True,False,True,True,False,True,False,True,True,,False,23.239999771118164,66440128.07499003,2858869.566666667,33.73,111.03,2026-11-10,39,263,10.90999984741211,11.199999809265137,11.054999828338623,8.819999923706055,31.469999313354492,9.134228347258956,0.6532563831385566,3.4213211877005443,3.561489633473737,,,,,,,,,,,False,,,,,,,,,,True,3.56,6/6,5/6,0.92,87.0,True,"uptrend: new high +3.6 ATR above prior 2.5y high, 6/6 HH and 5/6 HL, 30w EMA +87% in 26w",0,strong_close,2026-09-25,hammer,2026-09-30,False,True,False,no TV drawing read (f_rr False),https://www.tradingview.com/chart/?symbol=NASDAQ:TNGX,https://finviz.com/quote.ashx?t=TNGX,"short float 33.73% >= 5% | FAIL: short_float, rr (no TV drawing read)"
TOST,FAIL,"short_float,rr",True,False,True,True,False,True,True,True,True,,False,29.78499984741211,246822591.89370003,8286808.566666666,6.54,83.16,2026-11-10,39,262,27.46500015258789,28.155000686645508,27.8100004196167,24.971429007393972,36.63999938964844,3.1107193329751244,1.0000000000000002,2.838571412222726,0.6957723238144284,,,,,,,,,,,False,,,,,,,,,,False,-4.39,2/8,2/5,0.33,-5.4,False,"no new high: recent high 37.20 is -4.39 ATR vs prior 2.5y high 49.66 (needs >= +1); choppy swings: 2/8 higher highs, 2/5 higher lows; 30w EMA falling (-5% in 26w)",17,hammer,2026-10-02,strong_close,2026-10-02,True,True,False,no TV drawing read (f_rr False),https://www.tradingview.com/chart/?symbol=NYSE:TOST,https://finviz.com/quote.ashx?t=TOST,"short float 6.54% >= 5% | FAIL: short_float, rr (no TV drawing read)"
TPC,FAIL,"dollar_vol,rr",False,True,True,True,False,True,False,True,True,,False,86.79000091552734,34601744.223005675,398683.5333333333,4.09,81.23,2026-11-11,40,263,79.45196533203125,85.635893885523,82.54392960877712,74.43217496708725,99.87191409742356,2.136157373349326,1.0000000000000002,8.111754641689869,0.5234467133569104,,,,,,,,,,,False,,,,,,,,,,True,1.59,5/6,5/6,0.83,19.7,True,"uptrend: new high +1.6 ATR above prior 2.5y high, 5/6 HH and 5/6 HL, 30w EMA +20% in 26w",2,hammer,2026-10-02,strong_close,2026-10-02,False,True,False,no TV drawing read (f_rr False),https://www.tradingview.com/chart/?symbol=NYSE:TPC,https://finviz.com/quote.ashx?t=TPC,"$vol(30d) $34.6M < $50M | FAIL: dollar_vol, rr (no TV drawing read)"
TRAX,FAIL,"dollar_vol,short_float,history,rr",False,False,True,False,False,False,False,False,True,,False,33.279998779296875,23092923.48362325,693897.9666666667,14.82,89.85,2026-12-02,61,26,,,,,,,,,,,,,,,,,,,,False,,,,,,,,,,,,,,,,,not enough history (26 weekly bars < 130),0,,,hammer,2026-09-29,False,True,False,too few weekly bars for computed retest (26); no TV drawing read (f_rr False),https://www.tradingview.com/chart/?symbol=NASDAQ:TRAX,https://finviz.com/quote.ashx?t=TRAX,"$vol(30d) $23.1M < $50M | FAIL: dollar_vol, short_float, history, rr (no TV drawing read)"
TREX,FAIL,"short_float,rr",True,False,True,True,False,False,True,True,True,,False,43.56999969482422,62560077.01114604,1435852.1333333333,10.05,109.24,2026-11-02,31,263,42.77000045776367,43.619998931884766,43.19499969482422,39.4896422794887,49.630001068115234,1.7366749417095912,1.0000000000000002,3.705357415335519,0.1012048118348777,,,,,,,,,,,False,,,,,,,,,,False,-12.61,3/7,5/7,0.57,3.9,True,no new high: recent high 50.96 is -12.61 ATR vs prior 2.5y high 97.69 (needs >= +1),43,rejection,2026-10-02,hammer,2026-10-01,False,True,False,no TV drawing read (f_rr False),https://www.tradingview.com/chart/?symbol=NYSE:TREX,https://finviz.com/quote.ashx?t=TREX,"short float 10.05% >= 5% | FAIL: short_float, rr (no TV drawing read)"
TRMK,FAIL,"dollar_vol,short_float,rr",False,False,True,True,False,False,False,True,True,,False,45.93000030517578,16768599.121416727,365090.3333333333,6.23,81.12,2026-10-27,25,263,44.788429260253906,45.312558479832276,45.05049387004309,43.10910037811575,48.027099609375,1.5332315430690178,0.999999999999999,1.941393491927345,0.4530284245774142,,,,,,,,,,,False,,,,,,,,,,True,2.09,6/6,5/5,1.0,12.5,True,"uptrend: new high +2.1 ATR above prior 2.5y high, 6/6 HH and 5/5 HL, 30w EMA +12% in 26w",2,hammer,2026-10-02,strong_close,2026-10-02,False,True,False,no TV drawing read (f_rr False),https://www.tradingview.com/chart/?symbol=NASDAQ:TRMK,https://finviz.com/quote.ashx?t=TRMK,"$vol(30d) $16.8M < $50M | FAIL: dollar_vol, short_float, rr (no TV drawing read)"
TROW,FAIL,"short_float,rr",True,False,True,True,False,True,True,True,True,,False,104.62000274658203,151386545.882341,1447013.4,13.1,92.12,2026-10-22,20,263,102.80223083496094,104.36383483538079,103.58303283517085,98.25121396487845,117.09334131100715,2.533902370748645,0.9999999999999998,5.33181887029241,0.19448708529633657,,,,,,,,,,,False,,,,,,,,,,True,1.27,3/5,2/5,0.5,11.9,True,"uptrend: new high +1.3 ATR above prior 2.5y high, 3/5 HH and 2/5 HL, 30w EMA +12% in 26w",9,hammer,2026-09-25,engulfing,2026-10-01,False,True,False,no TV drawing read (f_rr False),https://www.tradingview.com/chart/?symbol=NASDAQ:TROW,https://finviz.com/quote.ashx?t=TROW,"short float 13.10% >= 5% | FAIL: short_float, rr (no TV drawing read)"
TRS,FAIL,"dollar_vol,short_float,rr",False,False,True,True,False,True,True,True,True,,False,39.119998931884766,12794461.666665649,327056.8,13.21,83.13,2026-10-22,20,263,38.46530532836914,38.79466376519861,38.629984546783874,36.21835191380503,44.536415100097656,2.4491419101499603,1.0,2.4116326329788436,0.20318782321983564,,,,,,,,,,,False,,,,,,,,,,True,1.46,3/6,2/3,0.58,11.9,True,"uptrend: new high +1.5 ATR above prior 2.5y high, 3/6 HH and 2/3 HL, 30w EMA +12% in 26w",8,hammer,2026-10-02,hammer,2026-10-02,False,True,False,no TV drawing read (f_rr False),https://www.tradingview.com/chart/?symbol=NASDAQ:TRS,https://finviz.com/quote.ashx?t=TRS,"$vol(30d) $12.8M < $50M | FAIL: dollar_vol, short_float, rr (no TV drawing read)"
TRV,FAIL,rr,True,True,True,True,False,True,False,True,True,True,False,360.4599914550781,470572853.06211954,1305478.7333333334,2.98,91.47,2026-10-16,14,263,305.1965026855469,306.353432038302,305.77496736192444,288.61243484281977,386.20955984085373,4.686638897225254,0.9248441567876756,18.557215713744107,2.9468334547974293,yes,362.34,357.66,359.93,344.26,384.54,1.57,2026-10-04,charts/latest/TRV.webp,bot,True,bot drawing on chart,bot drawing (review needed): zone 357.66-362.34 entry 359.93 SL 344.26 TP 384.54 R:R 1.57,360.46,18.5572,0.0,0.0,False,,,True,4.73,4/5,5/6,0.82,19.6,True,"uptrend: new high +4.7 ATR above prior 2.5y high, 4/5 HH and 5/6 HL, 30w EMA +20% in 26w",2,hammer,2026-10-02,strong_close,2026-10-01,False,True,False,TV drawing by the bot - review needed (f_rr False until approved); TV drawing by the bot - review needed (f_rr False until approved),https://www.tradingview.com/chart/?symbol=NYSE:TRV,https://finviz.com/quote.ashx?t=TRV,FAIL: rr (bot drawing - review needed)
TTEK,PASS,,True,True,True,True,True,True,True,True,True,True,False,33.119998931884766,74281311.7004383,2242793.3,4.35,100.35,2026-11-18,47,262,31.52167320251465,34.12940339532502,32.82553829891984,30.870634460817172,37.060001373291016,2.16607231099456,0.9999999999999997,1.9549038381026669,0.15062665857299481,yes,32.29,31.48,32.15,30.15,36.96,2.41,2026-10-04,charts/latest/TTEK.webp,user,False,,,33.12,1.9549,0.83,0.4246,False,,,False,-6.57,2/4,4/8,0.5,-3.3,False,no new high: recent high 37.59 is -6.57 ATR vs prior 2.5y high 50.44 (needs >= +1); 30w EMA falling (-3% in 26w),15,engulfing,2026-09-11,strong_close,2026-10-01,True,True,False,TV drawing by the bot - review needed (f_rr False until approved),https://www.tradingview.com/chart/?symbol=NASDAQ:TTEK,https://finviz.com/quote.ashx?t=TTEK,PASS (TV) entry=32.15 SL=30.15 TP=36.96 R:R=2.41 zone=[31.48-32.29]
TVTX,FAIL,"short_float,rr",True,False,True,True,False,True,True,True,True,,False,56.93000030517578,82197781.27795817,1443839.4666666666,14.17,113.7,2026-10-22,20,263,40.18000030517578,40.75,40.46500015258789,35.179365158081055,66.16999816894531,4.863180685588708,1.0,5.285634994506836,3.1150467578066503,,,,,,,,,,,False,,,,,,,,,,True,5.03,6/6,4/4,1.0,83.0,True,"uptrend: new high +5.0 ATR above prior 2.5y high, 6/6 HH and 4/4 HL, 30w EMA +83% in 26w",20,engulfing,2026-09-11,engulfing,2026-09-28,False,True,False,no TV drawing read (f_rr False),https://www.tradingview.com/chart/?symbol=NASDAQ:TVTX,https://finviz.com/quote.ashx?t=TVTX,"short float 14.17% >= 5% | FAIL: short_float, rr (no TV drawing read)"
UAL,FAIL,"short_float,rr",True,False,True,True,False,True,True,True,True,,False,112.51000213623047,415061342.69244766,3689106.1666666665,5.66,91.28,2026-10-20,18,263,101.80000305175781,105.9800033569336,103.8900032043457,94.52545983450753,129.55999755859375,2.741190183060858,1.0000000000000004,9.36454336983817,0.9204932468622578,,,,,,,,,,,False,,,,,,,,,,True,2.09,5/8,2/4,0.56,12.2,True,"uptrend: new high +2.1 ATR above prior 2.5y high, 5/8 HH and 2/4 HL, 30w EMA +12% in 26w",23,hammer,2026-10-02,hammer,2026-10-01,False,True,False,no TV drawing read (f_rr False),https://www.tradingview.com/chart/?symbol=NASDAQ:UAL,https://finviz.com/quote.ashx?t=UAL,"short float 5.66% >= 5% | FAIL: short_float, rr (no TV drawing read)"
UCB,FAIL,"dollar_vol,rr",False,True,True,True,False,False,False,True,True,,False,34.1150016784668,25564889.581965767,749373.8333333334,4.3,88.28,2026-10-20,18,263,33.65431594848633,34.33429927937106,33.9943076139287,32.45104158662946,36.470008850097656,1.6041960312581418,1.000000000000002,1.5432660272992362,0.07820690820837804,,,,,,,,,,,False,,,,,,,,,,False,0.63,4/7,4/6,0.62,9.3,True,no new high: recent high 36.91 is +0.63 ATR vs prior 2.5y high 35.94 (needs >= +1),2,hammer,2026-10-02,hammer,2026-10-01,False,True,False,no TV drawing read (f_rr False),https://www.tradingview.com/chart/?symbol=NYSE:UCB,https://finviz.com/quote.ashx?t=UCB,"$vol(30d) $25.6M < $50M | FAIL: dollar_vol, rr (no TV drawing read)"
UCTT,FAIL,"short_float,rr",True,False,True,True,False,True,False,True,True,,False,72.69000244140625,63084050.11777547,867850.4333333333,8.24,106.33,2026-10-28,26,263,88.0,88.37000274658203,88.18500137329102,79.50000213623046,125.0,4.238917888399155,0.5054245567485876,17.18357195172991,-0.9017332936022564,,,,,,,,,,,False,,,,,,,,,,True,4.1,4/5,2/2,0.9,82.8,True,"uptrend: new high +4.1 ATR above prior 2.5y high, 4/5 HH and 2/2 HL, 30w EMA +83% in 26w",0,strong_close,2026-09-25,rejection,2026-09-30,False,True,False,no TV drawing read (f_rr False),https://www.tradingview.com/chart/?symbol=NASDAQ:UCTT,https://finviz.com/quote.ashx?t=UCTT,"short float 8.24% >= 5% | FAIL: short_float, rr (no TV drawing read)"
UMBF,FAIL,rr,True,True,True,True,False,True,False,True,True,True,False,130.94000244140625,79469115.50238648,606912.4333333333,4.98,96.84,2026-10-27,25,263,132.90444946289062,134.67557855210754,133.79001400749908,126.46838210104113,151.50167846679688,2.4190869857409036,1.0,7.321631906457952,-0.38925906170986485,yes,134.36,132.22,133.58,124.41,150.77,1.87,2026-10-04,,user,False,,,130.94,7.3216,1.28,0.1748,False,,,True,2.47,3/3,5/6,0.92,16.9,True,"uptrend: new high +2.5 ATR above prior 2.5y high, 3/3 HH and 5/6 HL, 30w EMA +17% in 26w",2,hammer,2026-09-25,hammer,2026-10-01,False,True,False,TV drawing by the bot - review needed (f_rr False until approved); TV R:R 1.87 < 2 (f_rr False),https://www.tradingview.com/chart/?symbol=NASDAQ:UMBF,https://finviz.com/quote.ashx?t=UMBF,FAIL: rr (TV R:R 1.87 < 2)
UNFI,FAIL,"dollar_vol,short_float,rr",False,False,True,True,False,True,False,True,True,,False,45.560001373291016,26962390.588713072,591799.6,5.25,98.31,2026-12-09,68,263,40.900001525878906,41.900001525878906,41.400001525878906,38.03357287815639,50.91999816894531,2.8279217055460113,0.9999999999999993,3.366428647722517,1.2357308835957255,,,,,,,,,,,False,,,,,,,,,,True,2.8,2/5,4/5,0.6,25.1,True,"uptrend: new high +2.8 ATR above prior 2.5y high, 2/5 HH and 4/5 HL, 30w EMA +25% in 26w",3,hammer,2026-10-02,strong_close,2026-10-02,False,True,False,no TV drawing read (f_rr False),https://www.tradingview.com/chart/?symbol=NYSE:UNFI,https://finviz.com/quote.ashx?t=UNFI,"$vol(30d) $27.0M < $50M | FAIL: dollar_vol, short_float, rr (no TV drawing read)"
UNM,FAIL,rr,True,True,True,True,False,True,False,True,True,True,False,88.52999877929688,152972932.5507202,1727922.0,2.72,90.32,2026-11-03,32,262,78.87035369873047,79.45974330307754,79.165048500904,74.05343269565792,92.18831634521484,2.547779086007395,1.0000000000000009,5.1116158052460845,1.832091971540889,yes,86.07,83.51,85.41,81.16,95.52,2.38,2026-10-04,charts/latest/UNM.webp,bot,True,bot drawing on chart,bot drawing (review needed): zone 83.51-86.07 entry 85.41 SL 81.16 TP 95.52 R:R 2.38,88.53,5.1116,2.46,0.4813,False,,,True,2.97,4/6,3/6,0.58,17.6,True,"uptrend: new high +3.0 ATR above prior 2.5y high, 4/6 HH and 3/6 HL, 30w EMA +18% in 26w",1,hammer,2026-09-11,hammer,2026-10-01,False,True,False,TV drawing by the bot - review needed (f_rr False until approved); TV drawing by the bot - review needed (f_rr False until approved),https://www.tradingview.com/chart/?symbol=NYSE:UNM,https://finviz.com/quote.ashx?t=UNM,FAIL: rr (bot drawing - review needed)
URGN,FAIL,"dollar_vol,short_float,rr",False,False,True,True,False,True,True,True,True,,False,41.400001525878906,29082346.01188736,702472.1,15.05,80.62,2026-11-05,34,263,30.459999084472656,32.369998931884766,31.41499900817871,26.627855845860072,48.5099983215332,3.571023203967558,1.0000000000000002,4.787143162318638,2.085795677951689,,,,,,,,,,,False,,,,,,,,,,True,4.35,6/7,4/6,0.76,82.1,True,"uptrend: new high +4.3 ATR above prior 2.5y high, 6/7 HH and 4/6 HL, 30w EMA +82% in 26w",6,hammer,2026-10-02,hammer,2026-10-02,False,True,False,no TV drawing read (f_rr False),https://www.tradingview.com/chart/?symbol=NASDAQ:URGN,https://finviz.com/quote.ashx?t=URGN,"$vol(30d) $29.1M < $50M | FAIL: dollar_vol, short_float, rr (no TV drawing read)"
USFD,FAIL,rr,True,True,True,True,False,True,True,True,True,,False,96.93000030517578,217079727.57845688,2239551.5,4.94,109.51,2026-11-05,34,263,93.69000244140625,93.73999786376953,93.71500015258789,88.7599966430664,109.7300033569336,3.232087156663243,0.7656906732895093,6.471286228724888,0.4968100681927925,no,,,,,,,2026-10-04,charts/latest/USFD.webp,user-lines,False,"user lines only, no zone/position","user horizontal lines 85.66, 83.41 only, no zone/position",,,,,,,,True,1.44,4/7,5/7,0.64,13.4,True,"uptrend: new high +1.4 ATR above prior 2.5y high, 4/7 HH and 5/7 HL, 30w EMA +13% in 26w",12,engulfing,2026-10-02,strong_close,2026-10-02,False,True,False,TV drawing by the bot - review needed (f_rr False until approved); TV drawing not found (f_rr False),https://www.tradingview.com/chart/?symbol=NYSE:USFD,https://finviz.com/quote.ashx?t=USFD,FAIL: rr (TV drawing not found)
UVSP,FAIL,"dollar_vol,rr",False,True,True,True,False,True,False,True,True,,False,41.810001373291016,9490448.03072319,226989.9,3.3,82.82,2026-10-28,26,263,35.21139907836914,35.57501000171196,35.39320454004055,33.6698600925252,44.46081763382424,5.26163710734497,1.0000000000000013,1.7233444475153494,3.723455773743869,,,,,,,,,,,False,,,,,,,,,,True,5.48,4/6,3/5,0.63,25.1,True,"uptrend: new high +5.5 ATR above prior 2.5y high, 4/6 HH and 3/5 HL, 30w EMA +25% in 26w",2,hammer,2026-10-02,hammer,2026-10-01,False,True,False,no TV drawing read (f_rr False),https://www.tradingview.com/chart/?symbol=NASDAQ:UVSP,https://finviz.com/quote.ashx?t=UVSP,"$vol(30d) $9.5M < $50M | FAIL: dollar_vol, rr (no TV drawing read)"
V,FAIL,rr,True,True,True,True,False,True,False,True,True,,False,360.67999267578125,2072096555.0638998,5744972.266666667,1.09,82.57,2026-11-03,32,263,328.2701721191406,334.5485043686942,331.40933824391743,317.07753576084843,381.6000061035156,3.5020485328967785,1.0000000000000018,14.331802483068973,2.0423568121625326,no,,,,,,,2026-10-04,charts/latest/V.webp,user-lines,False,"user lines only, no zone/position","user horizontal line 285.93 only, no zone/position",,,,,,,,False,0.96,4/6,3/6,0.58,7.7,True,no new high: recent high 385.57 is +0.96 ATR vs prior 2.5y high 371.88 (needs >= +1),2,hammer,2026-09-25,hammer,2026-10-02,False,True,False,TV drawing by the bot - review needed (f_rr False until approved); TV drawing not found (f_rr False),https://www.tradingview.com/chart/?symbol=NYSE:V,https://finviz.com/quote.ashx?t=V,FAIL: rr (TV drawing not found)
VAC,FAIL,"dollar_vol,short_float,rr",False,False,True,True,False,True,True,True,True,,False,104.11000061035156,46800835.79003957,449532.56666666665,6.15,90.62,2026-11-11,40,263,100.49881744384766,101.19327651998854,100.84604698191811,93.41520465004895,120.54897189974993,2.65150625432201,0.6809791525264283,10.911996797994155,0.29911607278270425,,,,,,,,,,,False,,,,,,,,,,True,3.31,5/8,5/7,0.67,50.8,True,"uptrend: new high +3.3 ATR above prior 2.5y high, 5/8 HH and 5/7 HL, 30w EMA +51% in 26w",29,hammer,2026-09-25,hammer,2026-10-01,False,True,False,no TV drawing read (f_rr False),https://www.tradingview.com/chart/?symbol=NYSE:VAC,https://finviz.com/quote.ashx?t=VAC,"$vol(30d) $46.8M < $50M | FAIL: dollar_vol, short_float, rr (no TV drawing read)"
VCEL,FAIL,"dollar_vol,short_float,rr",False,False,True,True,False,True,True,True,True,,False,40.150001525878906,20473564.474753316,509926.86666666664,10.84,109.12,2026-11-11,40,263,35.68000030517578,35.86000061035156,35.77000045776367,32.76782880510603,47.0,3.7406254010476307,0.9999999999999997,3.002171652657645,1.4589442493196145,,,,,,,,,,,False,,,,,,,,,,False,-4.56,2/5,3/6,0.45,11.2,True,"no new high: recent high 49.32 is -4.56 ATR vs prior 2.5y high 63.00 (needs >= +1); choppy swings: 2/5 higher highs, 3/6 higher lows",21,hammer,2026-09-25,hammer,2026-10-02,False,True,False,no TV drawing read (f_rr False),https://www.tradingview.com/chart/?symbol=NASDAQ:VCEL,https://finviz.com/quote.ashx?t=VCEL,"$vol(30d) $20.5M < $50M | FAIL: dollar_vol, short_float, rr (no TV drawing read)"
VIRT,FAIL,"short_float,rr",True,False,True,True,False,True,True,True,True,,False,58.80500030517578,68241926.78564988,1160478.3,5.46,94.43,2026-11-04,33,263,40.92362976074219,41.48558142369565,41.20460559221892,36.22087027089234,67.68162536621094,5.312685780220032,0.7444146780269739,6.694837525954843,2.6289502388553676,,,,,,,,,,,False,,,,,,,,,,True,3.38,6/7,3/4,0.8,44.1,True,"uptrend: new high +3.4 ATR above prior 2.5y high, 6/7 HH and 3/4 HL, 30w EMA +44% in 26w",11,engulfing,2026-10-02,strong_close,2026-10-02,False,True,False,no TV drawing read (f_rr False),https://www.tradingview.com/chart/?symbol=NYSE:VIRT,https://finviz.com/quote.ashx?t=VIRT,"short float 5.46% >= 5% | FAIL: short_float, rr (no TV drawing read)"
VLTO,FAIL,rr,True,True,True,True,False,False,True,True,True,True,False,94.69000244140625,145024764.7371948,1531574.2,2.73,100.92,2026-10-28,26,157,90.84608459472656,92.61746779485162,91.73177619478909,87.16348984399389,99.08999633789062,1.6107178005206881,1.0000000000000009,4.5682863507952005,0.6475570967879938,yes,92.62,90.85,92.02,87.52,98.68,1.48,2026-10-04,charts/latest/VLTO.webp,bot,True,bot drawing on chart,bot drawing (review needed): zone 90.85-92.62 entry 92.02 SL 87.52 TP 98.68 R:R 1.48,94.69,4.5683,2.07,0.4531,False,,,False,-2.57,2/5,3/7,0.41,-2.7,False,"no new high: recent high 102.25 is -2.57 ATR vs prior 2.5y high 114.01 (needs >= +1); choppy swings: 2/5 higher highs, 3/7 higher lows; 30w EMA falling (-3% in 26w)",18,strong_close,2026-09-25,hammer,2026-10-01,False,True,False,TV drawing by the bot - review needed (f_rr False until approved); TV drawing by the bot - review needed (f_rr False until approved),https://www.tradingview.com/chart/?symbol=NYSE:VLTO,https://finviz.com/quote.ashx?t=VLTO,FAIL: rr (bot drawing - review needed)
VMI,PASS,,True,True,True,True,True,True,True,True,True,True,False,479.1400146484375,85718659.70328777,178901.06666666668,2.39,96.8,2026-10-28,26,263,420.77120676138077,425.7269923902163,423.24909957579854,393.92948998449424,496.5199890136719,2.4990404189967195,0.939870838565116,31.195360456194198,1.791641906209844,yes,486.4,467.78,475.75,446.92,569.28,3.24,2026-10-04,,user,False,,,479.14,31.1954,0.0,0.0,False,,,True,3.17,5/5,3/4,0.88,17.9,True,"uptrend: new high +3.2 ATR above prior 2.5y high, 5/5 HH and 3/4 HL, 30w EMA +18% in 26w",10,strong_close,2026-10-02,hammer,2026-10-01,False,True,False,TV drawing by the bot - review needed (f_rr False until approved),https://www.tradingview.com/chart/?symbol=NYSE:VMI,https://finviz.com/quote.ashx?t=VMI,PASS (TV) entry=475.75 SL=446.92 TP=569.28 R:R=3.24 zone=[467.78-486.4]
VNO,FAIL,"dollar_vol,short_float,rr",False,False,True,True,False,False,True,True,True,,False,33.72999954223633,40660341.76851515,1205465.2333333334,6.56,100.52,2026-11-02,31,263,39.13450060722655,39.212769608441,39.173635107833775,36.78077796497663,40.90999984741211,0.7256449657939299,1.0000000000000013,2.392857142857143,-2.2749521766675898,,,,,,,,,,,False,,,,,,,,,,False,-1.36,2/4,2/5,0.45,11.9,True,"no new high: recent high 41.60 is -1.36 ATR vs prior 2.5y high 44.87 (needs >= +1); choppy swings: 2/4 higher highs, 2/5 higher lows",8,rejection,2026-09-25,strong_close,2026-09-25,False,True,False,no TV drawing read (f_rr False),https://www.tradingview.com/chart/?symbol=NYSE:VNO,https://finviz.com/quote.ashx?t=VNO,"$vol(30d) $40.7M < $50M | FAIL: dollar_vol, short_float, rr (no TV drawing read)"
VOYA,FAIL,rr,True,True,True,True,False,False,True,True,True,True,False,96.66000366210938,95771511.35244751,990808.0666666667,3.76,103.63,2026-11-03,32,263,77.40950012207031,78.62838351894207,78.0189418205062,72.69174362945088,81.74494171142578,0.69942956077282,0.9999999999999987,5.327198191055324,3.4992243902062072,yes,97.3,96.63,96.61,91.53,103.7,1.39,2026-10-04,charts/latest/VOYA.webp,bot,True,bot drawing on chart,bot drawing (review needed): zone 96.63-97.3 entry 96.61 SL 91.53 TP 103.7 R:R 1.39,96.66,5.3272,0.0,0.0,False,,,True,4.75,6/6,4/5,0.9,29.6,True,"uptrend: new high +4.8 ATR above prior 2.5y high, 6/6 HH and 4/5 HL, 30w EMA +30% in 26w",15,hammer,2026-10-02,hammer,2026-10-02,False,True,False,TV drawing by the bot - review needed (f_rr False until approved); TV drawing by the bot - review needed (f_rr False until approved),https://www.tradingview.com/chart/?symbol=NYSE:VOYA,https://finviz.com/quote.ashx?t=VOYA,FAIL: rr (bot drawing - review needed)
VRSN,FAIL,rr,True,True,True,True,False,True,False,True,True,True,False,288.32000732421875,200014306.9369812,693723.3,2.19,100.13,2026-10-22,20,262,248.8050956360197,251.74760384411098,250.27634974006534,233.86268260850747,293.6978454589844,2.64544756335617,1.0000000000000007,16.41366713155786,2.3178036498016024,yes,279.5,271.29,277.37,259.83,307.74,1.73,2026-10-04,charts/latest/VRSN.webp,bot,True,bot drawing on chart,bot drawing (review needed): zone 271.29-279.5 entry 277.37 SL 259.83 TP 307.74 R:R 1.73,288.32,16.4137,8.82,0.5374,False,,,False,0.35,3/7,2/5,0.41,13.5,True,"no new high: recent high 311.57 is +0.35 ATR vs prior 2.5y high 305.89 (needs >= +1); choppy swings: 3/7 higher highs, 2/5 higher lows",1,hammer,2026-10-02,hammer,2026-10-02,False,True,False,TV drawing by the bot - review needed (f_rr False until approved); TV drawing by the bot - review needed (f_rr False until approved),https://www.tradingview.com/chart/?symbol=NASDAQ:VRSN,https://finviz.com/quote.ashx?t=VRSN,FAIL: rr (bot drawing - review needed)
VSAT,FAIL,"short_float,rr",True,False,True,True,False,True,True,True,True,,False,72.0,114906652.80000001,1595925.7333333334,8.67,102.04,2026-11-11,40,263,48.849998474121094,49.5,49.17499923706055,41.659998168945314,82.87000274658203,4.483699097859505,0.6584428869458552,11.41329220363072,1.9998612456166256,,,,,,,,,,,False,,,,,,,,,,True,3.42,4/6,7/7,0.83,71.8,True,"uptrend: new high +3.4 ATR above prior 2.5y high, 4/6 HH and 7/7 HL, 30w EMA +72% in 26w",12,hammer,2026-10-02,rejection,2026-10-02,False,True,False,no TV drawing read (f_rr False),https://www.tradingview.com/chart/?symbol=NASDAQ:VSAT,https://finviz.com/quote.ashx?t=VSAT,"short float 8.67% >= 5% | FAIL: short_float, rr (no TV drawing read)"
WBI,FAIL,"dollar_vol,short_float,history,rr",False,False,True,False,False,True,False,True,True,,False,28.854999542236328,17622308.007434845,610719.4,17.05,107.14,2026-11-18,47,55,24.837726256959588,25.354972127147505,25.096349192053545,22.374644960482257,32.779998779296875,2.823102340847457,1.0,2.7217042315712874,1.380991478274202,,,,,,,,,,,False,,,,,,,,,,,,,,,,,not enough history (55 weekly bars < 130),2,hammer,2026-10-02,strong_close,2026-10-02,False,True,False,no TV drawing read (f_rr False),https://www.tradingview.com/chart/?symbol=NYSE:WBI,https://finviz.com/quote.ashx?t=WBI,"$vol(30d) $17.6M < $50M | FAIL: dollar_vol, short_float, history, rr (no TV drawing read)"
WEX,FAIL,"short_float,rr",True,False,True,True,False,True,False,True,True,,False,169.10499572753906,88081375.27777863,520867.9666666667,7.43,117.36,2026-10-22,20,263,167.07000732421875,167.5399932861328,167.30500030517578,153.21143450055803,199.97000122070312,2.3177243692880523,1.0000000000000007,14.093565804617745,0.12771753063185148,,,,,,,,,,,False,,,,,,,,,,False,-2.69,5/9,4/7,0.56,9.1,True,no new high: recent high 203.99 is -2.69 ATR vs prior 2.5y high 241.84 (needs >= +1),2,hammer,2026-09-11,hammer,2026-09-24,False,True,False,no TV drawing read (f_rr False),https://www.tradingview.com/chart/?symbol=NYSE:WEX,https://finviz.com/quote.ashx?t=WEX,"short float 7.43% >= 5% | FAIL: short_float, rr (no TV drawing read)"
WHD,FAIL,"dollar_vol,short_float,rr",False,False,True,True,False,True,False,True,True,,False,63.459999084472656,45253813.9891304,713107.7,5.09,110.55,2026-11-04,33,262,58.02265930175781,58.68787658002496,58.35526794089139,53.33478602612885,73.32175086648901,2.9810849196745948,1.0,5.020481914762534,1.0167811039356607,,,,,,,,,,,False,,,,,,,,,,True,1.07,6/7,4/5,0.83,25.1,True,"uptrend: new high +1.1 ATR above prior 2.5y high, 6/7 HH and 4/5 HL, 30w EMA +25% in 26w",2,hammer,2026-10-02,strong_close,2026-10-02,False,True,False,no TV drawing read (f_rr False),https://www.tradingview.com/chart/?symbol=NYSE:WHD,https://finviz.com/quote.ashx?t=WHD,"$vol(30d) $45.3M < $50M | FAIL: dollar_vol, short_float, rr (no TV drawing read)"
WKC,FAIL,"dollar_vol,short_float,rr",False,False,True,True,False,True,False,True,True,,False,35.84000015258789,34364467.34630585,958830.0,19.99,117.7,2026-10-22,20,263,27.560400009155273,27.649018809672977,27.604709409414127,25.37056112354291,39.86000061035156,5.485442160862846,0.9999999999999996,2.2341482858712185,3.686098543795792,,,,,,,,,,,False,,,,,,,,,,True,4.94,3/5,2/4,0.55,31.6,True,"uptrend: new high +4.9 ATR above prior 2.5y high, 3/5 HH and 2/4 HL, 30w EMA +32% in 26w",4,hammer,2026-10-02,hammer,2026-10-02,False,True,False,no TV drawing read (f_rr False),https://www.tradingview.com/chart/?symbol=NYSE:WKC,https://finviz.com/quote.ashx?t=WKC,"$vol(30d) $34.4M < $50M | FAIL: dollar_vol, short_float, rr (no TV drawing read)"
WLY,FAIL,"dollar_vol,short_float,rr",False,False,True,True,False,True,False,True,True,,False,47.5,24345391.916666664,512534.56666666665,11.92,85.19,2026-12-09,68,263,41.237430572509766,41.6942990720334,41.465864822271584,37.36390027050612,53.709999084472656,2.984943947633888,0.9999999999999993,4.101964551765465,1.4710354274347286,,,,,,,,,,,False,,,,,,,,,,True,1.64,4/8,4/8,0.5,32.8,True,"uptrend: new high +1.6 ATR above prior 2.5y high, 4/8 HH and 4/8 HL, 30w EMA +33% in 26w",4,rejection,2026-09-25,strong_close,2026-10-01,False,True,False,no TV drawing read (f_rr False),https://www.tradingview.com/chart/?symbol=NYSE:WLY,https://finviz.com/quote.ashx?t=WLY,"$vol(30d) $24.3M < $50M | FAIL: dollar_vol, short_float, rr (no TV drawing read)"
WSBC,FAIL,"dollar_vol,short_float,rr",False,False,True,True,False,True,False,True,True,,False,38.11000061035156,37857116.61996816,993364.3666666667,6.67,85.91,2026-10-28,26,263,35.6299934387207,36.11995483641904,35.87497413756987,33.879824690990965,42.297306060791016,3.2189728615235063,1.0,1.9951494465789068,1.1202301043734355,,,,,,,,,,,False,,,,,,,,,,True,2.86,5/7,4/5,0.76,15.5,True,"uptrend: new high +2.9 ATR above prior 2.5y high, 5/7 HH and 4/5 HL, 30w EMA +16% in 26w",2,hammer,2026-10-02,hammer,2026-10-01,False,True,False,no TV drawing read (f_rr False),https://www.tradingview.com/chart/?symbol=NASDAQ:WSBC,https://finviz.com/quote.ashx?t=WSBC,"$vol(30d) $37.9M < $50M | FAIL: dollar_vol, short_float, rr (no TV drawing read)"
WSFS,FAIL,"dollar_vol,short_float,rr",False,False,True,True,False,True,False,True,True,,False,78.02999877929688,27360069.429978434,350635.26666666666,5.11,93.21,2026-10-26,24,263,71.793760834154,72.10299926965995,71.94838005190698,68.67464314092035,81.66000366210938,2.9665253727659926,1.0000000000000022,3.273736910986621,1.8576992876183964,,,,,,,,,,,False,,,,,,,,,,True,3.66,3/5,4/5,0.7,24.6,True,"uptrend: new high +3.7 ATR above prior 2.5y high, 3/5 HH and 4/5 HL, 30w EMA +25% in 26w",2,hammer,2026-10-02,strong_close,2026-10-02,False,True,False,no TV drawing read (f_rr False),https://www.tradingview.com/chart/?symbol=NASDAQ:WSFS,https://finviz.com/quote.ashx?t=WSFS,"$vol(30d) $27.4M < $50M | FAIL: dollar_vol, short_float, rr (no TV drawing read)"
WTRG,FAIL,rr,True,True,True,True,False,False,False,True,True,False,False,39.36000061035156,95348431.1745585,2422470.2666666666,2.66,80.47,2026-11-09,38,263,40.89522933959961,41.08178485289641,40.988507096248014,39.18136224568086,41.70000076293945,0.39371147612663326,0.9999999999999993,1.8071448505671566,-0.901148840053059,yes,37.31,36.51,37.08,35.32,41.54,2.54,2026-10-04,charts/latest/WTRG.webp,bot,True,bot drawing on chart,bot drawing (review needed): zone 36.51-37.31 entry 37.08 SL 35.32 TP 41.54 R:R 2.54,39.36,1.8071,2.05,1.1344,False,,,False,0.79,3/5,4/8,0.55,2.2,True,no new high: recent high 42.51 is +0.79 ATR vs prior 2.5y high 41.08 (needs >= +1),1,hammer,2026-10-02,strong_close,2026-10-02,False,True,False,TV drawing by the bot - review needed (f_rr False until approved); TV drawing by the bot - review needed (f_rr False until approved),https://www.tradingview.com/chart/?symbol=NYSE:WTRG,https://finviz.com/quote.ashx?t=WTRG,FAIL: rr (bot drawing - review needed)
WWW,FAIL,"dollar_vol,short_float,rr",False,False,True,True,False,False,True,True,True,,False,19.200000762939453,12560333.939102808,654184.0333333333,7.35,102.91,2026-11-11,40,263,18.348322862272337,18.55705342513436,18.452688143703348,16.827440559704794,21.200000762939453,1.6903963717804542,1.0000000000000002,1.6252475839985538,0.4598146316867683,,,,,,,,,,,False,,,,,,,,,,False,-6.54,2/5,3/5,0.5,2.2,True,no new high: recent high 21.47 is -6.54 ATR vs prior 2.5y high 32.11 (needs >= +1),20,hammer,2026-09-04,hammer,2026-10-01,True,True,False,no TV drawing read (f_rr False),https://www.tradingview.com/chart/?symbol=NYSE:WWW,https://finviz.com/quote.ashx?t=WWW,"$vol(30d) $12.6M < $50M | FAIL: dollar_vol, short_float, rr (no TV drawing read)"
XHR,FAIL,"dollar_vol,rr",False,True,True,True,False,True,False,True,True,,False,18.209999084472656,14116085.969298553,775183.2333333333,3.54,97.34,2026-11-03,32,263,15.916731810340291,16.21185013042073,16.06429097038051,15.058928732177735,21.489999771118164,5.396770034288193,1.0000000000000002,1.0053622382027763,2.1342636838319033,,,,,,,,,,,False,,,,,,,,,,True,5.82,4/4,2/3,0.83,27.0,True,"uptrend: new high +5.8 ATR above prior 2.5y high, 4/4 HH and 2/3 HL, 30w EMA +27% in 26w",4,strong_close,2026-09-25,hammer,2026-10-01,False,True,False,no TV drawing read (f_rr False),https://www.tradingview.com/chart/?symbol=NYSE:XHR,https://finviz.com/quote.ashx?t=XHR,"$vol(30d) $14.1M < $50M | FAIL: dollar_vol, rr (no TV drawing read)"
XPRO,FAIL,"dollar_vol,short_float,rr",False,False,True,True,False,False,False,True,True,,False,16.309999465942383,12762114.640114976,782471.8,7.05,101.9,2026-10-22,20,263,16.459999084472656,17.18000030517578,16.81999969482422,15.341128621782575,18.81999969482422,1.3523829334808295,1.0000000000000002,1.4788710730416434,-0.3448578028055559,,,,,,,,,,,False,,,,,,,,,,False,-3.56,6/8,4/4,0.88,8.8,True,no new high: recent high 19.23 is -3.56 ATR vs prior 2.5y high 24.50 (needs >= +1),2,hammer,2026-10-02,engulfing,2026-10-01,False,True,False,no TV drawing read (f_rr False),https://www.tradingview.com/chart/?symbol=NYSE:XPRO,https://finviz.com/quote.ashx?t=XPRO,"$vol(30d) $12.8M < $50M | FAIL: dollar_vol, short_float, rr (no TV drawing read)"
ZD,FAIL,"dollar_vol,short_float,rr",False,False,True,True,False,True,True,True,True,,False,55.20000076293945,35695525.77336095,646658.0666666667,16.78,121.67,2026-11-05,34,261,42.31999969482422,50.54999923706055,46.43499946594238,42.974285398210796,56.209999084472656,2.824561471193009,1.0000000000000007,3.4607140677315846,2.532714672594237,,,,,,,,,,,False,,,,,,,,,,False,-0.04,7/10,5/7,0.71,35.3,True,no new high: recent high 60.48 is -0.04 ATR vs prior 2.5y high 60.62 (needs >= +1),29,rejection,2026-10-02,hammer,2026-10-02,True,True,False,no TV drawing read (f_rr False),https://www.tradingview.com/chart/?symbol=NASDAQ:ZD,https://finviz.com/quote.ashx?t=ZD,"$vol(30d) $35.7M < $50M | FAIL: dollar_vol, short_float, rr (no TV drawing read)"
ZYME,FAIL,"dollar_vol,short_float,rr",False,False,True,True,False,False,False,True,True,,False,25.149999618530273,20671793.201454733,821940.1,7.17,99.24,2026-11-10,39,261,26.309999465942383,27.139999389648438,26.72499942779541,23.74749960218157,29.190000534057617,0.8278761547043998,1.0000000000000002,2.9774998256138394,-0.528967221329874,,,,,,,,,,,False,,,,,,,,,,False,0.96,6/8,4/6,0.71,14.6,True,no new high: recent high 31.34 is +0.96 ATR vs prior 2.5y high 28.49 (needs >= +1),0,engulfing,2026-09-04,engulfing,2026-09-28,False,True,False,no TV drawing read (f_rr False),https://www.tradingview.com/chart/?symbol=NASDAQ:ZYME,https://finviz.com/quote.ashx?t=ZYME,"$vol(30d) $20.7M < $50M | FAIL: dollar_vol, short_float, rr (no TV drawing read)"
